$ECEFPOSVEL,122228.000,2552478.399,2460436.401,5284381.755,-0000000.193,0000000.183,-0000000.016*21
$GNVTG,277.87,T,,M,0.00,N,0.00,K,A*2E
$ECEFPOSVEL,122229.000,2552478.399,2460436.401,5284381.755,-0000000.274,0000000.418,-0000000.050*2F
$GNVTG,102.05,T,,M,0.98,N,1.81,K,A*2C
$ECEFPOSVEL,122230.000,2552479.585,2460436.421,5284381.369,-0000000.227,0000000.400,-0000000.035*28
$GNVTG,104.43,T,,M,0.93,N,1.73,K,A*2E
$ECEFPOSVEL,122231.000,2552479.604,2460436.743,5284381.284,-0000000.167,0000000.355,-0000000.034*27
$GNVTG,108.36,T,,M,0.00,N,0.00,K,A*2F
$ECEFPOSVEL,122232.000,2552479.702,2460436.688,5284381.328,-0000000.032,0000000.157,-0000000.006*22
$GNVTG,108.36,T,,M,0.00,N,0.00,K,A*2F
$ECEFPOSVEL,122233.000,2552479.867,2460436.724,5284381.220,0000000.078,0000000.072,-0000000.038*09
$GNVTG,108.36,T,,M,0.00,N,0.00,K,A*2F
$ECEFPOSVEL,122234.000,2552479.867,2460436.724,5284381.220,0000000.307,-0000000.489,-0000000.109*2B
$GNVTG,273.85,T,,M,1.10,N,2.04,K,A*2E
$ECEFPOSVEL,122235.000,2552479.934,2460436.696,5284381.187,0000000.376,-0000000.389,-0000000.167*22
$GNVTG,260.21,T,,M,1.07,N,1.98,K,A*22
$ECEFPOSVEL,122236.000,2552480.281,2460436.358,5284381.049,0000000.392,-0000000.528,-0000000.095*2D
$GNVTG,271.53,T,,M,1.27,N,2.35,K,A*21
$ECEFPOSVEL,122237.000,2552480.498,2460436.046,5284380.936,0000000.244,-0000000.360,-0000000.095*2E
$GNVTG,271.27,T,,M,0.83,N,1.54,K,A*29
$ECEFPOSVEL,122238.000,2552480.324,2460436.106,5284380.839,-0000000.012,-0000000.112,-0000000.070*0A
$GNVTG,271.27,T,,M,0.00,N,0.00,K,A*22
$ECEFPOSVEL,122239.000,2552480.333,2460436.041,5284380.894,-0000000.033,-0000000.047,-0000000.030*0E
$GNVTG,271.27,T,,M,0.00,N,0.00,K,A*22
$ECEFPOSVEL,122240.000,2552480.299,2460436.153,5284380.897,-0000000.013,0000000.011,-0000000.039*25
$GNVTG,271.27,T,,M,0.00,N,0.00,K,A*22
$ECEFPOSVEL,122241.000,2552480.299,2460436.153,5284380.897,-0000000.154,0000000.175,-0000000.167*2F
$GNVTG,271.27,T,,M,0.00,N,0.00,K,A*22
$ECEFPOSVEL,122242.000,2552480.299,2460436.153,5284380.897,0000000.003,0000000.134,-0000000.156*05
$GNVTG,271.27,T,,M,0.00,N,0.00,K,A*22
$ECEFPOSVEL,122243.000,2552480.299,2460436.153,5284380.897,0000000.041,0000000.154,-0000000.131*05
$GNVTG,271.27,T,,M,0.00,N,0.00,K,A*22
$ECEFPOSVEL,122244.000,2552480.299,2460436.153,5284380.897,-0000000.007,0000000.107,-0000000.064*2A
$GNVTG,271.27,T,,M,0.00,N,0.00,K,A*22
$ECEFPOSVEL,122245.000,2552480.299,2460436.153,5284380.897,-0000000.007,0000000.106,-0000000.057*2A
$GNVTG,271.27,T,,M,0.00,N,0.00,K,A*22
$ECEFPOSVEL,122246.000,2552480.299,2460436.153,5284380.897,0000000.094,-0000000.294,0000000.051*00
$GNVTG,271.27,T,,M,0.00,N,0.00,K,A*22
$ECEFPOSVEL,122247.000,2552480.299,2460436.153,5284380.897,0000000.275,-0000000.634,0000000.106*01
$GNVTG,291.89,T,,M,1.36,N,2.51,K,A*2A
$ECEFPOSVEL,122248.000,2552480.658,2460436.464,5284380.630,0000000.337,-0000000.605,0000000.053*01
$GNVTG,284.81,T,,M,1.35,N,2.49,K,A*2C
$ECEFPOSVEL,122249.000,2552480.626,2460436.168,5284380.770,0000000.392,-0000000.465,-0000000.158*29
$GNVTG,264.95,T,,M,1.18,N,2.19,K,A*2D
$ECEFPOSVEL,122250.000,2552480.909,2460435.742,5284380.656,0000000.017,-0000000.256,0000000.104*07
$GNVTG,264.95,T,,M,0.00,N,0.00,K,A*2F
$ECEFPOSVEL,122251.000,2552480.872,2460435.689,5284380.694,-0000000.085,-0000000.019,0000000.061*2E
$GNVTG,264.95,T,,M,0.00,N,0.00,K,A*2F
$ECEFPOSVEL,122252.000,2552480.976,2460435.518,5284380.723,-0000000.011,-0000000.057,0000000.033*2E
$GNVTG,264.95,T,,M,0.00,N,0.00,K,A*2F
$ECEFPOSVEL,122253.000,2552480.976,2460435.518,5284380.723,0000000.074,-0000000.102,0000000.011*00
$GNRMC,122253.000,A,5619.2215,N,04356.8844,E,0.00,264.95,220626,,,A*70
$ECEFPOSVEL,122254.000,2552480.976,2460435.518,5284380.723,0000000.354,-0000000.601,0000000.084*0E
$GNRMC,122254.000,A,5619.2215,N,04356.8844,E,1.37,284.99,220626,,,A*70
$ECEFPOSVEL,122255.000,2552480.751,2460434.785,5284381.156,0000000.204,-0000000.728,0000000.197*0B
$GNRMC,122255.000,A,5619.2219,N,04356.8840,E,1.44,301.48,220626,,,A*7D
$ECEFPOSVEL,122256.000,2552480.670,2460434.085,5284381.469,0000000.140,-0000000.636,0000000.185*0A
$GNRMC,122256.000,A,5619.2223,N,04356.8836,E,1.38,304.80,220626,,,A*7C
$ECEFPOSVEL,122257.000,2552480.758,2460433.786,5284381.521,0000000.001,-0000000.309,0000000.107*09
$GNRMC,122257.000,A,5619.2223,N,04356.8833,E,0.00,316.70,220626,,,A*7E
$ECEFPOSVEL,122258.000,2552480.820,2460433.441,5284381.625,-0000000.058,0000000.261,0000000.015*08
$GNRMC,122258.000,A,5619.2225,N,04356.8830,E,0.00,316.70,220626,,,A*74
$ECEFPOSVEL,122259.000,2552480.739,2460433.678,5284381.670,0000000.019,0000000.241,-0000000.140*00
$GNRMC,122259.000,A,5619.2224,N,04356.8832,E,0.00,316.70,220626,,,A*76
$ECEFPOSVEL,122300.000,2552480.739,2460433.678,5284381.670,0000000.063,0000000.165,-0000000.098*01
$GNRMC,122300.000,A,5619.2224,N,04356.8832,E,0.00,316.70,220626,,,A*7B
$ECEFPOSVEL,122301.000,2552480.739,2460433.678,5284381.670,-0000000.031,0000000.177,-0000000.041*2D
$GNRMC,122301.000,A,5619.2224,N,04356.8832,E,0.00,316.70,220626,,,A*7A
$ECEFPOSVEL,122302.000,2552480.739,2460433.678,5284381.670,-0000000.187,0000000.355,-0000000.045*24
$GNRMC,122302.000,A,5619.2224,N,04356.8832,E,0.78,107.03,220626,,,A*70
$ECEFPOSVEL,122303.000,2552480.739,2460433.678,5284381.670,-0000000.250,0000000.266,0000000.101*01
$GNRMC,122303.000,A,5619.2224,N,04356.8832,E,0.00,316.70,220626,,,A*78
$ECEFPOSVEL,122304.000,2552480.739,2460433.678,5284381.670,-0000000.066,0000000.052,-0000000.023*28
$GNRMC,122304.000,A,5619.2224,N,04356.8832,E,0.00,316.70,220626,,,A*7F
$ECEFPOSVEL,122305.000,2552480.739,2460433.678,5284381.670,0000000.104,-0000000.017,-0000000.041*29
$GNRMC,122305.000,A,5619.2224,N,04356.8832,E,0.00,316.70,220626,,,A*7E
$ECEFPOSVEL,122306.000,2552480.739,2460433.678,5284381.670,0000000.109,0000000.008,-0000000.001*00
$GNRMC,122306.000,A,5619.2224,N,04356.8832,E,0.00,316.70,220626,,,A*7D
$ECEFPOSVEL,122307.000,2552480.739,2460433.678,5284381.670,-0000000.030,-0000000.022,0000000.130*2C
$GNRMC,122307.000,A,5619.2224,N,04356.8832,E,0.00,316.70,220626,,,A*7C
$ECEFPOSVEL,122308.000,2552480.739,2460433.678,5284381.670,-0000000.090,0000000.264,-0000000.021*28
$GNVTG,316.70,T,,M,0.00,N,0.00,K,A*20
$ECEFPOSVEL,122309.000,2552480.739,2460433.678,5284381.670,-0000000.124,0000000.267,-0000000.019*2F
$GNRMC,122309.000,A,5619.2224,N,04356.8832,E,0.00,316.70,220626,,,A*72
$ECEFPOSVEL,122310.000,2552480.739,2460433.678,5284381.670,-0000000.240,0000000.295,0000000.016*09
$GNRMC,122310.000,A,5619.2224,N,04356.8832,E,0.00,316.70,220626,,,A*7A
$ECEFPOSVEL,122311.000,2552480.739,2460433.678,5284381.670,-0000000.052,0000000.089,-0000000.019*24
$GNRMC,122311.000,A,5619.2224,N,04356.8832,E,0.00,316.70,220626,,,A*7B
$ECEFPOSVEL,122312.000,2552480.739,2460433.678,5284381.670,0000000.009,-0000000.011,-0000000.033*20
$GNVTG,316.70,T,,M,0.00,N,0.00,K,A*20
$ECEFPOSVEL,122313.000,2552480.739,2460433.678,5284381.670,0000000.078,-0000000.037,-0000000.050*26
$GNRMC,122313.000,A,5619.2224,N,04356.8832,E,0.00,316.70,220626,,,A*79
$ECEFPOSVEL,122314.000,2552480.739,2460433.678,5284381.670,0000000.112,-0000000.070,-0000000.035*2C
$GNRMC,122314.000,A,5619.2224,N,04356.8832,E,0.00,316.70,220626,,,A*7E
$ECEFPOSVEL,122315.000,2552480.739,2460433.678,5284381.670,-0000000.092,0000000.263,-0000000.005*27
$GNVTG,316.70,T,,M,0.00,N,0.00,K,A*20
$ECEFPOSVEL,122316.000,2552480.739,2460433.678,5284381.670,-0000000.343,0000000.309,0000000.087*01
$GNRMC,122316.000,A,5619.2224,N,04356.8832,E,0.91,80.66,220626,,,A*4F
$ECEFPOSVEL,122317.000,2552480.183,2460435.515,5284381.538,-0000000.356,0000000.481,0000000.061*0D
$GNVTG,92.92,T,,M,1.15,N,2.14,K,A*11
$ECEFPOSVEL,122318.000,2552479.826,2460435.983,5284381.607,-0000000.409,0000000.499,0000000.085*00
$GNVTG,89.68,T,,M,1.20,N,2.23,K,A*1C
$ECEFPOSVEL,122319.000,2552479.589,2460436.354,5284381.671,-0000000.432,0000000.525,0000000.091*00
$GNVTG,89.49,T,,M,1.32,N,2.44,K,A*1D
$ECEFPOSVEL,122320.000,2552479.387,2460436.784,5284381.612,-0000000.437,0000001.140,-0000000.141*2C
$GNVTG,112.89,T,,M,2.37,N,4.39,K,A*28
$ECEFPOSVEL,122321.000,2552479.304,2460437.013,5284381.475,-0000000.336,0000000.744,0000000.011*01
$GNVTG,106.11,T,,M,1.55,N,2.88,K,A*27
$ECEFPOSVEL,122322.000,2552479.122,2460437.553,5284381.494,-0000000.172,0000000.615,-0000000.004*24
$GNVTG,114.35,T,,M,1.20,N,2.22,K,A*20
$ECEFPOSVEL,122323.000,2552479.026,2460437.850,5284381.574,0000000.000,0000000.410,-0000000.002*09
$GNVTG,128.93,T,,M,0.00,N,0.00,K,A*22
$ECEFPOSVEL,122324.000,2552479.122,2460437.848,5284381.699,0000000.314,0000000.107,-0000000.022*05
$GNVTG,128.93,T,,M,0.00,N,0.00,K,A*22
$ECEFPOSVEL,122325.000,2552479.508,2460437.684,5284381.528,0000000.498,-0000000.078,-0000000.085*25
$GNVTG,233.28,T,,M,0.97,N,1.81,K,A*2D
$ECEFPOSVEL,122326.000,2552479.877,2460437.739,5284381.492,0000000.304,-0000000.594,0000000.085*0C
$GNVTG,288.04,T,,M,1.31,N,2.42,K,A*22
$ECEFPOSVEL,122327.000,2552480.127,2460437.441,5284381.497,0000000.176,-0000000.277,0000000.004*0A
$GNVTG,279.97,T,,M,0.00,N,0.00,K,A*21
$ECEFPOSVEL,122328.000,2552480.260,2460437.208,5284381.491,0000000.143,-0000000.247,0000000.003*0A
$GNVTG,279.97,T,,M,0.00,N,0.00,K,A*21
$ECEFPOSVEL,122329.000,2552480.336,2460436.599,5284381.736,0000000.223,-0000000.403,0000000.046*0B
$GNVTG,285.59,T,,M,0.90,N,1.66,K,A*28
$ECEFPOSVEL,122330.000,2552480.379,2460436.902,5284381.539,0000000.285,-0000000.590,0000000.035*08
$GNVTG,286.90,T,,M,1.26,N,2.34,K,A*26
$ECEFPOSVEL,122331.000,2552480.576,2460436.260,5284381.697,0000000.202,-0000000.592,0000000.156*01
$GNVTG,298.50,T,,M,1.25,N,2.32,K,A*20
$ECEFPOSVEL,122332.000,2552480.764,2460435.709,5284381.828,0000000.139,-0000000.273,0000000.091*09
$GNVTG,292.97,T,,M,0.00,N,0.00,K,A*24
$ECEFPOSVEL,122333.000,2552480.763,2460435.729,5284381.845,-0000000.046,-0000000.003,0000000.053*29
$GNVTG,292.97,T,,M,0.00,N,0.00,K,A*24
$ECEFPOSVEL,122334.000,2552480.655,2460435.662,5284381.954,-0000000.091,0000000.007,0000000.064*02
$GNRMC,122334.000,A,5619.2219,N,04356.8847,E,0.00,292.97,220626,,,A*74
$ECEFPOSVEL,122335.000,2552480.655,2460435.662,5284381.954,0000000.524,-0000000.678,0000000.064*06
$GNRMC,122335.000,A,5619.2219,N,04356.8847,E,1.67,277.55,220626,,,A*70
$ECEFPOSVEL,122336.000,2552481.205,2460434.944,5284382.004,0000000.844,-0000000.932,0000000.007*0F
$GNRMC,122336.000,A,5619.2220,N,04356.8838,E,2.44,271.66,220626,,,A*75
$ECEFPOSVEL,122337.000,2552481.636,2460435.540,5284381.568,0000000.474,-0000000.582,0000000.019*08
$GNRMC,122337.000,A,5619.2215,N,04356.8839,E,1.46,274.82,220626,,,A*7D
$ECEFPOSVEL,122338.000,2552481.845,2460435.285,5284381.524,0000000.143,-0000000.126,-0000000.031*27
$GNVTG,274.82,T,,M,0.00,N,0.00,K,A*28
$ECEFPOSVEL,122339.000,2552481.778,2460435.302,5284381.543,-0000000.193,0000000.225,-0000000.011*27
$GNRMC,122339.000,A,5619.2215,N,04356.8837,E,0.00,274.82,220626,,,A*7E
$ECEFPOSVEL,122340.000,2552481.767,2460435.505,5284381.446,-0000000.315,0000000.308,0000000.017*0B
$GNRMC,122340.000,A,5619.2215,N,04356.8838,E,0.86,87.29,220626,,,A*4E
$ECEFPOSVEL,122341.000,2552481.810,2460435.878,5284381.302,-0000000.271,0000000.339,-0000000.016*28
$GNRMC,122341.000,A,5619.2213,N,04356.8841,E,0.84,95.64,220626,,,A*4F
$ECEFPOSVEL,122342.000,2552481.604,2460436.253,5284381.268,-0000000.271,0000000.134,0000000.051*0C
$GNRMC,122342.000,A,5619.2212,N,04356.8845,E,0.00,68.32,220626,,,A*44
$ECEFPOSVEL,122343.000,2552481.663,2460436.284,5284381.231,-0000000.217,0000000.151,0000000.037*09
$GNRMC,122343.000,A,5619.2212,N,04356.8844,E,0.00,68.32,220626,,,A*44
$ECEFPOSVEL,122344.000,2552482.215,2460435.597,5284381.406,-0000000.119,0000000.121,0000000.025*05
$GNRMC,122344.000,A,5619.2213,N,04356.8836,E,0.00,68.32,220626,,,A*47
$ECEFPOSVEL,122345.000,2552482.215,2460435.597,5284381.406,-0000000.192,0000000.207,0000000.017*01
$GNVTG,68.32,T,,M,0.00,N,0.00,K,A*1C
$ECEFPOSVEL,122346.000,2552482.215,2460435.597,5284381.406,-0000000.342,0000000.504,-0000000.003*21
$GNVTG,98.35,T,,M,1.18,N,2.18,K,A*17
$ECEFPOSVEL,122347.000,2552482.165,2460436.000,5284381.372,-0000000.262,0000000.446,0000000.049*0F
$GNVTG,98.33,T,,M,0.99,N,1.83,K,A*18
$ECEFPOSVEL,122348.000,2552482.364,2460435.902,5284381.549,-0000000.207,0000000.408,0000000.059*0D
$GNVTG,100.26,T,,M,0.93,N,1.71,K,A*2B
$ECEFPOSVEL,122349.000,2552482.479,2460435.720,5284381.799,-0000000.188,0000000.360,0000000.081*0E
$GNRMC,122349.000,A,5619.2213,N,04356.8835,E,0.00,97.39,220626,,,A*42
$ECEFPOSVEL,122350.000,2552482.736,2460435.398,5284382.046,-0000000.204,0000000.267,0000000.140*02
$GNVTG,82.20,T,,M,0.00,N,0.00,K,A*1B
$ECEFPOSVEL,122351.000,2552483.002,2460434.920,5284382.336,-0000000.244,0000000.319,0000000.051*03
$GNVTG,91.37,T,,M,0.00,N,0.00,K,A*1F
$ECEFPOSVEL,122352.000,2552483.002,2460434.920,5284382.336,-0000000.300,0000000.335,0000000.100*0A
$GNVTG,84.67,T,,M,0.88,N,1.62,K,A*1B
$ECEFPOSVEL,122353.000,2552483.206,2460434.623,5284382.704,-0000000.299,0000000.312,0000000.126*04
$GNVTG,80.95,T,,M,0.85,N,1.58,K,A*16
$ECEFPOSVEL,122354.000,2552483.298,2460434.750,5284382.817,-0000000.299,0000000.331,0000000.128*03
$GNVTG,82.49,T,,M,0.87,N,1.62,K,A*1E
$ECEFPOSVEL,122355.000,2552483.504,2460435.036,5284382.881,-0000000.256,0000000.417,0000000.008*0A
$GNVTG,99.88,T,,M,0.94,N,1.74,K,A*1C
$ECEFPOSVEL,122356.000,2552483.933,2460435.177,5284382.937,0000000.020,0000000.044,0000000.032*2C
$GNRMC,122356.000,A,5619.2213,N,04356.8821,E,0.00,99.88,220626,,,A*4D
$ECEFPOSVEL,122357.000,2552484.208,2460435.477,5284382.868,0000000.567,-0000000.541,-0000000.040*24
$GNVTG,266.35,T,,M,1.52,N,2.82,K,A*29
$ECEFPOSVEL,122358.000,2552484.625,2460435.619,5284382.700,0000000.462,-0000000.458,-0000000.070*25
$GNVTG,265.52,T,,M,1.27,N,2.35,K,A*25
$ECEFPOSVEL,122359.000,2552485.209,2460435.481,5284382.614,0000000.035,-0000000.252,0000000.042*0E
$GNVTG,265.52,T,,M,0.00,N,0.00,K,A*25
$ECEFPOSVEL,122400.000,2552485.816,2460435.153,5284382.679,-0000000.351,0000000.072,0000000.122*06
$GNVTG,51.28,T,,M,0.00,N,0.00,K,A*1D
$ECEFPOSVEL,122401.000,2552486.925,2460433.491,5284383.269,-0000000.563,0000000.048,0000000.264*03
$GNVTG,42.97,T,,M,1.21,N,2.25,K,A*1C
$ECEFPOSVEL,122402.000,2552486.925,2460433.491,5284383.269,-0000000.218,0000000.177,0000000.051*02
$GNVTG,42.97,T,,M,0.00,N,0.00,K,A*1B
$ECEFPOSVEL,122403.000,2552486.925,2460433.491,5284383.269,0000000.541,-0000000.325,-0000000.094*29
$GNVTG,252.82,T,,M,1.24,N,2.30,K,A*2A
$ECEFPOSVEL,122404.000,2552487.601,2460434.862,5284382.887,0000000.768,-0000000.279,-0000000.249*29
$GNVTG,239.24,T,,M,1.66,N,3.07,K,A*28
$ECEFPOSVEL,122405.000,2552488.367,2460434.493,5284382.794,0000000.629,-0000000.535,-0000000.083*22
$GNVTG,262.13,T,,M,1.63,N,3.03,K,A*23
$ECEFPOSVEL,122406.000,2552488.840,2460434.487,5284382.687,0000000.256,-0000000.123,-0000000.099*2D
$GNVTG,262.13,T,,M,0.00,N,0.00,K,A*27
$ECEFPOSVEL,122407.000,2552489.295,2460434.315,5284382.676,0000000.287,-0000000.165,-0000000.085*2E
$GNVTG,262.13,T,,M,0.00,N,0.00,K,A*27
$ECEFPOSVEL,122408.000,2552489.827,2460434.080,5284382.636,0000000.587,-0000000.470,-0000000.098*23
$GNVTG,262.13,T,,M,1.47,N,2.73,K,A*23
$ECEFPOSVEL,122409.000,2552490.089,2460433.840,5284382.731,0000000.395,-0000000.529,0000000.011*07
$GNVTG,262.13,T,,M,1.28,N,2.37,K,A*2A
$ECEFPOSVEL,122410.000,2552490.425,2460433.591,5284382.670,0000000.281,-0000000.172,-0000000.104*2E
$GNVTG,262.13,T,,M,0.00,N,0.00,K,A*27
$ECEFPOSVEL,122411.000,2552490.807,2460433.546,5284382.469,0000000.172,-0000000.105,-0000000.087*26
$GNVTG,262.13,T,,M,0.00,N,0.00,K,A*27
$ECEFPOSVEL,122412.000,2552491.101,2460433.216,5284382.512,0000000.012,-0000000.139,0000000.032*0F
$GNVTG,262.13,T,,M,0.00,N,0.00,K,A*27
$ECEFPOSVEL,122413.000,2552491.101,2460433.216,5284382.512,-0000000.018,-0000000.099,0000000.036*26
$GNVTG,262.13,T,,M,0.00,N,0.00,K,A*27
$ECEFPOSVEL,122414.000,2552491.101,2460433.216,5284382.512,0000000.307,-0000000.570,0000000.090*0F
$GNVTG,262.13,T,,M,1.27,N,2.35,K,A*27
$ECEFPOSVEL,122415.000,2552491.573,2460432.840,5284382.346,0000000.428,-0000000.544,0000000.013*06
$GNVTG,262.13,T,,M,1.31,N,2.42,K,A*20
$ECEFPOSVEL,122416.000,2552492.196,2460432.383,5284382.229,0000000.569,-0000000.652,-0000000.010*2B
$GNVTG,262.13,T,,M,1.68,N,3.11,K,A*2B
$ECEFPOSVEL,122417.000,2552492.927,2460431.917,5284382.031,0000000.589,-0000000.626,-0000000.036*2E
$GNVTG,262.13,T,,M,1.67,N,3.09,K,A*2D
$ECEFPOSVEL,122418.000,2552492.844,2460431.760,5284382.180,0000000.247,-0000000.283,-0000000.006*2D
$GNVTG,262.13,T,,M,0.00,N,0.00,K,A*27
$ECEFPOSVEL,122419.000,2552493.130,2460431.533,5284382.109,-0000000.027,0000000.222,0000000.015*02
$GNRMC,122419.000,A,5619.2192,N,04356.8734,E,0.00,262.13,220626,,,A*74
$ECEFPOSVEL,122420.000,2552493.163,2460431.772,5284382.070,-0000000.013,0000000.211,-0000000.030*2B
$GNVTG,262.13,T,,M,0.00,N,0.00,K,A*27
$ECEFPOSVEL,122421.000,2552493.163,2460431.772,5284382.070,-0000000.045,0000000.141,-0000000.008*24
$GNRMC,122421.000,A,5619.2191,N,04356.8735,E,0.00,262.13,220626,,,A*7D
$ECEFPOSVEL,122422.000,2552493.163,2460431.772,5284382.070,-0000000.053,0000000.123,-0000000.009*25
$GNRMC,122422.000,A,5619.2191,N,04356.8735,E,0.00,262.13,220626,,,A*7E
$ECEFPOSVEL,122423.000,2552493.163,2460431.772,5284382.070,-0000000.082,0000000.125,0000000.052*0D
$GNRMC,122423.000,A,5619.2191,N,04356.8735,E,0.00,262.13,220626,,,A*7F
$ECEFPOSVEL,122424.000,2552493.163,2460431.772,5284382.070,-0000000.171,0000000.292,0000000.017*09
$GNRMC,122424.000,A,5619.2191,N,04356.8735,E,0.00,262.13,220626,,,A*78
$ECEFPOSVEL,122425.000,2552493.163,2460431.772,5284382.070,-0000000.327,0000000.408,0000000.090*03
$GNRMC,122425.000,A,5619.2191,N,04356.8735,E,0.00,262.13,220626,,,A*79
$ECEFPOSVEL,122426.000,2552492.734,2460432.568,5284382.178,-0000000.444,0000000.129,0000000.167*0B
$GNRMC,122426.000,A,5619.2191,N,04356.8744,E,0.10,262.13,220626,,,A*7D
$ECEFPOSVEL,122427.000,2552492.323,2460432.813,5284382.308,-0000000.437,0000000.212,0000000.138*09
$GNRMC,122427.000,A,5619.2191,N,04356.8748,E,0.10,262.13,220626,,,A*70
$ECEFPOSVEL,122428.000,2552492.006,2460432.951,5284382.453,-0000000.384,0000000.190,0000000.143*06
$GNRMC,122428.000,A,5619.2192,N,04356.8751,E,0.87,262.13,220626,,,A*7A
$ECEFPOSVEL,122429.000,2552491.851,2460433.086,5284382.533,-0000000.270,0000000.187,0000000.098*00
$GNRMC,122429.000,A,5619.2193,N,04356.8753,E,0.00,262.13,220626,,,A*77
$ECEFPOSVEL,122430.000,2552491.659,2460433.120,5284382.594,-0000000.246,0000000.220,0000000.107*02
$GNRMC,122430.000,A,5619.2193,N,04356.8755,E,0.00,262.13,220626,,,A*79
$ECEFPOSVEL,122431.000,2552491.525,2460433.279,5284382.653,-0000000.192,0000000.339,0000000.011*09
$GNRMC,122431.000,A,5619.2194,N,04356.8757,E,0.00,262.13,220626,,,A*7D
$ECEFPOSVEL,122432.000,2552491.525,2460433.279,5284382.653,-0000000.242,0000000.230,0000000.065*0F
$GNRMC,122432.000,A,5619.2194,N,04356.8757,E,0.00,262.13,220626,,,A*7E
$ECEFPOSVEL,122433.000,2552491.525,2460433.279,5284382.653,-0000000.334,0000000.238,0000000.109*0D
$GNRMC,122433.000,A,5619.2194,N,04356.8757,E,0.82,72.95,220626,,,A*48
$ECEFPOSVEL,122434.000,2552490.906,2460433.943,5284382.833,-0000000.315,0000000.397,0000000.052*04
$GNRMC,122434.000,A,5619.2194,N,04356.8766,E,0.98,91.30,220626,,,A*44
$ECEFPOSVEL,122435.000,2552490.792,2460434.101,5284382.916,-0000000.198,0000000.264,0000000.070*03
$GNRMC,122435.000,A,5619.2194,N,04356.8768,E,0.00,89.17,220626,,,A*46
$ECEFPOSVEL,122436.000,2552490.810,2460434.082,5284383.039,-0000000.120,0000000.161,0000000.089*09
$GNRMC,122436.000,A,5619.2195,N,04356.8767,E,0.00,89.17,220626,,,A*4B
$ECEFPOSVEL,122437.000,2552490.617,2460434.180,5284383.025,-0000000.252,0000000.281,0000000.063*00
$GNRMC,122437.000,A,5619.2195,N,04356.8769,E,0.00,86.45,220626,,,A*4C
$ECEFPOSVEL,122438.000,2552490.617,2460434.180,5284383.025,-0000000.307,0000000.662,-0000000.003*2C
$GNRMC,122438.000,A,5619.2195,N,04356.8769,E,1.39,106.20,220626,,,A*72
$ECEFPOSVEL,122439.000,2552490.356,2460434.485,5284383.221,-0000000.296,0000000.459,0000000.103*04
$GNVTG,93.32,T,,M,1.04,N,1.93,K,A*16
$ECEFPOSVEL,122440.000,2552490.208,2460434.609,5284383.437,-0000000.146,0000000.220,0000000.146*00
$GNRMC,122440.000,A,5619.2196,N,04356.8775,E,0.00,93.32,220626,,,A*46
$ECEFPOSVEL,122441.000,2552490.161,2460434.475,5284383.621,-0000000.053,0000000.043,0000000.144*01
$GNRMC,122441.000,A,5619.2197,N,04356.8775,E,0.00,93.32,220626,,,A*46
$ECEFPOSVEL,122442.000,2552490.130,2460434.331,5284383.668,0000000.014,0000000.015,0000000.067*21
$GNRMC,122442.000,A,5619.2198,N,04356.8774,E,0.00,93.32,220626,,,A*4B
$ECEFPOSVEL,122443.000,2552490.130,2460434.331,5284383.668,0000000.103,-0000000.013,0000000.008*05
$GNVTG,93.32,T,,M,0.00,N,0.00,K,A*18
$ECEFPOSVEL,122444.000,2552490.130,2460434.331,5284383.668,0000000.087,-0000000.165,0000000.070*00
$GNVTG,93.32,T,,M,0.00,N,0.00,K,A*18
$ECEFPOSVEL,122445.000,2552490.130,2460434.331,5284383.668,0000000.119,-0000000.258,0000000.027*08
$GNVTG,93.32,T,,M,0.00,N,0.00,K,A*18
$ECEFPOSVEL,122446.000,2552490.130,2460434.331,5284383.668,0000000.131,-0000000.325,-0000000.015*26
$GNVTG,93.32,T,,M,0.00,N,0.00,K,A*18
$ECEFPOSVEL,122447.000,2552490.130,2460434.331,5284383.668,0000000.311,-0000000.454,-0000000.051*26
$GNVTG,274.97,T,,M,1.06,N,1.96,K,A*25
$ECEFPOSVEL,122448.000,2552490.130,2460434.331,5284383.668,0000000.261,-0000000.299,-0000000.095*20
$GNVTG,93.32,T,,M,0.00,N,0.00,K,A*18
$ECEFPOSVEL,122449.000,2552490.130,2460434.331,5284383.668,0000000.195,-0000000.287,-0000000.099*2A
$GNVTG,93.32,T,,M,0.00,N,0.00,K,A*18
$ECEFPOSVEL,122450.000,2552490.130,2460434.331,5284383.668,0000000.120,-0000000.270,-0000000.071*22
$GNVTG,93.32,T,,M,0.00,N,0.00,K,A*18
$ECEFPOSVEL,122451.000,2552490.130,2460434.331,5284383.668,0000000.152,-0000000.250,-0000000.043*25
$GNVTG,93.32,T,,M,0.00,N,0.00,K,A*18
$ECEFPOSVEL,122452.000,2552490.130,2460434.331,5284383.668,0000000.095,-0000000.197,-0000000.047*20
$GNVTG,93.32,T,,M,0.00,N,0.00,K,A*18
$ECEFPOSVEL,122453.000,2552490.130,2460434.331,5284383.668,0000000.169,-0000000.003,-0000000.140*29
$GNVTG,93.32,T,,M,0.00,N,0.00,K,A*18
$ECEFPOSVEL,122454.000,2552490.130,2460434.331,5284383.668,0000000.226,-0000000.032,-0000000.126*24
$GNVTG,93.32,T,,M,0.00,N,0.00,K,A*18
$ECEFPOSVEL,122455.000,2552490.130,2460434.331,5284383.668,0000000.142,-0000000.035,-0000000.070*21
$GNVTG,93.32,T,,M,0.00,N,0.00,K,A*18
$ECEFPOSVEL,122456.000,2552490.130,2460434.331,5284383.668,0000000.115,-0000000.098,-0000000.018*29
$GNRMC,122456.000,A,5619.2198,N,04356.8774,E,0.00,93.32,220626,,,A*4E
$ECEFPOSVEL,122457.000,2552490.130,2460434.331,5284383.668,-0000000.035,-0000000.007,0000000.009*2D
$GNRMC,122457.000,A,5619.2198,N,04356.8774,E,0.00,93.32,220626,,,A*4F
$ECEFPOSVEL,122458.000,2552490.130,2460434.331,5284383.668,0000000.457,-0000000.264,-0000000.210*2F
$GNRMC,122458.000,A,5619.2198,N,04356.8774,E,1.09,244.86,220626,,,A*7F
$ECEFPOSVEL,122459.000,2552491.589,2460431.856,5284383.713,0000000.487,-0000000.571,-0000000.176*26
$GNRMC,122459.000,A,5619.2201,N,04356.8747,E,1.46,265.44,220626,,,A*7B
$ECEFPOSVEL,122500.000,2552491.740,2460431.418,5284383.593,0000000.435,-0000000.566,-0000000.192*25
$GNRMC,122500.000,A,5619.2202,N,04356.8743,E,1.42,266.74,220626,,,A*75
$ECEFPOSVEL,122501.000,2552491.722,2460431.080,5284383.533,0000000.194,-0000000.386,-0000000.155*22
$GNRMC,122501.000,A,5619.2202,N,04356.8740,E,0.80,272.96,220626,,,A*71
$ECEFPOSVEL,122502.000,2552491.598,2460430.847,5284383.489,-0000000.199,-0000000.069,-0000000.093*09
$GNRMC,122502.000,A,5619.2203,N,04356.8740,E,0.00,272.96,220626,,,A*7B
$ECEFPOSVEL,122503.000,2552491.242,2460430.942,5284383.730,-0000000.285,0000000.086,-0000000.027*20
$GNRMC,122503.000,A,5619.2205,N,04356.8743,E,0.00,272.96,220626,,,A*7F
$ECEFPOSVEL,122504.000,2552490.688,2460431.090,5284383.939,-0000000.338,0000000.118,0000000.031*0F
$GNRMC,122504.000,A,5619.2207,N,04356.8747,E,0.00,64.54,220626,,,A*45
$ECEFPOSVEL,122505.000,2552490.688,2460431.090,5284383.939,-0000000.468,0000000.187,0000000.069*07
$GNRMC,122505.000,A,5619.2207,N,04356.8747,E,0.98,65.39,220626,,,A*4F
$ECEFPOSVEL,122506.000,2552490.205,2460431.224,5284383.968,-0000000.605,0000000.542,0000000.276*04
$GNRMC,122506.000,A,5619.2208,N,04356.8752,E,1.62,75.95,220626,,,A*44
$ECEFPOSVEL,122507.000,2552489.589,2460431.622,5284384.160,-0000000.434,0000000.491,0000000.114*03
$GNRMC,122507.000,A,5619.2210,N,04356.8758,E,1.28,86.56,220626,,,A*4B
$ECEFPOSVEL,122508.000,2552489.367,2460431.980,5284384.242,-0000000.015,0000000.283,0000000.029*03
$GNRMC,122508.000,A,5619.2209,N,04356.8762,E,0.00,86.56,220626,,,A*4E
$ECEFPOSVEL,122509.000,2552489.269,2460432.035,5284384.290,0000000.037,-0000000.076,0000000.109*0D
$GNRMC,122509.000,A,5619.2210,N,04356.8763,E,0.00,86.56,220626,,,A*46
$ECEFPOSVEL,122510.000,2552489.245,2460431.967,5284384.284,0000000.035,-0000000.058,0000000.060*03
$GNRMC,122510.000,A,5619.2210,N,04356.8763,E,0.00,86.56,220626,,,A*4E
$ECEFPOSVEL,122511.000,2552489.245,2460431.967,5284384.284,-0000000.016,-0000000.028,0000000.055*2F
$GNRMC,122511.000,A,5619.2210,N,04356.8763,E,0.00,86.56,220626,,,A*4F
$ECEFPOSVEL,122512.000,2552489.245,2460431.967,5284384.284,-0000000.220,0000000.056,0000000.104*0A
$GNRMC,122512.000,A,5619.2210,N,04356.8763,E,0.00,86.56,220626,,,A*4C
$ECEFPOSVEL,122513.000,2552489.245,2460431.967,5284384.284,-0000000.205,0000000.176,0000000.071*0C
$GNRMC,122513.000,A,5619.2210,N,04356.8763,E,0.00,86.56,220626,,,A*4D
$ECEFPOSVEL,122514.000,2552489.245,2460431.967,5284384.284,-0000000.089,-0000000.023,0000000.071*21
$GNRMC,122514.000,A,5619.2210,N,04356.8763,E,0.00,86.56,220626,,,A*4A
$ECEFPOSVEL,122515.000,2552489.245,2460431.967,5284384.284,-0000000.055,-0000000.130,0000000.132*24
$GNRMC,122515.000,A,5619.2210,N,04356.8763,E,0.00,86.56,220626,,,A*4B
$ECEFPOSVEL,122516.000,2552489.245,2460431.967,5284384.284,-0000000.158,-0000000.046,0000000.143*2D
$GNRMC,122516.000,A,5619.2210,N,04356.8763,E,0.00,86.56,220626,,,A*48
$ECEFPOSVEL,122517.000,2552489.245,2460431.967,5284384.284,-0000000.144,-0000000.090,0000000.141*28
$GNRMC,122517.000,A,5619.2210,N,04356.8763,E,0.00,86.56,220626,,,A*49
$ECEFPOSVEL,122518.000,2552489.245,2460431.967,5284384.284,-0000000.053,-0000000.049,0000000.061*27
$GNRMC,122518.000,A,5619.2210,N,04356.8763,E,0.00,86.56,220626,,,A*46
$ECEFPOSVEL,122519.000,2552489.245,2460431.967,5284384.284,-0000000.019,-0000000.072,0000000.050*22
$GNRMC,122519.000,A,5619.2210,N,04356.8763,E,0.00,86.56,220626,,,A*47
$ECEFPOSVEL,122520.000,2552489.245,2460431.967,5284384.284,-0000000.070,-0000000.102,0000000.083*2F
$GNRMC,122520.000,A,5619.2210,N,04356.8763,E,0.00,86.56,220626,,,A*4D
$ECEFPOSVEL,122521.000,2552489.245,2460431.967,5284384.284,-0000000.131,0000000.250,0000000.033*08
$GNRMC,122521.000,A,5619.2210,N,04356.8763,E,0.00,86.56,220626,,,A*4C
$ECEFPOSVEL,122522.000,2552489.245,2460431.967,5284384.284,-0000000.194,0000000.592,0000000.043*0A
$GNRMC,122522.000,A,5619.2210,N,04356.8763,E,1.16,109.79,220626,,,A*72
$ECEFPOSVEL,122523.000,2552488.051,2460431.914,5284385.146,-0000000.394,0000000.746,0000000.109*03
$GNRMC,122523.000,A,5619.2217,N,04356.8771,E,1.60,99.40,220626,,,A*44
$ECEFPOSVEL,122524.000,2552487.734,2460432.556,5284385.255,-0000000.323,0000000.696,0000000.142*08
$GNRMC,122524.000,A,5619.2216,N,04356.8777,E,1.43,100.11,220626,,,A*70
$ECEFPOSVEL,122525.000,2552487.583,2460433.177,5284385.349,-0000000.214,0000000.671,0000000.116*00
$GNRMC,122525.000,A,5619.2215,N,04356.8783,E,1.36,107.16,220626,,,A*7B
$ECEFPOSVEL,122526.000,2552487.486,2460433.621,5284385.511,-0000000.142,0000000.551,0000000.134*09
$GNRMC,122526.000,A,5619.2214,N,04356.8787,E,1.01,107.70,220626,,,A*79
$ECEFPOSVEL,122527.000,2552487.335,2460433.957,5284385.723,-0000000.091,0000000.455,0000000.142*01
$GNRMC,122527.000,A,5619.2214,N,04356.8790,E,0.80,108.32,220626,,,A*7F
$ECEFPOSVEL,122528.000,2552487.046,2460434.101,5284386.129,0000000.027,-0000000.223,-0000000.061*2D
$GNRMC,122528.000,A,5619.2216,N,04356.8793,E,0.00,108.32,220626,,,A*79
$ECEFPOSVEL,122529.000,2552487.016,2460433.411,5284386.347,0000000.054,-0000000.338,0000000.015*01
$GNRMC,122529.000,A,5619.2219,N,04356.8788,E,0.00,301.27,220626,,,A*72
$ECEFPOSVEL,122530.000,2552486.860,2460433.228,5284386.335,-0000000.009,-0000000.229,-0000000.014*00
$GNRMC,122530.000,A,5619.2220,N,04356.8788,E,0.00,301.27,220626,,,A*70
$ECEFPOSVEL,122531.000,2552486.860,2460433.228,5284386.335,-0000000.085,-0000000.145,0000000.034*23
$GNRMC,122531.000,A,5619.2220,N,04356.8788,E,0.00,301.27,220626,,,A*71
$ECEFPOSVEL,122532.000,2552486.860,2460433.228,5284386.335,-0000000.070,-0000000.226,0000000.015*2F
$GNRMC,122532.000,A,5619.2220,N,04356.8788,E,0.00,301.27,220626,,,A*72
$ECEFPOSVEL,122533.000,2552486.860,2460433.228,5284386.335,-0000000.180,0000000.018,-0000000.079*25
$GNRMC,122533.000,A,5619.2220,N,04356.8788,E,0.00,301.27,220626,,,A*73
$ECEFPOSVEL,122534.000,2552486.860,2460433.228,5284386.335,-0000000.160,0000000.064,-0000000.056*2A
$GNRMC,122534.000,A,5619.2220,N,04356.8788,E,0.00,301.27,220626,,,A*74
$ECEFPOSVEL,122535.000,2552486.860,2460433.228,5284386.335,-0000000.031,0000000.029,-0000000.054*25
$GNRMC,122535.000,A,5619.2220,N,04356.8788,E,0.00,301.27,220626,,,A*75
$ECEFPOSVEL,122536.000,2552486.860,2460433.228,5284386.335,0000000.018,-0000000.066,-0000000.018*2E
$GNRMC,122536.000,A,5619.2220,N,04356.8788,E,0.00,301.27,220626,,,A*76
$ECEFPOSVEL,122537.000,2552486.860,2460433.228,5284386.335,0000000.051,-0000000.189,0000000.033*06
$GNRMC,122537.000,A,5619.2220,N,04356.8788,E,0.00,301.27,220626,,,A*77
$ECEFPOSVEL,122538.000,2552486.860,2460433.228,5284386.335,0000000.094,-0000000.436,0000000.031*03
$GNRMC,122538.000,A,5619.2220,N,04356.8788,E,0.84,299.35,220626,,,A*77
$ECEFPOSVEL,122539.000,2552486.953,2460431.779,5284386.523,0000000.152,-0000000.550,-0000000.058*29
$GNRMC,122539.000,A,5619.2225,N,04356.8777,E,1.04,291.24,220626,,,A*72
$ECEFPOSVEL,122540.000,2552487.097,2460431.369,5284386.465,0000000.034,-0000000.369,-0000000.046*23
$GNRMC,122540.000,A,5619.2225,N,04356.8773,E,0.00,299.99,220626,,,A*73
$ECEFPOSVEL,122541.000,2552487.089,2460431.208,5284386.327,-0000000.040,-0000000.188,-0000000.118*03
$GNRMC,122541.000,A,5619.2225,N,04356.8772,E,0.00,299.99,220626,,,A*73
$ECEFPOSVEL,122542.000,2552487.158,2460431.156,5284386.302,-0000000.010,-0000000.083,-0000000.075*07
$GNRMC,122542.000,A,5619.2225,N,04356.8772,E,0.00,299.99,220626,,,A*70
$ECEFPOSVEL,122543.000,2552487.158,2460431.156,5284386.302,-0000000.041,0000000.009,-0000000.045*2E
$GNRMC,122543.000,A,5619.2225,N,04356.8772,E,0.00,299.99,220626,,,A*71
$ECEFPOSVEL,122544.000,2552487.158,2460431.156,5284386.302,-0000000.139,0000000.204,0000000.070*03
$GNRMC,122544.000,A,5619.2225,N,04356.8772,E,0.00,299.99,220626,,,A*76
$ECEFPOSVEL,122545.000,2552487.158,2460431.156,5284386.302,-0000000.082,0000000.048,0000000.059*02
$GNRMC,122545.000,A,5619.2225,N,04356.8772,E,0.00,299.99,220626,,,A*77
$ECEFPOSVEL,122546.000,2552487.158,2460431.156,5284386.302,-0000000.080,0000000.014,0000000.064*04
$GNRMC,122546.000,A,5619.2225,N,04356.8772,E,0.00,299.99,220626,,,A*74
$ECEFPOSVEL,122547.000,2552487.158,2460431.156,5284386.302,-0000000.102,0000000.134,0000000.012*0C
$GNRMC,122547.000,A,5619.2225,N,04356.8772,E,0.00,299.99,220626,,,A*75
$ECEFPOSVEL,122548.000,2552487.158,2460431.156,5284386.302,-0000000.027,0000000.189,-0000000.050*28
$GNRMC,122548.000,A,5619.2225,N,04356.8772,E,0.00,299.99,220626,,,A*7A
$ECEFPOSVEL,122549.000,2552487.158,2460431.156,5284386.302,-0000000.017,0000000.125,-0000000.033*29
$GNRMC,122549.000,A,5619.2225,N,04356.8772,E,0.00,299.99,220626,,,A*7B
$ECEFPOSVEL,122550.000,2552487.158,2460431.156,5284386.302,-0000000.009,0000000.101,-0000000.030*2B
$GNRMC,122550.000,A,5619.2225,N,04356.8772,E,0.00,299.99,220626,,,A*73
$ECEFPOSVEL,122551.000,2552487.158,2460431.156,5284386.302,-0000000.370,0000000.577,0000000.150*08
$GNRMC,122551.000,A,5619.2225,N,04356.8772,E,1.31,92.42,220626,,,A*4E
$ECEFPOSVEL,122552.000,2552489.101,2460429.507,5284386.149,-0000000.476,0000000.606,0000000.107*0B
$GNRMC,122552.000,A,5619.2224,N,04356.8747,E,1.49,90.42,220626,,,A*47
$ECEFPOSVEL,122553.000,2552488.793,2460429.873,5284386.284,-0000000.358,0000000.421,0000000.129*0A
$GNRMC,122553.000,A,5619.2224,N,04356.8752,E,1.08,85.55,220626,,,A*45
$ECEFPOSVEL,122554.000,2552488.767,2460429.997,5284386.377,-0000000.222,0000000.282,0000000.127*0D
$GNRMC,122554.000,A,5619.2224,N,04356.8753,E,0.00,83.49,220626,,,A*41
$ECEFPOSVEL,122555.000,2552488.965,2460429.889,5284386.481,-0000000.093,0000000.154,0000000.128*0F
$GNRMC,122555.000,A,5619.2224,N,04356.8751,E,0.00,83.49,220626,,,A*42
$ECEFPOSVEL,122556.000,2552488.926,2460429.933,5284386.515,-0000000.170,0000000.265,0000000.086*0F
$GNRMC,122556.000,A,5619.2224,N,04356.8751,E,0.00,90.63,220626,,,A*4B
$ECEFPOSVEL,122557.000,2552488.926,2460429.933,5284386.515,-0000000.203,0000000.243,0000000.128*08
$GNRMC,122557.000,A,5619.2224,N,04356.8751,E,0.00,90.63,220626,,,A*4A
$ECEFPOSVEL,122558.000,2552488.926,2460429.933,5284386.515,-0000000.108,0000000.337,0000000.052*01
$GNRMC,122558.000,A,5619.2224,N,04356.8751,E,0.00,90.63,220626,,,A*45
$ECEFPOSVEL,122559.000,2552488.926,2460429.933,5284386.515,-0000000.126,0000000.340,0000000.062*0F
$GNRMC,122559.000,A,5619.2224,N,04356.8751,E,0.00,90.63,220626,,,A*44
$ECEFPOSVEL,122600.000,2552488.926,2460429.933,5284386.515,-0000000.151,0000000.250,0000000.120*07
$GNRMC,122600.000,A,5619.2224,N,04356.8751,E,0.00,90.63,220626,,,A*4B
$ECEFPOSVEL,122601.000,2552488.926,2460429.933,5284386.515,-0000000.141,0000000.183,0000000.076*08
$GNRMC,122601.000,A,5619.2224,N,04356.8751,E,0.00,90.63,220626,,,A*4A
$ECEFPOSVEL,122602.000,2552488.926,2460429.933,5284386.515,0000000.013,0000000.187,0000000.022*25
$GNRMC,122602.000,A,5619.2224,N,04356.8751,E,0.00,90.63,220626,,,A*49
$ECEFPOSVEL,122603.000,2552488.926,2460429.933,5284386.515,-0000000.213,0000000.284,0000000.115*0E
$GNRMC,122603.000,A,5619.2224,N,04356.8751,E,0.00,90.63,220626,,,A*48
$ECEFPOSVEL,122604.000,2552488.926,2460429.933,5284386.515,-0000000.255,0000000.247,0000000.176*01
$GNRMC,122604.000,A,5619.2224,N,04356.8751,E,0.00,90.63,220626,,,A*4F
$ECEFPOSVEL,122605.000,2552488.926,2460429.933,5284386.515,-0000000.260,0000000.272,0000000.181*08
$GNRMC,122605.000,A,5619.2224,N,04356.8751,E,0.00,90.63,220626,,,A*4E
$ECEFPOSVEL,122606.000,2552488.926,2460429.933,5284386.515,-0000000.138,0000000.106,0000000.193*06
$GNRMC,122606.000,A,5619.2224,N,04356.8751,E,0.00,90.63,220626,,,A*4D
$ECEFPOSVEL,122607.000,2552488.926,2460429.933,5284386.515,0000000.036,-0000000.328,-0000000.091*28
$GNRMC,122607.000,A,5619.2224,N,04356.8751,E,0.00,90.63,220626,,,A*4C
$ECEFPOSVEL,122608.000,2552488.926,2460429.933,5284386.515,0000000.181,-0000000.513,-0000000.058*21
$GNRMC,122608.000,A,5619.2224,N,04356.8751,E,1.01,287.51,220626,,,A*76
$ECEFPOSVEL,122609.000,2552487.142,2460430.161,5284388.442,0000000.069,-0000000.473,-0000000.070*25
$GNRMC,122609.000,A,5619.2235,N,04356.8765,E,0.84,296.43,220626,,,A*7F
$ECEFPOSVEL,122610.000,2552486.983,2460429.510,5284388.559,0000000.033,-0000000.521,-0000000.038*2D
$GNRMC,122610.000,A,5619.2238,N,04356.8761,E,0.88,303.13,220626,,,A*7A
$ECEFPOSVEL,122611.000,2552486.749,2460428.752,5284388.750,-0000000.057,-0000000.614,0000000.036*23
$GNRMC,122611.000,A,5619.2241,N,04356.8758,E,1.11,315.38,220626,,,A*70
$ECEFPOSVEL,122612.000,2552486.528,2460428.257,5284388.815,-0000000.159,-0000000.360,-0000000.022*0A
$GNRMC,122612.000,A,5619.2244,N,04356.8756,E,0.00,332.91,220626,,,A*7F
$ECEFPOSVEL,122613.000,2552486.331,2460428.157,5284388.691,-0000000.121,-0000000.110,-0000000.145*0E
$GNRMC,122613.000,A,5619.2244,N,04356.8756,E,0.00,332.91,220626,,,A*7E
$ECEFPOSVEL,122614.000,2552486.084,2460427.810,5284389.096,-0000000.092,-0000000.174,-0000000.053*0C
$GNRMC,122614.000,A,5619.2247,N,04356.8755,E,0.00,332.91,220626,,,A*79
$ECEFPOSVEL,122615.000,2552486.084,2460427.810,5284389.096,0000000.045,-0000000.833,0000000.080*03
$GNRMC,122615.000,A,5619.2247,N,04356.8755,E,1.56,308.33,220626,,,A*7B
$ECEFPOSVEL,122616.000,2552485.413,2460427.661,5284389.090,0000000.189,-0000000.957,-0000000.035*26
$GNRMC,122616.000,A,5619.2250,N,04356.8759,E,1.79,297.15,220626,,,A*7C
$ECEFPOSVEL,122617.000,2552485.248,2460427.094,5284389.040,0000000.138,-0000000.916,-0000000.041*22
$GNRMC,122617.000,A,5619.2252,N,04356.8756,E,1.68,299.27,220626,,,A*7F
$ECEFPOSVEL,122618.000,2552485.108,2460426.578,5284388.929,0000000.145,-0000000.927,-0000000.051*22
$GNRMC,122618.000,A,5619.2254,N,04356.8753,E,1.69,298.67,220626,,,A*77
$ECEFPOSVEL,122619.000,2552484.987,2460426.211,5284388.731,0000000.299,-0000001.206,-0000000.028*27
$GNRMC,122619.000,A,5619.2255,N,04356.8752,E,2.31,294.99,220626,,,A*75
$ECEFPOSVEL,122620.000,2552484.051,2460428.111,5284388.153,0000000.141,-0000001.339,0000000.074*0F
$GNRMC,122620.000,A,5619.2250,N,04356.8771,E,2.50,304.49,220626,,,A*79
$ECEFPOSVEL,122621.000,2552483.731,2460428.041,5284388.030,0000000.185,-0000000.781,-0000000.216*2D
$GNRMC,122621.000,A,5619.2251,N,04356.8773,E,1.41,287.70,220626,,,A*78
$ECEFPOSVEL,122622.000,2552483.584,2460427.496,5284387.838,-0000000.136,-0000000.356,-0000000.243*07
$GNRMC,122622.000,A,5619.2253,N,04356.8770,E,0.00,287.70,220626,,,A*7E
$ECEFPOSVEL,122623.000,2552483.580,2460427.281,5284388.113,-0000000.194,-0000000.169,-0000000.130*0C
$GNRMC,122623.000,A,5619.2254,N,04356.8769,E,0.00,287.70,220626,,,A*70
$ECEFPOSVEL,122624.000,2552483.460,2460427.357,5284388.289,-0000000.177,-0000000.100,-0000000.076*0F
$GNRMC,122624.000,A,5619.2255,N,04356.8770,E,0.00,287.70,220626,,,A*7E
$ECEFPOSVEL,122625.000,2552483.460,2460427.357,5284388.289,-0000000.093,-0000000.443,0000000.075*29
$GNRMC,122625.000,A,5619.2255,N,04356.8770,E,0.85,324.25,220626,,,A*7A
$ECEFPOSVEL,122626.000,2552483.460,2460427.357,5284388.289,-0000000.172,-0000000.066,-0000000.057*0A
$GNRMC,122626.000,A,5619.2255,N,04356.8770,E,0.00,287.70,220626,,,A*7C
$ECEFPOSVEL,122627.000,2552483.460,2460427.357,5284388.289,-0000000.242,-0000000.003,0000000.004*23
$GNRMC,122627.000,A,5619.2255,N,04356.8770,E,0.00,287.70,220626,,,A*7D
$ECEFPOSVEL,122628.000,2552483.460,2460427.357,5284388.289,-0000000.227,-0000000.059,0000000.056*27
$GNRMC,122628.000,A,5619.2255,N,04356.8770,E,0.00,287.70,220626,,,A*72
$ECEFPOSVEL,122629.000,2552483.460,2460427.357,5284388.289,-0000000.088,-0000000.053,0000000.093*22
$GNRMC,122629.000,A,5619.2255,N,04356.8770,E,0.00,287.70,220626,,,A*73
$ECEFPOSVEL,122630.000,2552483.460,2460427.357,5284388.289,-0000000.006,-0000000.290,0000000.146*28
$GNRMC,122630.000,A,5619.2255,N,04356.8770,E,0.00,287.70,220626,,,A*7B
$ECEFPOSVEL,122631.000,2552483.460,2460427.357,5284388.289,-0000000.012,-0000000.328,0000000.159*20
$GNRMC,122631.000,A,5619.2255,N,04356.8770,E,0.00,287.70,220626,,,A*7A
$ECEFPOSVEL,122632.000,2552483.460,2460427.357,5284388.289,-0000000.251,0000000.196,0000000.045*00
$GNRMC,122632.000,A,5619.2255,N,04356.8770,E,0.00,287.70,220626,,,A*79
$ECEFPOSVEL,122633.000,2552483.460,2460427.357,5284388.289,-0000000.219,0000000.075,0000000.094*0D
$GNRMC,122633.000,A,5619.2255,N,04356.8770,E,0.00,287.70,220626,,,A*78
$ECEFPOSVEL,122634.000,2552483.460,2460427.357,5284388.289,-0000000.149,0000000.129,0000000.015*0D
$GNRMC,122634.000,A,5619.2255,N,04356.8770,E,0.00,287.70,220626,,,A*7F
$ECEFPOSVEL,122635.000,2552483.460,2460427.357,5284388.289,-0000000.073,0000000.162,-0000000.037*26
$GNRMC,122635.000,A,5619.2255,N,04356.8770,E,0.00,287.70,220626,,,A*7E
$ECEFPOSVEL,122636.000,2552483.460,2460427.357,5284388.289,-0000000.162,0000000.451,-0000000.116*23
$GNRMC,122636.000,A,5619.2255,N,04356.8770,E,0.96,117.59,220626,,,A*73
$ECEFPOSVEL,122637.000,2552483.460,2460427.357,5284388.289,-0000000.115,0000000.167,-0000000.008*2C
$GNRMC,122637.000,A,5619.2255,N,04356.8770,E,0.00,287.70,220626,,,A*7C
$ECEFPOSVEL,122638.000,2552483.460,2460427.357,5284388.289,0000000.018,0000000.080,-0000000.039*08
$GNRMC,122638.000,A,5619.2255,N,04356.8770,E,0.00,287.70,220626,,,A*73
$ECEFPOSVEL,122639.000,2552483.460,2460427.357,5284388.289,0000000.115,0000000.030,-0000000.065*07
$GNRMC,122639.000,A,5619.2255,N,04356.8770,E,0.00,287.70,220626,,,A*72
$ECEFPOSVEL,122640.000,2552483.460,2460427.357,5284388.289,0000000.019,0000000.026,0000000.000*2D
$GNRMC,122640.000,A,5619.2255,N,04356.8770,E,0.00,287.70,220626,,,A*7C
$ECEFPOSVEL,122641.000,2552483.460,2460427.357,5284388.289,-0000000.073,0000000.264,0000000.040*0D
$GNRMC,122641.000,A,5619.2255,N,04356.8770,E,0.00,287.70,220626,,,A*7D
$ECEFPOSVEL,122642.000,2552483.460,2460427.357,5284388.289,-0000000.050,0000000.147,0000000.106*0E
$GNRMC,122642.000,A,5619.2255,N,04356.8770,E,0.00,287.70,220626,,,A*7E
$ECEFPOSVEL,122643.000,2552483.460,2460427.357,5284388.289,-0000000.276,0000000.429,0000000.076*02
$GNRMC,122643.000,A,5619.2255,N,04356.8770,E,0.98,94.55,220626,,,A*49
$ECEFPOSVEL,122644.000,2552481.913,2460422.910,5284390.218,-0000000.396,0000000.470,0000000.123*01
$GNRMC,122644.000,A,5619.2280,N,04356.8749,E,1.19,86.84,220626,,,A*4B
$ECEFPOSVEL,122645.000,2552481.839,2460423.416,5284390.214,-0000000.286,0000000.449,0000000.090*0C
$GNRMC,122645.000,A,5619.2278,N,04356.8753,E,1.02,94.20,220626,,,A*41
$ECEFPOSVEL,122646.000,2552481.877,2460423.790,5284390.192,0000000.011,0000000.015,0000000.029*2B
$GNRMC,122646.000,A,5619.2277,N,04356.8756,E,0.00,94.20,220626,,,A*4B
$ECEFPOSVEL,122647.000,2552482.190,2460424.126,5284389.901,0000000.072,-0000000.008,-0000000.019*25
$GNRMC,122647.000,A,5619.2274,N,04356.8756,E,0.00,94.20,220626,,,A*49
$ECEFPOSVEL,122648.000,2552482.465,2460423.924,5284389.855,0000000.150,-0000000.174,0000000.020*04
$GNRMC,122648.000,A,5619.2273,N,04356.8753,E,0.00,94.20,220626,,,A*44
$ECEFPOSVEL,122649.000,2552482.465,2460423.924,5284389.855,0000000.154,-0000000.218,0000000.034*0D
$GNRMC,122649.000,A,5619.2273,N,04356.8753,E,0.00,94.20,220626,,,A*45
$ECEFPOSVEL,122650.000,2552482.465,2460423.924,5284389.855,-0000000.125,-0000000.065,0000000.147*23
$GNRMC,122650.000,A,5619.2273,N,04356.8753,E,0.00,94.20,220626,,,A*4D
$ECEFPOSVEL,122651.000,2552482.465,2460423.924,5284389.855,0000000.072,-0000000.051,-0000000.069*2B
$GNRMC,122651.000,A,5619.2273,N,04356.8753,E,0.00,94.20,220626,,,A*4C
$ECEFPOSVEL,122652.000,2552482.465,2460423.924,5284389.855,0000000.217,-0000000.370,-0000000.041*23
$GNRMC,122652.000,A,5619.2273,N,04356.8753,E,0.82,278.27,220626,,,A*72
$ECEFPOSVEL,122653.000,2552482.888,2460423.365,5284389.925,0000000.370,-0000000.591,-0000000.040*2C
$GNRMC,122653.000,A,5619.2274,N,04356.8746,E,1.34,278.13,220626,,,A*7B
$ECEFPOSVEL,122654.000,2552483.116,2460422.971,5284389.817,0000000.315,-0000000.517,-0000000.080*2B
$GNRMC,122654.000,A,5619.2274,N,04356.8742,E,1.15,276.33,220626,,,A*77
$ECEFPOSVEL,122655.000,2552483.431,2460422.518,5284389.732,0000000.284,-0000000.489,-0000000.078*29
$GNRMC,122655.000,A,5619.2274,N,04356.8736,E,1.08,277.17,220626,,,A*7E
$ECEFPOSVEL,122656.000,2552483.777,2460422.076,5284389.624,0000000.279,-0000000.476,-0000000.078*22
$GNRMC,122656.000,A,5619.2274,N,04356.8731,E,1.05,276.83,220626,,,A*7B
$ECEFPOSVEL,122657.000,2552484.451,2460421.802,5284389.366,0000000.431,-0000000.090,-0000000.227*26
$GNRMC,122657.000,A,5619.2272,N,04356.8724,E,0.96,227.58,220626,,,A*71
$ECEFPOSVEL,122658.000,2552484.576,2460422.295,5284388.965,0000000.220,-0000000.008,-0000000.213*22
$GNRMC,122658.000,A,5619.2269,N,04356.8727,E,0.00,227.58,220626,,,A*78
$ECEFPOSVEL,122659.000,2552484.959,2460422.475,5284388.732,0000000.272,-0000000.138,-0000000.148*2E
$GNRMC,122659.000,A,5619.2267,N,04356.8726,E,0.00,240.08,220626,,,A*72
$ECEFPOSVEL,122700.000,2552484.965,2460422.860,5284388.396,0000000.359,-0000000.173,-0000000.191*2D
$GNRMC,122700.000,A,5619.2264,N,04356.8728,E,0.84,239.38,220626,,,A*73
$ECEFPOSVEL,122701.000,2552485.242,2460422.428,5284388.514,0000000.469,-0000000.309,-0000000.221*2C
$GNRMC,122701.000,A,5619.2265,N,04356.8724,E,1.15,247.71,220626,,,A*72
$ECEFPOSVEL,122702.000,2552485.780,2460422.134,5284388.268,0000000.161,-0000000.092,-0000000.074*2E
$GNRMC,122702.000,A,5619.2264,N,04356.8718,E,0.00,247.71,220626,,,A*7A
$ECEFPOSVEL,122703.000,2552485.755,2460422.354,5284388.119,-0000000.201,0000000.359,-0000000.062*20
$GNRMC,122703.000,A,5619.2263,N,04356.8720,E,0.81,106.96,220626,,,A*71
$ECEFPOSVEL,122704.000,2552485.871,2460422.634,5284387.948,-0000000.105,0000000.280,-0000000.067*29
$GNRMC,122704.000,A,5619.2261,N,04356.8721,E,0.00,116.38,220626,,,A*79
$ECEFPOSVEL,122705.000,2552485.871,2460422.634,5284387.948,0000000.015,0000000.212,-0000000.100*0E
$GNRMC,122705.000,A,5619.2261,N,04356.8721,E,0.00,116.38,220626,,,A*78
$ECEFPOSVEL,122706.000,2552485.871,2460422.634,5284387.948,0000000.056,0000000.169,-0000000.109*0C
$GNRMC,122706.000,A,5619.2261,N,04356.8721,E,0.00,116.38,220626,,,A*7B
$ECEFPOSVEL,122707.000,2552485.871,2460422.634,5284387.948,-0000000.056,0000000.074,0000000.036*0D
$GNRMC,122707.000,A,5619.2261,N,04356.8721,E,0.00,116.38,220626,,,A*7A
$ECEFPOSVEL,122708.000,2552485.871,2460422.634,5284387.948,-0000000.281,0000000.226,0000000.114*0E
$GNRMC,122708.000,A,5619.2261,N,04356.8721,E,0.00,116.38,220626,,,A*75
$ECEFPOSVEL,122709.000,2552485.871,2460422.634,5284387.948,-0000000.201,0000000.239,0000000.086*03
$GNRMC,122709.000,A,5619.2261,N,04356.8721,E,0.00,116.38,220626,,,A*74
$ECEFPOSVEL,122710.000,2552485.871,2460422.634,5284387.948,0000000.035,0000000.140,0000000.022*20
$GNRMC,122710.000,A,5619.2261,N,04356.8721,E,0.00,116.38,220626,,,A*7C
$ECEFPOSVEL,122711.000,2552485.871,2460422.634,5284387.948,0000000.422,-0000000.417,-0000000.092*2F
$GNRMC,122711.000,A,5619.2261,N,04356.8721,E,1.16,263.93,220626,,,A*7B
$ECEFPOSVEL,122712.000,2552488.533,2460422.860,5284386.854,0000000.325,-0000000.241,-0000000.152*20
$GNRMC,122712.000,A,5619.2248,N,04356.8704,E,0.82,250.74,220626,,,A*71
$ECEFPOSVEL,122713.000,2552488.847,2460422.887,5284386.588,0000000.177,-0000000.120,-0000000.132*2D
$GNRMC,122713.000,A,5619.2246,N,04356.8702,E,0.00,250.74,220626,,,A*72
$ECEFPOSVEL,122714.000,2552488.643,2460423.430,5284386.426,-0000000.028,0000000.089,-0000000.089*2C
$GNRMC,122714.000,A,5619.2245,N,04356.8708,E,0.00,250.74,220626,,,A*7C
$ECEFPOSVEL,122715.000,2552488.998,2460422.859,5284386.433,-0000000.206,0000000.301,0000000.055*03
$GNRMC,122715.000,A,5619.2245,N,04356.8701,E,0.00,93.14,220626,,,A*4F
$ECEFPOSVEL,122716.000,2552488.998,2460422.859,5284386.433,-0000000.204,0000000.294,0000000.040*0B
$GNRMC,122716.000,A,5619.2245,N,04356.8701,E,0.00,93.14,220626,,,A*4C
$ECEFPOSVEL,122717.000,2552488.998,2460422.859,5284386.433,0000000.113,-0000000.268,-0000000.013*27
$GNRMC,122717.000,A,5619.2245,N,04356.8701,E,0.00,93.14,220626,,,A*4D
$ECEFPOSVEL,122718.000,2552488.998,2460422.859,5284386.433,0000000.391,-0000000.521,-0000000.235*2C
$GNRMC,122718.000,A,5619.2245,N,04356.8701,E,1.26,264.36,220626,,,A*7D
$ECEFPOSVEL,122719.000,2552488.877,2460423.064,5284386.378,0000000.382,-0000000.375,-0000000.185*2F
$GNRMC,122719.000,A,5619.2245,N,04356.8704,E,1.06,257.86,220626,,,A*70
$ECEFPOSVEL,122720.000,2552489.111,2460422.868,5284386.209,0000000.234,-0000000.076,-0000000.124*28
$GNRMC,122720.000,A,5619.2244,N,04356.8701,E,0.00,257.86,220626,,,A*79
$ECEFPOSVEL,122721.000,2552489.310,2460422.754,5284386.125,0000000.040,0000000.062,-0000000.008*01
$GNRMC,122721.000,A,5619.2244,N,04356.8698,E,0.00,257.86,220626,,,A*79
$ECEFPOSVEL,122722.000,2552489.392,2460422.788,5284386.064,-0000000.205,0000000.196,0000000.163*08
$GNRMC,122722.000,A,5619.2243,N,04356.8698,E,0.00,70.48,220626,,,A*48
$ECEFPOSVEL,122723.000,2552489.392,2460422.788,5284386.064,-0000000.099,-0000000.041,0000000.112*2E
$GNRMC,122723.000,A,5619.2243,N,04356.8698,E,0.00,70.48,220626,,,A*49
$ECEFPOSVEL,122724.000,2552489.392,2460422.788,5284386.064,-0000000.026,-0000000.056,0000000.056*2A
$GNRMC,122724.000,A,5619.2243,N,04356.8698,E,0.00,70.48,220626,,,A*4E
$ECEFPOSVEL,122725.000,2552489.392,2460422.788,5284386.064,-0000000.200,0000000.318,0000000.073*0E
$GNRMC,122725.000,A,5619.2243,N,04356.8698,E,0.00,70.48,220626,,,A*4F
$ECEFPOSVEL,122726.000,2552489.392,2460422.788,5284386.064,-0000000.335,0000000.442,0000000.108*0F
$GNRMC,122726.000,A,5619.2243,N,04356.8698,E,1.07,89.37,220626,,,A*44
$ECEFPOSVEL,122727.000,2552488.916,2460423.348,5284386.311,-0000000.385,0000000.555,0000000.026*00
$GNRMC,122727.000,A,5619.2244,N,04356.8705,E,1.30,96.42,220626,,,A*4F
$ECEFPOSVEL,122728.000,2552488.735,2460423.689,5284386.361,-0000000.280,0000000.405,0000000.073*0F
$GNRMC,122728.000,A,5619.2244,N,04356.8709,E,0.95,92.99,220626,,,A*40
$ECEFPOSVEL,122729.000,2552488.722,2460423.804,5284386.459,-0000000.117,0000000.224,0000000.073*07
$GNRMC,122729.000,A,5619.2244,N,04356.8710,E,0.00,92.99,220626,,,A*45
$ECEFPOSVEL,122730.000,2552488.972,2460423.668,5284386.378,0000000.125,0000000.027,-0000000.009*09
$GNRMC,122730.000,A,5619.2243,N,04356.8707,E,0.00,92.99,220626,,,A*4C
$ECEFPOSVEL,122731.000,2552488.731,2460423.981,5284386.475,0000000.207,-0000000.370,-0000000.076*24
$GNRMC,122731.000,A,5619.2243,N,04356.8711,E,0.80,276.65,220626,,,A*79
$ECEFPOSVEL,122732.000,2552488.731,2460423.981,5284386.475,0000000.140,-0000000.227,-0000000.104*20
$GNRMC,122732.000,A,5619.2243,N,04356.8711,E,0.00,276.65,220626,,,A*72
$ECEFPOSVEL,122733.000,2552488.731,2460423.981,5284386.475,0000000.124,-0000000.304,-0000000.048*2A
$GNRMC,122733.000,A,5619.2243,N,04356.8711,E,0.00,276.65,220626,,,A*73
$ECEFPOSVEL,122734.000,2552488.731,2460423.981,5284386.475,0000000.203,-0000000.166,-0000000.170*27
$GNRMC,122734.000,A,5619.2243,N,04356.8711,E,0.00,276.65,220626,,,A*74
$ECEFPOSVEL,122735.000,2552488.731,2460423.981,5284386.475,0000000.123,-0000000.263,-0000000.046*25
$GNRMC,122735.000,A,5619.2243,N,04356.8711,E,0.00,276.65,220626,,,A*75
$ECEFPOSVEL,122736.000,2552488.731,2460423.981,5284386.475,0000000.177,-0000000.227,-0000000.046*27
$GNRMC,122736.000,A,5619.2243,N,04356.8711,E,0.00,276.65,220626,,,A*76
$ECEFPOSVEL,122737.000,2552488.731,2460423.981,5284386.475,0000000.033,-0000000.380,0000000.094*09
$GNRMC,122737.000,A,5619.2243,N,04356.8711,E,0.00,276.65,220626,,,A*77
$ECEFPOSVEL,122738.000,2552488.731,2460423.981,5284386.475,0000000.233,-0000000.255,-0000000.069*22
$GNRMC,122738.000,A,5619.2243,N,04356.8711,E,0.00,276.65,220626,,,A*78
$ECEFPOSVEL,122739.000,2552488.731,2460423.981,5284386.475,0000000.170,-0000000.078,-0000000.126*20
$GNRMC,122739.000,A,5619.2243,N,04356.8711,E,0.00,276.65,220626,,,A*79
$ECEFPOSVEL,122740.000,2552488.731,2460423.981,5284386.475,0000000.164,-0000000.062,-0000000.105*21
$GNRMC,122740.000,A,5619.2243,N,04356.8711,E,0.00,276.65,220626,,,A*77
$ECEFPOSVEL,122741.000,2552488.731,2460423.981,5284386.475,0000000.320,0000000.049,-0000000.225*07
$GNRMC,122741.000,A,5619.2243,N,04356.8711,E,0.00,276.65,220626,,,A*76
$ECEFPOSVEL,122742.000,2552488.731,2460423.981,5284386.475,0000000.666,-0000000.259,-0000000.279*24
$GNRMC,122742.000,A,5619.2243,N,04356.8711,E,1.49,238.09,220626,,,A*79
$ECEFPOSVEL,122743.000,2552492.381,2460425.001,5284383.471,0000000.626,-0000000.491,-0000000.168*22
$GNRMC,122743.000,A,5619.2219,N,04356.8693,E,1.53,256.81,220626,,,A*7F
$ECEFPOSVEL,122744.000,2552492.805,2460424.847,5284383.230,0000000.513,-0000000.503,-0000000.120*29
$GNRMC,122744.000,A,5619.2217,N,04356.8690,E,1.47,256.81,220626,,,A*70
$ECEFPOSVEL,122745.000,2552493.014,2460424.912,5284382.946,-0000000.067,0000000.090,-0000000.109*29
$GNRMC,122745.000,A,5619.2216,N,04356.8689,E,0.00,256.81,220626,,,A*7A
$ECEFPOSVEL,122746.000,2552493.074,2460424.734,5284382.910,-0000000.351,0000000.252,-0000000.007*20
$GNRMC,122746.000,A,5619.2216,N,04356.8687,E,0.00,256.81,220626,,,A*77
$ECEFPOSVEL,122747.000,2552492.969,2460424.723,5284382.822,-0000000.070,0000000.245,-0000000.131*21
$GNRMC,122747.000,A,5619.2216,N,04356.8688,E,0.00,256.81,220626,,,A*79
$ECEFPOSVEL,122748.000,2552492.969,2460424.723,5284382.822,0000000.079,-0000000.056,-0000000.060*22
$GNRMC,122748.000,A,5619.2216,N,04356.8688,E,0.00,256.81,220626,,,A*76
$ECEFPOSVEL,122749.000,2552492.969,2460424.723,5284382.822,0000000.066,-0000000.065,-0000000.034*2C
$GNRMC,122749.000,A,5619.2216,N,04356.8688,E,0.00,256.81,220626,,,A*77
$ECEFPOSVEL,122750.000,2552492.969,2460424.723,5284382.822,-0000000.099,-0000000.051,0000000.056*27
$GNRMC,122750.000,A,5619.2216,N,04356.8688,E,0.00,256.81,220626,,,A*7F
$ECEFPOSVEL,122751.000,2552492.969,2460424.723,5284382.822,-0000000.186,0000000.183,-0000000.004*20
$GNRMC,122751.000,A,5619.2216,N,04356.8688,E,0.00,256.81,220626,,,A*7E
$ECEFPOSVEL,122752.000,2552492.969,2460424.723,5284382.822,-0000000.200,0000000.459,-0000000.119*21
$GNRMC,122752.000,A,5619.2216,N,04356.8688,E,0.00,256.81,220626,,,A*7D
$ECEFPOSVEL,122753.000,2552493.174,2460422.339,5284383.122,-0000000.188,0000000.448,-0000000.121*2C
$GNRMC,122753.000,A,5619.2224,N,04356.8670,E,0.10,256.81,220626,,,A*7B
$ECEFPOSVEL,122754.000,2552492.713,2460423.127,5284382.927,-0000000.017,0000000.229,-0000000.143*2F
$GNRMC,122754.000,A,5619.2222,N,04356.8678,E,0.00,256.81,220626,,,A*73
$ECEFPOSVEL,122755.000,2552492.450,2460422.887,5284383.053,-0000000.004,0000000.287,-0000000.151*26
$GNRMC,122755.000,A,5619.2224,N,04356.8678,E,0.00,256.81,220626,,,A*74
$ECEFPOSVEL,122756.000,2552492.440,2460422.339,5284383.150,0000000.063,0000000.187,-0000000.133*03
$GNRMC,122756.000,A,5619.2226,N,04356.8674,E,0.00,256.81,220626,,,A*79
$ECEFPOSVEL,122757.000,2552492.440,2460422.339,5284383.150,0000000.016,0000000.196,-0000000.109*09
$GNRMC,122757.000,A,5619.2226,N,04356.8674,E,0.00,256.81,220626,,,A*78
$ECEFPOSVEL,122758.000,2552492.440,2460422.339,5284383.150,-0000000.063,0000000.276,-0000000.033*2C
$GNRMC,122758.000,A,5619.2226,N,04356.8674,E,0.00,256.81,220626,,,A*77
$ECEFPOSVEL,122759.000,2552492.440,2460422.339,5284383.150,-0000000.087,0000000.275,-0000000.011*24
$GNRMC,122759.000,A,5619.2226,N,04356.8674,E,0.00,256.81,220626,,,A*76
$ECEFPOSVEL,122800.000,2552492.440,2460422.339,5284383.150,-0000000.206,0000000.349,0000000.002*0D
$GNRMC,122800.000,A,5619.2226,N,04356.8674,E,0.78,256.81,220626,,,A*7A
$ECEFPOSVEL,122801.000,2552491.329,2460424.059,5284382.937,-0000000.194,0000000.393,-0000000.029*27
$GNRMC,122801.000,A,5619.2224,N,04356.8694,E,0.85,256.81,220626,,,A*75
$ECEFPOSVEL,122802.000,2552491.460,2460423.824,5284382.977,-0000000.237,0000000.268,0000000.026*02
$GNRMC,122802.000,A,5619.2224,N,04356.8691,E,0.00,256.81,220626,,,A*7E
$ECEFPOSVEL,122803.000,2552491.178,2460424.276,5284382.948,0000000.011,-0000000.059,-0000000.042*20
$GNRMC,122803.000,A,5619.2224,N,04356.8696,E,0.00,256.81,220626,,,A*78
$ECEFPOSVEL,122804.000,2552491.174,2460424.171,5284382.986,0000000.219,-0000000.201,-0000000.147*2C
$GNRMC,122804.000,A,5619.2224,N,04356.8696,E,0.00,256.81,220626,,,A*7F
$ECEFPOSVEL,122805.000,2552491.174,2460424.171,5284382.986,0000000.178,-0000000.347,0000000.037*01
$GNRMC,122805.000,A,5619.2224,N,04356.8696,E,0.00,256.81,220626,,,A*7E
$ECEFPOSVEL,122806.000,2552491.174,2460424.171,5284382.986,-0000000.015,-0000000.069,0000000.070*29
$GNRMC,122806.000,A,5619.2224,N,04356.8696,E,0.00,256.81,220626,,,A*7D
$ECEFPOSVEL,122807.000,2552491.174,2460424.171,5284382.986,-0000000.175,-0000000.002,0000000.123*25
$GNRMC,122807.000,A,5619.2224,N,04356.8696,E,0.00,256.81,220626,,,A*7C
$ECEFPOSVEL,122808.000,2552491.174,2460424.171,5284382.986,-0000000.278,0000000.127,0000000.106*08
$GNRMC,122808.000,A,5619.2224,N,04356.8696,E,0.00,256.81,220626,,,A*73
$ECEFPOSVEL,122809.000,2552491.174,2460424.171,5284382.986,-0000000.027,-0000000.260,0000000.077*2B
$GNRMC,122809.000,A,5619.2224,N,04356.8696,E,0.00,256.81,220626,,,A*72
$ECEFPOSVEL,122810.000,2552491.174,2460424.171,5284382.986,0000000.098,-0000000.369,-0000000.147*2D
$GNRMC,122810.000,A,5619.2224,N,04356.8696,E,0.00,256.81,220626,,,A*7A
$ECEFPOSVEL,122811.000,2552491.174,2460424.171,5284382.986,0000000.161,-0000000.547,-0000000.139*28
$GNRMC,122811.000,A,5619.2224,N,04356.8696,E,1.02,256.81,220626,,,A*78
$ECEFPOSVEL,122812.000,2552491.279,2460422.615,5284382.978,0000000.242,-0000000.557,-0000000.184*22
$GNRMC,122812.000,A,5619.2229,N,04356.8684,E,1.12,256.81,220626,,,A*74
$ECEFPOSVEL,122813.000,2552491.413,2460422.098,5284382.854,0000000.202,-0000000.555,-0000000.160*29
$GNRMC,122813.000,A,5619.2229,N,04356.8680,E,1.07,256.81,220626,,,A*75
$ECEFPOSVEL,122814.000,2552491.490,2460421.998,5284382.752,0000000.177,-0000000.292,-0000000.043*2B
$GNRMC,122814.000,A,5619.2229,N,04356.8678,E,0.00,256.81,220626,,,A*73
$ECEFPOSVEL,122815.000,2552491.631,2460421.643,5284382.713,-0000000.062,-0000000.118,0000000.119*25
$GNRMC,122815.000,A,5619.2230,N,04356.8675,E,0.00,256.81,220626,,,A*77
$ECEFPOSVEL,122816.000,2552491.606,2460421.647,5284382.765,0000000.086,-0000000.158,-0000000.003*23
$GNRMC,122816.000,A,5619.2230,N,04356.8675,E,0.00,256.81,220626,,,A*74
$ECEFPOSVEL,122817.000,2552491.606,2460421.647,5284382.765,0000000.243,-0000000.372,-0000000.069*2F
$GNRMC,122817.000,A,5619.2230,N,04356.8675,E,0.85,256.81,220626,,,A*78
$ECEFPOSVEL,122818.000,2552491.606,2460421.647,5284382.765,0000000.258,-0000000.296,-0000000.151*2B
$GNRMC,122818.000,A,5619.2230,N,04356.8675,E,0.00,256.81,220626,,,A*7A
$ECEFPOSVEL,122819.000,2552491.606,2460421.647,5284382.765,0000000.186,-0000000.293,-0000000.131*29
$GNRMC,122819.000,A,5619.2230,N,04356.8675,E,0.00,256.81,220626,,,A*7B
$ECEFPOSVEL,122820.000,2552491.606,2460421.647,5284382.765,0000000.128,-0000000.255,-0000000.120*2D
$GNRMC,122820.000,A,5619.2230,N,04356.8675,E,0.00,256.81,220626,,,A*71
$ECEFPOSVEL,122821.000,2552491.606,2460421.647,5284382.765,-0000000.226,0000000.204,-0000000.104*23
$GNRMC,122821.000,A,5619.2230,N,04356.8675,E,0.00,256.81,220626,,,A*70
$ECEFPOSVEL,122822.000,2552491.606,2460421.647,5284382.765,-0000000.201,0000000.084,-0000000.054*2B
$GNRMC,122822.000,A,5619.2230,N,04356.8675,E,0.00,256.81,220626,,,A*73
$ECEFPOSVEL,122823.000,2552491.606,2460421.647,5284382.765,-0000000.012,-0000000.031,-0000000.057*0A
$GNRMC,122823.000,A,5619.2230,N,04356.8675,E,0.00,256.81,220626,,,A*72
$ECEFPOSVEL,122824.000,2552491.606,2460421.647,5284382.765,0000000.079,-0000000.126,-0000000.041*2D
$GNRMC,122824.000,A,5619.2230,N,04356.8675,E,0.00,256.81,220626,,,A*75
$ECEFPOSVEL,122825.000,2552491.606,2460421.647,5284382.765,0000000.066,-0000000.726,0000000.063*09
$GNRMC,122825.000,A,5619.2230,N,04356.8675,E,1.37,306.11,220626,,,A*7C
$ECEFPOSVEL,122826.000,2552491.311,2460420.418,5284382.690,0000000.181,-0000000.779,0000000.013*0E
$GNRMC,122826.000,A,5619.2234,N,04356.8669,E,1.50,296.93,220626,,,A*75
$ECEFPOSVEL,122827.000,2552491.306,2460420.268,5284382.520,0000000.179,-0000000.585,-0000000.090*20
$GNRMC,122827.000,A,5619.2234,N,04356.8668,E,1.12,288.32,220626,,,A*77
$ECEFPOSVEL,122828.000,2552491.511,2460419.600,5284382.477,0000000.128,-0000000.503,-0000000.091*27
$GNRMC,122828.000,A,5619.2236,N,04356.8662,E,0.93,289.91,220626,,,A*70
$ECEFPOSVEL,122829.000,2552491.897,2460418.535,5284382.479,0000000.063,-0000000.139,0000000.163*0D
$GNRMC,122829.000,A,5619.2238,N,04356.8652,E,0.00,289.91,220626,,,A*76
$ECEFPOSVEL,122830.000,2552492.023,2460417.759,5284382.854,-0000000.148,-0000000.045,0000000.208*24
$GNRMC,122830.000,A,5619.2241,N,04356.8645,E,0.00,289.91,220626,,,A*76
$ECEFPOSVEL,122831.000,2552491.865,2460417.669,5284383.026,-0000000.309,0000000.175,0000000.153*07
$GNRMC,122831.000,A,5619.2242,N,04356.8646,E,0.00,63.65,220626,,,A*4A
$ECEFPOSVEL,122832.000,2552491.865,2460417.669,5284383.026,-0000000.323,0000000.263,0000000.128*04
$GNRMC,122832.000,A,5619.2242,N,04356.8646,E,0.83,74.78,220626,,,A*48
$ECEFPOSVEL,122833.000,2552491.865,2460417.669,5284383.026,-0000000.007,0000000.175,-0000000.006*24
$GNRMC,122833.000,A,5619.2242,N,04356.8646,E,0.00,63.65,220626,,,A*48
$ECEFPOSVEL,122834.000,2552491.865,2460417.669,5284383.026,0000000.017,0000000.065,0000000.009*2D
$GNRMC,122834.000,A,5619.2242,N,04356.8646,E,0.00,63.65,220626,,,A*4F
$ECEFPOSVEL,122835.000,2552491.865,2460417.669,5284383.026,0000000.042,0000000.048,0000000.010*2B
$GNRMC,122835.000,A,5619.2242,N,04356.8646,E,0.00,63.65,220626,,,A*4E
$ECEFPOSVEL,122836.000,2552491.865,2460417.669,5284383.026,-0000000.026,0000000.147,-0000000.019*2D
$GNRMC,122836.000,A,5619.2242,N,04356.8646,E,0.00,63.65,220626,,,A*4D
$ECEFPOSVEL,122837.000,2552491.865,2460417.669,5284383.026,-0000000.283,0000000.488,0000000.071*04
$GNRMC,122837.000,A,5619.2242,N,04356.8646,E,1.07,97.61,220626,,,A*45
$ECEFPOSVEL,122838.000,2552491.942,2460417.601,5284383.688,-0000000.233,0000000.474,-0000000.023*21
$GNRMC,122838.000,A,5619.2244,N,04356.8645,E,1.02,106.28,220626,,,A*7E
$ECEFPOSVEL,122839.000,2552491.819,2460417.986,5284383.664,-0000000.135,0000000.379,-0000000.033*23
$GNRMC,122839.000,A,5619.2243,N,04356.8648,E,0.00,113.11,220626,,,A*78
$ECEFPOSVEL,122840.000,2552491.804,2460418.198,5284383.671,-0000000.057,0000000.290,-0000000.030*2D
$GNRMC,122840.000,A,5619.2243,N,04356.8650,E,0.00,113.11,220626,,,A*7F
$ECEFPOSVEL,122841.000,2552491.790,2460418.540,5284383.515,-0000000.051,0000000.324,-0000000.077*25
$GNRMC,122841.000,A,5619.2241,N,04356.8652,E,0.00,126.60,220626,,,A*7E
$ECEFPOSVEL,122842.000,2552491.790,2460418.540,5284383.515,-0000000.103,0000000.414,0000000.013*0B
$GNRMC,122842.000,A,5619.2241,N,04356.8652,E,0.79,114.74,220626,,,A*77
$ECEFPOSVEL,122843.000,2552491.790,2460418.540,5284383.515,-0000000.072,0000000.296,0000000.087*0C
$GNRMC,122843.000,A,5619.2241,N,04356.8652,E,0.00,126.60,220626,,,A*7C
$ECEFPOSVEL,122844.000,2552491.790,2460418.540,5284383.515,-0000000.102,0000000.233,0000000.045*0C
$GNRMC,122844.000,A,5619.2241,N,04356.8652,E,0.00,126.60,220626,,,A*7B
$ECEFPOSVEL,122845.000,2552491.790,2460418.540,5284383.515,-0000000.108,0000000.195,0000000.021*0A
$GNRMC,122845.000,A,5619.2241,N,04356.8652,E,0.00,126.60,220626,,,A*7A
$ECEFPOSVEL,122846.000,2552491.790,2460418.540,5284383.515,-0000000.139,0000000.250,0000000.106*05
$GNRMC,122846.000,A,5619.2241,N,04356.8652,E,0.00,126.60,220626,,,A*79
$ECEFPOSVEL,122847.000,2552491.790,2460418.540,5284383.515,-0000000.062,0000000.512,0000000.086*03
$GNRMC,122847.000,A,5619.2241,N,04356.8652,E,0.90,117.09,220626,,,A*7C
$ECEFPOSVEL,122848.000,2552491.465,2460420.615,5284382.946,-0000000.092,0000000.691,0000000.187*01
$GNRMC,122848.000,A,5619.2234,N,04356.8669,E,1.19,113.18,220626,,,A*7D
$ECEFPOSVEL,122849.000,2552491.342,2460421.227,5284383.169,-0000000.131,0000000.644,0000000.254*0F
$GNRMC,122849.000,A,5619.2233,N,04356.8674,E,1.12,105.42,220626,,,A*74
$ECEFPOSVEL,122850.000,2552491.323,2460421.458,5284383.550,-0000000.107,0000000.430,0000000.328*0E
$GNRMC,122850.000,A,5619.2234,N,04356.8676,E,0.00,90.32,220626,,,A*41
$ECEFPOSVEL,122851.000,2552491.365,2460421.544,5284383.931,-0000000.045,0000000.283,0000000.356*0A
$GNRMC,122851.000,A,5619.2234,N,04356.8676,E,0.00,90.32,220626,,,A*40
$ECEFPOSVEL,122852.000,2552491.282,2460421.902,5284383.999,0000000.112,-0000000.092,-0000000.114*25
$GNRMC,122852.000,A,5619.2234,N,04356.8679,E,0.00,90.32,220626,,,A*4C
$ECEFPOSVEL,122853.000,2552491.282,2460421.902,5284383.999,0000000.232,-0000000.467,-0000000.119*26
$GNRMC,122853.000,A,5619.2234,N,04356.8679,E,0.97,277.38,220626,,,A*72
$ECEFPOSVEL,122854.000,2552491.282,2460421.902,5284383.999,0000000.060,-0000000.357,0000000.015*00
$GNRMC,122854.000,A,5619.2234,N,04356.8679,E,0.00,90.32,220626,,,A*4A
$ECEFPOSVEL,122855.000,2552491.282,2460421.902,5284383.999,0000000.025,-0000000.316,0000000.044*01
$GNRMC,122855.000,A,5619.2234,N,04356.8679,E,0.00,90.32,220626,,,A*4B
$ECEFPOSVEL,122856.000,2552491.282,2460421.902,5284383.999,0000000.095,-0000000.242,0000000.159*04
$GNRMC,122856.000,A,5619.2234,N,04356.8679,E,0.00,90.32,220626,,,A*48
$ECEFPOSVEL,122857.000,2552491.282,2460421.902,5284383.999,-0000000.010,-0000000.142,0000000.175*28
$GNRMC,122857.000,A,5619.2234,N,04356.8679,E,0.00,90.32,220626,,,A*49
$ECEFPOSVEL,122858.000,2552491.282,2460421.902,5284383.999,0000000.009,-0000000.097,0000000.101*08
$GNRMC,122858.000,A,5619.2234,N,04356.8679,E,0.00,90.32,220626,,,A*46
$ECEFPOSVEL,122859.000,2552491.282,2460421.902,5284383.999,0000000.104,-0000000.169,0000000.061*02
$GNRMC,122859.000,A,5619.2234,N,04356.8679,E,0.00,90.32,220626,,,A*47
$ECEFPOSVEL,122900.000,2552491.282,2460421.902,5284383.999,0000000.071,-0000000.138,0000000.048*03
$GNRMC,122900.000,A,5619.2234,N,04356.8679,E,0.00,90.32,220626,,,A*4A
$ECEFPOSVEL,122901.000,2552491.282,2460421.902,5284383.999,-0000000.058,0000000.181,0000000.025*00
$GNRMC,122901.000,A,5619.2234,N,04356.8679,E,0.00,90.32,220626,,,A*4B
$ECEFPOSVEL,122902.000,2552491.282,2460421.902,5284383.999,0000000.019,-0000000.017,-0000000.118*2A
$GNRMC,122902.000,A,5619.2234,N,04356.8679,E,0.00,90.32,220626,,,A*48
$ECEFPOSVEL,122903.000,2552491.282,2460421.902,5284383.999,0000000.021,-0000000.084,-0000000.283*2B
$GNRMC,122903.000,A,5619.2234,N,04356.8679,E,0.00,90.32,220626,,,A*49
$ECEFPOSVEL,122904.000,2552491.282,2460421.902,5284383.999,0000000.169,-0000000.405,-0000000.292*2C
$GNRMC,122904.000,A,5619.2234,N,04356.8679,E,0.80,265.90,220626,,,A*76
$ECEFPOSVEL,122905.000,2552491.282,2460421.902,5284383.999,0000000.030,-0000000.277,-0000000.242*2E
$GNRMC,122905.000,A,5619.2234,N,04356.8679,E,0.00,90.32,220626,,,A*4F
$ECEFPOSVEL,122906.000,2552491.282,2460421.902,5284383.999,0000000.032,-0000000.036,-0000000.176*2C
$GNRMC,122906.000,A,5619.2234,N,04356.8679,E,0.00,90.32,220626,,,A*4C
$ECEFPOSVEL,122907.000,2552491.282,2460421.902,5284383.999,-0000000.045,0000000.068,-0000000.092*2D
$GNRMC,122907.000,A,5619.2234,N,04356.8679,E,0.00,90.32,220626,,,A*4D
$ECEFPOSVEL,122908.000,2552491.282,2460421.902,5284383.999,-0000000.079,0000000.088,-0000000.052*2F
$GNRMC,122908.000,A,5619.2234,N,04356.8679,E,0.00,90.32,220626,,,A*42
$ECEFPOSVEL,122909.000,2552491.282,2460421.902,5284383.999,0000000.011,0000000.198,-0000000.063*0F
$GNRMC,122909.000,A,5619.2234,N,04356.8679,E,0.00,90.32,220626,,,A*43
$ECEFPOSVEL,122910.000,2552491.282,2460421.902,5284383.999,0000000.042,0000000.061,-0000000.042*05
$GNRMC,122910.000,A,5619.2234,N,04356.8679,E,0.00,90.32,220626,,,A*4B
$ECEFPOSVEL,122911.000,2552491.282,2460421.902,5284383.999,-0000000.034,0000000.139,0000000.060*09
$GNRMC,122911.000,A,5619.2234,N,04356.8679,E,0.00,90.32,220626,,,A*4A
$ECEFPOSVEL,122912.000,2552491.282,2460421.902,5284383.999,-0000000.042,0000000.087,0000000.087*06
$GNRMC,122912.000,A,5619.2234,N,04356.8679,E,0.00,90.32,220626,,,A*49
$ECEFPOSVEL,122913.000,2552491.282,2460421.902,5284383.999,-0000000.112,0000000.061,0000000.093*0E
$GNRMC,122913.000,A,5619.2234,N,04356.8679,E,0.00,90.32,220626,,,A*48
$ECEFPOSVEL,122914.000,2552491.282,2460421.902,5284383.999,-0000000.143,0000000.122,0000000.054*00
$GNRMC,122914.000,A,5619.2234,N,04356.8679,E,0.00,90.32,220626,,,A*4F
$ECEFPOSVEL,122915.000,2552491.282,2460421.902,5284383.999,0000000.094,0000000.341,-0000000.062*08
$GNRMC,122915.000,A,5619.2234,N,04356.8679,E,0.00,90.32,220626,,,A*4E
$ECEFPOSVEL,122916.000,2552491.282,2460421.902,5284383.999,-0000000.077,0000000.304,0000000.050*06
$GNRMC,122916.000,A,5619.2234,N,04356.8679,E,0.00,90.32,220626,,,A*4D
$ECEFPOSVEL,122917.000,2552491.282,2460421.902,5284383.999,0000000.004,0000000.219,-0000000.009*02
$GNRMC,122917.000,A,5619.2234,N,04356.8679,E,0.00,90.32,220626,,,A*4C
$ECEFPOSVEL,122918.000,2552491.282,2460421.902,5284383.999,0000000.018,0000000.246,-0000000.038*08
$GNRMC,122918.000,A,5619.2234,N,04356.8679,E,0.00,90.32,220626,,,A*43
$ECEFPOSVEL,122919.000,2552491.282,2460421.902,5284383.999,-0000000.047,0000000.220,0000000.006*0E
$GNRMC,122919.000,A,5619.2234,N,04356.8679,E,0.00,90.32,220626,,,A*42
$ECEFPOSVEL,122920.000,2552491.282,2460421.902,5284383.999,-0000000.185,0000000.267,0000000.018*07
$GNRMC,122920.000,A,5619.2234,N,04356.8679,E,0.00,90.32,220626,,,A*48
$ECEFPOSVEL,122921.000,2552491.282,2460421.902,5284383.999,-0000000.106,0000000.280,0000000.012*0E
$GNRMC,122921.000,A,5619.2234,N,04356.8679,E,0.00,90.32,220626,,,A*49
$ECEFPOSVEL,122922.000,2552491.282,2460421.902,5284383.999,-0000000.200,0000000.258,0000000.029*05
$GNRMC,122922.000,A,5619.2234,N,04356.8679,E,0.00,90.32,220626,,,A*4A
$ECEFPOSVEL,122923.000,2552491.282,2460421.902,5284383.999,-0000000.190,0000000.259,0000000.030*07
$GNRMC,122923.000,A,5619.2234,N,04356.8679,E,0.00,90.32,220626,,,A*4B
$ECEFPOSVEL,122924.000,2552491.282,2460421.902,5284383.999,-0000000.259,0000000.424,-0000000.005*21
$GNRMC,122924.000,A,5619.2234,N,04356.8679,E,0.96,100.86,220626,,,A*74
$ECEFPOSVEL,122925.000,2552489.800,2460422.848,5284383.819,-0000000.443,0000000.736,0000000.126*0C
$GNRMC,122925.000,A,5619.2235,N,04356.8696,E,1.63,96.11,220626,,,A*4E
$ECEFPOSVEL,122926.000,2552489.298,2460423.523,5284383.978,-0000000.388,0000000.633,0000000.160*05
$GNRMC,122926.000,A,5619.2235,N,04356.8704,E,1.41,93.52,220626,,,A*45
$ECEFPOSVEL,122927.000,2552489.123,2460424.012,5284384.105,-0000000.170,0000000.498,0000000.122*02
$GNRMC,122927.000,A,5619.2235,N,04356.8708,E,0.95,103.96,220626,,,A*70
$ECEFPOSVEL,122928.000,2552488.745,2460424.565,5284384.256,-0000000.064,0000000.112,0000000.245*0B
$GNRMC,122928.000,A,5619.2234,N,04356.8715,E,0.00,103.96,220626,,,A*7E
$ECEFPOSVEL,122929.000,2552488.720,2460424.583,5284384.133,0000000.001,0000000.062,0000000.125*2C
$GNRMC,122929.000,A,5619.2234,N,04356.8715,E,0.00,103.96,220626,,,A*7F
$ECEFPOSVEL,122930.000,2552488.814,2460424.502,5284384.037,0000000.010,0000000.050,0000000.071*21
$GNRMC,122930.000,A,5619.2234,N,04356.8714,E,0.00,103.96,220626,,,A*76
$ECEFPOSVEL,122931.000,2552488.814,2460424.502,5284384.037,0000000.064,-0000000.015,0000000.044*09
$GNRMC,122931.000,A,5619.2234,N,04356.8714,E,0.00,103.96,220626,,,A*77
$ECEFPOSVEL,122932.000,2552488.814,2460424.502,5284384.037,-0000000.019,0000000.170,-0000000.015*2B
$GNRMC,122932.000,A,5619.2234,N,04356.8714,E,0.00,103.96,220626,,,A*74
$ECEFPOSVEL,122933.000,2552488.814,2460424.502,5284384.037,0000000.079,0000000.104,-0000000.062*02
$GNRMC,122933.000,A,5619.2234,N,04356.8714,E,0.00,103.96,220626,,,A*75
$ECEFPOSVEL,122934.000,2552488.814,2460424.502,5284384.037,0000000.209,-0000000.067,-0000000.062*29
$GNRMC,122934.000,A,5619.2234,N,04356.8714,E,0.00,103.96,220626,,,A*72
$ECEFPOSVEL,122935.000,2552488.814,2460424.502,5284384.037,0000000.257,-0000000.120,-0000000.068*2B
$GNRMC,122935.000,A,5619.2234,N,04356.8714,E,0.00,103.96,220626,,,A*73
$ECEFPOSVEL,122936.000,2552488.814,2460424.502,5284384.037,0000000.314,-0000000.223,-0000000.176*20
$GNRMC,122936.000,A,5619.2234,N,04356.8714,E,0.80,247.44,220626,,,A*74
$ECEFPOSVEL,122937.000,2552488.814,2460424.502,5284384.037,0000000.172,-0000000.249,-0000000.093*25
$GNRMC,122937.000,A,5619.2234,N,04356.8714,E,0.00,103.96,220626,,,A*71
$ECEFPOSVEL,122938.000,2552488.814,2460424.502,5284384.037,0000000.064,-0000000.195,-0000000.025*23
$GNRMC,122938.000,A,5619.2234,N,04356.8714,E,0.00,103.96,220626,,,A*7E
$ECEFPOSVEL,122939.000,2552488.814,2460424.502,5284384.037,-0000000.097,0000000.022,-0000000.011*24
$GNRMC,122939.000,A,5619.2234,N,04356.8714,E,0.00,103.96,220626,,,A*7F
$ECEFPOSVEL,122940.000,2552488.814,2460424.502,5284384.037,-0000000.078,0000000.038,-0000000.013*22
$GNRMC,122940.000,A,5619.2234,N,04356.8714,E,0.00,103.96,220626,,,A*71
$ECEFPOSVEL,122941.000,2552488.814,2460424.502,5284384.037,0000000.102,-0000000.322,-0000000.037*21
$GNRMC,122941.000,A,5619.2234,N,04356.8714,E,0.00,103.96,220626,,,A*70
$ECEFPOSVEL,122942.000,2552488.814,2460424.502,5284384.037,-0000000.020,-0000000.114,-0000000.028*07
$GNRMC,122942.000,A,5619.2234,N,04356.8714,E,0.00,103.96,220626,,,A*73
$ECEFPOSVEL,122943.000,2552488.814,2460424.502,5284384.037,0000000.033,-0000000.409,-0000000.042*2C
$GNRMC,122943.000,A,5619.2234,N,04356.8714,E,0.00,103.96,220626,,,A*72
$ECEFPOSVEL,122944.000,2552488.814,2460424.502,5284384.037,0000000.313,-0000001.046,-0000000.126*27
$GNRMC,122944.000,A,5619.2234,N,04356.8714,E,2.00,289.65,220626,,,A*7A
$ECEFPOSVEL,122945.000,2552489.494,2460424.880,5284382.445,0000000.348,-0000001.540,-0000000.014*2E
$GNRMC,122945.000,A,5619.2226,N,04356.8712,E,2.93,296.49,220626,,,A*74
$ECEFPOSVEL,122946.000,2552489.578,2460423.783,5284382.248,0000000.191,-0000001.309,-0000000.157*25
$GNRMC,122946.000,A,5619.2228,N,04356.8704,E,2.35,297.29,220626,,,A*75
$ECEFPOSVEL,122947.000,2552489.252,2460423.612,5284381.641,-0000000.262,-0000000.459,-0000000.386*03
$GNRMC,122947.000,A,5619.2228,N,04356.8705,E,0.00,297.29,220626,,,A*71
$ECEFPOSVEL,122948.000,2552489.244,2460423.670,5284381.752,-0000000.213,-0000000.117,-0000000.244*0A
$GNRMC,122948.000,A,5619.2228,N,04356.8705,E,0.00,297.29,220626,,,A*7E
$ECEFPOSVEL,122949.000,2552489.200,2460423.941,5284381.767,-0000000.176,0000000.048,-0000000.186*2B
$GNRMC,122949.000,A,5619.2228,N,04356.8707,E,0.00,297.29,220626,,,A*7D
$ECEFPOSVEL,122950.000,2552489.200,2460423.941,5284381.767,-0000000.177,0000000.169,-0000000.155*2E
$GNRMC,122950.000,A,5619.2228,N,04356.8707,E,0.00,297.29,220626,,,A*75
$ECEFPOSVEL,122951.000,2552489.200,2460423.941,5284381.767,-0000000.151,0000000.221,-0000000.145*25
$GNRMC,122951.000,A,5619.2228,N,04356.8707,E,0.00,297.29,220626,,,A*74
$ECEFPOSVEL,122952.000,2552489.200,2460423.941,5284381.767,0000000.082,-0000000.219,-0000000.062*26
$GNRMC,122952.000,A,5619.2228,N,04356.8707,E,0.00,297.29,220626,,,A*77
$ECEFPOSVEL,122953.000,2552489.200,2460423.941,5284381.767,0000000.086,-0000000.227,-0000000.019*22
$GNRMC,122953.000,A,5619.2228,N,04356.8707,E,0.00,297.29,220626,,,A*76
$ECEFPOSVEL,122954.000,2552489.200,2460423.941,5284381.767,0000000.000,-0000000.030,-0000000.021*24
$GNRMC,122954.000,A,5619.2228,N,04356.8707,E,0.00,297.29,220626,,,A*71
$ECEFPOSVEL,122955.000,2552489.200,2460423.941,5284381.767,-0000000.053,0000000.011,0000000.008*06
$GNRMC,122955.000,A,5619.2228,N,04356.8707,E,0.00,297.29,220626,,,A*70
$ECEFPOSVEL,122956.000,2552489.200,2460423.941,5284381.767,-0000000.075,0000000.101,-0000000.015*20
$GNRMC,122956.000,A,5619.2228,N,04356.8707,E,0.00,297.29,220626,,,A*73
$ECEFPOSVEL,122957.000,2552489.200,2460423.941,5284381.767,-0000000.068,0000000.231,0000000.018*0D
$GNRMC,122957.000,A,5619.2228,N,04356.8707,E,0.00,297.29,220626,,,A*72
$ECEFPOSVEL,122958.000,2552489.200,2460423.941,5284381.767,-0000000.209,0000000.067,-0000000.015*26
$GNRMC,122958.000,A,5619.2228,N,04356.8707,E,0.00,297.29,220626,,,A*7D
$ECEFPOSVEL,122959.000,2552489.200,2460423.941,5284381.767,-0000000.118,-0000000.041,0000000.016*23
$GNRMC,122959.000,A,5619.2228,N,04356.8707,E,0.00,297.29,220626,,,A*7C
$ECEFPOSVEL,123000.000,2552489.200,2460423.941,5284381.767,-0000000.135,0000000.133,-0000000.008*23
$GNRMC,123000.000,A,5619.2228,N,04356.8707,E,0.00,297.29,220626,,,A*78
$ECEFPOSVEL,123001.000,2552489.200,2460423.941,5284381.767,-0000000.067,0000000.151,-0000000.042*2E
$GNRMC,123001.000,A,5619.2228,N,04356.8707,E,0.00,297.29,220626,,,A*79
$ECEFPOSVEL,123002.000,2552489.200,2460423.941,5284381.767,-0000000.035,0000000.124,-0000000.043*29
$GNRMC,123002.000,A,5619.2228,N,04356.8707,E,0.00,297.29,220626,,,A*7A
$ECEFPOSVEL,123003.000,2552489.200,2460423.941,5284381.767,0000000.052,-0000000.019,-0000000.055*21
$GNRMC,123003.000,A,5619.2228,N,04356.8707,E,0.00,297.29,220626,,,A*7B
$ECEFPOSVEL,123004.000,2552489.200,2460423.941,5284381.767,-0000000.020,-0000000.079,0000000.025*22
$GNRMC,123004.000,A,5619.2228,N,04356.8707,E,0.00,297.29,220626,,,A*7C
$ECEFPOSVEL,123005.000,2552489.200,2460423.941,5284381.767,0000000.026,-0000000.016,0000000.108*0F
$GNRMC,123005.000,A,5619.2228,N,04356.8707,E,0.00,297.29,220626,,,A*7D
$ECEFPOSVEL,123006.000,2552489.200,2460423.941,5284381.767,-0000000.061,0000000.086,0000000.098*0E
$GNRMC,123006.000,A,5619.2228,N,04356.8707,E,0.00,297.29,220626,,,A*7E
$ECEFPOSVEL,123007.000,2552489.200,2460423.941,5284381.767,-0000000.013,0000000.094,0000000.032*09
$GNRMC,123007.000,A,5619.2228,N,04356.8707,E,0.00,297.29,220626,,,A*7F
$ECEFPOSVEL,123008.000,2552489.200,2460423.941,5284381.767,-0000000.060,0000000.103,0000000.025*0B
$GNRMC,123008.000,A,5619.2228,N,04356.8707,E,0.00,297.29,220626,,,A*70
$ECEFPOSVEL,123009.000,2552489.200,2460423.941,5284381.767,0000000.060,0000000.368,0000000.046*2D
$GNRMC,123009.000,A,5619.2228,N,04356.8707,E,0.00,297.29,220626,,,A*71
$ECEFPOSVEL,123010.000,2552489.200,2460423.941,5284381.767,0000000.019,0000000.526,0000000.068*2B
$GNRMC,123010.000,A,5619.2228,N,04356.8707,E,0.89,127.20,220626,,,A*79
$ECEFPOSVEL,123011.000,2552487.917,2460428.470,5284380.413,-0000000.016,0000000.548,0000000.054*09
$GNRMC,123011.000,A,5619.2214,N,04356.8748,E,0.95,124.35,220626,,,A*76
$ECEFPOSVEL,123012.000,2552487.600,2460429.379,5284380.380,-0000000.147,0000000.526,0000000.108*04
$GNRMC,123012.000,A,5619.2212,N,04356.8756,E,0.98,107.91,220626,,,A*7E
$ECEFPOSVEL,123013.000,2552487.472,2460429.928,5284380.514,-0000000.571,0000000.349,-0000000.049*20
$GNRMC,123013.000,A,5619.2211,N,04356.8761,E,1.28,80.09,220626,,,A*4D
$ECEFPOSVEL,123014.000,2552487.070,2460429.978,5284380.508,-0000000.517,0000000.154,-0000000.032*2B
$GNRMC,123014.000,A,5619.2212,N,04356.8764,E,0.99,66.61,220626,,,A*41
$ECEFPOSVEL,123015.000,2552486.900,2460429.797,5284380.432,-0000000.361,0000000.011,-0000000.054*25
$GNRMC,123015.000,A,5619.2213,N,04356.8764,E,0.00,55.19,220626,,,A*4E
$ECEFPOSVEL,123016.000,2552486.771,2460429.527,5284380.345,-0000000.353,-0000000.004,-0000000.056*0A
$GNRMC,123016.000,A,5619.2214,N,04356.8763,E,0.00,52.92,220626,,,A*49
$ECEFPOSVEL,123017.000,2552486.553,2460429.434,5284380.209,-0000000.334,-0000000.094,0000000.023*24
$GNRMC,123017.000,A,5619.2214,N,04356.8764,E,0.00,31.50,220626,,,A*44
$ECEFPOSVEL,123018.000,2552486.553,2460429.434,5284380.209,-0000000.213,-0000000.188,0000000.016*25
$GNRMC,123018.000,A,5619.2214,N,04356.8764,E,0.00,31.50,220626,,,A*4B
$ECEFPOSVEL,123019.000,2552486.553,2460429.434,5284380.209,-0000000.245,-0000000.103,0000000.062*27
$GNRMC,123019.000,A,5619.2214,N,04356.8764,E,0.00,31.50,220626,,,A*4A
$ECEFPOSVEL,123020.000,2552486.553,2460429.434,5284380.209,-0000000.239,-0000000.072,0000000.088*25
$GNRMC,123020.000,A,5619.2214,N,04356.8764,E,0.00,31.50,220626,,,A*40
$ECEFPOSVEL,123021.000,2552486.553,2460429.434,5284380.209,-0000000.100,0000000.242,0000000.231*01
$GNRMC,123021.000,A,5619.2214,N,04356.8764,E,0.00,31.50,220626,,,A*41
$ECEFPOSVEL,123022.000,2552486.553,2460429.434,5284380.209,0000000.029,0000000.080,0000000.150*2D
$GNRMC,123022.000,A,5619.2214,N,04356.8764,E,0.00,31.50,220626,,,A*42
$ECEFPOSVEL,123023.000,2552486.553,2460429.434,5284380.209,0000000.027,0000000.059,0000000.070*25
$GNRMC,123023.000,A,5619.2214,N,04356.8764,E,0.00,31.50,220626,,,A*43
$ECEFPOSVEL,123024.000,2552486.553,2460429.434,5284380.209,-0000000.038,-0000000.013,0000000.078*2A
$GNRMC,123024.000,A,5619.2214,N,04356.8764,E,0.00,31.50,220626,,,A*44
$ECEFPOSVEL,123025.000,2552486.553,2460429.434,5284380.209,-0000000.278,-0000000.180,0000000.113*2A
$GNRMC,123025.000,A,5619.2214,N,04356.8764,E,0.00,31.50,220626,,,A*45
$ECEFPOSVEL,123026.000,2552486.553,2460429.434,5284380.209,-0000000.310,-0000000.306,0000000.096*26
$GNRMC,123026.000,A,5619.2214,N,04356.8764,E,0.00,31.50,220626,,,A*46
$ECEFPOSVEL,123027.000,2552486.553,2460429.434,5284380.209,-0000000.185,-0000000.310,-0000000.013*0E
$GNRMC,123027.000,A,5619.2214,N,04356.8764,E,0.00,31.50,220626,,,A*47
$ECEFPOSVEL,123028.000,2552486.553,2460429.434,5284380.209,-0000000.212,-0000000.227,0000000.053*20
$GNRMC,123028.000,A,5619.2214,N,04356.8764,E,0.00,31.50,220626,,,A*48
$ECEFPOSVEL,123029.000,2552486.553,2460429.434,5284380.209,-0000000.135,-0000000.102,0000000.014*20
$GNRMC,123029.000,A,5619.2214,N,04356.8764,E,0.00,31.50,220626,,,A*49
$ECEFPOSVEL,123030.000,2552486.553,2460429.434,5284380.209,-0000000.071,-0000000.109,0000000.013*25
$GNRMC,123030.000,A,5619.2214,N,04356.8764,E,0.00,31.50,220626,,,A*41
$ECEFPOSVEL,123031.000,2552486.553,2460429.434,5284380.209,-0000000.110,0000000.040,0000000.000*01
$GNRMC,123031.000,A,5619.2214,N,04356.8764,E,0.00,31.50,220626,,,A*40
$ECEFPOSVEL,123032.000,2552486.553,2460429.434,5284380.209,-0000000.037,0000000.001,-0000000.007*29
$GNRMC,123032.000,A,5619.2214,N,04356.8764,E,0.00,31.50,220626,,,A*43
$ECEFPOSVEL,123033.000,2552486.553,2460429.434,5284380.209,-0000000.038,0000000.103,-0000000.048*2F
$GNRMC,123033.000,A,5619.2214,N,04356.8764,E,0.00,31.50,220626,,,A*42
$ECEFPOSVEL,123034.000,2552486.553,2460429.434,5284380.209,-0000000.030,0000000.076,-0000000.254*2C
$GNRMC,123034.000,A,5619.2214,N,04356.8764,E,0.00,31.50,220626,,,A*45
$ECEFPOSVEL,123035.000,2552486.553,2460429.434,5284380.209,-0000000.170,0000000.087,-0000000.169*2B
$GNRMC,123035.000,A,5619.2214,N,04356.8764,E,0.00,31.50,220626,,,A*44
$ECEFPOSVEL,123036.000,2552486.553,2460429.434,5284380.209,-0000000.276,0000000.112,-0000000.042*28
$GNRMC,123036.000,A,5619.2214,N,04356.8764,E,0.00,31.50,220626,,,A*47
$ECEFPOSVEL,123037.000,2552486.553,2460429.434,5284380.209,-0000000.108,0000000.143,-0000000.076*20
$GNRMC,123037.000,A,5619.2214,N,04356.8764,E,0.00,31.50,220626,,,A*46
$ECEFPOSVEL,123038.000,2552486.553,2460429.434,5284380.209,0000000.137,0000000.047,0000000.043*20
$GNRMC,123038.000,A,5619.2214,N,04356.8764,E,0.00,31.50,220626,,,A*49
$ECEFPOSVEL,123039.000,2552486.553,2460429.434,5284380.209,-0000000.015,0000000.040,-0000000.028*2A
$GNRMC,123039.000,A,5619.2214,N,04356.8764,E,0.00,31.50,220626,,,A*48
$ECEFPOSVEL,123040.000,2552486.553,2460429.434,5284380.209,0000000.069,0000000.036,-0000000.082*03
$GNRMC,123040.000,A,5619.2214,N,04356.8764,E,0.00,31.50,220626,,,A*46
$ECEFPOSVEL,123041.000,2552486.553,2460429.434,5284380.209,0000000.157,0000000.194,-0000000.036*08
$GNRMC,123041.000,A,5619.2214,N,04356.8764,E,0.00,31.50,220626,,,A*47
$ECEFPOSVEL,123042.000,2552486.553,2460429.434,5284380.209,0000000.084,0000000.259,0000000.086*20
$GNRMC,123042.000,A,5619.2214,N,04356.8764,E,0.00,31.50,220626,,,A*44
$ECEFPOSVEL,123043.000,2552486.553,2460429.434,5284380.209,0000000.179,0000000.359,0000000.119*24
$GNRMC,123043.000,A,5619.2214,N,04356.8764,E,0.00,31.50,220626,,,A*45
$ECEFPOSVEL,123044.000,2552486.553,2460429.434,5284380.209,0000000.045,0000000.569,0000000.272*26
$GNRMC,123044.000,A,5619.2214,N,04356.8764,E,0.84,118.35,220626,,,A*77
$ECEFPOSVEL,123045.000,2552486.317,2460429.454,5284378.890,0000000.029,0000000.574,0000000.283*22
$GNRMC,123045.000,A,5619.2211,N,04356.8765,E,0.85,116.00,220626,,,A*7B
$ECEFPOSVEL,123046.000,2552486.477,2460429.881,5284379.152,0000000.068,0000000.481,0000000.301*27
$GNRMC,123046.000,A,5619.2210,N,04356.8767,E,0.00,116.90,220626,,,A*7F
$ECEFPOSVEL,123047.000,2552486.741,2460430.325,5284379.348,0000000.172,0000000.399,0000000.274*23
$GNRMC,123047.000,A,5619.2208,N,04356.8769,E,0.00,116.90,220626,,,A*79
$ECEFPOSVEL,123048.000,2552487.104,2460430.918,5284379.439,0000000.098,0000000.162,-0000000.226*06
$GNRMC,123048.000,A,5619.2206,N,04356.8770,E,0.00,116.90,220626,,,A*70
$ECEFPOSVEL,123049.000,2552487.104,2460430.918,5284379.439,0000000.145,0000000.121,-0000000.142*00
$GNRMC,123049.000,A,5619.2206,N,04356.8770,E,0.00,116.90,220626,,,A*71
$ECEFPOSVEL,123050.000,2552487.104,2460430.918,5284379.439,-0000000.348,0000000.671,-0000000.099*2F
$GNRMC,123050.000,A,5619.2206,N,04356.8770,E,1.48,107.86,220626,,,A*73
$ECEFPOSVEL,123051.000,2552487.104,2460430.918,5284379.439,-0000000.139,0000000.272,0000000.088*00
$GNRMC,123051.000,A,5619.2206,N,04356.8770,E,0.00,116.90,220626,,,A*78
$ECEFPOSVEL,123052.000,2552487.104,2460430.918,5284379.439,-0000000.125,0000000.209,0000000.059*0E
$GNRMC,123052.000,A,5619.2206,N,04356.8770,E,0.00,116.90,220626,,,A*7B
$ECEFPOSVEL,123053.000,2552487.104,2460430.918,5284379.439,-0000000.138,0000000.232,0000000.008*0F
$GNRMC,123053.000,A,5619.2206,N,04356.8770,E,0.00,116.90,220626,,,A*7A
$ECEFPOSVEL,123054.000,2552487.104,2460430.918,5284379.439,0000000.040,-0000000.070,-0000000.151*22
$GNRMC,123054.000,A,5619.2206,N,04356.8770,E,0.00,116.90,220626,,,A*7D
$ECEFPOSVEL,123055.000,2552487.104,2460430.918,5284379.439,0000000.125,0000000.137,-0000000.298*08
$GNRMC,123055.000,A,5619.2206,N,04356.8770,E,0.00,116.90,220626,,,A*7C
$ECEFPOSVEL,123056.000,2552487.104,2460430.918,5284379.439,-0000000.006,0000000.195,-0000000.286*21
$GNRMC,123056.000,A,5619.2206,N,04356.8770,E,0.00,116.90,220626,,,A*7F
$ECEFPOSVEL,123057.000,2552487.104,2460430.918,5284379.439,-0000000.018,0000000.114,-0000000.247*2B
$GNRMC,123057.000,A,5619.2206,N,04356.8770,E,0.00,116.90,220626,,,A*7E
$ECEFPOSVEL,123058.000,2552487.104,2460430.918,5284379.439,0000000.013,0000000.119,-0000000.188*0F
$GNRMC,123058.000,A,5619.2206,N,04356.8770,E,0.00,116.90,220626,,,A*71
$ECEFPOSVEL,123059.000,2552487.104,2460430.918,5284379.439,0000000.087,0000000.193,-0000000.262*06
$GNRMC,123059.000,A,5619.2206,N,04356.8770,E,0.00,116.90,220626,,,A*70
$ECEFPOSVEL,123100.000,2552487.104,2460430.918,5284379.439,0000000.028,0000000.109,-0000000.206*0F
$GNRMC,123100.000,A,5619.2206,N,04356.8770,E,0.00,116.90,220626,,,A*7D
$ECEFPOSVEL,123101.000,2552487.104,2460430.918,5284379.439,0000000.080,0000000.177,-0000000.238*08
$GNRMC,123101.000,A,5619.2206,N,04356.8770,E,0.00,116.90,220626,,,A*7C
$ECEFPOSVEL,123102.000,2552487.104,2460430.918,5284379.439,0000000.120,0000000.149,-0000000.191*0D
$GNRMC,123102.000,A,5619.2206,N,04356.8770,E,0.00,116.90,220626,,,A*7F
$ECEFPOSVEL,123103.000,2552487.104,2460430.918,5284379.439,0000000.002,0000000.185,-0000000.115*01
$GNRMC,123103.000,A,5619.2206,N,04356.8770,E,0.00,116.90,220626,,,A*7E
$ECEFPOSVEL,123104.000,2552487.104,2460430.918,5284379.439,-0000000.112,0000000.119,-0000000.016*2C
$GNRMC,123104.000,A,5619.2206,N,04356.8770,E,0.00,116.90,220626,,,A*79
$ECEFPOSVEL,123105.000,2552487.104,2460430.918,5284379.439,0000000.008,0000000.040,-0000000.061*07
$GNRMC,123105.000,A,5619.2206,N,04356.8770,E,0.00,116.90,220626,,,A*78
$ECEFPOSVEL,123106.000,2552487.104,2460430.918,5284379.439,0000000.215,-0000000.041,-0000000.133*20
$GNRMC,123106.000,A,5619.2206,N,04356.8770,E,0.00,116.90,220626,,,A*7B
$ECEFPOSVEL,123107.000,2552487.104,2460430.918,5284379.439,0000000.202,-0000000.137,-0000000.080*2E
$GNRMC,123107.000,A,5619.2206,N,04356.8770,E,0.00,116.90,220626,,,A*7A
$ECEFPOSVEL,123108.000,2552487.104,2460430.918,5284379.439,0000000.260,-0000000.272,-0000000.043*28
$GNRMC,123108.000,A,5619.2206,N,04356.8770,E,0.00,116.90,220626,,,A*75
$ECEFPOSVEL,123109.000,2552487.104,2460430.918,5284379.439,0000000.360,-0000000.384,-0000000.546*20
$GNRMC,123109.000,A,5619.2206,N,04356.8770,E,1.17,240.60,220626,,,A*7C
$ECEFPOSVEL,123110.000,2552487.104,2460430.918,5284379.439,0000000.128,-0000000.259,-0000000.446*26
$GNRMC,123110.000,A,5619.2206,N,04356.8770,E,0.00,116.90,220626,,,A*7C
$ECEFPOSVEL,123111.000,2552487.104,2460430.918,5284379.439,-0000000.218,-0000000.123,-0000000.310*00
$GNRMC,123111.000,A,5619.2206,N,04356.8770,E,0.00,116.90,220626,,,A*7D
$ECEFPOSVEL,123112.000,2552487.104,2460430.918,5284379.439,-0000000.118,-0000000.102,-0000000.178*0F
$GNRMC,123112.000,A,5619.2206,N,04356.8770,E,0.00,116.90,220626,,,A*7E
$ECEFPOSVEL,123113.000,2552487.104,2460430.918,5284379.439,0000000.023,-0000000.048,-0000000.083*20
$GNRMC,123113.000,A,5619.2206,N,04356.8770,E,0.00,116.90,220626,,,A*7F
$ECEFPOSVEL,123114.000,2552487.104,2460430.918,5284379.439,-0000000.083,0000000.033,0000000.018*0E
$GNRMC,123114.000,A,5619.2206,N,04356.8770,E,0.00,116.90,220626,,,A*78
$ECEFPOSVEL,123115.000,2552487.104,2460430.918,5284379.439,-0000000.138,0000000.392,0000000.053*09
$GNRMC,123115.000,A,5619.2206,N,04356.8770,E,0.00,116.90,220626,,,A*79
$ECEFPOSVEL,123116.000,2552487.104,2460430.918,5284379.439,-0000000.023,0000000.358,0000000.111*00
$GNRMC,123116.000,A,5619.2206,N,04356.8770,E,0.00,116.90,220626,,,A*7A
$ECEFPOSVEL,123117.000,2552487.104,2460430.918,5284379.439,0000000.023,0000000.302,0000000.126*27
$GNRMC,123117.000,A,5619.2206,N,04356.8770,E,0.00,116.90,220626,,,A*7B
$ECEFPOSVEL,123118.000,2552487.104,2460430.918,5284379.439,0000000.087,0000000.134,0000000.067*25
$GNRMC,123118.000,A,5619.2206,N,04356.8770,E,0.00,116.90,220626,,,A*74
$ECEFPOSVEL,123119.000,2552487.104,2460430.918,5284379.439,-0000000.059,0000000.245,0000000.100*0F
$GNRMC,123119.000,A,5619.2206,N,04356.8770,E,0.00,116.90,220626,,,A*75
$ECEFPOSVEL,123120.000,2552487.104,2460430.918,5284379.439,-0000000.076,0000000.236,0000000.130*0F
$GNRMC,123120.000,A,5619.2206,N,04356.8770,E,0.00,116.90,220626,,,A*7F
$ECEFPOSVEL,123121.000,2552487.104,2460430.918,5284379.439,0000000.096,0000000.010,-0000000.090*0D
$GNRMC,123121.000,A,5619.2206,N,04356.8770,E,0.00,116.90,220626,,,A*7E
$ECEFPOSVEL,123122.000,2552487.104,2460430.918,5284379.439,0000000.110,0000000.051,-0000000.140*08
$GNRMC,123122.000,A,5619.2206,N,04356.8770,E,0.00,116.90,220626,,,A*7D
$ECEFPOSVEL,123123.000,2552487.104,2460430.918,5284379.439,0000000.008,0000000.150,-0000000.119*0D
$GNRMC,123123.000,A,5619.2206,N,04356.8770,E,0.00,116.90,220626,,,A*7C
$ECEFPOSVEL,123124.000,2552487.104,2460430.918,5284379.439,0000000.006,0000000.128,-0000000.090*0B
$GNRMC,123124.000,A,5619.2206,N,04356.8770,E,0.00,116.90,220626,,,A*7B
$ECEFPOSVEL,123125.000,2552487.104,2460430.918,5284379.439,-0000000.146,0000000.232,0000000.157*0D
$GNRMC,123125.000,A,5619.2206,N,04356.8770,E,0.00,116.90,220626,,,A*7A
$ECEFPOSVEL,123126.000,2552487.104,2460430.918,5284379.439,-0000000.131,0000000.194,0000000.152*04
$GNRMC,123126.000,A,5619.2206,N,04356.8770,E,0.00,116.90,220626,,,A*79
$ECEFPOSVEL,123127.000,2552487.104,2460430.918,5284379.439,-0000000.043,0000000.105,0000000.042*09
$GNRMC,123127.000,A,5619.2206,N,04356.8770,E,0.00,116.90,220626,,,A*78
$ECEFPOSVEL,123128.000,2552487.104,2460430.918,5284379.439,0000000.018,0000000.092,-0000000.080*09
$GNRMC,123128.000,A,5619.2206,N,04356.8770,E,0.00,116.90,220626,,,A*77
$ECEFPOSVEL,123129.000,2552487.104,2460430.918,5284379.439,0000000.049,0000000.198,-0000000.091*07
$GNRMC,123129.000,A,5619.2206,N,04356.8770,E,0.00,116.90,220626,,,A*76
$ECEFPOSVEL,123130.000,2552487.104,2460430.918,5284379.439,-0000000.227,0000000.397,0000000.213*00
$GNRMC,123130.000,A,5619.2206,N,04356.8770,E,0.86,86.71,220626,,,A*47
$ECEFPOSVEL,123131.000,2552487.795,2460437.034,5284375.429,-0000000.074,0000000.693,0000000.127*03
$GNRMC,123131.000,A,5619.2172,N,04356.8808,E,1.20,117.43,220626,,,A*73
$ECEFPOSVEL,123132.000,2552487.625,2460437.485,5284375.709,-0000000.126,0000000.578,0000000.218*0A
$GNRMC,123132.000,A,5619.2172,N,04356.8813,E,1.01,105.23,220626,,,A*7C
$ECEFPOSVEL,123133.000,2552487.732,2460437.654,5284375.971,0000000.050,0000000.392,0000000.214*20
$GNRMC,123133.000,A,5619.2172,N,04356.8813,E,0.00,105.23,220626,,,A*7D
$ECEFPOSVEL,123134.000,2552487.732,2460438.022,5284376.214,-0000000.055,0000000.316,-0000000.044*2A
$GNRMC,123134.000,A,5619.2172,N,04356.8816,E,0.00,123.26,220626,,,A*7E
$ECEFPOSVEL,123135.000,2552487.575,2460438.074,5284376.308,-0000000.175,0000000.054,0000000.137*0B
$GNRMC,123135.000,A,5619.2172,N,04356.8817,E,0.00,123.26,220626,,,A*7E
$ECEFPOSVEL,123136.000,2552487.575,2460438.074,5284376.308,-0000000.102,-0000000.017,0000000.092*2C
$GNRMC,123136.000,A,5619.2172,N,04356.8817,E,0.00,123.26,220626,,,A*7D
$ECEFPOSVEL,123137.000,2552487.575,2460438.074,5284376.308,-0000000.004,-0000000.079,0000000.053*2F
$GNRMC,123137.000,A,5619.2172,N,04356.8817,E,0.00,123.26,220626,,,A*7C
$ECEFPOSVEL,123138.000,2552487.575,2460438.074,5284376.308,0000000.095,-0000000.147,0000000.028*05
$GNRMC,123138.000,A,5619.2172,N,04356.8817,E,0.00,123.26,220626,,,A*73
$ECEFPOSVEL,123139.000,2552487.575,2460438.074,5284376.308,0000000.040,-0000000.211,-0000000.020*29
$GNRMC,123139.000,A,5619.2172,N,04356.8817,E,0.00,123.26,220626,,,A*72
$ECEFPOSVEL,123140.000,2552487.575,2460438.074,5284376.308,-0000000.064,0000000.166,-0000000.117*27
$GNRMC,123140.000,A,5619.2172,N,04356.8817,E,0.00,123.26,220626,,,A*7C
$ECEFPOSVEL,123141.000,2552487.575,2460438.074,5284376.308,0000000.087,0000000.150,-0000000.141*00
$GNRMC,123141.000,A,5619.2172,N,04356.8817,E,0.00,123.26,220626,,,A*7D
$ECEFPOSVEL,123142.000,2552487.575,2460438.074,5284376.308,0000000.070,0000000.128,-0000000.113*03
$GNRMC,123142.000,A,5619.2172,N,04356.8817,E,0.00,123.26,220626,,,A*7E
$ECEFPOSVEL,123143.000,2552487.575,2460438.074,5284376.308,0000000.054,0000000.142,-0000000.101*0B
$GNRMC,123143.000,A,5619.2172,N,04356.8817,E,0.00,123.26,220626,,,A*7F
$ECEFPOSVEL,123144.000,2552487.575,2460438.074,5284376.308,0000000.021,0000000.079,0000000.092*21
$GNRMC,123144.000,A,5619.2172,N,04356.8817,E,0.00,123.26,220626,,,A*78
$ECEFPOSVEL,123145.000,2552487.575,2460438.074,5284376.308,0000000.173,-0000000.101,-0000000.012*20
$GNRMC,123145.000,A,5619.2172,N,04356.8817,E,0.00,123.26,220626,,,A*79
$ECEFPOSVEL,123146.000,2552487.575,2460438.074,5284376.308,0000000.057,-0000000.143,0000000.010*0D
$GNRMC,123146.000,A,5619.2172,N,04356.8817,E,0.00,123.26,220626,,,A*7A
$ECEFPOSVEL,123147.000,2552487.575,2460438.074,5284376.308,0000000.127,-0000000.057,-0000000.077*22
$GNRMC,123147.000,A,5619.2172,N,04356.8817,E,0.00,123.26,220626,,,A*7B
$ECEFPOSVEL,123148.000,2552487.575,2460438.074,5284376.308,0000000.121,-0000000.182,-0000000.015*26
$GNRMC,123148.000,A,5619.2172,N,04356.8817,E,0.00,123.26,220626,,,A*74
$ECEFPOSVEL,123149.000,2552487.575,2460438.074,5284376.308,0000000.269,-0000000.238,-0000000.128*25
$GNRMC,123149.000,A,5619.2172,N,04356.8817,E,0.00,123.26,220626,,,A*75
$ECEFPOSVEL,123150.000,2552487.575,2460438.074,5284376.308,0000000.071,-0000000.230,-0000000.052*22
$GNRMC,123150.000,A,5619.2172,N,04356.8817,E,0.00,123.26,220626,,,A*7D
$ECEFPOSVEL,123151.000,2552487.575,2460438.074,5284376.308,-0000000.116,0000000.082,-0000000.050*2A
$GNRMC,123151.000,A,5619.2172,N,04356.8817,E,0.00,123.26,220626,,,A*7C
$ECEFPOSVEL,123152.000,2552487.575,2460438.074,5284376.308,-0000000.192,0000000.090,0000000.027*0B
$GNRMC,123152.000,A,5619.2172,N,04356.8817,E,0.00,123.26,220626,,,A*7F
$ECEFPOSVEL,123153.000,2552487.575,2460438.074,5284376.308,-0000000.160,0000000.159,-0000000.003*28
$GNRMC,123153.000,A,5619.2172,N,04356.8817,E,0.00,123.26,220626,,,A*7E
$ECEFPOSVEL,123154.000,2552487.575,2460438.074,5284376.308,-0000000.154,0000000.140,0000000.003*0D
$GNRMC,123154.000,A,5619.2172,N,04356.8817,E,0.00,123.26,220626,,,A*79
$ECEFPOSVEL,123155.000,2552487.575,2460438.074,5284376.308,-0000000.013,0000000.294,0000000.215*01
$GNRMC,123155.000,A,5619.2172,N,04356.8817,E,0.00,123.26,220626,,,A*78
$ECEFPOSVEL,123156.000,2552487.575,2460438.074,5284376.308,0000000.045,0000000.335,0000000.127*24
$GNRMC,123156.000,A,5619.2172,N,04356.8817,E,0.00,123.26,220626,,,A*7B
$ECEFPOSVEL,123157.000,2552487.575,2460438.074,5284376.308,-0000000.051,0000000.361,0000000.045*09
$GNRMC,123157.000,A,5619.2172,N,04356.8817,E,0.00,123.26,220626,,,A*7A
$ECEFPOSVEL,123158.000,2552487.575,2460438.074,5284376.308,-0000000.106,0000000.321,0000000.100*01
$GNRMC,123158.000,A,5619.2172,N,04356.8817,E,0.00,123.26,220626,,,A*75
$ECEFPOSVEL,123159.000,2552487.575,2460438.074,5284376.308,0000000.014,0000000.202,0000000.206*2A
$GNRMC,123159.000,A,5619.2172,N,04356.8817,E,0.00,123.26,220626,,,A*74
$ECEFPOSVEL,123200.000,2552487.575,2460438.074,5284376.308,-0000000.006,0000000.301,0000000.230*0C
$GNRMC,123200.000,A,5619.2172,N,04356.8817,E,0.00,123.26,220626,,,A*7B
$ECEFPOSVEL,123201.000,2552487.575,2460438.074,5284376.308,0000000.076,0000000.284,0000000.101*2A
$GNRMC,123201.000,A,5619.2172,N,04356.8817,E,0.00,123.26,220626,,,A*7A
$ECEFPOSVEL,123202.000,2552487.575,2460438.074,5284376.308,0000000.082,0000000.130,0000000.034*29
$GNRMC,123202.000,A,5619.2172,N,04356.8817,E,0.00,123.26,220626,,,A*79
$ECEFPOSVEL,123203.000,2552487.575,2460438.074,5284376.308,0000000.078,0000000.047,-0000000.015*02
$GNRMC,123203.000,A,5619.2172,N,04356.8817,E,0.00,123.26,220626,,,A*78
$ECEFPOSVEL,123204.000,2552487.575,2460438.074,5284376.308,0000000.275,-0000000.060,-0000000.097*28
$GNRMC,123204.000,A,5619.2172,N,04356.8817,E,0.00,123.26,220626,,,A*7F
$ECEFPOSVEL,123205.000,2552487.575,2460438.074,5284376.308,0000000.012,-0000000.240,-0000000.247*25
$GNRMC,123205.000,A,5619.2172,N,04356.8817,E,0.00,123.26,220626,,,A*7E
$ECEFPOSVEL,123206.000,2552487.575,2460438.074,5284376.308,0000000.006,-0000000.127,-0000000.116*26
$GNRMC,123206.000,A,5619.2172,N,04356.8817,E,0.00,123.26,220626,,,A*7D
$ECEFPOSVEL,123207.000,2552487.575,2460438.074,5284376.308,0000000.018,0000000.285,0000000.202*25
$GNRMC,123207.000,A,5619.2172,N,04356.8817,E,0.00,123.26,220626,,,A*7C
$ECEFPOSVEL,123208.000,2552487.575,2460438.074,5284376.308,0000000.015,0000000.146,0000000.098*2A
$GNRMC,123208.000,A,5619.2172,N,04356.8817,E,0.00,123.26,220626,,,A*73
$ECEFPOSVEL,123209.000,2552487.575,2460438.074,5284376.308,0000000.085,-0000000.144,-0000000.161*27
$GNRMC,123209.000,A,5619.2172,N,04356.8817,E,0.00,123.26,220626,,,A*72
$ECEFPOSVEL,123210.000,2552487.575,2460438.074,5284376.308,0000000.036,-0000000.224,-0000000.131*27
$GNRMC,123210.000,A,5619.2172,N,04356.8817,E,0.00,123.26,220626,,,A*7A
$ECEFPOSVEL,123211.000,2552487.575,2460438.074,5284376.308,-0000000.049,0000000.200,0000000.116*00
$GNRMC,123211.000,A,5619.2172,N,04356.8817,E,0.00,123.26,220626,,,A*7B
$ECEFPOSVEL,123212.000,2552487.575,2460438.074,5284376.308,-0000000.016,0000000.442,0000000.319*04
$GNRMC,123212.000,A,5619.2172,N,04356.8817,E,0.00,123.26,220626,,,A*78
$ECEFPOSVEL,123213.000,2552487.575,2460438.074,5284376.308,0000000.057,0000000.413,0000000.165*20
$GNRMC,123213.000,A,5619.2172,N,04356.8817,E,0.00,123.26,220626,,,A*79
$ECEFPOSVEL,123214.000,2552487.575,2460438.074,5284376.308,-0000000.043,0000000.312,0000000.157*08
$GNRMC,123214.000,A,5619.2172,N,04356.8817,E,0.00,123.26,220626,,,A*7E
$ECEFPOSVEL,123215.000,2552487.575,2460438.074,5284376.308,0000000.020,-0000000.325,-0000000.167*26
$GNRMC,123215.000,A,5619.2172,N,04356.8817,E,0.00,123.26,220626,,,A*7F
$ECEFPOSVEL,123216.000,2552487.575,2460438.074,5284376.308,0000000.082,-0000000.397,-0000000.207*21
$GNRMC,123216.000,A,5619.2172,N,04356.8817,E,0.00,123.26,220626,,,A*7C
$ECEFPOSVEL,123217.000,2552487.575,2460438.074,5284376.308,-0000000.013,-0000000.216,-0000000.227*0F
$GNRMC,123217.000,A,5619.2172,N,04356.8817,E,0.00,123.26,220626,,,A*7D
$ECEFPOSVEL,123218.000,2552487.575,2460438.074,5284376.308,-0000000.024,-0000000.122,-0000000.115*02
$GNRMC,123218.000,A,5619.2172,N,04356.8817,E,0.00,123.26,220626,,,A*72
$ECEFPOSVEL,123219.000,2552487.575,2460438.074,5284376.308,0000000.034,0000000.017,0000000.045*2C
$GNRMC,123219.000,A,5619.2172,N,04356.8817,E,0.00,123.26,220626,,,A*73
$ECEFPOSVEL,123220.000,2552487.575,2460438.074,5284376.308,0000000.057,-0000000.202,0000000.008*01
$GNRMC,123220.000,A,5619.2172,N,04356.8817,E,0.00,123.26,220626,,,A*79
$ECEFPOSVEL,123221.000,2552487.575,2460438.074,5284376.308,0000000.064,-0000000.090,-0000000.048*20
$GNRMC,123221.000,A,5619.2172,N,04356.8817,E,0.00,123.26,220626,,,A*78
$ECEFPOSVEL,123222.000,2552487.575,2460438.074,5284376.308,0000000.187,-0000000.534,-0000000.419*24
$GNRMC,123222.000,A,5619.2172,N,04356.8817,E,1.00,265.94,220626,,,A*72
$ECEFPOSVEL,123223.000,2552488.898,2460439.196,5284374.180,0000000.165,-0000000.573,-0000000.483*24
$GNRMC,123223.000,A,5619.2158,N,04356.8816,E,1.03,266.14,220626,,,A*72
$ECEFPOSVEL,123224.000,2552488.749,2460439.073,5284373.588,0000000.029,-0000000.355,-0000000.567*21
$GNRMC,123224.000,A,5619.2157,N,04356.8816,E,0.00,245.29,220626,,,A*77
$ECEFPOSVEL,123225.000,2552488.656,2460438.632,5284373.102,-0000000.002,-0000000.363,-0000000.544*0B
$GNRMC,123225.000,A,5619.2158,N,04356.8814,E,0.00,245.29,220626,,,A*7B
$ECEFPOSVEL,123226.000,2552488.653,2460438.556,5284372.835,-0000000.016,0000000.046,0000000.105*00
$GNRMC,123226.000,A,5619.2157,N,04356.8813,E,0.00,245.29,220626,,,A*70
$ECEFPOSVEL,123227.000,2552488.653,2460438.556,5284372.835,-0000000.005,0000000.053,0000000.020*01
$GNRMC,123227.000,A,5619.2157,N,04356.8813,E,0.00,245.29,220626,,,A*71
$ECEFPOSVEL,123228.000,2552488.653,2460438.556,5284372.835,0000000.067,-0000000.243,-0000000.327*20
$GNRMC,123228.000,A,5619.2157,N,04356.8813,E,0.00,245.29,220626,,,A*7E
$ECEFPOSVEL,123229.000,2552488.653,2460438.556,5284372.835,0000000.110,-0000000.489,-0000000.661*27
$GNRMC,123229.000,A,5619.2157,N,04356.8813,E,0.88,250.68,220626,,,A*7E
$ECEFPOSVEL,123230.000,2552488.653,2460438.556,5284372.835,0000000.033,-0000000.427,-0000000.671*2A
$GNRMC,123230.000,A,5619.2157,N,04356.8813,E,0.00,245.29,220626,,,A*77
$ECEFPOSVEL,123231.000,2552488.653,2460438.556,5284372.835,-0000000.091,-0000000.272,-0000000.671*08
$GNRMC,123231.000,A,5619.2157,N,04356.8813,E,0.00,245.29,220626,,,A*76
$ECEFPOSVEL,123232.000,2552488.653,2460438.556,5284372.835,-0000000.103,-0000000.174,-0000000.386*09
$GNRMC,123232.000,A,5619.2157,N,04356.8813,E,0.00,245.29,220626,,,A*75
$ECEFPOSVEL,123233.000,2552488.653,2460438.556,5284372.835,0000000.004,0000000.019,0000000.194*28
$GNRMC,123233.000,A,5619.2157,N,04356.8813,E,0.00,245.29,220626,,,A*74
$ECEFPOSVEL,123234.000,2552488.653,2460438.556,5284372.835,-0000000.046,-0000000.024,-0000000.092*0D
$GNRMC,123234.000,A,5619.2157,N,04356.8813,E,0.00,245.29,220626,,,A*73
$ECEFPOSVEL,123235.000,2552488.653,2460438.556,5284372.835,0000000.003,-0000000.018,-0000000.035*22
$GNRMC,123235.000,A,5619.2157,N,04356.8813,E,0.00,245.29,220626,,,A*72
$ECEFPOSVEL,123236.000,2552488.653,2460438.556,5284372.835,-0000000.001,0000000.003,-0000000.029*24
$GNRMC,123236.000,A,5619.2157,N,04356.8813,E,0.00,245.29,220626,,,A*71
$ECEFPOSVEL,123237.000,2552488.653,2460438.556,5284372.835,0000000.012,0000000.327,0000000.252*2C
$GNRMC,123237.000,A,5619.2157,N,04356.8813,E,0.00,245.29,220626,,,A*70
$ECEFPOSVEL,123238.000,2552488.653,2460438.556,5284372.835,-0000000.074,0000000.248,0000000.047*00
$GNRMC,123238.000,A,5619.2157,N,04356.8813,E,0.00,245.29,220626,,,A*7F
$ECEFPOSVEL,123239.000,2552488.653,2460438.556,5284372.835,0000000.010,-0000000.067,-0000000.064*20
$GNRMC,123239.000,A,5619.2157,N,04356.8813,E,0.00,245.29,220626,,,A*7E
$ECEFPOSVEL,123240.000,2552488.653,2460438.556,5284372.835,-0000000.059,0000000.051,-0000000.089*25
$GNRMC,123240.000,A,5619.2157,N,04356.8813,E,0.00,245.29,220626,,,A*70
$ECEFPOSVEL,123241.000,2552488.653,2460438.556,5284372.835,-0000000.017,0000000.053,-0000000.002*2F
$GNRMC,123241.000,A,5619.2157,N,04356.8813,E,0.00,245.29,220626,,,A*71
$ECEFPOSVEL,123242.000,2552488.653,2460438.556,5284372.835,-0000000.087,0000000.114,0000000.031*0A
$GNRMC,123242.000,A,5619.2157,N,04356.8813,E,0.00,245.29,220626,,,A*72
$ECEFPOSVEL,123243.000,2552488.653,2460438.556,5284372.835,0000000.024,0000000.239,0000000.152*27
$GNRMC,123243.000,A,5619.2157,N,04356.8813,E,0.00,245.29,220626,,,A*73
$ECEFPOSVEL,123244.000,2552488.653,2460438.556,5284372.835,0000000.116,0000000.419,0000000.257*22
$GNRMC,123244.000,A,5619.2157,N,04356.8813,E,0.00,245.29,220626,,,A*74
$ECEFPOSVEL,123245.000,2552488.653,2460438.556,5284372.835,0000000.034,0000000.230,0000000.143*29
$GNRMC,123245.000,A,5619.2157,N,04356.8813,E,0.00,245.29,220626,,,A*75
$ECEFPOSVEL,123246.000,2552488.653,2460438.556,5284372.835,0000000.019,0000000.163,0000000.081*2F
$GNRMC,123246.000,A,5619.2157,N,04356.8813,E,0.00,245.29,220626,,,A*76
$ECEFPOSVEL,123247.000,2552488.653,2460438.556,5284372.835,-0000000.020,-0000000.116,-0000000.021*01
$GNRMC,123247.000,A,5619.2157,N,04356.8813,E,0.00,245.29,220626,,,A*77
$ECEFPOSVEL,123248.000,2552488.653,2460438.556,5284372.835,0000000.038,-0000000.062,-0000000.163*2F
$GNRMC,123248.000,A,5619.2157,N,04356.8813,E,0.00,245.29,220626,,,A*78
$ECEFPOSVEL,123249.000,2552488.653,2460438.556,5284372.835,0000000.027,0000000.062,-0000000.067*08
$GNRMC,123249.000,A,5619.2157,N,04356.8813,E,0.00,245.29,220626,,,A*79
$ECEFPOSVEL,123250.000,2552488.653,2460438.556,5284372.835,-0000000.155,-0000000.075,0000000.087*21
$GNRMC,123250.000,A,5619.2157,N,04356.8813,E,0.00,245.29,220626,,,A*71
$ECEFPOSVEL,123251.000,2552488.653,2460438.556,5284372.835,-0000000.013,0000000.001,0000000.095*0E
$GNRMC,123251.000,A,5619.2157,N,04356.8813,E,0.00,245.29,220626,,,A*70
$ECEFPOSVEL,123252.000,2552488.653,2460438.556,5284372.835,-0000000.039,0000000.083,0000000.283*0A
$GNRMC,123252.000,A,5619.2157,N,04356.8813,E,0.00,245.29,220626,,,A*73
$ECEFPOSVEL,123253.000,2552488.653,2460438.556,5284372.835,-0000000.069,0000000.480,0000000.583*0E
$GNRMC,123253.000,A,5619.2157,N,04356.8813,E,0.78,77.45,220626,,,A*44
$ECEFPOSVEL,123254.000,2552488.653,2460438.556,5284372.835,0000000.005,0000000.421,0000000.570*29
$GNRMC,123254.000,A,5619.2157,N,04356.8813,E,0.00,245.29,220626,,,A*75
$ECEFPOSVEL,123255.000,2552488.653,2460438.556,5284372.835,-0000000.000,0000000.506,0000000.521*00
$GNRMC,123255.000,A,5619.2157,N,04356.8813,E,0.00,245.29,220626,,,A*74
$ECEFPOSVEL,123256.000,2552488.653,2460438.556,5284372.835,0000000.036,0000000.532,0000000.493*24
$GNRMC,123256.000,A,5619.2157,N,04356.8813,E,0.00,245.29,220626,,,A*77
$ECEFPOSVEL,123257.000,2552488.653,2460438.556,5284372.835,-0000000.177,0000000.429,0000000.120*0A
$GNRMC,123257.000,A,5619.2157,N,04356.8813,E,0.85,99.89,220626,,,A*42
$ECEFPOSVEL,123258.000,2552488.653,2460438.556,5284372.835,-0000000.143,0000000.268,0000000.102*01
$GNRMC,123258.000,A,5619.2157,N,04356.8813,E,0.00,245.29,220626,,,A*79
$ECEFPOSVEL,123259.000,2552488.653,2460438.556,5284372.835,0000000.055,0000000.123,0000000.000*24
$GNRMC,123259.000,A,5619.2157,N,04356.8813,E,0.00,245.29,220626,,,A*78
$ECEFPOSVEL,123300.000,2552488.653,2460438.556,5284372.835,0000000.220,0000000.036,-0000000.073*05
$GNRMC,123300.000,A,5619.2157,N,04356.8813,E,0.00,245.29,220626,,,A*75
$ECEFPOSVEL,123301.000,2552488.653,2460438.556,5284372.835,0000000.222,-0000000.249,-0000000.229*2C
$GNRMC,123301.000,A,5619.2157,N,04356.8813,E,0.00,245.29,220626,,,A*74
$ECEFPOSVEL,123302.000,2552488.653,2460438.556,5284372.835,0000000.299,-0000000.292,-0000000.175*23
$GNRMC,123302.000,A,5619.2157,N,04356.8813,E,0.84,255.57,220626,,,A*73
$ECEFPOSVEL,123303.000,2552488.653,2460438.556,5284372.835,0000000.151,-0000000.259,-0000000.100*20
$GNRMC,123303.000,A,5619.2157,N,04356.8813,E,0.00,245.29,220626,,,A*76
$ECEFPOSVEL,123304.000,2552488.653,2460438.556,5284372.835,0000000.093,-0000000.256,-0000000.020*24
$GNRMC,123304.000,A,5619.2157,N,04356.8813,E,0.00,245.29,220626,,,A*71
$ECEFPOSVEL,123305.000,2552488.653,2460438.556,5284372.835,0000000.080,-0000000.277,0000000.017*0D
$GNRMC,123305.000,A,5619.2157,N,04356.8813,E,0.00,245.29,220626,,,A*70
$ECEFPOSVEL,123306.000,2552488.653,2460438.556,5284372.835,-0000000.040,-0000000.227,-0000000.111*00
$GNRMC,123306.000,A,5619.2157,N,04356.8813,E,0.00,245.29,220626,,,A*73
$ECEFPOSVEL,123307.000,2552488.653,2460438.556,5284372.835,-0000000.035,-0000000.252,0000000.020*2F
$GNRMC,123307.000,A,5619.2157,N,04356.8813,E,0.00,245.29,220626,,,A*72
$ECEFPOSVEL,123308.000,2552488.653,2460438.556,5284372.835,0000000.041,-0000000.333,0000000.081*03
$GNRMC,123308.000,A,5619.2157,N,04356.8813,E,0.00,245.29,220626,,,A*7D
$ECEFPOSVEL,123309.000,2552488.653,2460438.556,5284372.835,-0000000.044,-0000000.282,0000000.107*2E
$GNRMC,123309.000,A,5619.2157,N,04356.8813,E,0.00,245.29,220626,,,A*7C
$ECEFPOSVEL,123310.000,2552488.653,2460438.556,5284372.835,-0000000.023,-0000000.213,0000000.057*2B
$GNRMC,123310.000,A,5619.2157,N,04356.8813,E,0.00,245.29,220626,,,A*74
$ECEFPOSVEL,123311.000,2552488.653,2460438.556,5284372.835,0000000.002,-0000000.650,-0000000.264*28
$GNRMC,123311.000,A,5619.2157,N,04356.8813,E,1.01,295.88,220626,,,A*73
$ECEFPOSVEL,123312.000,2552488.653,2460438.556,5284372.835,0000000.048,-0000000.483,-0000000.445*2C
$GNRMC,123312.000,A,5619.2157,N,04356.8813,E,0.00,245.29,220626,,,A*76
$ECEFPOSVEL,123313.000,2552488.653,2460438.556,5284372.835,-0000000.037,-0000000.357,-0000000.432*06
$GNRMC,123313.000,A,5619.2157,N,04356.8813,E,0.00,245.29,220626,,,A*77
$ECEFPOSVEL,123314.000,2552488.653,2460438.556,5284372.835,-0000000.183,-0000000.213,-0000000.185*07
$GNRMC,123314.000,A,5619.2157,N,04356.8813,E,0.00,245.29,220626,,,A*70
$ECEFPOSVEL,123315.000,2552488.653,2460438.556,5284372.835,-0000000.204,0000000.127,0000000.392*0A
$GNRMC,123315.000,A,5619.2157,N,04356.8813,E,0.00,245.29,220626,,,A*71
$ECEFPOSVEL,123316.000,2552488.653,2460438.556,5284372.835,0000000.064,-0000000.054,0000000.146*03
$GNRMC,123316.000,A,5619.2157,N,04356.8813,E,0.00,245.29,220626,,,A*72
$ECEFPOSVEL,123317.000,2552488.653,2460438.556,5284372.835,0000000.042,-0000000.019,0000000.059*00
$GNRMC,123317.000,A,5619.2157,N,04356.8813,E,0.00,245.29,220626,,,A*73
$ECEFPOSVEL,123318.000,2552488.653,2460438.556,5284372.835,0000000.069,0000000.061,-0000000.013*07
$GNRMC,123318.000,A,5619.2157,N,04356.8813,E,0.00,245.29,220626,,,A*7C
$ECEFPOSVEL,123319.000,2552488.653,2460438.556,5284372.835,0000000.126,0000000.056,-0000000.027*0F
$GNRMC,123319.000,A,5619.2157,N,04356.8813,E,0.00,245.29,220626,,,A*7D
$ECEFPOSVEL,123320.000,2552488.653,2460438.556,5284372.835,0000000.164,0000000.051,-0000000.061*06
$GNRMC,123320.000,A,5619.2157,N,04356.8813,E,0.00,245.29,220626,,,A*77
$ECEFPOSVEL,123321.000,2552488.653,2460438.556,5284372.835,-0000000.223,0000000.085,0000000.160*0E
$GNRMC,123321.000,A,5619.2157,N,04356.8813,E,0.00,245.29,220626,,,A*76
$ECEFPOSVEL,123322.000,2552488.653,2460438.556,5284372.835,-0000000.140,0000000.178,0000000.074*0C
$GNRMC,123322.000,A,5619.2157,N,04356.8813,E,0.00,245.29,220626,,,A*75
$ECEFPOSVEL,123323.000,2552488.653,2460438.556,5284372.835,-0000000.032,0000000.092,0000000.048*03
$GNRMC,123323.000,A,5619.2157,N,04356.8813,E,0.00,245.29,220626,,,A*74
$ECEFPOSVEL,123324.000,2552488.653,2460438.556,5284372.835,0000000.042,0000000.066,-0000000.008*0C
$GNRMC,123324.000,A,5619.2157,N,04356.8813,E,0.00,245.29,220626,,,A*73
$ECEFPOSVEL,123325.000,2552488.653,2460438.556,5284372.835,0000000.044,0000000.097,0000000.074*23
$GNRMC,123325.000,A,5619.2157,N,04356.8813,E,0.00,245.29,220626,,,A*72
$ECEFPOSVEL,123326.000,2552488.653,2460438.556,5284372.835,0000000.245,0000000.270,-0000000.044*06
$GNRMC,123326.000,A,5619.2157,N,04356.8813,E,0.00,245.29,220626,,,A*71
$ECEFPOSVEL,123327.000,2552488.653,2460438.556,5284372.835,0000000.022,0000000.327,0000000.067*2B
$GNRMC,123327.000,A,5619.2157,N,04356.8813,E,0.00,245.29,220626,,,A*70
$ECEFPOSVEL,123328.000,2552488.653,2460438.556,5284372.835,0000000.170,0000000.216,0000000.121*22
$GNRMC,123328.000,A,5619.2157,N,04356.8813,E,0.00,245.29,220626,,,A*7F
$ECEFPOSVEL,123329.000,2552488.653,2460438.556,5284372.835,-0000000.079,0000000.059,0000000.024*0B
$GNRMC,123329.000,A,5619.2157,N,04356.8813,E,0.00,245.29,220626,,,A*7E
$ECEFPOSVEL,123330.000,2552488.653,2460438.556,5284372.835,-0000000.139,-0000000.240,-0000000.055*0A
$GNRMC,123330.000,A,5619.2157,N,04356.8813,E,0.00,245.29,220626,,,A*76
$ECEFPOSVEL,123331.000,2552488.653,2460438.556,5284372.835,0000000.051,-0000000.195,-0000000.081*2B
$GNRMC,123331.000,A,5619.2157,N,04356.8813,E,0.00,245.29,220626,,,A*77
$ECEFPOSVEL,123332.000,2552488.653,2460438.556,5284372.835,-0000000.015,-0000000.026,-0000000.036*00
$GNRMC,123332.000,A,5619.2157,N,04356.8813,E,0.00,245.29,220626,,,A*74
$ECEFPOSVEL,123333.000,2552488.653,2460438.556,5284372.835,-0000000.053,0000000.038,0000000.000*09
$GNRMC,123333.000,A,5619.2157,N,04356.8813,E,0.00,245.29,220626,,,A*75
$ECEFPOSVEL,123334.000,2552488.653,2460438.556,5284372.835,-0000000.113,0000000.160,-0000000.010*2B
$GNRMC,123334.000,A,5619.2157,N,04356.8813,E,0.00,245.29,220626,,,A*72
$ECEFPOSVEL,123335.000,2552488.653,2460438.556,5284372.835,-0000000.203,0000000.408,-0000000.039*28
$GNRMC,123335.000,A,5619.2157,N,04356.8813,E,0.88,107.32,220626,,,A*7C
$ECEFPOSVEL,123336.000,2552488.653,2460438.556,5284372.835,0000000.154,0000000.012,-0000000.027*07
$GNRMC,123336.000,A,5619.2157,N,04356.8813,E,0.00,245.29,220626,,,A*70
$ECEFPOSVEL,123337.000,2552488.653,2460438.556,5284372.835,0000000.072,-0000000.133,0000000.053*02
$GNRMC,123337.000,A,5619.2157,N,04356.8813,E,0.00,245.29,220626,,,A*71
$ECEFPOSVEL,123338.000,2552488.653,2460438.556,5284372.835,0000000.061,-0000000.207,0000000.080*05
$GNRMC,123338.000,A,5619.2157,N,04356.8813,E,0.00,245.29,220626,,,A*7E
$ECEFPOSVEL,123339.000,2552488.653,2460438.556,5284372.835,0000000.017,-0000000.220,0000000.098*09
$GNRMC,123339.000,A,5619.2157,N,04356.8813,E,0.00,245.29,220626,,,A*7F
$ECEFPOSVEL,123340.000,2552488.653,2460438.556,5284372.835,-0000000.061,-0000000.275,0000000.148*27
$GNRMC,123340.000,A,5619.2157,N,04356.8813,E,0.00,245.29,220626,,,A*71
$ECEFPOSVEL,123341.000,2552488.653,2460438.556,5284372.835,-0000000.001,-0000000.311,0000000.129*24
$GNRMC,123341.000,A,5619.2157,N,04356.8813,E,0.00,245.29,220626,,,A*70
$ECEFPOSVEL,123342.000,2552488.653,2460438.556,5284372.835,0000000.015,-0000000.271,0000000.102*01
$GNRMC,123342.000,A,5619.2157,N,04356.8813,E,0.00,245.29,220626,,,A*73
$ECEFPOSVEL,123343.000,2552488.653,2460438.556,5284372.835,-0000000.073,-0000000.208,0000000.117*27
$GNRMC,123343.000,A,5619.2157,N,04356.8813,E,0.00,245.29,220626,,,A*72
$ECEFPOSVEL,123344.000,2552488.653,2460438.556,5284372.835,0000000.056,0000000.007,-0000000.006*06
$GNRMC,123344.000,A,5619.2157,N,04356.8813,E,0.00,245.29,220626,,,A*75
$ECEFPOSVEL,123345.000,2552488.653,2460438.556,5284372.835,0000000.085,-0000000.047,-0000000.011*26
$GNRMC,123345.000,A,5619.2157,N,04356.8813,E,0.00,245.29,220626,,,A*74
$ECEFPOSVEL,123346.000,2552488.653,2460438.556,5284372.835,0000000.073,-0000000.219,0000000.059*04
$GNRMC,123346.000,A,5619.2157,N,04356.8813,E,0.00,245.29,220626,,,A*77
$ECEFPOSVEL,123347.000,2552488.653,2460438.556,5284372.835,0000000.143,-0000000.333,0000000.073*06
$GNRMC,123347.000,A,5619.2157,N,04356.8813,E,0.00,245.29,220626,,,A*76
$ECEFPOSVEL,123348.000,2552488.653,2460438.556,5284372.835,0000000.102,-0000000.386,0000000.097*08
$GNRMC,123348.000,A,5619.2157,N,04356.8813,E,0.00,245.29,220626,,,A*79
$ECEFPOSVEL,123349.000,2552488.653,2460438.556,5284372.835,0000000.038,-0000000.240,0000000.056*07
$GNRMC,123349.000,A,5619.2157,N,04356.8813,E,0.00,245.29,220626,,,A*78
$ECEFPOSVEL,123350.000,2552488.653,2460438.556,5284372.835,-0000000.012,-0000000.156,0000000.050*28
$GNRMC,123350.000,A,5619.2157,N,04356.8813,E,0.00,245.29,220626,,,A*70
$ECEFPOSVEL,123351.000,2552488.653,2460438.556,5284372.835,0000000.000,-0000000.166,0000000.052*06
$GNRMC,123351.000,A,5619.2157,N,04356.8813,E,0.00,245.29,220626,,,A*71
$ECEFPOSVEL,123352.000,2552488.653,2460438.556,5284372.835,0000000.171,-0000000.609,-0000000.200*24
$GNRMC,123352.000,A,5619.2157,N,04356.8813,E,1.12,284.00,220626,,,A*76
$ECEFPOSVEL,123353.000,2552486.752,2460431.781,5284375.441,0000000.048,-0000000.569,-0000000.245*2D
$GNRMC,123353.000,A,5619.2192,N,04356.8779,E,0.92,290.38,220626,,,A*7A
$ECEFPOSVEL,123354.000,2552486.749,2460431.121,5284375.188,-0000000.006,-0000000.540,-0000000.233*01
$GNRMC,123354.000,A,5619.2193,N,04356.8774,E,0.83,295.79,220626,,,A*71
$ECEFPOSVEL,123355.000,2552486.773,2460430.485,5284374.930,-0000000.053,-0000000.492,-0000000.227*02
$GNRMC,123355.000,A,5619.2195,N,04356.8769,E,0.00,300.92,220626,,,A*79
$ECEFPOSVEL,123356.000,2552486.716,2460430.516,5284374.883,0000000.110,0000000.173,0000000.072*23
$GNRMC,123356.000,A,5619.2195,N,04356.8770,E,0.00,300.92,220626,,,A*72
$ECEFPOSVEL,123357.000,2552486.823,2460430.668,5284374.874,-0000000.046,0000000.742,-0000000.035*2C
$GNRMC,123357.000,A,5619.2194,N,04356.8770,E,1.37,126.57,220626,,,A*78
$ECEFPOSVEL,123358.000,2552486.823,2460430.668,5284374.874,0000000.026,0000000.350,0000000.121*26
$GNRMC,123358.000,A,5619.2194,N,04356.8770,E,0.00,126.57,220626,,,A*72
$ECEFPOSVEL,123359.000,2552486.823,2460430.668,5284374.874,0000000.211,0000000.172,-0000000.024*0A
$GNRMC,123359.000,A,5619.2194,N,04356.8770,E,0.00,126.57,220626,,,A*73
$ECEFPOSVEL,123400.000,2552486.823,2460430.668,5284374.874,0000000.112,-0000000.015,0000000.044*07
$GNRMC,123400.000,A,5619.2194,N,04356.8770,E,0.00,126.57,220626,,,A*78
$ECEFPOSVEL,123401.000,2552486.823,2460430.668,5284374.874,-0000000.007,0000000.268,0000000.115*0E
$GNRMC,123401.000,A,5619.2194,N,04356.8770,E,0.00,126.57,220626,,,A*79
$ECEFPOSVEL,123402.000,2552486.823,2460430.668,5284374.874,0000000.025,0000000.691,0000000.139*2C
$GNRMC,123402.000,A,5619.2194,N,04356.8770,E,1.14,125.08,220626,,,A*77
$ECEFPOSVEL,123403.000,2552486.823,2460430.668,5284374.874,0000000.018,0000000.362,0000000.260*25
$GNRMC,123403.000,A,5619.2194,N,04356.8770,E,0.00,126.57,220626,,,A*7B
$ECEFPOSVEL,123404.000,2552486.823,2460430.668,5284374.874,0000000.029,0000000.092,0000000.116*2E
$GNRMC,123404.000,A,5619.2194,N,04356.8770,E,0.00,126.57,220626,,,A*7C
$ECEFPOSVEL,123405.000,2552486.823,2460430.668,5284374.874,0000000.051,-0000000.064,0000000.086*0C
$GNRMC,123405.000,A,5619.2194,N,04356.8770,E,0.00,126.57,220626,,,A*7D
$ECEFPOSVEL,123406.000,2552486.823,2460430.668,5284374.874,0000000.084,-0000000.113,0000000.057*0A
$GNRMC,123406.000,A,5619.2194,N,04356.8770,E,0.00,126.57,220626,,,A*7E
$ECEFPOSVEL,123407.000,2552486.823,2460430.668,5284374.874,0000000.101,0000000.050,-0000000.067*02
$GNRMC,123407.000,A,5619.2194,N,04356.8770,E,0.00,126.57,220626,,,A*7F
$ECEFPOSVEL,123408.000,2552486.823,2460430.668,5284374.874,0000000.014,0000000.095,0000000.044*2D
$GNRMC,123408.000,A,5619.2194,N,04356.8770,E,0.00,126.57,220626,,,A*70
$ECEFPOSVEL,123409.000,2552486.823,2460430.668,5284374.874,-0000000.050,0000000.281,0000000.137*03
$GNRMC,123409.000,A,5619.2194,N,04356.8770,E,0.00,126.57,220626,,,A*71
$ECEFPOSVEL,123410.000,2552486.823,2460430.668,5284374.874,-0000000.095,0000000.729,0000000.157*03
$GNRMC,123410.000,A,5619.2194,N,04356.8770,E,1.27,115.14,220626,,,A*7A
$ECEFPOSVEL,123411.000,2552486.823,2460430.668,5284374.874,-0000000.026,0000000.435,0000000.104*02
$GNRMC,123411.000,A,5619.2194,N,04356.8770,E,0.00,126.57,220626,,,A*78
$ECEFPOSVEL,123412.000,2552486.823,2460430.668,5284374.874,0000000.141,0000000.029,-0000000.136*09
$GNRMC,123412.000,A,5619.2194,N,04356.8770,E,0.00,126.57,220626,,,A*7B
$ECEFPOSVEL,123413.000,2552486.823,2460430.668,5284374.874,0000000.102,-0000000.431,-0000000.153*2C
$GNRMC,123413.000,A,5619.2194,N,04356.8770,E,0.00,126.57,220626,,,A*7A
$ECEFPOSVEL,123414.000,2552486.823,2460430.668,5284374.874,-0000000.185,-0000000.185,0000000.009*20
$GNRMC,123414.000,A,5619.2194,N,04356.8770,E,0.00,126.57,220626,,,A*7D
$ECEFPOSVEL,123415.000,2552486.823,2460430.668,5284374.874,-0000000.170,0000000.430,0000000.260*00
$GNRMC,123415.000,A,5619.2194,N,04356.8770,E,0.83,90.32,220626,,,A*48
$ECEFPOSVEL,123416.000,2552487.240,2460431.648,5284375.381,-0000000.069,0000000.643,0000000.386*08
$GNRMC,123416.000,A,5619.2191,N,04356.8774,E,1.02,102.79,220626,,,A*77
$ECEFPOSVEL,123417.000,2552487.197,2460432.089,5284375.654,0000000.074,0000000.342,0000000.003*2E
$GNRMC,123417.000,A,5619.2190,N,04356.8778,E,0.00,140.99,220626,,,A*70
$ECEFPOSVEL,123418.000,2552487.242,2460432.356,5284375.747,0000000.023,-0000000.169,-0000000.095*2E
$GNRMC,123418.000,A,5619.2190,N,04356.8779,E,0.00,140.99,220626,,,A*7E
$ECEFPOSVEL,123419.000,2552487.266,2460432.358,5284375.692,0000000.057,-0000000.407,-0000000.134*2A
$GNRMC,123419.000,A,5619.2189,N,04356.8779,E,0.00,290.81,220626,,,A*70
$ECEFPOSVEL,123420.000,2552487.266,2460432.358,5284375.692,-0000000.001,-0000000.535,0000000.018*2C
$GNRMC,123420.000,A,5619.2189,N,04356.8779,E,0.97,309.80,220626,,,A*74
$ECEFPOSVEL,123421.000,2552487.266,2460432.358,5284375.692,0000000.029,-0000000.364,-0000000.072*29
$GNRMC,123421.000,A,5619.2189,N,04356.8779,E,0.00,290.81,220626,,,A*7B
$ECEFPOSVEL,123422.000,2552487.266,2460432.358,5284375.692,-0000000.028,-0000000.285,-0000000.083*06
$GNRMC,123422.000,A,5619.2189,N,04356.8779,E,0.00,290.81,220626,,,A*78
$ECEFPOSVEL,123423.000,2552487.266,2460432.358,5284375.692,0000000.028,-0000000.238,-0000000.051*23
$GNRMC,123423.000,A,5619.2189,N,04356.8779,E,0.00,290.81,220626,,,A*79
$ECEFPOSVEL,123424.000,2552487.266,2460432.358,5284375.692,-0000000.008,-0000000.091,-0000000.074*0D
$GNRMC,123424.000,A,5619.2189,N,04356.8779,E,0.00,290.81,220626,,,A*7E
$ECEFPOSVEL,123425.000,2552487.266,2460432.358,5284375.692,-0000000.042,-0000000.112,0000000.000*26
$GNRMC,123425.000,A,5619.2189,N,04356.8779,E,0.00,290.81,220626,,,A*7F
$ECEFPOSVEL,123426.000,2552487.266,2460432.358,5284375.692,-0000000.085,-0000000.112,-0000000.096*0C
$GNRMC,123426.000,A,5619.2189,N,04356.8779,E,0.00,290.81,220626,,,A*7C
$ECEFPOSVEL,123427.000,2552487.266,2460432.358,5284375.692,0000000.008,0000000.008,0000000.055*20
$GNRMC,123427.000,A,5619.2189,N,04356.8779,E,0.00,290.81,220626,,,A*7D
$ECEFPOSVEL,123428.000,2552487.266,2460432.358,5284375.692,-0000000.039,0000000.321,-0000000.053*23
$GNRMC,123428.000,A,5619.2189,N,04356.8779,E,0.00,290.81,220626,,,A*72
$ECEFPOSVEL,123429.000,2552487.266,2460432.358,5284375.692,0000000.037,0000000.168,-0000000.035*0E
$GNRMC,123429.000,A,5619.2189,N,04356.8779,E,0.00,290.81,220626,,,A*73
$ECEFPOSVEL,123430.000,2552487.266,2460432.358,5284375.692,0000000.092,0000000.098,-0000000.059*0D
$GNRMC,123430.000,A,5619.2189,N,04356.8779,E,0.00,290.81,220626,,,A*7B
$ECEFPOSVEL,123431.000,2552487.266,2460432.358,5284375.692,0000000.138,0000000.017,-0000000.059*0A
$GNRMC,123431.000,A,5619.2189,N,04356.8779,E,0.00,290.81,220626,,,A*7A
$ECEFPOSVEL,123432.000,2552487.266,2460432.358,5284375.692,-0000000.079,-0000000.399,-0000000.100*05
$GNRMC,123432.000,A,5619.2189,N,04356.8779,E,0.00,290.81,220626,,,A*79
$ECEFPOSVEL,123433.000,2552487.266,2460432.358,5284375.692,0000000.140,-0000000.616,-0000000.083*2A
$GNRMC,123433.000,A,5619.2189,N,04356.8779,E,1.14,292.64,220626,,,A*75
$ECEFPOSVEL,123434.000,2552487.463,2460430.811,5284375.256,-0000000.028,-0000000.550,-0000000.006*08
$GNRMC,123434.000,A,5619.2192,N,04356.8767,E,0.97,311.30,220626,,,A*76
$ECEFPOSVEL,123435.000,2552487.459,2460430.250,5284375.239,0000000.090,-0000000.356,0000000.100*02
$GNRMC,123435.000,A,5619.2194,N,04356.8763,E,0.00,302.95,220626,,,A*76
$ECEFPOSVEL,123436.000,2552487.476,2460430.095,5284375.281,-0000000.023,-0000000.151,0000000.058*28
$GNRMC,123436.000,A,5619.2195,N,04356.8762,E,0.00,302.95,220626,,,A*75
$ECEFPOSVEL,123437.000,2552487.457,2460429.993,5284375.322,-0000000.095,-0000000.024,0000000.058*2B
$GNRMC,123437.000,A,5619.2195,N,04356.8761,E,0.00,302.95,220626,,,A*77
$ECEFPOSVEL,123438.000,2552487.457,2460429.993,5284375.322,-0000000.048,-0000000.032,0000000.053*28
$GNRMC,123438.000,A,5619.2195,N,04356.8761,E,0.00,302.95,220626,,,A*78
$ECEFPOSVEL,123439.000,2552487.457,2460429.993,5284375.322,0000000.069,0000000.297,0000000.068*2F
$GNRMC,123439.000,A,5619.2195,N,04356.8761,E,0.00,302.95,220626,,,A*79
$ECEFPOSVEL,123440.000,2552487.457,2460429.993,5284375.322,-0000000.059,0000000.161,0000000.221*0A
$GNRMC,123440.000,A,5619.2195,N,04356.8761,E,0.00,302.95,220626,,,A*77
$ECEFPOSVEL,123441.000,2552487.457,2460429.993,5284375.322,0000000.078,0000000.347,0000000.017*24
$GNRMC,123441.000,A,5619.2195,N,04356.8761,E,0.00,302.95,220626,,,A*76
$ECEFPOSVEL,123442.000,2552487.457,2460429.993,5284375.322,-0000000.182,0000000.162,0000000.086*03
$GNRMC,123442.000,A,5619.2195,N,04356.8761,E,0.00,302.95,220626,,,A*75
$ECEFPOSVEL,123443.000,2552487.457,2460429.993,5284375.322,-0000000.148,0000000.206,0000000.057*09
$GNRMC,123443.000,A,5619.2195,N,04356.8761,E,0.00,302.95,220626,,,A*74
$ECEFPOSVEL,123444.000,2552487.457,2460429.993,5284375.322,-0000000.058,0000000.111,0000000.042*0F
$GNRMC,123444.000,A,5619.2195,N,04356.8761,E,0.00,302.95,220626,,,A*73
$ECEFPOSVEL,123445.000,2552487.457,2460429.993,5284375.322,0000000.004,0000000.276,0000000.004*2A
$GNRMC,123445.000,A,5619.2195,N,04356.8761,E,0.00,302.95,220626,,,A*72
$ECEFPOSVEL,123446.000,2552487.457,2460429.993,5284375.322,-0000000.075,0000000.285,-0000000.024*21
$GNRMC,123446.000,A,5619.2195,N,04356.8761,E,0.00,302.95,220626,,,A*71
$ECEFPOSVEL,123447.000,2552487.457,2460429.993,5284375.322,-0000000.015,0000000.014,0000000.143*01
$GNRMC,123447.000,A,5619.2195,N,04356.8761,E,0.00,302.95,220626,,,A*70
$ECEFPOSVEL,123448.000,2552487.457,2460429.993,5284375.322,-0000000.060,-0000000.022,0000000.095*2E
$GNRMC,123448.000,A,5619.2195,N,04356.8761,E,0.00,302.95,220626,,,A*7F
$ECEFPOSVEL,123449.000,2552487.457,2460429.993,5284375.322,-0000000.047,-0000000.001,0000000.065*24
$GNRMC,123449.000,A,5619.2195,N,04356.8761,E,0.00,302.95,220626,,,A*7E
$ECEFPOSVEL,123450.000,2552487.457,2460429.993,5284375.322,0000000.008,-0000000.119,0000000.076*00
$GNRMC,123450.000,A,5619.2195,N,04356.8761,E,0.00,302.95,220626,,,A*76
$ECEFPOSVEL,123451.000,2552487.457,2460429.993,5284375.322,-0000000.213,0000000.082,0000000.096*04
$GNRMC,123451.000,A,5619.2195,N,04356.8761,E,0.00,302.95,220626,,,A*77
$ECEFPOSVEL,123452.000,2552487.457,2460429.993,5284375.322,-0000000.104,0000000.071,0000000.077*01
$GNRMC,123452.000,A,5619.2195,N,04356.8761,E,0.00,302.95,220626,,,A*74
$ECEFPOSVEL,123453.000,2552487.457,2460429.993,5284375.322,-0000000.124,0000000.070,0000000.085*0E
$GNRMC,123453.000,A,5619.2195,N,04356.8761,E,0.00,302.95,220626,,,A*75
$ECEFPOSVEL,123454.000,2552487.457,2460429.993,5284375.322,-0000000.134,0000000.039,0000000.082*02
$GNRMC,123454.000,A,5619.2195,N,04356.8761,E,0.00,302.95,220626,,,A*72
$ECEFPOSVEL,123455.000,2552487.457,2460429.993,5284375.322,-0000000.019,0000000.037,0000000.145*09
$GNRMC,123455.000,A,5619.2195,N,04356.8761,E,0.00,302.95,220626,,,A*73
$ECEFPOSVEL,123456.000,2552487.457,2460429.993,5284375.322,0000000.174,0000000.316,0000000.181*25
$GNRMC,123456.000,A,5619.2195,N,04356.8761,E,0.00,302.95,220626,,,A*70
$ECEFPOSVEL,123457.000,2552487.457,2460429.993,5284375.322,0000000.133,0000000.414,0000000.234*2F
$GNRMC,123457.000,A,5619.2195,N,04356.8761,E,0.00,302.95,220626,,,A*71
$ECEFPOSVEL,123458.000,2552487.457,2460429.993,5284375.322,-0000000.335,0000000.510,0000000.164*0A
$GNRMC,123458.000,A,5619.2195,N,04356.8761,E,1.17,90.29,220626,,,A*46
$ECEFPOSVEL,123459.000,2552487.307,2460430.010,5284376.888,-0000000.246,0000000.438,0000000.142*01
$GNRMC,123459.000,A,5619.2200,N,04356.8763,E,0.95,93.23,220626,,,A*48
$ECEFPOSVEL,123500.000,2552487.116,2460430.189,5284377.075,-0000000.166,0000000.244,0000000.165*0D
$GNRMC,123500.000,A,5619.2201,N,04356.8765,E,0.00,93.23,220626,,,A*4E
$ECEFPOSVEL,123501.000,2552487.005,2460430.134,5284377.114,0000000.031,-0000000.028,0000000.105*02
$GNRMC,123501.000,A,5619.2201,N,04356.8765,E,0.00,93.23,220626,,,A*4F
$ECEFPOSVEL,123502.000,2552486.768,2460430.188,5284377.188,0000000.065,-0000000.146,0000000.098*03
$GNRMC,123502.000,A,5619.2202,N,04356.8767,E,0.00,93.23,220626,,,A*4D
$ECEFPOSVEL,123503.000,2552486.768,2460430.188,5284377.188,0000000.426,-0000000.770,-0000000.249*21
$GNRMC,123503.000,A,5619.2202,N,04356.8767,E,1.65,273.42,220626,,,A*75
$ECEFPOSVEL,123504.000,2552486.517,2460430.229,5284377.093,0000000.108,-0000000.627,-0000000.254*29
$GNRMC,123504.000,A,5619.2203,N,04356.8769,E,1.07,286.55,220626,,,A*75
$ECEFPOSVEL,123505.000,2552486.613,2460429.855,5284376.748,0000000.080,-0000000.553,-0000000.271*20
$GNRMC,123505.000,A,5619.2202,N,04356.8766,E,0.91,284.93,220626,,,A*7C
$ECEFPOSVEL,123506.000,2552486.774,2460429.667,5284376.284,0000000.007,-0000000.365,-0000000.314*27
$GNRMC,123506.000,A,5619.2201,N,04356.8764,E,0.00,284.93,220626,,,A*76
$ECEFPOSVEL,123507.000,2552486.703,2460429.325,5284376.362,-0000000.009,-0000000.254,-0000000.109*02
$GNRMC,123507.000,A,5619.2203,N,04356.8762,E,0.00,284.93,220626,,,A*73
$ECEFPOSVEL,123508.000,2552486.725,2460429.060,5284376.271,-0000000.039,-0000000.301,0000000.060*29
$GNRMC,123508.000,A,5619.2203,N,04356.8760,E,0.00,284.93,220626,,,A*7E
$ECEFPOSVEL,123509.000,2552486.725,2460429.060,5284376.271,0000000.041,-0000000.156,0000000.007*0B
$GNRMC,123509.000,A,5619.2203,N,04356.8760,E,0.00,284.93,220626,,,A*7F
$ECEFPOSVEL,123510.000,2552486.725,2460429.060,5284376.271,0000000.060,-0000000.121,-0000000.009*23
$GNRMC,123510.000,A,5619.2203,N,04356.8760,E,0.00,284.93,220626,,,A*77
$ECEFPOSVEL,123511.000,2552486.725,2460429.060,5284376.271,0000000.203,-0000000.181,-0000000.041*23
$GNRMC,123511.000,A,5619.2203,N,04356.8760,E,0.00,284.93,220626,,,A*76
$ECEFPOSVEL,123512.000,2552486.725,2460429.060,5284376.271,0000000.093,-0000000.300,-0000000.134*23
$GNRMC,123512.000,A,5619.2203,N,04356.8760,E,0.00,284.93,220626,,,A*75
$ECEFPOSVEL,123513.000,2552486.725,2460429.060,5284376.271,0000000.293,-0000000.337,-0000000.221*23
$GNRMC,123513.000,A,5619.2203,N,04356.8760,E,0.89,256.92,220626,,,A*7B
$ECEFPOSVEL,123514.000,2552487.430,2460428.509,5284376.078,0000000.180,-0000000.639,-0000000.183*23
$GNRMC,123514.000,A,5619.2202,N,04356.8751,E,1.18,285.31,220626,,,A*71
$ECEFPOSVEL,123515.000,2552487.441,2460428.148,5284375.863,-0000000.002,-0000000.459,-0000000.227*0B
$GNRMC,123515.000,A,5619.2202,N,04356.8749,E,0.00,293.06,220626,,,A*72
$ECEFPOSVEL,123516.000,2552487.461,2460427.900,5284375.551,-0000000.029,-0000000.316,-0000000.265*0E
$GNRMC,123516.000,A,5619.2202,N,04356.8747,E,0.00,293.06,220626,,,A*7F
$ECEFPOSVEL,123517.000,2552487.591,2460427.895,5284375.570,-0000000.114,-0000000.046,-0000000.177*06
$GNRMC,123517.000,A,5619.2202,N,04356.8746,E,0.00,293.06,220626,,,A*7F
$ECEFPOSVEL,123518.000,2552487.591,2460427.895,5284375.570,-0000000.002,0000000.294,0000000.077*03
$GNRMC,123518.000,A,5619.2202,N,04356.8746,E,0.00,293.06,220626,,,A*70
$ECEFPOSVEL,123519.000,2552487.591,2460427.895,5284375.570,0000000.071,-0000000.033,-0000000.109*2C
$GNRMC,123519.000,A,5619.2202,N,04356.8746,E,0.00,293.06,220626,,,A*71
$ECEFPOSVEL,123520.000,2552487.591,2460427.895,5284375.570,0000000.089,-0000000.232,-0000000.128*21
$GNRMC,123520.000,A,5619.2202,N,04356.8746,E,0.00,293.06,220626,,,A*7B
$ECEFPOSVEL,123521.000,2552487.591,2460427.895,5284375.570,0000000.055,-0000000.131,-0000000.076*2B
$GNRMC,123521.000,A,5619.2202,N,04356.8746,E,0.00,293.06,220626,,,A*7A
$ECEFPOSVEL,123522.000,2552487.591,2460427.895,5284375.570,-0000000.026,0000000.113,0000000.164*03
$GNRMC,123522.000,A,5619.2202,N,04356.8746,E,0.00,293.06,220626,,,A*79
$ECEFPOSVEL,123523.000,2552487.591,2460427.895,5284375.570,-0000000.065,0000000.155,0000000.083*0F
$GNRMC,123523.000,A,5619.2202,N,04356.8746,E,0.00,293.06,220626,,,A*78
$ECEFPOSVEL,123524.000,2552487.591,2460427.895,5284375.570,-0000000.103,0000000.145,0000000.051*07
$GNRMC,123524.000,A,5619.2202,N,04356.8746,E,0.00,293.06,220626,,,A*7F
$ECEFPOSVEL,123525.000,2552487.591,2460427.895,5284375.570,-0000000.172,0000000.163,0000000.049*0D
$GNRMC,123525.000,A,5619.2202,N,04356.8746,E,0.00,293.06,220626,,,A*7E
$ECEFPOSVEL,123526.000,2552487.591,2460427.895,5284375.570,-0000000.185,0000000.276,0000000.376*0E
$GNRMC,123526.000,A,5619.2202,N,04356.8746,E,0.00,293.06,220626,,,A*7D
$ECEFPOSVEL,123527.000,2552487.591,2460427.895,5284375.570,0000000.074,0000000.312,0000000.303*2C
$GNRMC,123527.000,A,5619.2202,N,04356.8746,E,0.00,293.06,220626,,,A*7C
$ECEFPOSVEL,123528.000,2552487.591,2460427.895,5284375.570,0000000.081,0000000.200,0000000.139*20
$GNRMC,123528.000,A,5619.2202,N,04356.8746,E,0.00,293.06,220626,,,A*73
$ECEFPOSVEL,123529.000,2552487.591,2460427.895,5284375.570,0000000.092,0000000.073,0000000.087*21
$GNRMC,123529.000,A,5619.2202,N,04356.8746,E,0.00,293.06,220626,,,A*72
$ECEFPOSVEL,123530.000,2552487.591,2460427.895,5284375.570,-0000000.104,-0000000.032,-0000000.011*00
$GNRMC,123530.000,A,5619.2202,N,04356.8746,E,0.00,293.06,220626,,,A*7A
$ECEFPOSVEL,123531.000,2552487.591,2460427.895,5284375.570,-0000000.205,0000000.001,0000000.115*06
$GNRMC,123531.000,A,5619.2202,N,04356.8746,E,0.00,293.06,220626,,,A*7B
$ECEFPOSVEL,123532.000,2552487.591,2460427.895,5284375.570,-0000000.154,0000000.139,0000000.093*07
$GNRMC,123532.000,A,5619.2202,N,04356.8746,E,0.00,293.06,220626,,,A*78
$ECEFPOSVEL,123533.000,2552487.591,2460427.895,5284375.570,-0000000.055,0000000.148,0000000.016*0D
$GNRMC,123533.000,A,5619.2202,N,04356.8746,E,0.00,293.06,220626,,,A*79
$ECEFPOSVEL,123534.000,2552487.591,2460427.895,5284375.570,0000000.037,0000000.074,-0000000.020*05
$GNRMC,123534.000,A,5619.2202,N,04356.8746,E,0.00,293.06,220626,,,A*7E
$ECEFPOSVEL,123535.000,2552487.591,2460427.895,5284375.570,-0000000.042,-0000000.283,0000000.001*22
$GNRMC,123535.000,A,5619.2202,N,04356.8746,E,0.00,293.06,220626,,,A*7F
$ECEFPOSVEL,123536.000,2552487.591,2460427.895,5284375.570,-0000000.014,-0000000.111,0000000.052*2C
$GNRMC,123536.000,A,5619.2202,N,04356.8746,E,0.00,293.06,220626,,,A*7C
$ECEFPOSVEL,123537.000,2552487.591,2460427.895,5284375.570,-0000000.058,-0000000.039,0000000.069*26
$GNRMC,123537.000,A,5619.2202,N,04356.8746,E,0.00,293.06,220626,,,A*7D
$ECEFPOSVEL,123538.000,2552487.591,2460427.895,5284375.570,-0000000.051,-0000000.027,0000000.058*2D
$GNRMC,123538.000,A,5619.2202,N,04356.8746,E,0.00,293.06,220626,,,A*72
$ECEFPOSVEL,123539.000,2552487.591,2460427.895,5284375.570,0000000.030,-0000000.256,0000000.024*09
$GNRMC,123539.000,A,5619.2202,N,04356.8746,E,0.00,293.06,220626,,,A*73
$ECEFPOSVEL,123540.000,2552487.591,2460427.895,5284375.570,-0000000.016,-0000000.487,0000000.005*27
$GNRMC,123540.000,A,5619.2202,N,04356.8746,E,0.87,310.89,220626,,,A*7F
$ECEFPOSVEL,123541.000,2552487.591,2460427.895,5284375.570,-0000000.066,-0000000.378,0000000.052*24
$GNRMC,123541.000,A,5619.2202,N,04356.8746,E,0.00,293.06,220626,,,A*7C
$ECEFPOSVEL,123542.000,2552487.591,2460427.895,5284375.570,-0000000.135,-0000000.011,0000000.117*2C
$GNRMC,123542.000,A,5619.2202,N,04356.8746,E,0.00,293.06,220626,,,A*7F
$ECEFPOSVEL,123543.000,2552487.591,2460427.895,5284375.570,-0000000.150,-0000000.247,-0000000.086*0B
$GNRMC,123543.000,A,5619.2202,N,04356.8746,E,0.00,293.06,220626,,,A*7E
$ECEFPOSVEL,123544.000,2552487.591,2460427.895,5284375.570,-0000000.112,-0000000.402,-0000000.142*04
$GNRMC,123544.000,A,5619.2202,N,04356.8746,E,0.00,293.06,220626,,,A*79
$ECEFPOSVEL,123545.000,2552487.591,2460427.895,5284375.570,-0000000.034,-0000000.569,0000000.055*26
$GNRMC,123545.000,A,5619.2202,N,04356.8746,E,1.05,314.56,220626,,,A*77
$ECEFPOSVEL,123546.000,2552487.591,2460427.895,5284375.570,-0000000.033,-0000000.192,-0000000.075*0D
$GNRMC,123546.000,A,5619.2202,N,04356.8746,E,0.00,293.06,220626,,,A*7B
$ECEFPOSVEL,123547.000,2552487.591,2460427.895,5284375.570,0000000.016,-0000000.092,-0000000.084*29
$GNRMC,123547.000,A,5619.2202,N,04356.8746,E,0.00,293.06,220626,,,A*7A
$ECEFPOSVEL,123548.000,2552487.591,2460427.895,5284375.570,0000000.049,-0000000.236,0000000.007*06
$GNRMC,123548.000,A,5619.2202,N,04356.8746,E,0.00,293.06,220626,,,A*75
$ECEFPOSVEL,123549.000,2552487.591,2460427.895,5284375.570,0000000.083,-0000000.183,-0000000.019*2E
$GNRMC,123549.000,A,5619.2202,N,04356.8746,E,0.00,293.06,220626,,,A*74
$ECEFPOSVEL,123550.000,2552487.591,2460427.895,5284375.570,-0000000.117,-0000000.225,0000000.092*26
$GNRMC,123550.000,A,5619.2202,N,04356.8746,E,0.00,293.06,220626,,,A*7C
$ECEFPOSVEL,123551.000,2552487.591,2460427.895,5284375.570,0000000.078,0000000.140,-0000000.011*09
$GNRMC,123551.000,A,5619.2202,N,04356.8746,E,0.00,293.06,220626,,,A*7D
$ECEFPOSVEL,123552.000,2552487.591,2460427.895,5284375.570,-0000000.069,0000000.175,0000000.092*07
$GNRMC,123552.000,A,5619.2202,N,04356.8746,E,0.00,293.06,220626,,,A*7E
$ECEFPOSVEL,123553.000,2552487.591,2460427.895,5284375.570,-0000000.049,0000000.136,0000000.060*0E
$GNRMC,123553.000,A,5619.2202,N,04356.8746,E,0.00,293.06,220626,,,A*7F
$ECEFPOSVEL,123554.000,2552487.591,2460427.895,5284375.570,0000000.067,-0000000.154,-0000000.117*2D
$GNRMC,123554.000,A,5619.2202,N,04356.8746,E,0.00,293.06,220626,,,A*78
$ECEFPOSVEL,123555.000,2552487.591,2460427.895,5284375.570,0000000.052,-0000000.381,-0000000.107*21
$GNRMC,123555.000,A,5619.2202,N,04356.8746,E,0.00,293.06,220626,,,A*79
$ECEFPOSVEL,123556.000,2552487.591,2460427.895,5284375.570,-0000000.008,-0000000.141,-0000000.001*09
$GNRMC,123556.000,A,5619.2202,N,04356.8746,E,0.00,293.06,220626,,,A*7A
$ECEFPOSVEL,123557.000,2552487.591,2460427.895,5284375.570,-0000000.020,0000000.195,0000000.086*04
$GNRMC,123557.000,A,5619.2202,N,04356.8746,E,0.00,293.06,220626,,,A*7B
$ECEFPOSVEL,123558.000,2552487.591,2460427.895,5284375.570,0000000.065,0000000.179,-0000000.042*00
$GNRMC,123558.000,A,5619.2202,N,04356.8746,E,0.00,293.06,220626,,,A*74
$ECEFPOSVEL,123559.000,2552487.591,2460427.895,5284375.570,0000000.110,0000000.020,-0000000.023*08
$GNRMC,123559.000,A,5619.2202,N,04356.8746,E,0.00,293.06,220626,,,A*75
$ECEFPOSVEL,123600.000,2552487.591,2460427.895,5284375.570,0000000.063,-0000000.120,0000000.055*02
$GNRMC,123600.000,A,5619.2202,N,04356.8746,E,0.00,293.06,220626,,,A*7A
$ECEFPOSVEL,123601.000,2552487.591,2460427.895,5284375.570,-0000000.065,-0000000.029,0000000.062*24
$GNRMC,123601.000,A,5619.2202,N,04356.8746,E,0.00,293.06,220626,,,A*7B
$ECEFPOSVEL,123602.000,2552487.591,2460427.895,5284375.570,-0000000.140,0000000.169,0000000.089*0C
$GNRMC,123602.000,A,5619.2202,N,04356.8746,E,0.00,293.06,220626,,,A*78
$ECEFPOSVEL,123603.000,2552487.591,2460427.895,5284375.570,0000000.015,0000000.214,0000000.148*24
$GNRMC,123603.000,A,5619.2202,N,04356.8746,E,0.00,293.06,220626,,,A*79
$ECEFPOSVEL,123604.000,2552487.591,2460427.895,5284375.570,-0000000.023,0000000.296,0000000.125*0A
$GNRMC,123604.000,A,5619.2202,N,04356.8746,E,0.00,293.06,220626,,,A*7E
$ECEFPOSVEL,123605.000,2552487.591,2460427.895,5284375.570,0000000.029,0000000.180,0000000.276*2D
$GNRMC,123605.000,A,5619.2202,N,04356.8746,E,0.00,293.06,220626,,,A*7F
$ECEFPOSVEL,123606.000,2552487.591,2460427.895,5284375.570,0000000.007,0000000.111,-0000000.032*05
$GNRMC,123606.000,A,5619.2202,N,04356.8746,E,0.00,293.06,220626,,,A*7C
$ECEFPOSVEL,123607.000,2552487.591,2460427.895,5284375.570,-0000000.054,-0000000.181,-0000000.030*09
$GNRMC,123607.000,A,5619.2202,N,04356.8746,E,0.00,293.06,220626,,,A*7D
$ECEFPOSVEL,123608.000,2552487.591,2460427.895,5284375.570,0000000.026,-0000000.247,-0000000.006*22
$GNRMC,123608.000,A,5619.2202,N,04356.8746,E,0.00,293.06,220626,,,A*72
$ECEFPOSVEL,123609.000,2552487.591,2460427.895,5284375.570,0000000.059,-0000000.181,-0000000.007*23
$GNRMC,123609.000,A,5619.2202,N,04356.8746,E,0.00,293.06,220626,,,A*73
$ECEFPOSVEL,123610.000,2552487.591,2460427.895,5284375.570,0000000.003,-0000000.107,0000000.003*03
$GNRMC,123610.000,A,5619.2202,N,04356.8746,E,0.00,293.06,220626,,,A*7B
$ECEFPOSVEL,123611.000,2552487.591,2460427.895,5284375.570,-0000000.110,0000000.185,-0000000.042*23
$GNRMC,123611.000,A,5619.2202,N,04356.8746,E,0.00,293.06,220626,,,A*7A
$ECEFPOSVEL,123612.000,2552487.591,2460427.895,5284375.570,-0000000.087,0000000.079,0000000.036*03
$GNRMC,123612.000,A,5619.2202,N,04356.8746,E,0.00,293.06,220626,,,A*79
$ECEFPOSVEL,123613.000,2552487.591,2460427.895,5284375.570,-0000000.006,0000000.049,0000000.125*0B
$GNRMC,123613.000,A,5619.2202,N,04356.8746,E,0.00,293.06,220626,,,A*78
$ECEFPOSVEL,123614.000,2552487.591,2460427.895,5284375.570,-0000000.036,-0000000.002,0000000.101*2B
$GNRMC,123614.000,A,5619.2202,N,04356.8746,E,0.00,293.06,220626,,,A*7F
$ECEFPOSVEL,123615.000,2552487.591,2460427.895,5284375.570,0000000.042,0000000.095,0000000.045*26
$GNRMC,123615.000,A,5619.2202,N,04356.8746,E,0.00,293.06,220626,,,A*7E
$ECEFPOSVEL,123616.000,2552487.591,2460427.895,5284375.570,-0000000.021,0000000.093,0000000.097*04
$GNRMC,123616.000,A,5619.2202,N,04356.8746,E,0.00,293.06,220626,,,A*7D
$ECEFPOSVEL,123617.000,2552487.591,2460427.895,5284375.570,-0000000.198,0000000.181,0000000.207*0F
$GNRMC,123617.000,A,5619.2202,N,04356.8746,E,0.00,293.06,220626,,,A*7C
$ECEFPOSVEL,123618.000,2552487.591,2460427.895,5284375.570,-0000000.173,0000000.618,0000000.122*06
$GNRMC,123618.000,A,5619.2202,N,04356.8746,E,1.16,108.23,220626,,,A*73
$ECEFPOSVEL,123619.000,2552487.305,2460426.937,5284376.497,-0000000.080,0000000.983,0000000.198*0E
$GNRMC,123619.000,A,5619.2209,N,04356.8741,E,1.68,118.21,220626,,,A*74
$ECEFPOSVEL,123620.000,2552487.238,2460427.468,5284376.636,-0000000.092,0000000.413,0000000.206*07
$GNRMC,123620.000,A,5619.2208,N,04356.8745,E,0.00,100.81,220626,,,A*77
$ECEFPOSVEL,123621.000,2552487.171,2460427.879,5284376.768,-0000000.091,0000000.181,-0000000.010*2B
$GNRMC,123621.000,A,5619.2207,N,04356.8749,E,0.00,100.81,220626,,,A*75
$ECEFPOSVEL,123622.000,2552487.108,2460427.922,5284376.794,-0000000.072,0000000.193,-0000000.001*24
$GNRMC,123622.000,A,5619.2207,N,04356.8749,E,0.00,100.81,220626,,,A*76
$ECEFPOSVEL,123623.000,2552487.108,2460427.922,5284376.794,-0000000.105,0000000.222,0000000.052*06
$GNRMC,123623.000,A,5619.2207,N,04356.8749,E,0.00,100.81,220626,,,A*77
$ECEFPOSVEL,123624.000,2552487.108,2460427.922,5284376.794,-0000000.051,0000000.124,-0000000.008*26
$GNRMC,123624.000,A,5619.2207,N,04356.8749,E,0.00,100.81,220626,,,A*70
$ECEFPOSVEL,123625.000,2552487.108,2460427.922,5284376.794,0000000.140,-0000000.432,0000000.038*0A
$GNRMC,123625.000,A,5619.2207,N,04356.8749,E,0.87,294.62,220626,,,A*7D
$ECEFPOSVEL,123626.000,2552486.756,2460428.244,5284376.720,0000000.158,-0000000.410,-0000000.010*20
$GNRMC,123626.000,A,5619.2207,N,04356.8754,E,0.85,288.67,220626,,,A*78
$ECEFPOSVEL,123627.000,2552486.629,2460427.873,5284376.829,0000000.120,-0000000.516,0000000.036*0E
$GNRMC,123627.000,A,5619.2209,N,04356.8752,E,0.93,298.46,220626,,,A*74
$ECEFPOSVEL,123628.000,2552486.729,2460427.117,5284376.965,0000000.244,-0000000.731,0000000.056*02
$GNRMC,123628.000,A,5619.2211,N,04356.8746,E,1.48,293.80,220626,,,A*71
$ECEFPOSVEL,123629.000,2552486.691,2460427.287,5284376.891,0000000.052,-0000000.781,-0000000.049*2C
$GNRMC,123629.000,A,5619.2211,N,04356.8748,E,1.39,303.28,220626,,,A*72
$ECEFPOSVEL,123630.000,2552486.555,2460426.678,5284376.941,-0000000.289,-0000000.639,0000000.071*2B
$GNRMC,123630.000,A,5619.2213,N,04356.8744,E,1.24,335.92,220626,,,A*7C
$ECEFPOSVEL,123631.000,2552486.294,2460426.233,5284376.864,-0000000.159,-0000000.533,-0000000.090*08
$GNRMC,123631.000,A,5619.2215,N,04356.8743,E,0.87,322.21,220626,,,A*7A
$ECEFPOSVEL,123632.000,2552485.980,2460425.938,5284376.678,-0000000.146,-0000000.476,-0000000.159*0C
$GNRMC,123632.000,A,5619.2217,N,04356.8743,E,0.00,318.66,220626,,,A*7E
$ECEFPOSVEL,123633.000,2552485.678,2460425.646,5284376.477,-0000000.158,-0000000.430,-0000000.183*04
$GNRMC,123633.000,A,5619.2218,N,04356.8743,E,0.00,320.28,220626,,,A*71
$ECEFPOSVEL,123634.000,2552485.454,2460425.384,5284376.257,-0000000.066,-0000000.323,-0000000.277*01
$GNRMC,123634.000,A,5619.2219,N,04356.8743,E,0.00,320.28,220626,,,A*77
$ECEFPOSVEL,123635.000,2552485.454,2460425.384,5284376.257,0000000.015,-0000000.246,-0000000.193*22
$GNRMC,123635.000,A,5619.2219,N,04356.8743,E,0.00,320.28,220626,,,A*76
$ECEFPOSVEL,123636.000,2552485.454,2460425.384,5284376.257,0000000.044,-0000000.198,-0000000.135*29
$GNRMC,123636.000,A,5619.2219,N,04356.8743,E,0.00,320.28,220626,,,A*75
$ECEFPOSVEL,123637.000,2552485.454,2460425.384,5284376.257,0000000.014,0000000.000,-0000000.190*0F
$GNRMC,123637.000,A,5619.2219,N,04356.8743,E,0.00,320.28,220626,,,A*74
$ECEFPOSVEL,123638.000,2552485.454,2460425.384,5284376.257,-0000000.108,0000000.138,-0000000.124*24
$GNRMC,123638.000,A,5619.2219,N,04356.8743,E,0.00,320.28,220626,,,A*7B
$ECEFPOSVEL,123639.000,2552485.454,2460425.384,5284376.257,-0000000.212,0000000.191,-0000000.058*24
$GNRMC,123639.000,A,5619.2219,N,04356.8743,E,0.00,320.28,220626,,,A*7A
$ECEFPOSVEL,123640.000,2552485.454,2460425.384,5284376.257,-0000000.159,0000000.200,-0000000.064*22
$GNRMC,123640.000,A,5619.2219,N,04356.8743,E,0.00,320.28,220626,,,A*74
$ECEFPOSVEL,123641.000,2552485.454,2460425.384,5284376.257,-0000000.220,0000000.194,0000000.173*0A
$GNRMC,123641.000,A,5619.2219,N,04356.8743,E,0.00,320.28,220626,,,A*75
$ECEFPOSVEL,123642.000,2552485.454,2460425.384,5284376.257,-0000000.236,0000000.382,0000000.238*07
$GNRMC,123642.000,A,5619.2219,N,04356.8743,E,0.86,83.16,220626,,,A*4F
$ECEFPOSVEL,123643.000,2552485.454,2460425.384,5284376.257,-0000000.003,0000000.145,0000000.029*09
$GNRMC,123643.000,A,5619.2219,N,04356.8743,E,0.00,320.28,220626,,,A*77
$ECEFPOSVEL,123644.000,2552485.454,2460425.384,5284376.257,0000000.088,-0000000.154,0000000.018*0F
$GNRMC,123644.000,A,5619.2219,N,04356.8743,E,0.00,320.28,220626,,,A*70
$ECEFPOSVEL,123645.000,2552485.454,2460425.384,5284376.257,0000000.201,-0000000.129,-0000000.081*2A
$GNRMC,123645.000,A,5619.2219,N,04356.8743,E,0.00,320.28,220626,,,A*71
$ECEFPOSVEL,123646.000,2552485.454,2460425.384,5284376.257,0000000.138,-0000000.115,-0000000.053*20
$GNRMC,123646.000,A,5619.2219,N,04356.8743,E,0.00,320.28,220626,,,A*72
$ECEFPOSVEL,123647.000,2552485.454,2460425.384,5284376.257,0000000.111,-0000000.071,-0000000.047*2C
$GNRMC,123647.000,A,5619.2219,N,04356.8743,E,0.00,320.28,220626,,,A*73
$ECEFPOSVEL,123648.000,2552485.454,2460425.384,5284376.257,0000000.071,0000000.009,-0000000.054*04
$GNRMC,123648.000,A,5619.2219,N,04356.8743,E,0.00,320.28,220626,,,A*7C
$ECEFPOSVEL,123649.000,2552485.454,2460425.384,5284376.257,-0000000.059,0000000.068,-0000000.008*2C
$GNRMC,123649.000,A,5619.2219,N,04356.8743,E,0.00,320.28,220626,,,A*7D
$ECEFPOSVEL,123650.000,2552485.454,2460425.384,5284376.257,-0000000.252,0000000.350,0000000.198*00
$GNRMC,123650.000,A,5619.2219,N,04356.8743,E,0.84,82.19,220626,,,A*40
$ECEFPOSVEL,123651.000,2552485.454,2460425.384,5284376.257,-0000000.097,0000000.159,0000000.132*01
$GNRMC,123651.000,A,5619.2219,N,04356.8743,E,0.00,320.28,220626,,,A*74
$ECEFPOSVEL,123652.000,2552485.454,2460425.384,5284376.257,-0000000.117,-0000000.078,-0000000.022*09
$GNRMC,123652.000,A,5619.2219,N,04356.8743,E,0.00,320.28,220626,,,A*77
$ECEFPOSVEL,123653.000,2552485.454,2460425.384,5284376.257,0000000.394,-0000000.365,-0000000.283*2A
$GNRMC,123653.000,A,5619.2219,N,04356.8743,E,1.10,251.28,220626,,,A*71
$ECEFPOSVEL,123654.000,2552484.349,2460427.318,5284376.370,0000000.348,-0000000.313,-0000000.347*2D
$GNRMC,123654.000,A,5619.2217,N,04356.8764,E,1.00,244.70,220626,,,A*75
$ECEFPOSVEL,123655.000,2552484.299,2460427.179,5284376.142,0000000.135,-0000000.249,-0000000.291*2A
$GNRMC,123655.000,A,5619.2216,N,04356.8763,E,0.00,244.70,220626,,,A*73
$ECEFPOSVEL,123656.000,2552484.408,2460427.085,5284376.189,0000000.104,-0000000.223,-0000000.157*25
$GNRMC,123656.000,A,5619.2217,N,04356.8762,E,0.00,244.70,220626,,,A*70
$ECEFPOSVEL,123657.000,2552484.578,2460426.917,5284375.977,0000000.049,-0000000.039,-0000000.002*2B
$GNRMC,123657.000,A,5619.2216,N,04356.8759,E,0.00,244.70,220626,,,A*78
$ECEFPOSVEL,123658.000,2552484.578,2460426.917,5284375.977,-0000000.062,0000000.077,0000000.030*0B
$GNRMC,123658.000,A,5619.2216,N,04356.8759,E,0.00,244.70,220626,,,A*77
$ECEFPOSVEL,123659.000,2552484.578,2460426.917,5284375.977,-0000000.102,0000000.195,0000000.024*05
$GNRMC,123659.000,A,5619.2216,N,04356.8759,E,0.00,244.70,220626,,,A*76
$ECEFPOSVEL,123700.000,2552484.578,2460426.917,5284375.977,-0000000.107,0000000.229,0000000.006*09
$GNRMC,123700.000,A,5619.2216,N,04356.8759,E,0.00,244.70,220626,,,A*7B
$ECEFPOSVEL,123701.000,2552484.578,2460426.917,5284375.977,-0000000.266,0000000.306,0000000.046*04
$GNRMC,123701.000,A,5619.2216,N,04356.8759,E,0.79,88.89,220626,,,A*40
$ECEFPOSVEL,123702.000,2552484.578,2460426.917,5284375.977,0000000.145,0000000.106,-0000000.063*00
$GNRMC,123702.000,A,5619.2216,N,04356.8759,E,0.00,244.70,220626,,,A*79
$ECEFPOSVEL,123703.000,2552484.578,2460426.917,5284375.977,0000000.044,0000000.104,-0000000.055*06
$GNRMC,123703.000,A,5619.2216,N,04356.8759,E,0.00,244.70,220626,,,A*78
$ECEFPOSVEL,123704.000,2552484.578,2460426.917,5284375.977,0000000.017,0000000.012,-0000000.011*01
$GNRMC,123704.000,A,5619.2216,N,04356.8759,E,0.00,244.70,220626,,,A*7F
$ECEFPOSVEL,123705.000,2552484.578,2460426.917,5284375.977,0000000.139,-0000000.295,-0000000.054*2C
$GNRMC,123705.000,A,5619.2216,N,04356.8759,E,0.00,244.70,220626,,,A*7E
$ECEFPOSVEL,123706.000,2552484.578,2460426.917,5284375.977,0000000.196,0000000.073,0000000.062*25
$GNRMC,123706.000,A,5619.2216,N,04356.8759,E,0.00,244.70,220626,,,A*7D
$ECEFPOSVEL,123707.000,2552484.578,2460426.917,5284375.977,-0000000.074,-0000000.021,-0000000.051*03
$GNRMC,123707.000,A,5619.2216,N,04356.8759,E,0.00,244.70,220626,,,A*7C
$ECEFPOSVEL,123708.000,2552484.578,2460426.917,5284375.977,-0000000.024,-0000000.042,-0000000.107*0E
$GNRMC,123708.000,A,5619.2216,N,04356.8759,E,0.00,244.70,220626,,,A*73
$ECEFPOSVEL,123709.000,2552484.578,2460426.917,5284375.977,0000000.067,-0000000.164,-0000000.022*26
$GNRMC,123709.000,A,5619.2216,N,04356.8759,E,0.00,244.70,220626,,,A*72
$ECEFPOSVEL,123710.000,2552484.578,2460426.917,5284375.977,0000000.052,-0000000.148,-0000000.029*2D
$GNRMC,123710.000,A,5619.2216,N,04356.8759,E,0.00,244.70,220626,,,A*7A
$ECEFPOSVEL,123711.000,2552484.578,2460426.917,5284375.977,0000000.066,-0000000.154,-0000000.021*2E
$GNRMC,123711.000,A,5619.2216,N,04356.8759,E,0.00,244.70,220626,,,A*7B
$ECEFPOSVEL,123712.000,2552484.578,2460426.917,5284375.977,0000000.007,-0000000.123,0000000.007*03
$GNRMC,123712.000,A,5619.2216,N,04356.8759,E,0.00,244.70,220626,,,A*78
$ECEFPOSVEL,123713.000,2552484.578,2460426.917,5284375.977,0000000.069,-0000000.051,-0000000.021*27
$GNRMC,123713.000,A,5619.2216,N,04356.8759,E,0.00,244.70,220626,,,A*79
$ECEFPOSVEL,123714.000,2552484.578,2460426.917,5284375.977,-0000000.019,0000000.053,0000000.000*0B
$GNRMC,123714.000,A,5619.2216,N,04356.8759,E,0.00,244.70,220626,,,A*7E
$ECEFPOSVEL,123715.000,2552484.578,2460426.917,5284375.977,0000000.020,0000000.086,-0000000.001*09
$GNRMC,123715.000,A,5619.2216,N,04356.8759,E,0.00,244.70,220626,,,A*7F
$ECEFPOSVEL,123716.000,2552484.578,2460426.917,5284375.977,0000000.026,0000000.077,-0000000.015*07
$GNRMC,123716.000,A,5619.2216,N,04356.8759,E,0.00,244.70,220626,,,A*7C
$ECEFPOSVEL,123717.000,2552484.578,2460426.917,5284375.977,0000000.167,0000000.072,-0000000.096*0C
$GNRMC,123717.000,A,5619.2216,N,04356.8759,E,0.00,244.70,220626,,,A*7D
$ECEFPOSVEL,123718.000,2552484.578,2460426.917,5284375.977,-0000000.054,-0000000.232,-0000000.149*07
$GNRMC,123718.000,A,5619.2216,N,04356.8759,E,0.00,244.70,220626,,,A*72
$ECEFPOSVEL,123719.000,2552484.578,2460426.917,5284375.977,-0000000.016,0000000.147,0000000.086*03
$GNRMC,123719.000,A,5619.2216,N,04356.8759,E,0.00,244.70,220626,,,A*73
$ECEFPOSVEL,123720.000,2552484.578,2460426.917,5284375.977,-0000000.088,0000000.034,-0000000.004*2C
$GNRMC,123720.000,A,5619.2216,N,04356.8759,E,0.00,244.70,220626,,,A*79
$ECEFPOSVEL,123721.000,2552484.578,2460426.917,5284375.977,-0000000.063,0000000.065,-0000000.009*21
$GNRMC,123721.000,A,5619.2216,N,04356.8759,E,0.00,244.70,220626,,,A*78
$ECEFPOSVEL,123722.000,2552484.578,2460426.917,5284375.977,-0000000.074,0000000.102,-0000000.044*2D
$GNRMC,123722.000,A,5619.2216,N,04356.8759,E,0.00,244.70,220626,,,A*7B
$ECEFPOSVEL,123723.000,2552484.578,2460426.917,5284375.977,0000000.061,0000000.213,0000000.202*2B
$GNRMC,123723.000,A,5619.2216,N,04356.8759,E,0.00,244.70,220626,,,A*7A
$ECEFPOSVEL,123724.000,2552484.578,2460426.917,5284375.977,0000000.102,0000000.316,0000000.347*2C
$GNRMC,123724.000,A,5619.2216,N,04356.8759,E,0.00,244.70,220626,,,A*7D
$ECEFPOSVEL,123725.000,2552484.578,2460426.917,5284375.977,0000000.053,0000000.349,0000000.389*20
$GNRMC,123725.000,A,5619.2216,N,04356.8759,E,0.00,244.70,220626,,,A*7C
$ECEFPOSVEL,123726.000,2552484.578,2460426.917,5284375.977,0000000.076,0000000.291,0000000.176*22
$GNRMC,123726.000,A,5619.2216,N,04356.8759,E,0.00,244.70,220626,,,A*7F
$ECEFPOSVEL,123727.000,2552484.578,2460426.917,5284375.977,-0000000.002,0000000.319,0000000.072*09
$GNRMC,123727.000,A,5619.2216,N,04356.8759,E,0.00,244.70,220626,,,A*7E
$ECEFPOSVEL,123728.000,2552484.578,2460426.917,5284375.977,-0000000.117,0000000.259,0000000.070*04
$GNRMC,123728.000,A,5619.2216,N,04356.8759,E,0.00,244.70,220626,,,A*71
$ECEFPOSVEL,123729.000,2552484.578,2460426.917,5284375.977,-0000000.165,0000000.215,0000000.069*00
$GNRMC,123729.000,A,5619.2216,N,04356.8759,E,0.00,244.70,220626,,,A*70
$ECEFPOSVEL,123730.000,2552484.578,2460426.917,5284375.977,-0000000.186,0000000.191,0000000.162*00
$GNRMC,123730.000,A,5619.2216,N,04356.8759,E,0.00,244.70,220626,,,A*78
$ECEFPOSVEL,123731.000,2552484.578,2460426.917,5284375.977,-0000000.170,0000000.138,0000000.083*05
$GNRMC,123731.000,A,5619.2216,N,04356.8759,E,0.00,244.70,220626,,,A*79
$ECEFPOSVEL,123732.000,2552484.578,2460426.917,5284375.977,0000000.251,-0000000.281,-0000000.163*25
$GNRMC,123732.000,A,5619.2216,N,04356.8759,E,0.00,244.70,220626,,,A*7A
$ECEFPOSVEL,123733.000,2552484.578,2460426.917,5284375.977,0000000.344,-0000000.170,-0000000.280*22
$GNRMC,123733.000,A,5619.2216,N,04356.8759,E,0.87,233.92,220626,,,A*78
$ECEFPOSVEL,123734.000,2552484.578,2460426.917,5284375.977,0000000.147,-0000000.095,-0000000.086*2A
$GNRMC,123734.000,A,5619.2216,N,04356.8759,E,0.00,244.70,220626,,,A*7C
$ECEFPOSVEL,123735.000,2552484.578,2460426.917,5284375.977,-0000000.182,0000000.189,0000000.148*00
$GNRMC,123735.000,A,5619.2216,N,04356.8759,E,0.00,244.70,220626,,,A*7D
$ECEFPOSVEL,123736.000,2552484.578,2460426.917,5284375.977,-0000000.086,-0000000.041,0000000.099*23
$GNRMC,123736.000,A,5619.2216,N,04356.8759,E,0.00,244.70,220626,,,A*7E
$ECEFPOSVEL,123737.000,2552484.578,2460426.917,5284375.977,0000000.204,-0000000.139,-0000000.033*24
$GNRMC,123737.000,A,5619.2216,N,04356.8759,E,0.00,244.70,220626,,,A*7F
$ECEFPOSVEL,123738.000,2552484.578,2460426.917,5284375.977,0000000.160,-0000000.142,-0000000.005*23
$GNRMC,123738.000,A,5619.2216,N,04356.8759,E,0.00,244.70,220626,,,A*70
$ECEFPOSVEL,123739.000,2552484.578,2460426.917,5284375.977,0000000.054,-0000000.040,0000000.011*0F
$GNRMC,123739.000,A,5619.2216,N,04356.8759,E,0.00,244.70,220626,,,A*71
$ECEFPOSVEL,123740.000,2552484.578,2460426.917,5284375.977,-0000000.148,0000000.089,0000000.065*0B
$GNRMC,123740.000,A,5619.2216,N,04356.8759,E,0.00,244.70,220626,,,A*7F
$ECEFPOSVEL,123741.000,2552484.578,2460426.917,5284375.977,-0000000.484,0000000.492,0000000.366*01
$GNRMC,123741.000,A,5619.2216,N,04356.8759,E,1.40,73.21,220626,,,A*49
$ECEFPOSVEL,123742.000,2552484.578,2460426.917,5284375.977,-0000000.206,0000000.294,0000000.252*08
$GNRMC,123742.000,A,5619.2216,N,04356.8759,E,0.00,244.70,220626,,,A*7D
$ECEFPOSVEL,123743.000,2552484.578,2460426.917,5284375.977,0000000.049,-0000000.196,-0000000.071*2F
$GNRMC,123743.000,A,5619.2216,N,04356.8759,E,0.00,244.70,220626,,,A*7C
$ECEFPOSVEL,123744.000,2552484.578,2460426.917,5284375.977,0000000.238,-0000000.277,-0000000.338*2E
$GNRMC,123744.000,A,5619.2216,N,04356.8759,E,0.78,244.92,220626,,,A*78
$ECEFPOSVEL,123745.000,2552485.252,2460429.517,5284375.727,0000000.314,-0000000.236,-0000000.212*2A
$GNRMC,123745.000,A,5619.2205,N,04356.8773,E,0.82,246.41,220626,,,A*7A
$ECEFPOSVEL,123746.000,2552485.448,2460429.416,5284375.588,0000000.432,-0000000.361,-0000000.279*2E
$GNRMC,123746.000,A,5619.2204,N,04356.8771,E,1.16,249.90,220626,,,A*75
$ECEFPOSVEL,123747.000,2552485.841,2460429.130,5284375.398,0000000.326,-0000000.532,-0000000.166*23
$GNRMC,123747.000,A,5619.2203,N,04356.8766,E,1.18,271.87,220626,,,A*76
$ECEFPOSVEL,123748.000,2552486.088,2460428.614,5284375.278,0000000.194,-0000000.476,-0000000.113*25
$GNRMC,123748.000,A,5619.2204,N,04356.8761,E,0.94,281.36,220626,,,A*79
$ECEFPOSVEL,123749.000,2552486.268,2460428.232,5284375.146,0000000.193,-0000000.427,-0000000.141*22
$GNRMC,123749.000,A,5619.2204,N,04356.8757,E,0.86,276.82,220626,,,A*79
$ECEFPOSVEL,123750.000,2552486.335,2460427.871,5284375.061,0000000.164,-0000000.424,-0000000.131*29
$GNRMC,123750.000,A,5619.2205,N,04356.8754,E,0.83,280.02,220626,,,A*77
$ECEFPOSVEL,123751.000,2552486.433,2460427.739,5284374.999,0000000.378,-0000000.410,-0000000.141*2A
$GNRMC,123751.000,A,5619.2204,N,04356.8753,E,1.09,263.11,220626,,,A*7C
$ECEFPOSVEL,123752.000,2552486.776,2460427.315,5284374.892,0000000.341,-0000000.413,-0000000.125*20
$GNRMC,123752.000,A,5619.2204,N,04356.8747,E,1.04,266.18,220626,,,A*7B
$ECEFPOSVEL,123753.000,2552487.109,2460426.795,5284374.819,0000000.332,-0000000.469,-0000000.101*2F
$GNRMC,123753.000,A,5619.2205,N,04356.8741,E,1.10,271.57,220626,,,A*75
$ECEFPOSVEL,123754.000,2552487.168,2460426.573,5284374.716,0000000.204,-0000000.342,-0000000.111*2E
$GNRMC,123754.000,A,5619.2205,N,04356.8740,E,0.00,272.04,220626,,,A*76
$ECEFPOSVEL,123755.000,2552487.159,2460426.323,5284374.662,0000000.099,-0000000.267,-0000000.097*23
$GNRMC,123755.000,A,5619.2205,N,04356.8738,E,0.00,272.04,220626,,,A*78
$ECEFPOSVEL,123756.000,2552487.300,2460426.205,5284374.603,0000000.005,-0000000.126,-0000000.056*22
$GNRMC,123756.000,A,5619.2205,N,04356.8736,E,0.00,272.04,220626,,,A*75
$ECEFPOSVEL,123757.000,2552487.300,2460426.205,5284374.603,0000000.122,-0000000.434,-0000000.084*2E
$GNRMC,123757.000,A,5619.2205,N,04356.8736,E,0.81,288.22,220626,,,A*7C
$ECEFPOSVEL,123758.000,2552487.300,2460426.205,5284374.603,0000000.165,-0000000.358,-0000000.236*24
$GNRMC,123758.000,A,5619.2205,N,04356.8736,E,0.00,272.04,220626,,,A*7B
$ECEFPOSVEL,123759.000,2552487.300,2460426.205,5284374.603,0000000.164,-0000000.222,-0000000.146*2C
$GNRMC,123759.000,A,5619.2205,N,04356.8736,E,0.00,272.04,220626,,,A*7A
$ECEFPOSVEL,123800.000,2552487.300,2460426.205,5284374.603,-0000000.124,0000000.038,0000000.038*07
$GNRMC,123800.000,A,5619.2205,N,04356.8736,E,0.00,272.04,220626,,,A*79
$ECEFPOSVEL,123801.000,2552487.300,2460426.205,5284374.603,-0000000.145,0000000.166,0000000.081*09
$GNRMC,123801.000,A,5619.2205,N,04356.8736,E,0.00,272.04,220626,,,A*78
$ECEFPOSVEL,123802.000,2552487.300,2460426.205,5284374.603,-0000000.116,0000000.160,0000000.046*01
$GNRMC,123802.000,A,5619.2205,N,04356.8736,E,0.00,272.04,220626,,,A*7B
$ECEFPOSVEL,123803.000,2552487.300,2460426.205,5284374.603,-0000000.025,0000000.068,0000000.029*01
$GNRMC,123803.000,A,5619.2205,N,04356.8736,E,0.00,272.04,220626,,,A*7A
$ECEFPOSVEL,123804.000,2552487.300,2460426.205,5284374.603,-0000000.005,-0000000.051,0000000.017*2E
$GNRMC,123804.000,A,5619.2205,N,04356.8736,E,0.00,272.04,220626,,,A*7D
$ECEFPOSVEL,123805.000,2552487.300,2460426.205,5284374.603,-0000000.062,0000000.091,-0000000.037*20
$GNRMC,123805.000,A,5619.2205,N,04356.8736,E,0.00,272.04,220626,,,A*7C
$ECEFPOSVEL,123806.000,2552487.300,2460426.205,5284374.603,-0000000.141,0000000.188,0000000.094*0E
$GNRMC,123806.000,A,5619.2205,N,04356.8736,E,0.00,272.04,220626,,,A*7F
$ECEFPOSVEL,123807.000,2552487.300,2460426.205,5284374.603,-0000000.166,0000000.229,0000000.115*0A
$GNRMC,123807.000,A,5619.2205,N,04356.8736,E,0.00,272.04,220626,,,A*7E
$ECEFPOSVEL,123808.000,2552487.300,2460426.205,5284374.603,-0000000.064,0000000.094,0000000.102*04
$GNRMC,123808.000,A,5619.2205,N,04356.8736,E,0.00,272.04,220626,,,A*71
$ECEFPOSVEL,123809.000,2552487.300,2460426.205,5284374.603,-0000000.039,0000000.027,0000000.077*06
$GNRMC,123809.000,A,5619.2205,N,04356.8736,E,0.00,272.04,220626,,,A*70
$ECEFPOSVEL,123810.000,2552487.300,2460426.205,5284374.603,-0000000.172,0000000.008,-0000000.057*22
$GNRMC,123810.000,A,5619.2205,N,04356.8736,E,0.00,272.04,220626,,,A*78
$ECEFPOSVEL,123811.000,2552487.300,2460426.205,5284374.603,-0000000.170,0000000.153,-0000000.061*2B
$GNRMC,123811.000,A,5619.2205,N,04356.8736,E,0.00,272.04,220626,,,A*79
$ECEFPOSVEL,123812.000,2552487.300,2460426.205,5284374.603,-0000000.221,0000000.190,0000000.001*0B
$GNRMC,123812.000,A,5619.2205,N,04356.8736,E,0.00,272.04,220626,,,A*7A
$ECEFPOSVEL,123813.000,2552487.300,2460426.205,5284374.603,-0000000.142,0000000.134,0000000.009*0A
$GNRMC,123813.000,A,5619.2205,N,04356.8736,E,0.00,272.04,220626,,,A*7B
$ECEFPOSVEL,123814.000,2552487.300,2460426.205,5284374.603,-0000000.059,-0000000.032,0000000.125*23
$GNRMC,123814.000,A,5619.2205,N,04356.8736,E,0.00,272.04,220626,,,A*7C
$ECEFPOSVEL,123815.000,2552487.300,2460426.205,5284374.603,-0000000.166,0000000.144,-0000000.049*24
$GNRMC,123815.000,A,5619.2205,N,04356.8736,E,0.00,272.04,220626,,,A*7D
$ECEFPOSVEL,123816.000,2552487.300,2460426.205,5284374.603,-0000000.081,0000000.054,-0000000.042*24
$GNRMC,123816.000,A,5619.2205,N,04356.8736,E,0.00,272.04,220626,,,A*7E
$ECEFPOSVEL,123817.000,2552487.300,2460426.205,5284374.603,-0000000.079,0000000.130,-0000000.046*25
$GNRMC,123817.000,A,5619.2205,N,04356.8736,E,0.00,272.04,220626,,,A*7F
$ECEFPOSVEL,123818.000,2552487.300,2460426.205,5284374.603,-0000000.196,0000000.238,-0000000.016*24
$GNRMC,123818.000,A,5619.2205,N,04356.8736,E,0.00,272.04,220626,,,A*70
$ECEFPOSVEL,123819.000,2552487.300,2460426.205,5284374.603,-0000000.019,0000000.010,0000000.051*05
$GNRMC,123819.000,A,5619.2205,N,04356.8736,E,0.00,272.04,220626,,,A*71
$ECEFPOSVEL,123820.000,2552487.300,2460426.205,5284374.603,0000000.015,-0000000.176,-0000000.016*2C
$GNRMC,123820.000,A,5619.2205,N,04356.8736,E,0.00,272.04,220626,,,A*7B
$ECEFPOSVEL,123821.000,2552487.300,2460426.205,5284374.603,-0000000.033,-0000000.009,0000000.180*2E
$GNRMC,123821.000,A,5619.2205,N,04356.8736,E,0.00,272.04,220626,,,A*7A
$ECEFPOSVEL,123822.000,2552487.300,2460426.205,5284374.603,-0000000.180,0000000.106,0000000.133*0F
$GNRMC,123822.000,A,5619.2205,N,04356.8736,E,0.00,272.04,220626,,,A*79
$ECEFPOSVEL,123823.000,2552487.300,2460426.205,5284374.603,-0000000.235,0000000.104,0000000.104*05
$GNRMC,123823.000,A,5619.2205,N,04356.8736,E,0.00,272.04,220626,,,A*78
$ECEFPOSVEL,123824.000,2552487.300,2460426.205,5284374.603,-0000000.238,0000000.037,0000000.065*08
$GNRMC,123824.000,A,5619.2205,N,04356.8736,E,0.00,272.04,220626,,,A*7F
$ECEFPOSVEL,123825.000,2552487.300,2460426.205,5284374.603,-0000000.147,0000000.063,0000000.186*0F
$GNRMC,123825.000,A,5619.2205,N,04356.8736,E,0.00,272.04,220626,,,A*7E
$ECEFPOSVEL,123826.000,2552487.300,2460426.205,5284374.603,0000000.189,-0000000.081,-0000000.120*23
$GNRMC,123826.000,A,5619.2205,N,04356.8736,E,0.00,272.04,220626,,,A*7D
$ECEFPOSVEL,123827.000,2552487.300,2460426.205,5284374.603,0000000.154,-0000000.274,-0000000.113*2A
$GNRMC,123827.000,A,5619.2205,N,04356.8736,E,0.00,272.04,220626,,,A*7C
$ECEFPOSVEL,123828.000,2552487.300,2460426.205,5284374.603,0000000.214,-0000000.166,-0000000.232*22
$GNRMC,123828.000,A,5619.2205,N,04356.8736,E,0.00,272.04,220626,,,A*73
$ECEFPOSVEL,123829.000,2552487.300,2460426.205,5284374.603,0000000.239,-0000000.246,-0000000.145*2E
$GNRMC,123829.000,A,5619.2205,N,04356.8736,E,0.00,272.04,220626,,,A*72
$ECEFPOSVEL,123830.000,2552487.300,2460426.205,5284374.603,0000000.216,-0000000.243,-0000000.114*2A
$GNRMC,123830.000,A,5619.2205,N,04356.8736,E,0.00,272.04,220626,,,A*7A
$ECEFPOSVEL,123831.000,2552487.300,2460426.205,5284374.603,0000000.139,-0000000.242,-0000000.080*28
$GNRMC,123831.000,A,5619.2205,N,04356.8736,E,0.00,272.04,220626,,,A*7B
$ECEFPOSVEL,123832.000,2552487.300,2460426.205,5284374.603,0000000.162,-0000000.240,-0000000.045*2E
$GNRMC,123832.000,A,5619.2205,N,04356.8736,E,0.00,272.04,220626,,,A*78
$ECEFPOSVEL,123833.000,2552487.300,2460426.205,5284374.603,0000000.107,-0000000.238,0000000.007*08
$GNRMC,123833.000,A,5619.2205,N,04356.8736,E,0.00,272.04,220626,,,A*79
$ECEFPOSVEL,123834.000,2552487.300,2460426.205,5284374.603,-0000000.014,0000000.127,-0000000.081*22
$GNRMC,123834.000,A,5619.2205,N,04356.8736,E,0.00,272.04,220626,,,A*7E
$ECEFPOSVEL,123835.000,2552487.300,2460426.205,5284374.603,-0000000.008,-0000000.100,0000000.029*29
$GNRMC,123835.000,A,5619.2205,N,04356.8736,E,0.00,272.04,220626,,,A*7F
$ECEFPOSVEL,123836.000,2552487.300,2460426.205,5284374.603,-0000000.011,-0000000.062,0000000.008*24
$GNRMC,123836.000,A,5619.2205,N,04356.8736,E,0.00,272.04,220626,,,A*7C
$ECEFPOSVEL,123837.000,2552487.300,2460426.205,5284374.603,0000000.013,-0000000.092,0000000.014*08
$GNRMC,123837.000,A,5619.2205,N,04356.8736,E,0.00,272.04,220626,,,A*7D
$ECEFPOSVEL,123838.000,2552487.300,2460426.205,5284374.603,0000000.045,-0000000.105,0000000.017*08
$GNRMC,123838.000,A,5619.2205,N,04356.8736,E,0.00,272.04,220626,,,A*72
$ECEFPOSVEL,123839.000,2552487.300,2460426.205,5284374.603,0000000.169,-0000000.351,0000000.038*08
$GNRMC,123839.000,A,5619.2205,N,04356.8736,E,0.00,272.04,220626,,,A*73
$ECEFPOSVEL,123840.000,2552487.300,2460426.205,5284374.603,0000000.205,-0000000.347,-0000000.024*28
$GNRMC,123840.000,A,5619.2205,N,04356.8736,E,0.00,272.04,220626,,,A*7D
$ECEFPOSVEL,123841.000,2552487.300,2460426.205,5284374.603,0000000.188,-0000000.259,-0000000.050*22
$GNRMC,123841.000,A,5619.2205,N,04356.8736,E,0.00,272.04,220626,,,A*7C
$ECEFPOSVEL,123842.000,2552487.300,2460426.205,5284374.603,-0000000.026,-0000000.088,-0000000.027*07
$GNRMC,123842.000,A,5619.2205,N,04356.8736,E,0.00,272.04,220626,,,A*7F
$ECEFPOSVEL,123843.000,2552487.300,2460426.205,5284374.603,-0000000.007,-0000000.111,0000000.030*2F
$GNRMC,123843.000,A,5619.2205,N,04356.8736,E,0.00,272.04,220626,,,A*7E
$ECEFPOSVEL,123844.000,2552487.300,2460426.205,5284374.603,0000000.134,-0000000.041,-0000000.053*28
$GNRMC,123844.000,A,5619.2205,N,04356.8736,E,0.00,272.04,220626,,,A*79
$ECEFPOSVEL,123845.000,2552487.300,2460426.205,5284374.603,-0000000.011,0000000.073,-0000000.075*2A
$GNRMC,123845.000,A,5619.2205,N,04356.8736,E,0.00,272.04,220626,,,A*78
$ECEFPOSVEL,123846.000,2552487.300,2460426.205,5284374.603,-0000000.008,0000000.154,-0000000.056*24
$GNRMC,123846.000,A,5619.2205,N,04356.8736,E,0.00,272.04,220626,,,A*7B
$ECEFPOSVEL,123847.000,2552487.300,2460426.205,5284374.603,0000000.005,-0000000.026,0000000.124*05
$GNRMC,123847.000,A,5619.2205,N,04356.8736,E,0.00,272.04,220626,,,A*7A
$ECEFPOSVEL,123848.000,2552487.300,2460426.205,5284374.603,-0000000.177,0000000.172,0000000.108*00
$GNRMC,123848.000,A,5619.2205,N,04356.8736,E,0.00,272.04,220626,,,A*75
$ECEFPOSVEL,123849.000,2552487.300,2460426.205,5284374.603,-0000000.279,0000000.194,0000000.112*0F
$GNRMC,123849.000,A,5619.2205,N,04356.8736,E,0.00,272.04,220626,,,A*74
$ECEFPOSVEL,123850.000,2552487.300,2460426.205,5284374.603,-0000000.235,0000000.138,0000000.126*0E
$GNRMC,123850.000,A,5619.2205,N,04356.8736,E,0.00,272.04,220626,,,A*7C
$ECEFPOSVEL,123851.000,2552487.300,2460426.205,5284374.603,-0000000.262,0000000.235,0000000.156*04
$GNRMC,123851.000,A,5619.2205,N,04356.8736,E,0.00,272.04,220626,,,A*7D
$ECEFPOSVEL,123852.000,2552487.300,2460426.205,5284374.603,-0000000.168,-0000000.074,0000000.059*2A
$GNRMC,123852.000,A,5619.2205,N,04356.8736,E,0.00,272.04,220626,,,A*7E
$ECEFPOSVEL,123853.000,2552487.300,2460426.205,5284374.603,-0000000.039,-0000000.139,-0000000.074*04
$GNRMC,123853.000,A,5619.2205,N,04356.8736,E,0.00,272.04,220626,,,A*7F
$ECEFPOSVEL,123854.000,2552487.300,2460426.205,5284374.603,-0000000.030,-0000000.168,0000000.004*24
$GNRMC,123854.000,A,5619.2205,N,04356.8736,E,0.00,272.04,220626,,,A*78
$ECEFPOSVEL,123855.000,2552487.300,2460426.205,5284374.603,-0000000.027,-0000000.076,-0000000.004*00
$GNRMC,123855.000,A,5619.2205,N,04356.8736,E,0.00,272.04,220626,,,A*79
$ECEFPOSVEL,123856.000,2552487.300,2460426.205,5284374.603,-0000000.123,-0000000.029,0000000.041*20
$GNRMC,123856.000,A,5619.2205,N,04356.8736,E,0.00,272.04,220626,,,A*7A
$ECEFPOSVEL,123857.000,2552487.300,2460426.205,5284374.603,-0000000.336,0000000.497,0000000.093*04
$GNRMC,123857.000,A,5619.2205,N,04356.8736,E,1.15,93.29,220626,,,A*4C
$ECEFPOSVEL,123858.000,2552483.778,2460425.265,5284376.052,-0000000.299,0000000.418,0000000.165*0A
$GNRMC,123858.000,A,5619.2224,N,04356.8753,E,0.99,86.70,220626,,,A*4E
$ECEFPOSVEL,123859.000,2552483.454,2460425.603,5284376.300,-0000000.260,0000000.274,0000000.225*0B
$GNRMC,123859.000,A,5619.2225,N,04356.8758,E,0.00,72.05,220626,,,A*4C
$ECEFPOSVEL,123900.000,2552483.375,2460425.513,5284376.607,-0000000.149,0000000.193,0000000.214*02
$GNRMC,123900.000,A,5619.2226,N,04356.8758,E,0.00,72.05,220626,,,A*42
$ECEFPOSVEL,123901.000,2552483.218,2460425.832,5284376.590,-0000000.088,0000000.387,0000000.046*04
$GNRMC,123901.000,A,5619.2225,N,04356.8761,E,0.00,113.14,220626,,,A*7C
$ECEFPOSVEL,123902.000,2552483.218,2460425.832,5284376.590,-0000000.111,0000000.231,0000000.035*0E
$GNRMC,123902.000,A,5619.2225,N,04356.8761,E,0.00,113.14,220626,,,A*7F
$ECEFPOSVEL,123903.000,2552483.218,2460425.832,5284376.590,-0000000.191,0000000.195,0000000.140*09
$GNRMC,123903.000,A,5619.2225,N,04356.8761,E,0.00,113.14,220626,,,A*7E
$ECEFPOSVEL,123904.000,2552483.218,2460425.832,5284376.590,-0000000.082,0000000.095,0000000.002*0B
$GNRMC,123904.000,A,5619.2225,N,04356.8761,E,0.00,113.14,220626,,,A*79
$ECEFPOSVEL,123905.000,2552483.218,2460425.832,5284376.590,-0000000.041,0000000.108,-0000000.045*2E
$GNRMC,123905.000,A,5619.2225,N,04356.8761,E,0.00,113.14,220626,,,A*78
$ECEFPOSVEL,123906.000,2552483.218,2460425.832,5284376.590,-0000000.244,0000000.268,-0000000.047*2D
$GNRMC,123906.000,A,5619.2225,N,04356.8761,E,0.00,113.14,220626,,,A*7B
$ECEFPOSVEL,123907.000,2552483.218,2460425.832,5284376.590,-0000000.249,0000000.242,0000000.011*07
$GNRMC,123907.000,A,5619.2225,N,04356.8761,E,0.00,113.14,220626,,,A*7A
$ECEFPOSVEL,123908.000,2552483.218,2460425.832,5284376.590,-0000000.116,0000000.119,0000000.003*0F
$GNRMC,123908.000,A,5619.2225,N,04356.8761,E,0.00,113.14,220626,,,A*75
$ECEFPOSVEL,123909.000,2552483.218,2460425.832,5284376.590,0000000.100,0000000.026,-0000000.066*07
$GNRMC,123909.000,A,5619.2225,N,04356.8761,E,0.00,113.14,220626,,,A*74
$ECEFPOSVEL,123910.000,2552483.218,2460425.832,5284376.590,0000000.003,-0000000.272,0000000.031*0C
$GNRMC,123910.000,A,5619.2225,N,04356.8761,E,0.00,113.14,220626,,,A*7C
$ECEFPOSVEL,123911.000,2552483.218,2460425.832,5284376.590,0000000.240,-0000000.408,-0000000.077*2C
$GNRMC,123911.000,A,5619.2225,N,04356.8761,E,0.90,276.06,220626,,,A*77
$ECEFPOSVEL,123912.000,2552482.618,2460426.528,5284376.777,0000000.322,-0000000.311,-0000000.223*2D
$GNRMC,123912.000,A,5619.2226,N,04356.8770,E,0.91,252.93,220626,,,A*7C
$ECEFPOSVEL,123913.000,2552482.850,2460426.340,5284376.651,0000000.587,-0000000.318,-0000000.305*26
$GNRMC,123913.000,A,5619.2225,N,04356.8767,E,1.40,242.08,220626,,,A*76
$ECEFPOSVEL,123914.000,2552483.106,2460426.181,5284376.481,0000000.371,-0000000.346,-0000000.217*2C
$GNRMC,123914.000,A,5619.2224,N,04356.8764,E,1.02,254.25,220626,,,A*7D
$ECEFPOSVEL,123915.000,2552483.407,2460425.976,5284376.328,0000000.273,-0000000.261,-0000000.117*2A
$GNRMC,123915.000,A,5619.2224,N,04356.8761,E,0.00,258.39,220626,,,A*7B
$ECEFPOSVEL,123916.000,2552483.570,2460425.802,5284376.249,0000000.196,-0000000.247,-0000000.028*2D
$GNRMC,123916.000,A,5619.2223,N,04356.8758,E,0.00,271.76,220626,,,A*75
$ECEFPOSVEL,123917.000,2552483.705,2460425.663,5284376.217,0000000.201,-0000000.196,-0000000.021*25
$GNRMC,123917.000,A,5619.2223,N,04356.8756,E,0.00,271.76,220626,,,A*7A
$ECEFPOSVEL,123918.000,2552483.705,2460425.663,5284376.217,0000000.034,-0000000.135,0000000.057*0B
$GNRMC,123918.000,A,5619.2223,N,04356.8756,E,0.00,271.76,220626,,,A*75
$ECEFPOSVEL,123919.000,2552483.705,2460425.663,5284376.217,0000000.264,-0000000.158,-0000000.141*2D
$GNRMC,123919.000,A,5619.2223,N,04356.8756,E,0.00,271.76,220626,,,A*74
$ECEFPOSVEL,123920.000,2552483.705,2460425.663,5284376.217,0000000.156,-0000000.219,-0000000.079*29
$GNRMC,123920.000,A,5619.2223,N,04356.8756,E,0.00,271.76,220626,,,A*7E
$ECEFPOSVEL,123921.000,2552483.705,2460425.663,5284376.217,0000000.132,-0000000.294,-0000000.125*27
$GNRMC,123921.000,A,5619.2223,N,04356.8756,E,0.00,271.76,220626,,,A*7F
$ECEFPOSVEL,123922.000,2552483.705,2460425.663,5284376.217,-0000000.025,-0000000.357,0000000.003*28
$GNRMC,123922.000,A,5619.2223,N,04356.8756,E,0.00,271.76,220626,,,A*7C
$ECEFPOSVEL,123923.000,2552483.705,2460425.663,5284376.217,0000000.108,-0000000.272,0000000.055*0F
$GNRMC,123923.000,A,5619.2223,N,04356.8756,E,0.00,271.76,220626,,,A*7D
$ECEFPOSVEL,123924.000,2552483.705,2460425.663,5284376.217,0000000.089,-0000000.154,0000000.022*07
$GNRMC,123924.000,A,5619.2223,N,04356.8756,E,0.00,271.76,220626,,,A*7A
$ECEFPOSVEL,123925.000,2552483.705,2460425.663,5284376.217,-0000000.019,-0000000.065,0000000.035*27
$GNRMC,123925.000,A,5619.2223,N,04356.8756,E,0.00,271.76,220626,,,A*7B
$ECEFPOSVEL,123926.000,2552483.705,2460425.663,5284376.217,-0000000.101,-0000000.054,0000000.072*2D
$GNRMC,123926.000,A,5619.2223,N,04356.8756,E,0.00,271.76,220626,,,A*78
$ECEFPOSVEL,123927.000,2552483.705,2460425.663,5284376.217,-0000000.237,0000000.297,0000000.208*05
$GNRMC,123927.000,A,5619.2223,N,04356.8756,E,0.00,271.76,220626,,,A*79
$ECEFPOSVEL,123928.000,2552483.705,2460425.663,5284376.217,-0000000.110,0000000.087,0000000.131*06
$GNRMC,123928.000,A,5619.2223,N,04356.8756,E,0.00,271.76,220626,,,A*76
$ECEFPOSVEL,123929.000,2552483.705,2460425.663,5284376.217,-0000000.114,-0000000.113,0000000.102*22
$GNRMC,123929.000,A,5619.2223,N,04356.8756,E,0.00,271.76,220626,,,A*77
$ECEFPOSVEL,123930.000,2552483.705,2460425.663,5284376.217,0000000.024,-0000000.223,0000000.070*01
$GNRMC,123930.000,A,5619.2223,N,04356.8756,E,0.00,271.76,220626,,,A*7F
$ECEFPOSVEL,123931.000,2552483.705,2460425.663,5284376.217,-0000000.011,-0000000.199,0000000.083*25
$GNRMC,123931.000,A,5619.2223,N,04356.8756,E,0.00,271.76,220626,,,A*7E
$ECEFPOSVEL,123932.000,2552483.705,2460425.663,5284376.217,0000000.014,-0000000.158,0000000.059*04
$GNRMC,123932.000,A,5619.2223,N,04356.8756,E,0.00,271.76,220626,,,A*7D
$ECEFPOSVEL,123933.000,2552483.705,2460425.663,5284376.217,-0000000.068,-0000000.035,0000000.057*27
$GNRMC,123933.000,A,5619.2223,N,04356.8756,E,0.00,271.76,220626,,,A*7C
$ECEFPOSVEL,123934.000,2552483.705,2460425.663,5284376.217,-0000000.089,0000000.307,0000000.171*05
$GNRMC,123934.000,A,5619.2223,N,04356.8756,E,0.00,271.76,220626,,,A*7B
$ECEFPOSVEL,123935.000,2552483.705,2460425.663,5284376.217,0000000.124,0000000.136,-0000000.162*00
$GNRMC,123935.000,A,5619.2223,N,04356.8756,E,0.00,271.76,220626,,,A*7A
$ECEFPOSVEL,123936.000,2552483.705,2460425.663,5284376.217,0000000.194,-0000000.159,-0000000.126*2C
$GNRMC,123936.000,A,5619.2223,N,04356.8756,E,0.00,271.76,220626,,,A*79
$ECEFPOSVEL,123937.000,2552483.705,2460425.663,5284376.217,-0000000.038,-0000000.050,0000000.057*25
$GNRMC,123937.000,A,5619.2223,N,04356.8756,E,0.00,271.76,220626,,,A*78
$ECEFPOSVEL,123938.000,2552483.705,2460425.663,5284376.217,-0000000.020,0000000.157,0000000.028*00
$GNRMC,123938.000,A,5619.2223,N,04356.8756,E,0.00,271.76,220626,,,A*77
$ECEFPOSVEL,123939.000,2552483.705,2460425.663,5284376.217,-0000000.124,-0000000.127,-0000000.036*0C
$GNRMC,123939.000,A,5619.2223,N,04356.8756,E,0.00,271.76,220626,,,A*76
$ECEFPOSVEL,123940.000,2552483.705,2460425.663,5284376.217,0000000.057,-0000000.132,-0000000.075*29
$GNRMC,123940.000,A,5619.2223,N,04356.8756,E,0.00,271.76,220626,,,A*78
$ECEFPOSVEL,123941.000,2552483.705,2460425.663,5284376.217,0000000.021,-0000000.143,-0000000.006*2B
$GNRMC,123941.000,A,5619.2223,N,04356.8756,E,0.00,271.76,220626,,,A*79
$ECEFPOSVEL,123942.000,2552483.705,2460425.663,5284376.217,0000000.083,-0000000.082,0000000.173*02
$GNRMC,123942.000,A,5619.2223,N,04356.8756,E,0.00,271.76,220626,,,A*7A
$ECEFPOSVEL,123943.000,2552483.705,2460425.663,5284376.217,-0000000.167,0000000.178,0000000.338*01
$GNRMC,123943.000,A,5619.2223,N,04356.8756,E,0.00,271.76,220626,,,A*7B
$ECEFPOSVEL,123944.000,2552483.705,2460425.663,5284376.217,0000000.015,0000000.171,0000000.411*2A
$GNRMC,123944.000,A,5619.2223,N,04356.8756,E,0.00,271.76,220626,,,A*7C
$ECEFPOSVEL,123945.000,2552483.705,2460425.663,5284376.217,-0000000.078,0000000.224,0000000.254*09
$GNRMC,123945.000,A,5619.2223,N,04356.8756,E,0.00,271.76,220626,,,A*7D
$ECEFPOSVEL,123946.000,2552483.705,2460425.663,5284376.217,-0000000.030,0000000.087,0000000.172*0A
$GNRMC,123946.000,A,5619.2223,N,04356.8756,E,0.00,271.76,220626,,,A*7E
$ECEFPOSVEL,123947.000,2552483.705,2460425.663,5284376.217,0000000.072,-0000000.144,-0000000.060*2C
$GNRMC,123947.000,A,5619.2223,N,04356.8756,E,0.00,271.76,220626,,,A*7F
$ECEFPOSVEL,123948.000,2552483.705,2460425.663,5284376.217,0000000.192,-0000000.575,-0000000.225*29
$GNRMC,123948.000,A,5619.2223,N,04356.8756,E,1.08,279.60,220626,,,A*76
$ECEFPOSVEL,123949.000,2552484.231,2460423.206,5284377.314,0000000.324,-0000001.096,-0000000.199*2D
$GNRMC,123949.000,A,5619.2233,N,04356.8736,E,2.07,287.96,220626,,,A*74
$ECEFPOSVEL,123950.000,2552484.646,2460421.870,5284377.161,0000000.359,-0000001.234,-0000000.266*2B
$GNRMC,123950.000,A,5619.2235,N,04356.8724,E,2.31,287.10,220626,,,A*72
$ECEFPOSVEL,123951.000,2552484.936,2460420.863,5284376.754,0000000.140,-0000001.024,-0000000.309*21
$GNRMC,123951.000,A,5619.2236,N,04356.8715,E,1.75,291.94,220626,,,A*7A
$ECEFPOSVEL,123952.000,2552484.968,2460420.179,5284376.342,-0000000.151,-0000000.389,-0000000.446*0C
$GNRMC,123952.000,A,5619.2237,N,04356.8710,E,0.00,291.94,220626,,,A*7E
$ECEFPOSVEL,123953.000,2552484.970,2460419.828,5284376.711,-0000000.061,-0000000.404,-0000000.209*0C
$GNRMC,123953.000,A,5619.2239,N,04356.8707,E,0.00,291.94,220626,,,A*77
$ECEFPOSVEL,123954.000,2552484.954,2460419.812,5284376.950,-0000000.001,-0000000.343,-0000000.120*05
$GNRMC,123954.000,A,5619.2240,N,04356.8707,E,0.00,291.94,220626,,,A*7E
$ECEFPOSVEL,123955.000,2552484.954,2460419.812,5284376.950,-0000000.036,-0000000.285,-0000000.043*0F
$GNRMC,123955.000,A,5619.2240,N,04356.8707,E,0.00,291.94,220626,,,A*7F
$ECEFPOSVEL,123956.000,2552484.954,2460419.812,5284376.950,0000000.127,-0000000.096,-0000000.024*21
$GNRMC,123956.000,A,5619.2240,N,04356.8707,E,0.00,291.94,220626,,,A*7C
$ECEFPOSVEL,123957.000,2552484.954,2460419.812,5284376.950,0000000.040,-0000000.027,0000000.042*07
$GNRMC,123957.000,A,5619.2240,N,04356.8707,E,0.00,291.94,220626,,,A*7D
$ECEFPOSVEL,123958.000,2552484.954,2460419.812,5284376.950,-0000000.118,0000000.065,0000000.080*0C
$GNRMC,123958.000,A,5619.2240,N,04356.8707,E,0.00,291.94,220626,,,A*72
$ECEFPOSVEL,123959.000,2552484.954,2460419.812,5284376.950,-0000000.098,0000000.076,0000000.041*0B
$GNRMC,123959.000,A,5619.2240,N,04356.8707,E,0.00,291.94,220626,,,A*73
$ECEFPOSVEL,124000.000,2552484.954,2460419.812,5284376.950,0000000.238,-0000000.400,-0000000.251*2A
$GNRMC,124000.000,A,5619.2240,N,04356.8707,E,0.89,263.64,220626,,,A*72
$ECEFPOSVEL,124001.000,2552484.530,2460419.352,5284376.968,0000000.145,-0000000.508,-0000000.374*27
$GNRMC,124001.000,A,5619.2243,N,04356.8707,E,0.90,269.96,220626,,,A*7F
$ECEFPOSVEL,124002.000,2552484.662,2460418.850,5284376.581,0000000.099,-0000000.542,-0000000.349*23
$GNRMC,124002.000,A,5619.2243,N,04356.8702,E,0.90,277.50,220626,,,A*7C
$ECEFPOSVEL,124003.000,2552484.540,2460418.787,5284376.055,-0000000.095,-0000000.356,-0000000.339*0D
$GNRMC,124003.000,A,5619.2242,N,04356.8703,E,0.00,277.50,220626,,,A*74
$ECEFPOSVEL,124004.000,2552484.644,2460418.929,5284376.137,-0000000.050,-0000000.201,-0000000.219*0B
$GNRMC,124004.000,A,5619.2241,N,04356.8703,E,0.00,277.50,220626,,,A*70
$ECEFPOSVEL,124005.000,2552484.727,2460418.696,5284375.680,0000000.075,0000000.213,0000000.212*2F
$GNRMC,124005.000,A,5619.2240,N,04356.8701,E,0.00,277.50,220626,,,A*72
$ECEFPOSVEL,124006.000,2552484.727,2460418.696,5284375.680,-0000000.016,0000000.142,0000000.143*04
$GNRMC,124006.000,A,5619.2240,N,04356.8701,E,0.00,277.50,220626,,,A*71
$ECEFPOSVEL,124007.000,2552484.727,2460418.696,5284375.680,-0000000.028,0000000.002,0000000.117*0C
$GNRMC,124007.000,A,5619.2240,N,04356.8701,E,0.00,277.50,220626,,,A*70
$ECEFPOSVEL,124008.000,2552484.727,2460418.696,5284375.680,0000000.064,-0000000.083,0000000.063*00
$GNRMC,124008.000,A,5619.2240,N,04356.8701,E,0.00,277.50,220626,,,A*7F
$ECEFPOSVEL,124009.000,2552484.727,2460418.696,5284375.680,-0000000.008,-0000000.039,0000000.056*21
$GNRMC,124009.000,A,5619.2240,N,04356.8701,E,0.00,277.50,220626,,,A*7E
$ECEFPOSVEL,124010.000,2552484.727,2460418.696,5284375.680,-0000000.034,0000000.311,0000000.204*07
$GNRMC,124010.000,A,5619.2240,N,04356.8701,E,0.00,277.50,220626,,,A*76
$ECEFPOSVEL,124011.000,2552484.727,2460418.696,5284375.680,-0000000.035,0000000.608,0000000.379*01
$GNRMC,124011.000,A,5619.2240,N,04356.8701,E,0.93,104.57,220626,,,A*7D
$ECEFPOSVEL,124012.000,2552484.674,2460419.586,5284375.940,-0000000.176,0000000.484,0000000.272*0F
$GNRMC,124012.000,A,5619.2238,N,04356.8708,E,0.92,92.87,220626,,,A*4A
$ECEFPOSVEL,124013.000,2552484.576,2460419.892,5284376.133,-0000000.033,0000000.280,0000000.126*08
$GNRMC,124013.000,A,5619.2238,N,04356.8710,E,0.00,92.87,220626,,,A*49
$ECEFPOSVEL,124014.000,2552484.535,2460420.122,5284376.258,0000000.171,-0000000.125,-0000000.153*2A
$GNRMC,124014.000,A,5619.2238,N,04356.8712,E,0.00,92.87,220626,,,A*4C
$ECEFPOSVEL,124015.000,2552484.620,2460420.189,5284376.257,0000000.186,-0000000.486,-0000000.396*2D
$GNRMC,124015.000,A,5619.2238,N,04356.8712,E,0.94,264.04,220626,,,A*70
$ECEFPOSVEL,124016.000,2552484.620,2460420.189,5284376.257,0000000.114,-0000000.278,-0000000.321*2E
$GNRMC,124016.000,A,5619.2238,N,04356.8712,E,0.00,264.04,220626,,,A*7E
$ECEFPOSVEL,124017.000,2552484.620,2460420.189,5284376.257,-0000000.244,0000000.169,-0000000.125*2C
$GNRMC,124017.000,A,5619.2238,N,04356.8712,E,0.00,264.04,220626,,,A*7F
$ECEFPOSVEL,124018.000,2552484.620,2460420.189,5284376.257,-0000000.232,0000000.236,-0000000.019*25
$GNRMC,124018.000,A,5619.2238,N,04356.8712,E,0.00,264.04,220626,,,A*70
$ECEFPOSVEL,124019.000,2552484.620,2460420.189,5284376.257,-0000000.195,0000000.106,0000000.031*0D
$GNRMC,124019.000,A,5619.2238,N,04356.8712,E,0.00,264.04,220626,,,A*71
$ECEFPOSVEL,124020.000,2552484.620,2460420.189,5284376.257,-0000000.078,0000000.042,0000000.006*00
$GNRMC,124020.000,A,5619.2238,N,04356.8712,E,0.00,264.04,220626,,,A*7B
$ECEFPOSVEL,124021.000,2552484.620,2460420.189,5284376.257,-0000000.071,0000000.021,0000000.015*0F
$GNRMC,124021.000,A,5619.2238,N,04356.8712,E,0.00,264.04,220626,,,A*7A
$ECEFPOSVEL,124022.000,2552484.620,2460420.189,5284376.257,-0000000.006,-0000000.141,0000000.056*21
$GNRMC,124022.000,A,5619.2238,N,04356.8712,E,0.00,264.04,220626,,,A*79
$ECEFPOSVEL,124023.000,2552484.620,2460420.189,5284376.257,-0000000.082,0000000.345,0000000.121*06
$GNRMC,124023.000,A,5619.2238,N,04356.8712,E,0.00,264.04,220626,,,A*78
$ECEFPOSVEL,124024.000,2552484.620,2460420.189,5284376.257,0000000.013,0000000.530,0000000.243*27
$GNRMC,124024.000,A,5619.2238,N,04356.8712,E,0.80,115.63,220626,,,A*73
$ECEFPOSVEL,124025.000,2552484.127,2460420.308,5284375.893,0000000.082,0000000.717,0000000.322*25
$GNRMC,124025.000,A,5619.2238,N,04356.8716,E,1.05,121.76,220626,,,A*79
$ECEFPOSVEL,124026.000,2552484.191,2460420.655,5284376.113,-0000000.055,0000000.585,0000000.142*0E
$GNRMC,124026.000,A,5619.2237,N,04356.8718,E,0.99,116.23,220626,,,A*7B
$ECEFPOSVEL,124027.000,2552484.172,2460421.102,5284376.280,0000000.020,0000000.074,-0000000.217*05
$GNRMC,124027.000,A,5619.2236,N,04356.8721,E,0.00,116.23,220626,,,A*71
$ECEFPOSVEL,124028.000,2552484.171,2460421.233,5284376.231,0000000.016,-0000000.336,-0000000.186*24
$GNRMC,124028.000,A,5619.2236,N,04356.8722,E,0.00,116.23,220626,,,A*7D
$ECEFPOSVEL,124029.000,2552484.177,2460421.117,5284376.123,-0000000.030,-0000000.395,-0000000.190*01
$GNRMC,124029.000,A,5619.2236,N,04356.8722,E,0.00,116.23,220626,,,A*7C
$ECEFPOSVEL,124030.000,2552484.177,2460421.117,5284376.123,-0000000.114,-0000000.139,-0000000.057*00
$GNRMC,124030.000,A,5619.2236,N,04356.8722,E,0.00,116.23,220626,,,A*74
$ECEFPOSVEL,124031.000,2552484.177,2460421.117,5284376.123,0000000.009,0000000.008,0000000.152*26
$GNRMC,124031.000,A,5619.2236,N,04356.8722,E,0.00,116.23,220626,,,A*75
$ECEFPOSVEL,124032.000,2552484.177,2460421.117,5284376.123,0000000.160,-0000000.350,-0000000.027*26
$GNRMC,124032.000,A,5619.2236,N,04356.8722,E,0.00,116.23,220626,,,A*76
$ECEFPOSVEL,124033.000,2552484.177,2460421.117,5284376.123,0000000.062,-0000000.310,-0000000.050*20
$GNRMC,124033.000,A,5619.2236,N,04356.8722,E,0.00,116.23,220626,,,A*77
$ECEFPOSVEL,124034.000,2552484.177,2460421.117,5284376.123,0000000.068,-0000000.210,-0000000.062*2D
$GNRMC,124034.000,A,5619.2236,N,04356.8722,E,0.00,116.23,220626,,,A*70
$ECEFPOSVEL,124035.000,2552484.177,2460421.117,5284376.123,-0000000.028,-0000000.147,-0000000.003*03
$GNRMC,124035.000,A,5619.2236,N,04356.8722,E,0.00,116.23,220626,,,A*71
$ECEFPOSVEL,124036.000,2552484.177,2460421.117,5284376.123,0000000.023,0000000.054,0000000.071*20
$GNRMC,124036.000,A,5619.2236,N,04356.8722,E,0.00,116.23,220626,,,A*72
$ECEFPOSVEL,124037.000,2552484.177,2460421.117,5284376.123,0000000.013,0000000.340,0000000.182*29
$GNRMC,124037.000,A,5619.2236,N,04356.8722,E,0.00,116.23,220626,,,A*73
$ECEFPOSVEL,124038.000,2552484.177,2460421.117,5284376.123,0000000.044,0000000.124,0000000.074*2C
$GNRMC,124038.000,A,5619.2236,N,04356.8722,E,0.00,116.23,220626,,,A*7C
$ECEFPOSVEL,124039.000,2552484.177,2460421.117,5284376.123,-0000000.069,-0000000.244,-0000000.160*0E
$GNRMC,124039.000,A,5619.2236,N,04356.8722,E,0.00,116.23,220626,,,A*7D
$ECEFPOSVEL,124040.000,2552484.177,2460421.117,5284376.123,-0000000.397,-0000000.334,-0000000.118*0B
$GNRMC,124040.000,A,5619.2236,N,04356.8722,E,0.00,116.23,220626,,,A*73
$ECEFPOSVEL,124041.000,2552484.177,2460421.117,5284376.123,-0000000.334,-0000000.356,-0000000.242*0B
$GNRMC,124041.000,A,5619.2236,N,04356.8722,E,0.00,116.23,220626,,,A*72
$ECEFPOSVEL,124042.000,2552484.177,2460421.117,5284376.123,-0000000.329,-0000000.153,-0000000.111*06
$GNRMC,124042.000,A,5619.2236,N,04356.8722,E,0.00,116.23,220626,,,A*71
$ECEFPOSVEL,124043.000,2552484.177,2460421.117,5284376.123,-0000000.170,-0000000.132,-0000000.058*02
$GNRMC,124043.000,A,5619.2236,N,04356.8722,E,0.00,116.23,220626,,,A*70
$ECEFPOSVEL,124044.000,2552484.177,2460421.117,5284376.123,0000000.017,0000000.115,0000000.369*2C
$GNRMC,124044.000,A,5619.2236,N,04356.8722,E,0.00,116.23,220626,,,A*77
$ECEFPOSVEL,124045.000,2552484.177,2460421.117,5284376.123,0000000.046,0000000.122,0000000.213*21
$GNRMC,124045.000,A,5619.2236,N,04356.8722,E,0.00,116.23,220626,,,A*76
$ECEFPOSVEL,124046.000,2552484.177,2460421.117,5284376.123,0000000.094,0000000.033,0000000.115*29
$GNRMC,124046.000,A,5619.2236,N,04356.8722,E,0.00,116.23,220626,,,A*75
$ECEFPOSVEL,124047.000,2552484.177,2460421.117,5284376.123,0000000.075,-0000000.021,0000000.082*06
$GNRMC,124047.000,A,5619.2236,N,04356.8722,E,0.00,116.23,220626,,,A*74
$ECEFPOSVEL,124048.000,2552484.177,2460421.117,5284376.123,-0000000.019,0000000.018,0000000.077*03
$GNRMC,124048.000,A,5619.2236,N,04356.8722,E,0.00,116.23,220626,,,A*7B
$ECEFPOSVEL,124049.000,2552484.177,2460421.117,5284376.123,-0000000.017,0000000.114,0000000.013*03
$GNRMC,124049.000,A,5619.2236,N,04356.8722,E,0.00,116.23,220626,,,A*7A
$ECEFPOSVEL,124050.000,2552484.177,2460421.117,5284376.123,-0000000.022,0000000.149,-0000000.013*28
$GNRMC,124050.000,A,5619.2236,N,04356.8722,E,0.00,116.23,220626,,,A*72
$ECEFPOSVEL,124051.000,2552484.177,2460421.117,5284376.123,-0000000.028,0000000.191,-0000000.035*22
$GNRMC,124051.000,A,5619.2236,N,04356.8722,E,0.00,116.23,220626,,,A*73
$ECEFPOSVEL,124052.000,2552484.177,2460421.117,5284376.123,0000000.117,0000000.266,0000000.123*21
$GNRMC,124052.000,A,5619.2236,N,04356.8722,E,0.00,116.23,220626,,,A*70
$ECEFPOSVEL,124053.000,2552484.177,2460421.117,5284376.123,0000000.103,0000000.510,0000000.147*21
$GNRMC,124053.000,A,5619.2236,N,04356.8722,E,0.79,132.87,220626,,,A*77
$ECEFPOSVEL,124054.000,2552484.177,2460421.117,5284376.123,0000000.166,0000000.288,0000000.239*29
$GNRMC,124054.000,A,5619.2236,N,04356.8722,E,0.00,116.23,220626,,,A*76
$ECEFPOSVEL,124055.000,2552484.177,2460421.117,5284376.123,0000000.020,0000000.227,0000000.089*27
$GNRMC,124055.000,A,5619.2236,N,04356.8722,E,0.00,116.23,220626,,,A*77
$ECEFPOSVEL,124056.000,2552484.177,2460421.117,5284376.123,0000000.061,-0000000.128,-0000000.154*2C
$GNRMC,124056.000,A,5619.2236,N,04356.8722,E,0.00,116.23,220626,,,A*74
$ECEFPOSVEL,124057.000,2552484.177,2460421.117,5284376.123,0000000.034,-0000000.414,-0000000.045*26
$GNRMC,124057.000,A,5619.2236,N,04356.8722,E,0.00,116.23,220626,,,A*75
$ECEFPOSVEL,124058.000,2552484.177,2460421.117,5284376.123,-0000000.125,-0000000.108,-0000000.123*0C
$GNRMC,124058.000,A,5619.2236,N,04356.8722,E,0.00,116.23,220626,,,A*7A
$ECEFPOSVEL,124059.000,2552484.177,2460421.117,5284376.123,-0000000.062,-0000000.027,-0000000.088*03
$GNRMC,124059.000,A,5619.2236,N,04356.8722,E,0.00,116.23,220626,,,A*7B
$ECEFPOSVEL,124100.000,2552484.177,2460421.117,5284376.123,-0000000.088,0000000.040,-0000000.060*20
$GNRMC,124100.000,A,5619.2236,N,04356.8722,E,0.00,116.23,220626,,,A*76
$ECEFPOSVEL,124101.000,2552484.177,2460421.117,5284376.123,-0000000.076,0000000.024,-0000000.212*25
$GNRMC,124101.000,A,5619.2236,N,04356.8722,E,0.00,116.23,220626,,,A*77
$ECEFPOSVEL,124102.000,2552484.177,2460421.117,5284376.123,-0000000.260,-0000000.024,-0000000.373*08
$GNRMC,124102.000,A,5619.2236,N,04356.8722,E,0.00,116.23,220626,,,A*74
$ECEFPOSVEL,124103.000,2552484.177,2460421.117,5284376.123,-0000000.220,0000000.065,-0000000.239*2A
$GNRMC,124103.000,A,5619.2236,N,04356.8722,E,0.00,116.23,220626,,,A*75
$ECEFPOSVEL,124104.000,2552484.177,2460421.117,5284376.123,-0000000.095,-0000000.008,-0000000.105*0B
$GNRMC,124104.000,A,5619.2236,N,04356.8722,E,0.00,116.23,220626,,,A*72
$ECEFPOSVEL,124105.000,2552484.177,2460421.117,5284376.123,-0000000.070,0000000.156,-0000000.116*24
$GNRMC,124105.000,A,5619.2236,N,04356.8722,E,0.00,116.23,220626,,,A*73
$ECEFPOSVEL,124106.000,2552484.177,2460421.117,5284376.123,-0000000.169,0000000.055,-0000000.140*2F
$GNRMC,124106.000,A,5619.2236,N,04356.8722,E,0.00,116.23,220626,,,A*70
$ECEFPOSVEL,124107.000,2552484.177,2460421.117,5284376.123,-0000000.081,-0000000.012,-0000000.063*07
$GNRMC,124107.000,A,5619.2236,N,04356.8722,E,0.00,116.23,220626,,,A*71
$ECEFPOSVEL,124108.000,2552484.177,2460421.117,5284376.123,-0000000.048,-0000000.140,0000000.020*21
$GNRMC,124108.000,A,5619.2236,N,04356.8722,E,0.00,116.23,220626,,,A*7E
$ECEFPOSVEL,124109.000,2552484.177,2460421.117,5284376.123,-0000000.010,-0000000.072,-0000000.010*03
$GNRMC,124109.000,A,5619.2236,N,04356.8722,E,0.00,116.23,220626,,,A*7F
$ECEFPOSVEL,124110.000,2552484.177,2460421.117,5284376.123,-0000000.100,-0000000.045,0000000.130*21
$GNRMC,124110.000,A,5619.2236,N,04356.8722,E,0.00,116.23,220626,,,A*77
$ECEFPOSVEL,124111.000,2552484.177,2460421.117,5284376.123,-0000000.118,0000000.109,0000000.060*09
$GNRMC,124111.000,A,5619.2236,N,04356.8722,E,0.00,116.23,220626,,,A*76
$ECEFPOSVEL,124112.000,2552484.177,2460421.117,5284376.123,-0000000.023,0000000.063,0000000.005*0D
$GNRMC,124112.000,A,5619.2236,N,04356.8722,E,0.00,116.23,220626,,,A*75
$ECEFPOSVEL,124113.000,2552484.177,2460421.117,5284376.123,-0000000.032,0000000.011,0000000.020*0E
$GNRMC,124113.000,A,5619.2236,N,04356.8722,E,0.00,116.23,220626,,,A*74
$ECEFPOSVEL,124114.000,2552484.177,2460421.117,5284376.123,0000000.019,-0000000.012,-0000000.000*2C
$GNRMC,124114.000,A,5619.2236,N,04356.8722,E,0.00,116.23,220626,,,A*73
$ECEFPOSVEL,124115.000,2552484.177,2460421.117,5284376.123,0000000.078,-0000000.036,-0000000.024*2A
$GNRMC,124115.000,A,5619.2236,N,04356.8722,E,0.00,116.23,220626,,,A*72
$ECEFPOSVEL,124116.000,2552484.177,2460421.117,5284376.123,-0000000.003,-0000000.304,-0000000.021*0F
$GNRMC,124116.000,A,5619.2236,N,04356.8722,E,0.00,116.23,220626,,,A*71
$ECEFPOSVEL,124117.000,2552484.177,2460421.117,5284376.123,-0000000.005,-0000000.236,-0000000.093*01
$GNRMC,124117.000,A,5619.2236,N,04356.8722,E,0.00,116.23,220626,,,A*70
$ECEFPOSVEL,124118.000,2552484.177,2460421.117,5284376.123,-0000000.077,0000000.141,-0000000.234*2A
$GNRMC,124118.000,A,5619.2236,N,04356.8722,E,0.00,116.23,220626,,,A*7F
$ECEFPOSVEL,124119.000,2552484.177,2460421.117,5284376.123,-0000000.024,0000000.069,-0000000.156*21
$GNRMC,124119.000,A,5619.2236,N,04356.8722,E,0.00,116.23,220626,,,A*7E
$ECEFPOSVEL,124120.000,2552484.177,2460421.117,5284376.123,-0000000.047,0000000.111,-0000000.109*2A
$GNRMC,124120.000,A,5619.2236,N,04356.8722,E,0.00,116.23,220626,,,A*74
$ECEFPOSVEL,124121.000,2552484.177,2460421.117,5284376.123,-0000000.085,0000000.094,-0000000.051*25
$GNRMC,124121.000,A,5619.2236,N,04356.8722,E,0.00,116.23,220626,,,A*75
$ECEFPOSVEL,124122.000,2552484.177,2460421.117,5284376.123,-0000000.059,-0000000.360,-0000000.118*0E
$GNRMC,124122.000,A,5619.2236,N,04356.8722,E,0.00,116.23,220626,,,A*76
$ECEFPOSVEL,124123.000,2552484.177,2460421.117,5284376.123,0000000.005,-0000000.632,-0000000.217*25
$GNRMC,124123.000,A,5619.2236,N,04356.8722,E,1.01,297.76,220626,,,A*7D
$ECEFPOSVEL,124124.000,2552484.177,2460421.117,5284376.123,-0000000.046,-0000000.534,-0000000.269*04
$GNRMC,124124.000,A,5619.2236,N,04356.8722,E,0.00,116.23,220626,,,A*70
$ECEFPOSVEL,124125.000,2552484.177,2460421.117,5284376.123,0000000.010,-0000000.235,-0000000.417*22
$GNRMC,124125.000,A,5619.2236,N,04356.8722,E,0.00,116.23,220626,,,A*71
$ECEFPOSVEL,124126.000,2552484.177,2460421.117,5284376.123,-0000000.131,-0000000.094,-0000000.256*04
$GNRMC,124126.000,A,5619.2236,N,04356.8722,E,0.00,116.23,220626,,,A*72
$ECEFPOSVEL,124127.000,2552484.177,2460421.117,5284376.123,-0000000.058,0000000.188,-0000000.258*24
$GNRMC,124127.000,A,5619.2236,N,04356.8722,E,0.00,116.23,220626,,,A*73
$ECEFPOSVEL,124128.000,2552484.177,2460421.117,5284376.123,-0000000.050,0000000.362,-0000000.252*2F
$GNRMC,124128.000,A,5619.2236,N,04356.8722,E,0.85,137.25,220626,,,A*74
$ECEFPOSVEL,124129.000,2552480.377,2460427.089,5284373.159,-0000000.032,0000000.420,-0000000.281*2B
$GNRMC,124129.000,A,5619.2220,N,04356.8789,E,0.97,139.43,220626,,,A*7E
$ECEFPOSVEL,124130.000,2552480.311,2460427.034,5284373.210,0000000.034,-0000000.188,-0000000.116*27
$GNRMC,124130.000,A,5619.2221,N,04356.8789,E,0.00,139.43,220626,,,A*79
$ECEFPOSVEL,124131.000,2552480.323,2460427.268,5284372.979,-0000000.047,-0000000.135,-0000000.048*0C
$GNRMC,124131.000,A,5619.2220,N,04356.8790,E,0.00,139.43,220626,,,A*71
$ECEFPOSVEL,124132.000,2552480.316,2460427.005,5284373.031,-0000000.004,-0000000.143,0000000.010*22
$GNRMC,124132.000,A,5619.2221,N,04356.8789,E,0.00,139.43,220626,,,A*7B
$ECEFPOSVEL,124133.000,2552480.316,2460427.005,5284373.031,-0000000.019,-0000000.117,0000000.112*2D
$GNRMC,124133.000,A,5619.2221,N,04356.8789,E,0.00,139.43,220626,,,A*7A
$ECEFPOSVEL,124134.000,2552480.316,2460427.005,5284373.031,0000000.003,0000000.021,0000000.174*25
$GNRMC,124134.000,A,5619.2221,N,04356.8789,E,0.00,139.43,220626,,,A*7D
$ECEFPOSVEL,124135.000,2552480.316,2460427.005,5284373.031,0000000.104,0000000.272,0000000.135*23
$GNRMC,124135.000,A,5619.2221,N,04356.8789,E,0.00,139.43,220626,,,A*7C
$ECEFPOSVEL,124136.000,2552480.316,2460427.005,5284373.031,0000000.020,0000000.284,0000000.165*2B
$GNRMC,124136.000,A,5619.2221,N,04356.8789,E,0.00,139.43,220626,,,A*7F
$ECEFPOSVEL,124137.000,2552480.316,2460427.005,5284373.031,-0000000.028,0000000.337,0000000.085*09
$GNRMC,124137.000,A,5619.2221,N,04356.8789,E,0.00,139.43,220626,,,A*7E
$ECEFPOSVEL,124138.000,2552480.316,2460427.005,5284373.031,-0000000.021,-0000000.025,-0000000.094*0F
$GNRMC,124138.000,A,5619.2221,N,04356.8789,E,0.00,139.43,220626,,,A*71
$ECEFPOSVEL,124139.000,2552480.316,2460427.005,5284373.031,-0000000.015,-0000000.426,-0000000.339*0A
$GNRMC,124139.000,A,5619.2221,N,04356.8789,E,0.00,139.43,220626,,,A*70
$ECEFPOSVEL,124140.000,2552480.316,2460427.005,5284373.031,0000000.166,-0000000.608,-0000000.388*28
$GNRMC,124140.000,A,5619.2221,N,04356.8789,E,1.08,273.72,220626,,,A*78
$ECEFPOSVEL,124141.000,2552480.316,2460427.005,5284373.031,0000000.094,-0000000.349,-0000000.284*28
$GNRMC,124141.000,A,5619.2221,N,04356.8789,E,0.00,139.43,220626,,,A*7F
$ECEFPOSVEL,124142.000,2552480.316,2460427.005,5284373.031,0000000.145,-0000000.035,-0000000.210*23
$GNRMC,124142.000,A,5619.2221,N,04356.8789,E,0.00,139.43,220626,,,A*7C
$ECEFPOSVEL,124143.000,2552480.316,2460427.005,5284373.031,0000000.132,-0000000.086,-0000000.107*2F
$GNRMC,124143.000,A,5619.2221,N,04356.8789,E,0.00,139.43,220626,,,A*7D
$ECEFPOSVEL,124144.000,2552480.316,2460427.005,5284373.031,0000000.060,0000000.004,-0000000.056*0C
$GNRMC,124144.000,A,5619.2221,N,04356.8789,E,0.00,139.43,220626,,,A*7A
$ECEFPOSVEL,124145.000,2552480.316,2460427.005,5284373.031,0000000.010,0000000.084,-0000000.047*02
$GNRMC,124145.000,A,5619.2221,N,04356.8789,E,0.00,139.43,220626,,,A*7B
$ECEFPOSVEL,124146.000,2552480.316,2460427.005,5284373.031,-0000000.089,0000000.332,0000000.238*05
$GNRMC,124146.000,A,5619.2221,N,04356.8789,E,0.00,139.43,220626,,,A*78
$ECEFPOSVEL,124147.000,2552480.316,2460427.005,5284373.031,0000000.002,0000000.231,0000000.319*2A
$GNRMC,124147.000,A,5619.2221,N,04356.8789,E,0.00,139.43,220626,,,A*79
$ECEFPOSVEL,124148.000,2552480.316,2460427.005,5284373.031,0000000.029,0000000.100,0000000.161*20
$GNRMC,124148.000,A,5619.2221,N,04356.8789,E,0.00,139.43,220626,,,A*76
$ECEFPOSVEL,124149.000,2552480.316,2460427.005,5284373.031,0000000.138,-0000000.068,0000000.041*01
$GNRMC,124149.000,A,5619.2221,N,04356.8789,E,0.00,139.43,220626,,,A*77
$ECEFPOSVEL,124150.000,2552480.316,2460427.005,5284373.031,0000000.112,-0000000.096,0000000.028*0F
$GNRMC,124150.000,A,5619.2221,N,04356.8789,E,0.00,139.43,220626,,,A*7F
$ECEFPOSVEL,124151.000,2552480.316,2460427.005,5284373.031,0000000.046,-0000000.069,0000000.031*06
$GNRMC,124151.000,A,5619.2221,N,04356.8789,E,0.00,139.43,220626,,,A*7E
$ECEFPOSVEL,124152.000,2552480.316,2460427.005,5284373.031,-0000000.124,-0000000.011,0000000.157*23
$GNRMC,124152.000,A,5619.2221,N,04356.8789,E,0.00,139.43,220626,,,A*7D
$ECEFPOSVEL,124153.000,2552480.316,2460427.005,5284373.031,-0000000.106,-0000000.078,0000000.133*2F
$GNRMC,124153.000,A,5619.2221,N,04356.8789,E,0.00,139.43,220626,,,A*7C
$ECEFPOSVEL,124154.000,2552480.316,2460427.005,5284373.031,-0000000.030,-0000000.089,0000000.080*2B
$GNRMC,124154.000,A,5619.2221,N,04356.8789,E,0.00,139.43,220626,,,A*7B
$ECEFPOSVEL,124155.000,2552480.316,2460427.005,5284373.031,-0000000.093,-0000000.095,0000000.100*27
$GNRMC,124155.000,A,5619.2221,N,04356.8789,E,0.00,139.43,220626,,,A*7A
$ECEFPOSVEL,124156.000,2552480.316,2460427.005,5284373.031,-0000000.231,-0000000.059,-0000000.089*03
$GNRMC,124156.000,A,5619.2221,N,04356.8789,E,0.00,139.43,220626,,,A*79
$ECEFPOSVEL,124157.000,2552480.316,2460427.005,5284373.031,-0000000.080,-0000000.119,-0000000.060*08
$GNRMC,124157.000,A,5619.2221,N,04356.8789,E,0.00,139.43,220626,,,A*78
$ECEFPOSVEL,124158.000,2552480.316,2460427.005,5284373.031,-0000000.024,-0000000.144,0000000.006*2C
$GNRMC,124158.000,A,5619.2221,N,04356.8789,E,0.00,139.43,220626,,,A*77
$ECEFPOSVEL,124159.000,2552480.316,2460427.005,5284373.031,-0000000.028,-0000000.149,0000000.046*28
$GNRMC,124159.000,A,5619.2221,N,04356.8789,E,0.00,139.43,220626,,,A*76
$ECEFPOSVEL,124200.000,2552480.316,2460427.005,5284373.031,-0000000.023,-0000000.127,0000000.052*21
$GNRMC,124200.000,A,5619.2221,N,04356.8789,E,0.00,139.43,220626,,,A*79
$ECEFPOSVEL,124201.000,2552480.316,2460427.005,5284373.031,0000000.072,0000000.183,-0000000.064*02
$GNRMC,124201.000,A,5619.2221,N,04356.8789,E,0.00,139.43,220626,,,A*78
$ECEFPOSVEL,124202.000,2552480.316,2460427.005,5284373.031,0000000.060,-0000000.139,-0000000.002*2E
$GNRMC,124202.000,A,5619.2221,N,04356.8789,E,0.00,139.43,220626,,,A*7B
$ECEFPOSVEL,124203.000,2552480.316,2460427.005,5284373.031,0000000.084,-0000000.138,-0000000.032*27
$GNRMC,124203.000,A,5619.2221,N,04356.8789,E,0.00,139.43,220626,,,A*7A
$ECEFPOSVEL,124204.000,2552480.316,2460427.005,5284373.031,0000000.165,-0000000.157,-0000000.065*25
$GNRMC,124204.000,A,5619.2221,N,04356.8789,E,0.00,139.43,220626,,,A*7D
$ECEFPOSVEL,124205.000,2552480.316,2460427.005,5284373.031,0000000.186,-0000000.193,-0000000.043*25
$GNRMC,124205.000,A,5619.2221,N,04356.8789,E,0.00,139.43,220626,,,A*7C
$ECEFPOSVEL,124206.000,2552480.316,2460427.005,5284373.031,0000000.190,-0000000.204,-0000000.024*2D
$GNRMC,124206.000,A,5619.2221,N,04356.8789,E,0.00,139.43,220626,,,A*7F
$ECEFPOSVEL,124207.000,2552480.316,2460427.005,5284373.031,0000000.110,-0000000.168,0000000.006*00
$GNRMC,124207.000,A,5619.2221,N,04356.8789,E,0.00,139.43,220626,,,A*7E
$ECEFPOSVEL,124208.000,2552480.316,2460427.005,5284373.031,0000000.042,-0000000.188,0000000.055*01
$GNRMC,124208.000,A,5619.2221,N,04356.8789,E,0.00,139.43,220626,,,A*71
$ECEFPOSVEL,124209.000,2552480.316,2460427.005,5284373.031,0000000.053,-0000000.196,0000000.057*0D
$GNRMC,124209.000,A,5619.2221,N,04356.8789,E,0.00,139.43,220626,,,A*70
$ECEFPOSVEL,124210.000,2552480.316,2460427.005,5284373.031,0000000.128,0000000.034,-0000000.026*07
$GNRMC,124210.000,A,5619.2221,N,04356.8789,E,0.00,139.43,220626,,,A*78
$ECEFPOSVEL,124211.000,2552480.316,2460427.005,5284373.031,0000000.026,-0000000.003,0000000.140*0C
$GNRMC,124211.000,A,5619.2221,N,04356.8789,E,0.00,139.43,220626,,,A*79
$ECEFPOSVEL,124212.000,2552480.316,2460427.005,5284373.031,-0000000.103,0000000.318,0000000.159*08
$GNRMC,124212.000,A,5619.2221,N,04356.8789,E,0.00,139.43,220626,,,A*7A
$ECEFPOSVEL,124213.000,2552480.316,2460427.005,5284373.031,-0000000.002,0000000.020,0000000.216*09
$GNRMC,124213.000,A,5619.2221,N,04356.8789,E,0.00,139.43,220626,,,A*7B
$ECEFPOSVEL,124214.000,2552480.316,2460427.005,5284373.031,-0000000.003,-0000000.041,0000000.135*27
$GNRMC,124214.000,A,5619.2221,N,04356.8789,E,0.00,139.43,220626,,,A*7C
$ECEFPOSVEL,124215.000,2552480.316,2460427.005,5284373.031,-0000000.032,-0000000.066,0000000.109*2E
$GNRMC,124215.000,A,5619.2221,N,04356.8789,E,0.00,139.43,220626,,,A*7D
$ECEFPOSVEL,124216.000,2552480.316,2460427.005,5284373.031,0000000.230,-0000000.438,0000000.071*01
$GNRMC,124216.000,A,5619.2221,N,04356.8789,E,0.97,288.06,220626,,,A*78
$ECEFPOSVEL,124217.000,2552480.316,2460427.005,5284373.031,0000000.180,-0000000.229,0000000.007*0F
$GNRMC,124217.000,A,5619.2221,N,04356.8789,E,0.00,139.43,220626,,,A*7F
$ECEFPOSVEL,124218.000,2552480.316,2460427.005,5284373.031,0000000.090,-0000000.257,0000000.077*0E
$GNRMC,124218.000,A,5619.2221,N,04356.8789,E,0.00,139.43,220626,,,A*70
$ECEFPOSVEL,124219.000,2552480.316,2460427.005,5284373.031,0000000.081,-0000000.279,0000000.092*08
$GNRMC,124219.000,A,5619.2221,N,04356.8789,E,0.00,139.43,220626,,,A*71
$ECEFPOSVEL,124220.000,2552480.316,2460427.005,5284373.031,0000000.298,-0000000.091,-0000000.208*20
$GNRMC,124220.000,A,5619.2221,N,04356.8789,E,0.00,139.43,220626,,,A*7B
$ECEFPOSVEL,124221.000,2552480.316,2460427.005,5284373.031,0000000.472,-0000000.299,-0000000.229*2A
$GNRMC,124221.000,A,5619.2221,N,04356.8789,E,1.15,246.42,220626,,,A*75
$ECEFPOSVEL,124222.000,2552480.316,2460427.005,5284373.031,0000000.300,-0000000.143,-0000000.198*26
$GNRMC,124222.000,A,5619.2221,N,04356.8789,E,0.00,139.43,220626,,,A*79
$ECEFPOSVEL,124223.000,2552480.316,2460427.005,5284373.031,0000000.310,-0000000.210,-0000000.176*23
$GNRMC,124223.000,A,5619.2221,N,04356.8789,E,0.78,246.12,220626,,,A*78
$ECEFPOSVEL,124224.000,2552480.316,2460427.005,5284373.031,0000000.281,-0000000.205,-0000000.174*2B
$GNRMC,124224.000,A,5619.2221,N,04356.8789,E,0.00,139.43,220626,,,A*7F
$ECEFPOSVEL,124225.000,2552480.316,2460427.005,5284373.031,0000000.175,-0000000.245,-0000000.072*21
$GNRMC,124225.000,A,5619.2221,N,04356.8789,E,0.00,139.43,220626,,,A*7E
$ECEFPOSVEL,124226.000,2552480.316,2460427.005,5284373.031,0000000.008,0000000.108,-0000000.022*0B
$GNRMC,124226.000,A,5619.2221,N,04356.8789,E,0.00,139.43,220626,,,A*7D
$ECEFPOSVEL,124227.000,2552480.316,2460427.005,5284373.031,-0000000.249,0000000.396,0000000.279*04
$GNRMC,124227.000,A,5619.2221,N,04356.8789,E,0.90,80.72,220626,,,A*44
$ECEFPOSVEL,124228.000,2552483.056,2460422.766,5284374.026,-0000000.316,0000000.594,0000000.256*0B
$GNRMC,124228.000,A,5619.2228,N,04356.8741,E,1.26,91.10,220626,,,A*4E
$ECEFPOSVEL,124229.000,2552482.877,2460423.045,5284374.226,-0000000.260,0000000.281,0000000.274*06
$GNRMC,124229.000,A,5619.2228,N,04356.8744,E,0.80,69.22,220626,,,A*41
$ECEFPOSVEL,124230.000,2552482.720,2460423.303,5284374.363,-0000000.012,-0000000.043,0000000.133*24
$GNRMC,124230.000,A,5619.2228,N,04356.8747,E,0.00,69.22,220626,,,A*42
$ECEFPOSVEL,124231.000,2552482.694,2460423.282,5284374.460,-0000000.010,-0000000.034,0000000.097*2A
$GNRMC,124231.000,A,5619.2229,N,04356.8747,E,0.00,69.22,220626,,,A*42
$ECEFPOSVEL,124232.000,2552482.700,2460423.275,5284374.541,0000000.115,-0000000.185,-0000000.127*2A
$GNRMC,124232.000,A,5619.2229,N,04356.8747,E,0.00,69.22,220626,,,A*41
$ECEFPOSVEL,124233.000,2552482.700,2460423.275,5284374.541,0000000.266,-0000000.511,-0000000.190*29
$GNRMC,124233.000,A,5619.2229,N,04356.8747,E,1.08,273.14,220626,,,A*75
$ECEFPOSVEL,124234.000,2552482.975,2460422.784,5284374.326,0000000.183,-0000000.391,-0000000.210*22
$GNRMC,124234.000,A,5619.2229,N,04356.8741,E,0.79,269.87,220626,,,A*72
$ECEFPOSVEL,124235.000,2552482.953,2460422.575,5284374.147,0000000.042,-0000000.295,-0000000.193*2F
$GNRMC,124235.000,A,5619.2229,N,04356.8740,E,0.00,269.87,220626,,,A*7C
$ECEFPOSVEL,124236.000,2552483.069,2460422.513,5284374.190,0000000.089,-0000000.211,-0000000.136*23
$GNRMC,124236.000,A,5619.2229,N,04356.8739,E,0.00,269.87,220626,,,A*71
$ECEFPOSVEL,124237.000,2552483.027,2460422.324,5284374.000,-0000000.037,-0000000.061,0000000.068*28
$GNRMC,124237.000,A,5619.2229,N,04356.8738,E,0.00,269.87,220626,,,A*71
$ECEFPOSVEL,124238.000,2552483.027,2460422.324,5284374.000,-0000000.256,0000000.036,0000000.186*0C
$GNRMC,124238.000,A,5619.2229,N,04356.8738,E,0.00,269.87,220626,,,A*7E
$ECEFPOSVEL,124239.000,2552483.027,2460422.324,5284374.000,-0000000.222,0000000.131,0000000.184*0A
$GNRMC,124239.000,A,5619.2229,N,04356.8738,E,0.00,269.87,220626,,,A*7F
$ECEFPOSVEL,124240.000,2552483.027,2460422.324,5284374.000,-0000000.105,-0000000.009,0000000.133*29
$GNRMC,124240.000,A,5619.2229,N,04356.8738,E,0.00,269.87,220626,,,A*71
$ECEFPOSVEL,124241.000,2552483.027,2460422.324,5284374.000,-0000000.031,-0000000.038,0000000.077*2D
$GNRMC,124241.000,A,5619.2229,N,04356.8738,E,0.00,269.87,220626,,,A*70
$ECEFPOSVEL,124242.000,2552483.027,2460422.324,5284374.000,0000000.069,-0000000.308,-0000000.037*27
$GNRMC,124242.000,A,5619.2229,N,04356.8738,E,0.00,269.87,220626,,,A*73
$ECEFPOSVEL,124243.000,2552483.027,2460422.324,5284374.000,0000000.140,-0000000.295,-0000000.077*2D
$GNRMC,124243.000,A,5619.2229,N,04356.8738,E,0.00,269.87,220626,,,A*72
$ECEFPOSVEL,124244.000,2552483.027,2460422.324,5284374.000,0000000.222,-0000000.358,-0000000.112*2F
$GNRMC,124244.000,A,5619.2229,N,04356.8738,E,0.80,271.64,220626,,,A*79
$ECEFPOSVEL,124245.000,2552482.793,2460421.661,5284374.165,0000000.243,-0000000.360,-0000000.131*2F
$GNRMC,124245.000,A,5619.2233,N,04356.8735,E,0.83,268.67,220626,,,A*76
$ECEFPOSVEL,124246.000,2552482.939,2460421.429,5284374.181,0000000.166,-0000000.126,-0000000.169*2F
$GNRMC,124246.000,A,5619.2233,N,04356.8732,E,0.00,268.67,220626,,,A*79
$ECEFPOSVEL,124247.000,2552483.124,2460421.295,5284373.972,0000000.169,-0000000.052,0000000.029*0C
$GNRMC,124247.000,A,5619.2232,N,04356.8730,E,0.00,268.67,220626,,,A*7B
$ECEFPOSVEL,124248.000,2552483.274,2460421.157,5284374.015,0000000.082,-0000000.145,0000000.075*0D
$GNRMC,124248.000,A,5619.2232,N,04356.8728,E,0.00,268.67,220626,,,A*7D
$ECEFPOSVEL,124249.000,2552483.274,2460421.157,5284374.015,0000000.042,-0000000.096,0000000.054*0C
$GNRMC,124249.000,A,5619.2232,N,04356.8728,E,0.00,268.67,220626,,,A*7C
$ECEFPOSVEL,124250.000,2552483.274,2460421.157,5284374.015,-0000000.035,-0000000.063,0000000.071*24
$GNRMC,124250.000,A,5619.2232,N,04356.8728,E,0.00,268.67,220626,,,A*74
$ECEFPOSVEL,124251.000,2552483.274,2460421.157,5284374.015,-0000000.132,0000000.292,-0000000.046*2B
$GNRMC,124251.000,A,5619.2232,N,04356.8728,E,0.00,268.67,220626,,,A*75
$ECEFPOSVEL,124252.000,2552483.274,2460421.157,5284374.015,-0000000.048,0000000.119,-0000000.033*26
$GNRMC,124252.000,A,5619.2232,N,04356.8728,E,0.00,268.67,220626,,,A*76
$ECEFPOSVEL,124253.000,2552483.274,2460421.157,5284374.015,0000000.047,0000000.015,-0000000.032*09
$GNRMC,124253.000,A,5619.2232,N,04356.8728,E,0.00,268.67,220626,,,A*77
$ECEFPOSVEL,124254.000,2552483.274,2460421.157,5284374.015,0000000.150,0000000.006,-0000000.070*0D
$GNRMC,124254.000,A,5619.2232,N,04356.8728,E,0.00,268.67,220626,,,A*70
$ECEFPOSVEL,124255.000,2552483.274,2460421.157,5284374.015,-0000000.108,0000000.021,0000000.182*08
$GNRMC,124255.000,A,5619.2232,N,04356.8728,E,0.00,268.67,220626,,,A*71
$ECEFPOSVEL,124256.000,2552483.274,2460421.157,5284374.015,-0000000.162,0000000.153,0000000.236*0F
$GNRMC,124256.000,A,5619.2232,N,04356.8728,E,0.00,268.67,220626,,,A*72
$ECEFPOSVEL,124257.000,2552483.274,2460421.157,5284374.015,-0000000.352,0000000.585,0000000.174*05
$GNRMC,124257.000,A,5619.2232,N,04356.8728,E,1.29,92.58,220626,,,A*42
$ECEFPOSVEL,124258.000,2552483.274,2460421.157,5284374.015,-0000000.220,0000000.325,0000000.225*05
$GNRMC,124258.000,A,5619.2232,N,04356.8728,E,0.00,268.67,220626,,,A*7C
$ECEFPOSVEL,124259.000,2552483.274,2460421.157,5284374.015,-0000000.038,0000000.158,0000000.213*02
$GNRMC,124259.000,A,5619.2232,N,04356.8728,E,0.00,268.67,220626,,,A*7D
$ECEFPOSVEL,124300.000,2552483.274,2460421.157,5284374.015,0000000.039,0000000.107,0000000.097*27
$GNRMC,124300.000,A,5619.2232,N,04356.8728,E,0.00,268.67,220626,,,A*70
$ECEFPOSVEL,124301.000,2552483.274,2460421.157,5284374.015,-0000000.010,0000000.150,0000000.046*0E
$GNRMC,124301.000,A,5619.2232,N,04356.8728,E,0.00,268.67,220626,,,A*71
$ECEFPOSVEL,124302.000,2552483.274,2460421.157,5284374.015,-0000000.034,0000000.129,0000000.120*04
$GNRMC,124302.000,A,5619.2232,N,04356.8728,E,0.00,268.67,220626,,,A*72
$ECEFPOSVEL,124303.000,2552483.274,2460421.157,5284374.015,-0000000.291,0000000.213,0000000.175*02
$GNRMC,124303.000,A,5619.2232,N,04356.8728,E,0.00,268.67,220626,,,A*73
$ECEFPOSVEL,124304.000,2552483.274,2460421.157,5284374.015,-0000000.293,0000000.178,0000000.229*03
$GNRMC,124304.000,A,5619.2232,N,04356.8728,E,0.00,268.67,220626,,,A*74
$ECEFPOSVEL,124305.000,2552483.274,2460421.157,5284374.015,-0000000.248,0000000.209,0000000.221*09
$GNRMC,124305.000,A,5619.2232,N,04356.8728,E,0.00,268.67,220626,,,A*75
$ECEFPOSVEL,124306.000,2552483.274,2460421.157,5284374.015,-0000000.309,0000000.155,0000000.275*05
$GNRMC,124306.000,A,5619.2232,N,04356.8728,E,0.80,52.69,220626,,,A*4B
$ECEFPOSVEL,124307.000,2552482.796,2460422.785,5284375.199,-0000000.356,0000000.361,0000000.266*0F
$GNRMC,124307.000,A,5619.2232,N,04356.8742,E,1.03,73.23,220626,,,A*41
$ECEFPOSVEL,124308.000,2552482.488,2460422.936,5284375.440,-0000000.812,0000000.536,0000000.375*07
$GNRMC,124308.000,A,5619.2233,N,04356.8746,E,1.99,67.92,220626,,,A*47
$ECEFPOSVEL,124309.000,2552481.869,2460423.303,5284375.748,-0000000.749,0000000.701,0000000.354*04
$GNRMC,124309.000,A,5619.2235,N,04356.8752,E,2.02,76.79,220626,,,A*41
$ECEFPOSVEL,124310.000,2552481.298,2460423.754,5284376.118,-0000000.539,0000000.531,0000000.389*0A
$GNRMC,124310.000,A,5619.2237,N,04356.8759,E,1.54,72.95,220626,,,A*46
$ECEFPOSVEL,124311.000,2552481.111,2460424.095,5284376.371,-0000000.298,0000000.421,0000000.309*0D
$GNRMC,124311.000,A,5619.2237,N,04356.8763,E,1.01,78.21,220626,,,A*4B
$ECEFPOSVEL,124312.000,2552481.076,2460424.415,5284376.583,-0000000.238,0000000.396,0000000.293*0A
$GNRMC,124312.000,A,5619.2237,N,04356.8765,E,0.95,80.43,220626,,,A*41
$ECEFPOSVEL,124313.000,2552481.058,2460424.689,5284376.825,-0000000.196,0000000.355,0000000.293*09
$GNRMC,124313.000,A,5619.2237,N,04356.8767,E,0.00,79.18,220626,,,A*46
$ECEFPOSVEL,124314.000,2552481.211,2460424.861,5284376.996,-0000000.027,0000000.296,0000000.234*08
$GNRMC,124314.000,A,5619.2236,N,04356.8768,E,0.00,79.18,220626,,,A*4F
$ECEFPOSVEL,124315.000,2552481.263,2460424.929,5284377.278,0000000.195,-0000000.182,-0000000.104*28
$GNRMC,124315.000,A,5619.2237,N,04356.8768,E,0.00,79.18,220626,,,A*4F
$ECEFPOSVEL,124316.000,2552481.263,2460424.929,5284377.278,0000000.401,-0000000.472,-0000000.132*2C
$GNRMC,124316.000,A,5619.2237,N,04356.8768,E,1.20,266.24,220626,,,A*7C
$ECEFPOSVEL,124317.000,2552482.371,2460423.570,5284377.068,0000000.456,-0000000.522,-0000000.163*2A
$GNRMC,124317.000,A,5619.2237,N,04356.8751,E,1.35,264.86,220626,,,A*79
$ECEFPOSVEL,124318.000,2552483.417,2460422.444,5284376.842,0000000.510,-0000000.585,-0000000.179*20
$GNRMC,124318.000,A,5619.2236,N,04356.8736,E,1.51,265.09,220626,,,A*72
$ECEFPOSVEL,124319.000,2552483.772,2460422.033,5284376.626,0000000.361,-0000000.471,-0000000.033*2C
$GNRMC,124319.000,A,5619.2236,N,04356.8731,E,1.15,273.63,220626,,,A*7F
$ECEFPOSVEL,124320.000,2552484.421,2460421.431,5284376.523,0000000.343,-0000000.355,-0000000.103*24
$GNRMC,124320.000,A,5619.2235,N,04356.8722,E,0.96,263.37,220626,,,A*7E
$ECEFPOSVEL,124321.000,2552485.065,2460420.736,5284376.424,0000000.367,-0000000.336,-0000000.136*26
$GNRMC,124321.000,A,5619.2235,N,04356.8713,E,0.99,258.48,220626,,,A*72
$ECEFPOSVEL,124322.000,2552485.503,2460420.057,5284376.409,0000000.320,-0000000.330,-0000000.107*28
$GNRMC,124322.000,A,5619.2236,N,04356.8705,E,0.90,262.56,220626,,,A*7A
$ECEFPOSVEL,124323.000,2552485.883,2460419.182,5284376.483,-0000000.086,-0000000.261,0000000.221*20
$GNRMC,124323.000,A,5619.2237,N,04356.8697,E,0.00,338.45,220626,,,A*75
$ECEFPOSVEL,124324.000,2552486.095,2460418.502,5284376.664,0000000.072,-0000000.283,0000000.082*0C
$GNRMC,124324.000,A,5619.2239,N,04356.8690,E,0.00,303.06,220626,,,A*74
$ECEFPOSVEL,124325.000,2552486.057,2460418.192,5284376.758,0000000.290,-0000000.328,-0000000.031*2B
$GNRMC,124325.000,A,5619.2241,N,04356.8688,E,0.85,269.74,220626,,,A*76
$ECEFPOSVEL,124326.000,2552486.275,2460417.654,5284376.871,0000000.331,-0000000.486,0000000.004*0E
$GNRMC,124326.000,A,5619.2242,N,04356.8683,E,1.14,278.33,220626,,,A*77
$ECEFPOSVEL,124327.000,2552486.342,2460417.785,5284376.771,0000000.433,-0000000.540,-0000000.060*29
$GNRMC,124327.000,A,5619.2241,N,04356.8684,E,1.34,271.56,220626,,,A*7A
$ECEFPOSVEL,124328.000,2552486.649,2460417.237,5284376.802,0000000.058,-0000000.177,0000000.107*0B
$GNRMC,124328.000,A,5619.2242,N,04356.8678,E,0.00,271.56,220626,,,A*73
$ECEFPOSVEL,124329.000,2552486.744,2460417.138,5284376.777,-0000000.201,0000000.532,0000000.082*00
$GNRMC,124329.000,A,5619.2242,N,04356.8676,E,1.05,105.12,220626,,,A*78
$ECEFPOSVEL,124330.000,2552486.702,2460417.276,5284376.886,-0000000.275,0000000.383,0000000.116*01
$GNRMC,124330.000,A,5619.2242,N,04356.8678,E,0.91,89.11,220626,,,A*44
$ECEFPOSVEL,124331.000,2552486.480,2460417.619,5284376.956,-0000000.285,0000000.354,0000000.129*01
$GNRMC,124331.000,A,5619.2242,N,04356.8682,E,0.88,85.25,220626,,,A*43
$ECEFPOSVEL,124332.000,2552486.365,2460417.781,5284377.018,-0000000.479,0000000.460,0000000.193*08
$GNRMC,124332.000,A,5619.2242,N,04356.8684,E,1.31,79.05,220626,,,A*44
$ECEFPOSVEL,124333.000,2552486.119,2460418.045,5284377.134,-0000000.192,0000000.217,0000000.109*0A
$GNRMC,124333.000,A,5619.2242,N,04356.8687,E,0.00,79.05,220626,,,A*45
$ECEFPOSVEL,124334.000,2552485.922,2460418.245,5284377.221,0000000.025,0000000.028,-0000000.064*02
$GNRMC,124334.000,A,5619.2242,N,04356.8690,E,0.00,79.05,220626,,,A*44
$ECEFPOSVEL,124335.000,2552485.944,2460418.254,5284377.202,0000000.078,-0000000.066,0000000.005*07
$GNRMC,124335.000,A,5619.2242,N,04356.8690,E,0.00,79.05,220626,,,A*45
$ECEFPOSVEL,124336.000,2552485.944,2460418.254,5284377.202,-0000000.041,0000000.022,0000000.084*07
$GNRMC,124336.000,A,5619.2242,N,04356.8690,E,0.00,79.05,220626,,,A*46
$ECEFPOSVEL,124337.000,2552485.944,2460418.254,5284377.202,-0000000.100,0000000.125,0000000.210*0B
$GNRMC,124337.000,A,5619.2242,N,04356.8690,E,0.00,79.05,220626,,,A*47
$ECEFPOSVEL,124338.000,2552485.944,2460418.254,5284377.202,-0000000.198,0000000.211,0000000.229*0B
$GNRMC,124338.000,A,5619.2242,N,04356.8690,E,0.00,79.05,220626,,,A*48
$ECEFPOSVEL,124339.000,2552485.944,2460418.254,5284377.202,-0000000.234,0000000.236,0000000.428*0D
$GNRMC,124339.000,A,5619.2242,N,04356.8690,E,0.80,54.08,220626,,,A*43
$ECEFPOSVEL,124340.000,2552485.944,2460418.254,5284377.202,-0000000.265,0000000.067,0000000.262*09
$GNRMC,124340.000,A,5619.2242,N,04356.8690,E,0.00,79.05,220626,,,A*47
$ECEFPOSVEL,124341.000,2552485.944,2460418.254,5284377.202,-0000000.240,0000000.052,0000000.298*0C
$GNRMC,124341.000,A,5619.2242,N,04356.8690,E,0.00,79.05,220626,,,A*46
$ECEFPOSVEL,124342.000,2552485.944,2460418.254,5284377.202,-0000000.193,0000000.069,0000000.276*0A
$GNRMC,124342.000,A,5619.2242,N,04356.8690,E,0.00,79.05,220626,,,A*45
$ECEFPOSVEL,124343.000,2552485.944,2460418.254,5284377.202,-0000000.205,0000000.047,0000000.208*02
$GNRMC,124343.000,A,5619.2242,N,04356.8690,E,0.00,79.05,220626,,,A*44
$ECEFPOSVEL,124344.000,2552485.944,2460418.254,5284377.202,-0000000.085,0000000.033,0000000.045*07
$GNRMC,124344.000,A,5619.2242,N,04356.8690,E,0.00,79.05,220626,,,A*43
$ECEFPOSVEL,124345.000,2552485.944,2460418.254,5284377.202,-0000000.039,0000000.021,0000000.028*09
$GNRMC,124345.000,A,5619.2242,N,04356.8690,E,0.00,79.05,220626,,,A*42
$ECEFPOSVEL,124346.000,2552485.944,2460418.254,5284377.202,-0000000.064,0000000.076,0000000.085*07
$GNRMC,124346.000,A,5619.2242,N,04356.8690,E,0.00,79.05,220626,,,A*41
$ECEFPOSVEL,124347.000,2552485.944,2460418.254,5284377.202,-0000000.152,0000000.107,0000000.098*09
$GNRMC,124347.000,A,5619.2242,N,04356.8690,E,0.00,79.05,220626,,,A*40
$ECEFPOSVEL,124348.000,2552485.944,2460418.254,5284377.202,-0000000.260,0000000.172,0000000.101*07
$GNRMC,124348.000,A,5619.2242,N,04356.8690,E,0.00,79.05,220626,,,A*4F
$ECEFPOSVEL,124349.000,2552485.944,2460418.254,5284377.202,-0000000.322,0000000.227,0000000.109*0A
$GNRMC,124349.000,A,5619.2242,N,04356.8690,E,0.79,72.44,220626,,,A*4E
$ECEFPOSVEL,124350.000,2552483.977,2460419.410,5284378.712,-0000000.494,0000000.249,0000000.218*09
$GNRMC,124350.000,A,5619.2249,N,04356.8711,E,1.14,62.34,220626,,,A*49
$ECEFPOSVEL,124351.000,2552483.932,2460419.561,5284378.742,-0000000.398,0000000.313,0000000.179*0A
$GNRMC,124351.000,A,5619.2249,N,04356.8712,E,1.02,72.65,220626,,,A*49
$ECEFPOSVEL,124352.000,2552484.229,2460419.523,5284378.775,-0000000.188,0000000.106,0000000.180*0E
$GNRMC,124352.000,A,5619.2248,N,04356.8710,E,0.00,72.65,220626,,,A*4A
$ECEFPOSVEL,124353.000,2552484.193,2460419.680,5284378.695,-0000000.030,0000000.021,0000000.078*08
$GNRMC,124353.000,A,5619.2248,N,04356.8711,E,0.00,72.65,220626,,,A*4A
$ECEFPOSVEL,124354.000,2552484.093,2460419.677,5284378.911,0000000.434,-0000000.327,-0000000.154*22
$GNRMC,124354.000,A,5619.2249,N,04356.8712,E,1.09,253.71,220626,,,A*73
$ECEFPOSVEL,124355.000,2552484.312,2460419.581,5284378.780,0000000.556,-0000000.416,-0000000.123*25
$GNRMC,124355.000,A,5619.2248,N,04356.8710,E,1.37,256.75,220626,,,A*7D
$ECEFPOSVEL,124356.000,2552484.664,2460419.307,5284378.700,0000000.435,-0000000.237,-0000000.112*21
$GNRMC,124356.000,A,5619.2247,N,04356.8706,E,0.99,248.55,220626,,,A*7E
$ECEFPOSVEL,124357.000,2552485.064,2460419.146,5284378.581,0000000.219,-0000000.120,-0000000.130*26
$GNRMC,124357.000,A,5619.2246,N,04356.8702,E,0.00,248.55,220626,,,A*7A
$ECEFPOSVEL,124358.000,2552485.238,2460419.005,5284378.549,0000000.181,-0000000.187,-0000000.052*2A
$GNRMC,124358.000,A,5619.2246,N,04356.8700,E,0.00,248.55,220626,,,A*77
$ECEFPOSVEL,124359.000,2552485.638,2460418.882,5284378.443,0000000.290,-0000000.163,-0000000.088*2C
$GNRMC,124359.000,A,5619.2245,N,04356.8696,E,0.00,248.12,220626,,,A*78
$ECEFPOSVEL,124400.000,2552485.638,2460418.882,5284378.443,0000000.379,-0000000.197,-0000000.113*29
$GNRMC,124400.000,A,5619.2245,N,04356.8696,E,0.86,246.53,220626,,,A*76
$ECEFPOSVEL,124401.000,2552485.638,2460418.882,5284378.443,0000000.095,-0000000.041,0000000.047*0E
$GNRMC,124401.000,A,5619.2245,N,04356.8696,E,0.00,248.12,220626,,,A*72
$ECEFPOSVEL,124402.000,2552485.638,2460418.882,5284378.443,0000000.134,-0000000.098,-0000000.049*20
$GNRMC,124402.000,A,5619.2245,N,04356.8696,E,0.00,248.12,220626,,,A*71
$ECEFPOSVEL,124403.000,2552485.638,2460418.882,5284378.443,0000000.329,-0000000.254,-0000000.190*28
$GNRMC,124403.000,A,5619.2245,N,04356.8696,E,0.85,249.21,220626,,,A*7C
$ECEFPOSVEL,124404.000,2552486.945,2460418.374,5284377.966,0000000.353,-0000000.289,-0000000.233*29
$GNRMC,124404.000,A,5619.2241,N,04356.8684,E,0.94,248.95,220626,,,A*72
$ECEFPOSVEL,124405.000,2552487.176,2460418.132,5284377.753,0000000.302,-0000000.324,-0000000.216*2C
$GNRMC,124405.000,A,5619.2240,N,04356.8681,E,0.89,255.69,220626,,,A*74
$ECEFPOSVEL,124406.000,2552487.422,2460417.959,5284377.505,0000000.351,-0000000.346,-0000000.239*2F
$GNRMC,124406.000,A,5619.2239,N,04356.8678,E,1.00,253.80,220626,,,A*7E
$ECEFPOSVEL,124407.000,2552487.676,2460417.883,5284377.268,0000000.297,-0000000.468,-0000000.090*26
$GNRMC,124407.000,A,5619.2238,N,04356.8675,E,1.06,274.51,220626,,,A*7C
$ECEFPOSVEL,124408.000,2552487.759,2460417.751,5284377.163,0000000.238,-0000000.358,-0000000.126*20
$GNRMC,124408.000,A,5619.2238,N,04356.8674,E,0.82,269.27,220626,,,A*72
$ECEFPOSVEL,124409.000,2552487.867,2460417.750,5284376.965,0000000.215,-0000000.301,-0000000.149*27
$GNRMC,124409.000,A,5619.2237,N,04356.8673,E,0.00,264.14,220626,,,A*7C
$ECEFPOSVEL,124410.000,2552487.921,2460417.773,5284376.768,0000000.108,-0000000.210,-0000000.136*28
$GNRMC,124410.000,A,5619.2236,N,04356.8673,E,0.00,264.14,220626,,,A*75
$ECEFPOSVEL,124411.000,2552488.053,2460417.499,5284376.773,-0000000.027,-0000000.080,0000000.089*25
$GNRMC,124411.000,A,5619.2236,N,04356.8670,E,0.00,264.14,220626,,,A*77
$ECEFPOSVEL,124412.000,2552488.053,2460417.499,5284376.773,-0000000.059,0000000.031,-0000000.050*21
$GNRMC,124412.000,A,5619.2236,N,04356.8670,E,0.00,264.14,220626,,,A*74
$ECEFPOSVEL,124413.000,2552488.053,2460417.499,5284376.773,-0000000.188,-0000000.025,0000000.096*22
$GNRMC,124413.000,A,5619.2236,N,04356.8670,E,0.00,264.14,220626,,,A*75
$ECEFPOSVEL,124414.000,2552488.053,2460417.499,5284376.773,-0000000.216,0000000.093,0000000.067*0F
$GNRMC,124414.000,A,5619.2236,N,04356.8670,E,0.00,264.14,220626,,,A*72
$ECEFPOSVEL,124415.000,2552488.053,2460417.499,5284376.773,-0000000.257,0000000.143,0000000.075*04
$GNRMC,124415.000,A,5619.2236,N,04356.8670,E,0.00,264.14,220626,,,A*73
$ECEFPOSVEL,124416.000,2552488.053,2460417.499,5284376.773,-0000000.158,0000000.091,0000000.078*08
$GNRMC,124416.000,A,5619.2236,N,04356.8670,E,0.00,264.14,220626,,,A*70
$ECEFPOSVEL,124417.000,2552488.053,2460417.499,5284376.773,-0000000.328,0000000.153,0000000.125*0A
$GNRMC,124417.000,A,5619.2236,N,04356.8670,E,0.00,264.14,220626,,,A*71
$ECEFPOSVEL,124418.000,2552488.053,2460417.499,5284376.773,-0000000.286,0000000.241,0000000.075*04
$GNRMC,124418.000,A,5619.2236,N,04356.8670,E,0.00,264.14,220626,,,A*7E
$ECEFPOSVEL,124419.000,2552488.053,2460417.499,5284376.773,-0000000.349,0000000.332,0000000.067*01
$GNRMC,124419.000,A,5619.2236,N,04356.8670,E,0.94,83.51,220626,,,A*48
$ECEFPOSVEL,124420.000,2552486.461,2460419.198,5284377.010,-0000000.458,0000000.677,0000000.107*0D
$GNRMC,124420.000,A,5619.2237,N,04356.8693,E,1.57,94.07,220626,,,A*45
$ECEFPOSVEL,124421.000,2552486.131,2460419.906,5284377.119,-0000000.458,0000000.665,0000000.154*0E
$GNRMC,124421.000,A,5619.2236,N,04356.8700,E,1.55,91.73,220626,,,A*4A
$ECEFPOSVEL,124422.000,2552485.916,2460420.525,5284377.269,-0000000.304,0000000.556,0000000.150*09
$GNRMC,124422.000,A,5619.2235,N,04356.8706,E,1.19,95.17,220626,,,A*42
$ECEFPOSVEL,124423.000,2552485.553,2460421.057,5284377.544,-0000000.236,0000000.402,0000000.192*02
$GNRMC,124423.000,A,5619.2236,N,04356.8712,E,0.88,87.99,220626,,,A*49
$ECEFPOSVEL,124424.000,2552485.578,2460421.111,5284377.520,0000000.006,-0000000.285,0000000.075*0D
$GNRMC,124424.000,A,5619.2235,N,04356.8712,E,0.00,87.99,220626,,,A*4D
$ECEFPOSVEL,124425.000,2552485.446,2460421.204,5284377.656,0000000.097,-0000000.235,0000000.049*09
$GNRMC,124425.000,A,5619.2236,N,04356.8714,E,0.00,87.99,220626,,,A*49
$ECEFPOSVEL,124426.000,2552485.552,2460420.875,5284377.658,-0000000.059,0000000.154,0000000.136*02
$GNRMC,124426.000,A,5619.2237,N,04356.8711,E,0.00,87.99,220626,,,A*4E
$ECEFPOSVEL,124427.000,2552485.552,2460420.875,5284377.658,0000000.037,0000000.101,-0000000.014*0A
$GNRMC,124427.000,A,5619.2237,N,04356.8711,E,0.00,87.99,220626,,,A*4F
$ECEFPOSVEL,124428.000,2552485.552,2460420.875,5284377.658,-0000000.020,-0000000.038,0000000.002*22
$GNRMC,124428.000,A,5619.2237,N,04356.8711,E,0.00,87.99,220626,,,A*40
$ECEFPOSVEL,124429.000,2552485.552,2460420.875,5284377.658,0000000.025,0000000.020,0000000.016*2A
$GNRMC,124429.000,A,5619.2237,N,04356.8711,E,0.00,87.99,220626,,,A*41
$ECEFPOSVEL,124430.000,2552485.552,2460420.875,5284377.658,-0000000.206,0000000.436,-0000000.010*24
$GNRMC,124430.000,A,5619.2237,N,04356.8711,E,0.93,106.32,220626,,,A*7A
$ECEFPOSVEL,124431.000,2552485.612,2460421.288,5284377.898,-0000000.232,0000000.429,0000000.032*0D
$GNRMC,124431.000,A,5619.2236,N,04356.8713,E,0.93,100.98,220626,,,A*7E
$ECEFPOSVEL,124432.000,2552485.510,2460421.571,5284377.954,-0000000.242,0000000.472,0000000.027*02
$GNRMC,124432.000,A,5619.2235,N,04356.8716,E,0.97,102.50,220626,,,A*79
$ECEFPOSVEL,124433.000,2552485.544,2460421.734,5284378.007,-0000000.195,0000000.405,0000000.040*09
$GNRMC,124433.000,A,5619.2235,N,04356.8717,E,0.85,102.51,220626,,,A*7B
$ECEFPOSVEL,124434.000,2552485.441,2460422.131,5284378.063,-0000000.026,0000000.089,-0000000.053*2E
$GNRMC,124434.000,A,5619.2234,N,04356.8720,E,0.00,102.51,220626,,,A*74
$ECEFPOSVEL,124435.000,2552485.541,2460422.114,5284378.059,0000000.177,-0000000.182,-0000000.076*28
$GNRMC,124435.000,A,5619.2234,N,04356.8719,E,0.00,102.51,220626,,,A*7F
$ECEFPOSVEL,124436.000,2552485.930,2460421.791,5284378.048,0000000.377,-0000000.403,-0000000.070*21
$GNRMC,124436.000,A,5619.2234,N,04356.8714,E,1.07,266.69,220626,,,A*7D
$ECEFPOSVEL,124437.000,2552486.359,2460421.258,5284378.043,0000000.523,-0000000.575,-0000000.075*2F
$GNRMC,124437.000,A,5619.2234,N,04356.8708,E,1.51,268.29,220626,,,A*78
$ECEFPOSVEL,124438.000,2552486.356,2460421.331,5284377.997,0000000.574,-0000000.470,-0000000.086*24
$GNRMC,124438.000,A,5619.2234,N,04356.8708,E,1.45,260.70,220626,,,A*76
$ECEFPOSVEL,124439.000,2552486.833,2460420.799,5284377.957,0000000.078,-0000000.109,0000000.081*0E
$GNRMC,124439.000,A,5619.2234,N,04356.8701,E,0.00,260.70,220626,,,A*7E
$ECEFPOSVEL,124440.000,2552486.853,2460420.810,5284377.986,-0000000.019,-0000000.004,0000000.063*2E
$GNRMC,124440.000,A,5619.2234,N,04356.8701,E,0.00,260.70,220626,,,A*70
$ECEFPOSVEL,124441.000,2552486.825,2460420.775,5284378.081,0000000.104,-0000000.193,-0000000.029*2F
$GNRMC,124441.000,A,5619.2234,N,04356.8701,E,0.00,260.70,220626,,,A*71
$ECEFPOSVEL,124442.000,2552486.825,2460420.775,5284378.081,0000000.289,-0000000.484,-0000000.060*24
$GNRMC,124442.000,A,5619.2234,N,04356.8701,E,1.08,277.56,220626,,,A*79
$ECEFPOSVEL,124443.000,2552486.825,2460420.775,5284378.081,0000000.217,-0000000.241,-0000000.059*27
$GNRMC,124443.000,A,5619.2234,N,04356.8701,E,0.00,260.70,220626,,,A*73
$ECEFPOSVEL,124444.000,2552486.825,2460420.775,5284378.081,-0000000.108,-0000000.003,-0000000.034*0F
$GNRMC,124444.000,A,5619.2234,N,04356.8701,E,0.00,260.70,220626,,,A*74
$ECEFPOSVEL,124445.000,2552486.825,2460420.775,5284378.081,-0000000.078,0000000.027,-0000000.000*24
$GNRMC,124445.000,A,5619.2234,N,04356.8701,E,0.00,260.70,220626,,,A*75
$ECEFPOSVEL,124446.000,2552486.825,2460420.775,5284378.081,0000000.124,-0000000.085,-0000000.029*2C
$GNRMC,124446.000,A,5619.2234,N,04356.8701,E,0.00,260.70,220626,,,A*76
$ECEFPOSVEL,124447.000,2552486.825,2460420.775,5284378.081,0000000.503,-0000000.222,-0000000.458*21
$GNRMC,124447.000,A,5619.2234,N,04356.8701,E,1.29,230.03,220626,,,A*7C
$ECEFPOSVEL,124448.000,2552486.988,2460420.257,5284378.035,0000000.525,-0000000.278,-0000000.387*2C
$GNRMC,124448.000,A,5619.2235,N,04356.8697,E,1.31,236.88,220626,,,A*70
$ECEFPOSVEL,124449.000,2552487.317,2460420.096,5284377.739,0000000.292,-0000000.193,-0000000.192*20
$GNRMC,124449.000,A,5619.2234,N,04356.8693,E,0.00,243.52,220626,,,A*72
$ECEFPOSVEL,124450.000,2552487.562,2460419.932,5284377.599,0000000.128,-0000000.025,0000000.082*0A
$GNRMC,124450.000,A,5619.2233,N,04356.8690,E,0.00,243.52,220626,,,A*7E
$ECEFPOSVEL,124451.000,2552487.662,2460419.903,5284377.604,-0000000.320,0000000.085,0000000.234*02
$GNRMC,124451.000,A,5619.2233,N,04356.8690,E,0.00,46.17,220626,,,A*49
$ECEFPOSVEL,124452.000,2552487.662,2460419.903,5284377.604,-0000000.599,0000000.550,0000000.264*0D
$GNRMC,124452.000,A,5619.2233,N,04356.8690,E,1.62,77.02,220626,,,A*49
$ECEFPOSVEL,124453.000,2552487.004,2460420.417,5284378.014,-0000000.475,0000000.494,0000000.295*04
$GNRMC,124453.000,A,5619.2234,N,04356.8698,E,1.37,76.59,220626,,,A*48
$ECEFPOSVEL,124454.000,2552486.739,2460420.677,5284378.341,-0000000.318,0000000.356,0000000.292*0E
$GNRMC,124454.000,A,5619.2235,N,04356.8701,E,0.97,72.87,220626,,,A*43
$ECEFPOSVEL,124455.000,2552486.684,2460420.685,5284378.690,-0000000.168,0000000.208,0000000.294*05
$GNRMC,124455.000,A,5619.2237,N,04356.8702,E,0.00,61.67,220626,,,A*41
$ECEFPOSVEL,124456.000,2552486.517,2460420.981,5284378.716,-0000000.189,0000000.210,0000000.082*08
$GNRMC,124456.000,A,5619.2236,N,04356.8705,E,0.00,61.67,220626,,,A*44
$ECEFPOSVEL,124457.000,2552486.450,2460420.989,5284378.879,-0000000.378,0000000.373,0000000.189*07
$GNRMC,124457.000,A,5619.2237,N,04356.8705,E,1.05,77.69,220626,,,A*49
$ECEFPOSVEL,124458.000,2552486.254,2460421.216,5284378.925,-0000000.640,0000000.376,0000000.365*05
$GNRMC,124458.000,A,5619.2237,N,04356.8708,E,1.56,62.72,220626,,,A*43
$ECEFPOSVEL,124459.000,2552485.703,2460421.526,5284379.251,-0000000.535,0000000.482,0000000.210*03
$GNRMC,124459.000,A,5619.2239,N,04356.8714,E,1.43,77.56,220626,,,A*47
$ECEFPOSVEL,124500.000,2552485.314,2460421.741,5284379.523,-0000000.393,0000000.251,0000000.250*0B
$GNRMC,124500.000,A,5619.2240,N,04356.8718,E,0.99,63.20,220626,,,A*4A
$ECEFPOSVEL,124501.000,2552485.153,2460421.740,5284379.783,-0000000.237,0000000.100,0000000.242*09
$GNRMC,124501.000,A,5619.2242,N,04356.8719,E,0.00,47.36,220626,,,A*49
$ECEFPOSVEL,124502.000,2552485.146,2460421.697,5284379.983,-0000000.166,0000000.089,0000000.218*03
$GNRMC,124502.000,A,5619.2242,N,04356.8719,E,0.00,47.36,220626,,,A*4A
$ECEFPOSVEL,124503.000,2552484.988,2460421.791,5284380.064,-0000000.336,0000000.264,0000000.209*0E
$GNRMC,124503.000,A,5619.2243,N,04356.8721,E,0.88,68.74,220626,,,A*4A
$ECEFPOSVEL,124504.000,2552484.737,2460421.917,5284380.240,-0000000.592,0000000.407,0000000.468*0D
$GNRMC,124504.000,A,5619.2244,N,04356.8723,E,1.55,61.70,220626,,,A*44
$ECEFPOSVEL,124505.000,2552484.424,2460422.028,5284380.728,-0000000.313,0000000.153,0000000.465*06
$GNRMC,124505.000,A,5619.2246,N,04356.8726,E,0.94,42.51,220626,,,A*4C
$ECEFPOSVEL,124506.000,2552484.251,2460422.140,5284381.160,-0000000.212,0000000.128,0000000.433*0A
$GNRMC,124506.000,A,5619.2247,N,04356.8728,E,0.00,39.22,220626,,,A*45
$ECEFPOSVEL,124507.000,2552484.169,2460422.117,5284381.622,-0000000.126,0000000.062,0000000.427*0E
$GNRMC,124507.000,A,5619.2249,N,04356.8729,E,0.00,25.61,220626,,,A*41
$ECEFPOSVEL,124508.000,2552484.113,2460422.270,5284381.722,-0000000.091,0000000.090,0000000.377*0D
$GNRMC,124508.000,A,5619.2249,N,04356.8730,E,0.00,25.61,220626,,,A*46
$ECEFPOSVEL,124509.000,2552484.113,2460422.270,5284381.722,-0000000.331,0000000.227,0000000.210*0B
$GNRMC,124509.000,A,5619.2249,N,04356.8730,E,0.84,64.94,220626,,,A*44
$ECEFPOSVEL,124510.000,2552483.945,2460422.374,5284382.142,-0000000.530,0000000.590,0000000.254*05
$GNRMC,124510.000,A,5619.2250,N,04356.8732,E,1.56,81.55,220626,,,A*4E
$ECEFPOSVEL,124511.000,2552483.679,2460422.634,5284382.275,-0000000.984,0000000.868,0000000.437*08
$GNRMC,124511.000,A,5619.2251,N,04356.8735,E,2.62,75.81,220626,,,A*4F
$ECEFPOSVEL,124512.000,2552483.345,2460423.084,5284382.519,-0000000.742,0000000.508,0000000.367*0D
$GNRMC,124512.000,A,5619.2251,N,04356.8741,E,1.84,68.06,220626,,,A*47
$ECEFPOSVEL,124513.000,2552482.841,2460423.514,5284382.823,-0000000.486,0000000.421,0000000.289*0A
$GNRMC,124513.000,A,5619.2253,N,04356.8747,E,1.31,71.98,220626,,,A*43
$ECEFPOSVEL,124514.000,2552482.668,2460423.726,5284383.060,-0000000.248,0000000.273,0000000.239*0B
$GNRMC,124514.000,A,5619.2253,N,04356.8750,E,0.00,71.51,220626,,,A*44
$ECEFPOSVEL,124515.000,2552482.579,2460423.806,5284383.328,-0000000.134,0000000.152,0000000.241*0C
$GNRMC,124515.000,A,5619.2254,N,04356.8751,E,0.00,71.51,220626,,,A*43
$ECEFPOSVEL,124516.000,2552482.383,2460423.716,5284383.386,-0000000.078,0000000.031,0000000.182*07
$GNRMC,124516.000,A,5619.2255,N,04356.8752,E,0.00,71.51,220626,,,A*42
$ECEFPOSVEL,124517.000,2552482.383,2460423.716,5284383.386,-0000000.057,0000000.054,0000000.126*06
$GNRMC,124517.000,A,5619.2255,N,04356.8752,E,0.00,71.51,220626,,,A*43
$ECEFPOSVEL,124518.000,2552482.383,2460423.716,5284383.386,-0000000.057,0000000.031,0000000.108*06
$GNRMC,124518.000,A,5619.2255,N,04356.8752,E,0.00,71.51,220626,,,A*4C
$ECEFPOSVEL,124519.000,2552482.383,2460423.716,5284383.386,-0000000.060,0000000.086,0000000.065*05
$GNRMC,124519.000,A,5619.2255,N,04356.8752,E,0.00,71.51,220626,,,A*4D
$ECEFPOSVEL,124520.000,2552482.383,2460423.716,5284383.386,-0000000.030,0000000.043,0000000.053*06
$GNRMC,124520.000,A,5619.2255,N,04356.8752,E,0.00,71.51,220626,,,A*47
$ECEFPOSVEL,124521.000,2552482.383,2460423.716,5284383.386,-0000000.005,-0000000.069,0000000.081*2B
$GNRMC,124521.000,A,5619.2255,N,04356.8752,E,0.00,71.51,220626,,,A*46
$ECEFPOSVEL,124522.000,2552482.383,2460423.716,5284383.386,-0000000.093,-0000000.126,-0000000.088*09
$GNRMC,124522.000,A,5619.2255,N,04356.8752,E,0.00,71.51,220626,,,A*45
$ECEFPOSVEL,124523.000,2552482.383,2460423.716,5284383.386,0000000.023,-0000000.181,-0000000.020*21
$GNRMC,124523.000,A,5619.2255,N,04356.8752,E,0.00,71.51,220626,,,A*44
$ECEFPOSVEL,124524.000,2552482.383,2460423.716,5284383.386,0000000.025,-0000000.171,0000000.012*03
$GNRMC,124524.000,A,5619.2255,N,04356.8752,E,0.00,71.51,220626,,,A*43
$ECEFPOSVEL,124525.000,2552482.383,2460423.716,5284383.386,-0000000.028,-0000000.075,0000000.011*24
$GNRMC,124525.000,A,5619.2255,N,04356.8752,E,0.00,71.51,220626,,,A*42
$ECEFPOSVEL,124526.000,2552482.383,2460423.716,5284383.386,0000000.020,0000000.050,-0000000.004*01
$GNRMC,124526.000,A,5619.2255,N,04356.8752,E,0.00,71.51,220626,,,A*41
$ECEFPOSVEL,124527.000,2552482.383,2460423.716,5284383.386,0000000.064,-0000000.066,-0000000.019*24
$GNRMC,124527.000,A,5619.2255,N,04356.8752,E,0.00,71.51,220626,,,A*40
$ECEFPOSVEL,124528.000,2552482.383,2460423.716,5284383.386,0000000.127,-0000000.167,-0000000.035*23
$GNRMC,124528.000,A,5619.2255,N,04356.8752,E,0.00,71.51,220626,,,A*4F
$ECEFPOSVEL,124529.000,2552482.383,2460423.716,5284383.386,0000000.161,-0000000.200,-0000000.029*2F
$GNRMC,124529.000,A,5619.2255,N,04356.8752,E,0.00,71.51,220626,,,A*4E
$ECEFPOSVEL,124530.000,2552482.383,2460423.716,5284383.386,0000000.147,-0000000.173,-0000000.023*2E
$GNRMC,124530.000,A,5619.2255,N,04356.8752,E,0.00,71.51,220626,,,A*46
$ECEFPOSVEL,124531.000,2552482.383,2460423.716,5284383.386,-0000000.103,-0000000.088,0000000.140*2E
$GNRMC,124531.000,A,5619.2255,N,04356.8752,E,0.00,71.51,220626,,,A*47
$ECEFPOSVEL,124532.000,2552482.383,2460423.716,5284383.386,-0000000.286,0000000.092,0000000.147*02
$GNRMC,124532.000,A,5619.2255,N,04356.8752,E,0.00,71.51,220626,,,A*44
$ECEFPOSVEL,124533.000,2552482.383,2460423.716,5284383.386,-0000000.151,0000000.266,0000000.039*0B
$GNRMC,124533.000,A,5619.2255,N,04356.8752,E,0.00,71.51,220626,,,A*45
$ECEFPOSVEL,124534.000,2552482.383,2460423.716,5284383.386,-0000000.245,0000000.308,0000000.153*0E
$GNRMC,124534.000,A,5619.2255,N,04356.8752,E,0.00,71.51,220626,,,A*42
$ECEFPOSVEL,124535.000,2552482.383,2460423.716,5284383.386,-0000000.279,0000000.299,0000000.218*05
$GNRMC,124535.000,A,5619.2255,N,04356.8752,E,0.83,74.28,220626,,,A*43
$ECEFPOSVEL,124536.000,2552481.609,2460422.568,5284384.529,-0000000.385,0000000.497,0000000.187*03
$GNRMC,124536.000,A,5619.2265,N,04356.8749,E,1.22,85.63,220626,,,A*42
$ECEFPOSVEL,124537.000,2552481.217,2460422.991,5284384.779,-0000000.470,0000000.537,0000000.290*07
$GNRMC,124537.000,A,5619.2265,N,04356.8755,E,1.41,79.45,220626,,,A*4C
$ECEFPOSVEL,124538.000,2552480.997,2460423.195,5284385.096,-0000000.338,0000000.494,0000000.291*02
$GNRMC,124538.000,A,5619.2266,N,04356.8757,E,1.16,82.42,220626,,,A*43
$ECEFPOSVEL,124539.000,2552480.965,2460423.067,5284385.502,-0000000.183,0000000.245,0000000.343*0C
$GNRMC,124539.000,A,5619.2268,N,04356.8757,E,0.00,62.45,220626,,,A*43
$ECEFPOSVEL,124540.000,2552480.989,2460422.955,5284385.871,0000000.040,0000000.070,0000000.299*21
$GNRMC,124540.000,A,5619.2269,N,04356.8756,E,0.00,62.45,220626,,,A*4D
$ECEFPOSVEL,124541.000,2552481.058,2460422.614,5284385.805,0000000.197,-0000000.079,0000000.169*0E
$GNRMC,124541.000,A,5619.2270,N,04356.8753,E,0.00,62.45,220626,,,A*41
$ECEFPOSVEL,124542.000,2552481.058,2460422.614,5284385.805,-0000000.019,-0000000.087,-0000000.043*02
$GNRMC,124542.000,A,5619.2270,N,04356.8753,E,0.00,62.45,220626,,,A*42
$ECEFPOSVEL,124543.000,2552481.058,2460422.614,5284385.805,-0000000.005,-0000000.097,-0000000.006*0E
$GNRMC,124543.000,A,5619.2270,N,04356.8753,E,0.00,62.45,220626,,,A*43
$ECEFPOSVEL,124544.000,2552481.058,2460422.614,5284385.805,-0000000.142,0000000.141,0000000.215*01
$GNRMC,124544.000,A,5619.2270,N,04356.8753,E,0.00,62.45,220626,,,A*44
$ECEFPOSVEL,124545.000,2552481.058,2460422.614,5284385.805,-0000000.330,0000000.359,0000000.337*0D
$GNRMC,124545.000,A,5619.2270,N,04356.8753,E,1.01,69.99,220626,,,A*4F
$ECEFPOSVEL,124546.000,2552480.916,2460422.847,5284386.305,-0000000.252,0000000.428,0000000.136*0B
$GNRMC,124546.000,A,5619.2271,N,04356.8756,E,0.94,92.41,220626,,,A*44
$ECEFPOSVEL,124547.000,2552480.726,2460423.090,5284386.450,0000000.106,0000000.135,-0000000.152*0A
$GNRMC,124547.000,A,5619.2272,N,04356.8759,E,0.00,92.41,220626,,,A*44
$ECEFPOSVEL,124548.000,2552480.722,2460423.226,5284386.397,0000000.082,-0000000.090,-0000000.074*29
$GNRMC,124548.000,A,5619.2271,N,04356.8760,E,0.00,92.41,220626,,,A*42
$ECEFPOSVEL,124549.000,2552480.822,2460423.204,5284386.321,0000000.084,-0000000.046,-0000000.074*27
$GNRMC,124549.000,A,5619.2270,N,04356.8759,E,0.00,92.41,220626,,,A*48
$ECEFPOSVEL,124550.000,2552480.822,2460423.204,5284386.321,0000000.011,0000000.056,0000000.001*20
$GNRMC,124550.000,A,5619.2270,N,04356.8759,E,0.00,92.41,220626,,,A*40
$ECEFPOSVEL,124551.000,2552480.822,2460423.204,5284386.321,-0000000.235,0000000.235,0000000.281*05
$GNRMC,124551.000,A,5619.2270,N,04356.8759,E,0.00,92.41,220626,,,A*41
$ECEFPOSVEL,124552.000,2552480.822,2460423.204,5284386.321,-0000000.354,0000000.335,0000000.424*08
$GNRMC,124552.000,A,5619.2270,N,04356.8759,E,1.07,62.46,220626,,,A*4C
$ECEFPOSVEL,124553.000,2552480.466,2460423.449,5284387.040,-0000000.402,0000000.348,0000000.459*0B
$GNRMC,124553.000,A,5619.2273,N,04356.8763,E,1.18,60.98,220626,,,A*48
$ECEFPOSVEL,124554.000,2552480.428,2460423.622,5284387.379,-0000000.188,0000000.275,0000000.390*0A
$GNRMC,124554.000,A,5619.2274,N,04356.8764,E,0.00,62.54,220626,,,A*45
$ECEFPOSVEL,124555.000,2552480.169,2460423.811,5284387.584,-0000000.038,0000000.045,0000000.024*06
$GNRMC,124555.000,A,5619.2274,N,04356.8767,E,0.00,62.54,220626,,,A*47
$ECEFPOSVEL,124556.000,2552480.209,2460423.815,5284387.547,-0000000.012,0000000.341,-0000000.002*2D
$GNRMC,124556.000,A,5619.2274,N,04356.8767,E,0.00,127.03,220626,,,A*76
$ECEFPOSVEL,124557.000,2552480.209,2460423.815,5284387.547,-0000000.004,0000000.273,0000000.020*06
$GNRMC,124557.000,A,5619.2274,N,04356.8767,E,0.00,127.03,220626,,,A*77
$ECEFPOSVEL,124558.000,2552480.209,2460423.815,5284387.547,0000000.018,0000000.168,-0000000.010*0E
$GNRMC,124558.000,A,5619.2274,N,04356.8767,E,0.00,127.03,220626,,,A*78
$ECEFPOSVEL,124559.000,2552480.209,2460423.815,5284387.547,0000000.166,0000000.026,-0000000.057*0F
$GNRMC,124559.000,A,5619.2274,N,04356.8767,E,0.00,127.03,220626,,,A*79
$ECEFPOSVEL,124600.000,2552480.209,2460423.815,5284387.547,0000000.305,-0000000.066,-0000000.115*29
$GNRMC,124600.000,A,5619.2274,N,04356.8767,E,0.00,127.03,220626,,,A*76
$ECEFPOSVEL,124601.000,2552480.209,2460423.815,5284387.547,0000000.558,-0000000.260,-0000000.414*26
$GNRMC,124601.000,A,5619.2274,N,04356.8767,E,1.38,234.23,220626,,,A*7E
$ECEFPOSVEL,124602.000,2552480.944,2460423.841,5284387.040,0000000.538,-0000000.395,-0000000.430*2F
$GNRMC,124602.000,A,5619.2270,N,04356.8762,E,1.43,243.13,220626,,,A*73
$ECEFPOSVEL,124603.000,2552481.425,2460423.515,5284386.589,0000000.429,-0000000.313,-0000000.426*20
$GNRMC,124603.000,A,5619.2268,N,04356.8757,E,1.18,239.13,220626,,,A*7E
$ECEFPOSVEL,124604.000,2552482.136,2460423.190,5284386.040,0000000.311,-0000000.277,-0000000.389*27
$GNRMC,124604.000,A,5619.2265,N,04356.8750,E,0.93,239.78,220626,,,A*7C
$ECEFPOSVEL,124605.000,2552482.779,2460422.614,5284385.630,0000000.065,0000000.180,-0000000.139*0C
$GNRMC,124605.000,A,5619.2264,N,04356.8741,E,0.00,239.78,220626,,,A*76
$ECEFPOSVEL,124606.000,2552482.358,2460422.352,5284385.992,0000000.022,-0000000.059,-0000000.073*2C
$GNRMC,124606.000,A,5619.2267,N,04356.8742,E,0.00,239.78,220626,,,A*75
$ECEFPOSVEL,124607.000,2552482.308,2460421.904,5284386.234,0000000.158,-0000000.193,-0000000.047*2A
$GNRMC,124607.000,A,5619.2269,N,04356.8740,E,0.00,239.78,220626,,,A*78
$ECEFPOSVEL,124608.000,2552482.308,2460421.904,5284386.234,0000000.457,-0000000.263,-0000000.141*24
$GNRMC,124608.000,A,5619.2269,N,04356.8740,E,1.06,248.51,220626,,,A*7D
$ECEFPOSVEL,124609.000,2552482.630,2460421.671,5284386.178,0000000.517,-0000000.516,-0000000.210*2A
$GNRMC,124609.000,A,5619.2269,N,04356.8736,E,1.44,260.02,220626,,,A*77
$ECEFPOSVEL,124610.000,2552483.096,2460421.234,5284386.080,0000000.452,-0000000.534,-0000000.114*2D
$GNRMC,124610.000,A,5619.2269,N,04356.8730,E,1.36,267.92,220626,,,A*72
$ECEFPOSVEL,124611.000,2552483.318,2460420.982,5284385.944,-0000000.140,0000000.029,0000000.107*0C
$GNRMC,124611.000,A,5619.2268,N,04356.8726,E,0.00,267.92,220626,,,A*71
$ECEFPOSVEL,124612.000,2552483.388,2460420.841,5284385.999,-0000000.149,0000000.105,0000000.059*04
$GNRMC,124612.000,A,5619.2269,N,04356.8725,E,0.00,267.92,220626,,,A*70
$ECEFPOSVEL,124613.000,2552483.291,2460420.908,5284386.036,-0000000.077,0000000.069,0000000.034*03
$GNRMC,124613.000,A,5619.2269,N,04356.8726,E,0.00,267.92,220626,,,A*72
$ECEFPOSVEL,124614.000,2552483.291,2460420.908,5284386.036,-0000000.101,0000000.078,0000000.053*05
$GNRMC,124614.000,A,5619.2269,N,04356.8726,E,0.00,267.92,220626,,,A*75
$ECEFPOSVEL,124615.000,2552483.291,2460420.908,5284386.036,-0000000.158,0000000.170,0000000.039*0D
$GNRMC,124615.000,A,5619.2269,N,04356.8726,E,0.00,267.92,220626,,,A*74
$ECEFPOSVEL,124616.000,2552483.291,2460420.908,5284386.036,-0000000.096,0000000.179,-0000000.008*2B
$GNRMC,124616.000,A,5619.2269,N,04356.8726,E,0.00,267.92,220626,,,A*77
$ECEFPOSVEL,124617.000,2552483.291,2460420.908,5284386.036,-0000000.087,-0000000.030,0000000.033*2E
$GNRMC,124617.000,A,5619.2269,N,04356.8726,E,0.00,267.92,220626,,,A*76
$ECEFPOSVEL,124618.000,2552483.291,2460420.908,5284386.036,-0000000.065,0000000.041,-0000000.009*22
$GNRMC,124618.000,A,5619.2269,N,04356.8726,E,0.00,267.92,220626,,,A*79
$ECEFPOSVEL,124619.000,2552483.291,2460420.908,5284386.036,-0000000.046,0000000.009,0000000.004*0E
$GNRMC,124619.000,A,5619.2269,N,04356.8726,E,0.00,267.92,220626,,,A*78
$ECEFPOSVEL,124620.000,2552483.291,2460420.908,5284386.036,-0000000.070,0000000.144,0000000.097*03
$GNRMC,124620.000,A,5619.2269,N,04356.8726,E,0.00,267.92,220626,,,A*72
$ECEFPOSVEL,124621.000,2552483.291,2460420.908,5284386.036,-0000000.253,0000000.427,0000000.209*04
$GNRMC,124621.000,A,5619.2269,N,04356.8726,E,0.94,87.53,220626,,,A*4F
$ECEFPOSVEL,124622.000,2552482.969,2460421.658,5284386.194,-0000000.241,0000000.346,0000000.276*03
$GNRMC,124622.000,A,5619.2268,N,04356.8733,E,0.83,76.77,220626,,,A*47
$ECEFPOSVEL,124623.000,2552483.114,2460421.880,5284386.342,-0000000.080,0000000.283,0000000.236*00
$GNRMC,124623.000,A,5619.2267,N,04356.8734,E,0.00,76.77,220626,,,A*45
$ECEFPOSVEL,124624.000,2552483.023,2460421.769,5284386.349,-0000000.113,0000000.182,0000000.178*01
$GNRMC,124624.000,A,5619.2268,N,04356.8734,E,0.00,76.77,220626,,,A*4D
$ECEFPOSVEL,124625.000,2552483.017,2460422.065,5284386.510,0000000.064,-0000000.114,0000000.102*06
$GNRMC,124625.000,A,5619.2267,N,04356.8736,E,0.00,76.77,220626,,,A*41
$ECEFPOSVEL,124626.000,2552483.017,2460422.065,5284386.510,0000000.136,-0000000.206,-0000000.050*28
$GNRMC,124626.000,A,5619.2267,N,04356.8736,E,0.00,76.77,220626,,,A*42
$ECEFPOSVEL,124627.000,2552483.017,2460422.065,5284386.510,0000000.107,-0000000.324,-0000000.061*28
$GNRMC,124627.000,A,5619.2267,N,04356.8736,E,0.00,76.77,220626,,,A*43
$ECEFPOSVEL,124628.000,2552483.017,2460422.065,5284386.510,-0000000.128,-0000000.249,0000000.005*22
$GNRMC,124628.000,A,5619.2267,N,04356.8736,E,0.00,76.77,220626,,,A*4C
$ECEFPOSVEL,124629.000,2552483.017,2460422.065,5284386.510,-0000000.256,-0000000.092,0000000.060*2E
$GNRMC,124629.000,A,5619.2267,N,04356.8736,E,0.00,76.77,220626,,,A*4D
$ECEFPOSVEL,124630.000,2552483.017,2460422.065,5284386.510,-0000000.114,0000000.032,-0000000.019*27
$GNRMC,124630.000,A,5619.2267,N,04356.8736,E,0.00,76.77,220626,,,A*45
$ECEFPOSVEL,124631.000,2552483.017,2460422.065,5284386.510,0000000.209,0000000.164,-0000000.027*0B
$GNRMC,124631.000,A,5619.2267,N,04356.8736,E,0.00,76.77,220626,,,A*44
$ECEFPOSVEL,124632.000,2552483.017,2460422.065,5284386.510,0000000.105,0000000.133,0000000.015*29
$GNRMC,124632.000,A,5619.2267,N,04356.8736,E,0.00,76.77,220626,,,A*47
$ECEFPOSVEL,124633.000,2552483.017,2460422.065,5284386.510,-0000000.078,0000000.165,0000000.080*01
$GNRMC,124633.000,A,5619.2267,N,04356.8736,E,0.00,76.77,220626,,,A*46
$ECEFPOSVEL,124634.000,2552483.017,2460422.065,5284386.510,-0000000.244,0000000.259,0000000.102*0C
$GNRMC,124634.000,A,5619.2267,N,04356.8736,E,0.00,76.77,220626,,,A*41
$ECEFPOSVEL,124635.000,2552483.017,2460422.065,5284386.510,-0000000.335,0000000.309,0000000.121*0F
$GNRMC,124635.000,A,5619.2267,N,04356.8736,E,0.90,78.93,220626,,,A*4D
$ECEFPOSVEL,124636.000,2552483.017,2460422.065,5284386.510,-0000000.056,0000000.145,-0000000.006*29
$GNRMC,124636.000,A,5619.2267,N,04356.8736,E,0.00,76.77,220626,,,A*43
$ECEFPOSVEL,124637.000,2552483.017,2460422.065,5284386.510,0000000.151,0000000.007,0000000.000*2F
$GNRMC,124637.000,A,5619.2267,N,04356.8736,E,0.00,76.77,220626,,,A*42
$ECEFPOSVEL,124638.000,2552483.017,2460422.065,5284386.510,0000000.089,-0000000.006,-0000000.030*26
$GNRMC,124638.000,A,5619.2267,N,04356.8736,E,0.00,76.77,220626,,,A*4D
$ECEFPOSVEL,124639.000,2552483.017,2460422.065,5284386.510,0000000.080,-0000000.073,0000000.005*07
$GNRMC,124639.000,A,5619.2267,N,04356.8736,E,0.00,76.77,220626,,,A*4C
$ECEFPOSVEL,124640.000,2552483.017,2460422.065,5284386.510,0000000.106,-0000000.247,0000000.080*0E
$GNRMC,124640.000,A,5619.2267,N,04356.8736,E,0.00,76.77,220626,,,A*42
$ECEFPOSVEL,124641.000,2552483.017,2460422.065,5284386.510,-0000000.013,-0000000.132,0000000.087*21
$GNRMC,124641.000,A,5619.2267,N,04356.8736,E,0.00,76.77,220626,,,A*43
$ECEFPOSVEL,124642.000,2552483.017,2460422.065,5284386.510,-0000000.110,-0000000.031,0000000.066*2D
$GNRMC,124642.000,A,5619.2267,N,04356.8736,E,0.00,76.77,220626,,,A*40
$ECEFPOSVEL,124643.000,2552483.017,2460422.065,5284386.510,-0000000.077,-0000000.021,0000000.034*2A
$GNRMC,124643.000,A,5619.2267,N,04356.8736,E,0.00,76.77,220626,,,A*41
$ECEFPOSVEL,124644.000,2552483.017,2460422.065,5284386.510,0000000.175,-0000000.378,-0000000.221*27
$GNRMC,124644.000,A,5619.2267,N,04356.8736,E,0.00,76.77,220626,,,A*46
$ECEFPOSVEL,124645.000,2552483.017,2460422.065,5284386.510,0000000.479,-0000000.549,-0000000.400*2E
$GNRMC,124645.000,A,5619.2267,N,04356.8736,E,1.46,255.28,220626,,,A*7D
$ECEFPOSVEL,124646.000,2552482.751,2460421.350,5284386.363,0000000.253,-0000000.538,-0000000.304*26
$GNRMC,124646.000,A,5619.2270,N,04356.8733,E,1.09,269.09,220626,,,A*7A
$ECEFPOSVEL,124647.000,2552482.970,2460421.066,5284386.158,0000000.244,-0000000.536,-0000000.302*28
$GNRMC,124647.000,A,5619.2270,N,04356.8729,E,1.08,269.56,220626,,,A*7B
$ECEFPOSVEL,124648.000,2552483.067,2460420.760,5284386.007,0000000.378,-0000000.449,-0000000.335*21
$GNRMC,124648.000,A,5619.2270,N,04356.8727,E,1.18,255.33,220626,,,A*77
$ECEFPOSVEL,124649.000,2552483.288,2460420.501,5284385.811,0000000.444,-0000000.361,-0000000.285*25
$GNRMC,124649.000,A,5619.2269,N,04356.8723,E,1.18,249.25,220626,,,A*70
$ECEFPOSVEL,124650.000,2552483.676,2460420.358,5284385.611,0000000.304,-0000000.440,-0000000.418*29
$GNRMC,124650.000,A,5619.2268,N,04356.8720,E,1.07,253.17,220626,,,A*7E
$ECEFPOSVEL,124651.000,2552483.666,2460420.073,5284385.324,0000000.051,-0000000.424,-0000000.358*22
$GNRMC,124651.000,A,5619.2268,N,04356.8718,E,0.00,272.74,220626,,,A*74
$ECEFPOSVEL,124652.000,2552483.769,2460419.717,5284384.923,0000000.029,-0000000.404,-0000000.354*2D
$GNRMC,124652.000,A,5619.2268,N,04356.8715,E,0.00,273.63,220626,,,A*7D
$ECEFPOSVEL,124653.000,2552483.853,2460419.440,5284384.516,0000000.033,-0000000.336,-0000000.378*22
$GNRMC,124653.000,A,5619.2267,N,04356.8712,E,0.00,273.63,220626,,,A*74
$ECEFPOSVEL,124654.000,2552483.853,2460419.440,5284384.516,0000000.111,0000000.080,-0000000.062*0F
$GNRMC,124654.000,A,5619.2267,N,04356.8712,E,0.00,273.63,220626,,,A*73
$ECEFPOSVEL,124655.000,2552483.853,2460419.440,5284384.516,0000000.023,-0000000.043,0000000.013*07
$GNRMC,124655.000,A,5619.2267,N,04356.8712,E,0.00,273.63,220626,,,A*72
$ECEFPOSVEL,124656.000,2552483.853,2460419.440,5284384.516,-0000000.011,-0000000.030,0000000.032*2F
$GNRMC,124656.000,A,5619.2267,N,04356.8712,E,0.00,273.63,220626,,,A*71
$ECEFPOSVEL,124657.000,2552483.853,2460419.440,5284384.516,0000000.006,-0000000.018,0000000.017*08
$GNRMC,124657.000,A,5619.2267,N,04356.8712,E,0.00,273.63,220626,,,A*70
$ECEFPOSVEL,124658.000,2552483.853,2460419.440,5284384.516,-0000000.098,0000000.019,0000000.133*06                                                                                                                                                                                                                                                                                                                                                                                                                                                                                                                                                                                                                                                                                                                                                                                                                                                                                                                                                                                                                                                                                                                                                                                                                                                                                                                                                                                                                                                                                                                                                                                                                                                                                                                                                                                                                                                                                                                                                                                                                                                                                                                                                                                                                                                                                                                                                                                                                                                                                                                                                                                                                             