$ECEFPOSVEL,112608.000,2552500.236,2460461.860,5284422.432,0000000.068,-0000000.024,-0000000.019*2D
$GNVTG,127.76,T,,M,0.00,N,0.00,K,D*23
$ECEFPOSVEL,112609.000,2552500.236,2460461.860,5284422.432,0000000.051,0000000.010,-0000000.027*01
$GNVTG,127.76,T,,M,0.00,N,0.00,K,D*23
$ECEFPOSVEL,112610.000,2552500.236,2460461.860,5284422.432,0000000.003,0000000.005,-0000000.003*0C
$GNVTG,127.76,T,,M,0.00,N,0.00,K,D*23
$ECEFPOSVEL,112611.000,2552500.236,2460461.860,5284422.432,-0000000.060,-0000000.032,0000000.040*26
$GNVTG,127.76,T,,M,0.00,N,0.00,K,D*23
$ECEFPOSVEL,112612.000,2552500.236,2460461.860,5284422.432,-0000000.079,-0000000.433,-0000000.216*04
$GNVTG,127.76,T,,M,0.00,N,0.00,K,D*23
$ECEFPOSVEL,112613.000,2552500.236,2460461.860,5284422.432,-0000000.216,-0000000.497,-0000000.319*0E
$GNVTG,127.76,T,,M,0.00,N,0.00,K,D*23
$ECEFPOSVEL,112614.000,2552500.236,2460461.860,5284422.432,-0000000.188,-0000000.334,-0000000.359*07
$GNVTG,127.76,T,,M,0.00,N,0.00,K,D*23
$ECEFPOSVEL,112615.000,2552500.236,2460461.860,5284422.432,-0000000.223,-0000000.158,-0000000.004*07
$GNVTG,127.76,T,,M,0.00,N,0.00,K,D*23
$ECEFPOSVEL,112616.000,2552500.236,2460461.860,5284422.432,-0000000.090,-0000000.106,0000000.021*2F
$GNVTG,127.76,T,,M,0.00,N,0.00,K,D*23
$ECEFPOSVEL,112617.000,2552500.236,2460461.860,5284422.432,-0000000.007,-0000000.010,-0000000.035*0E
$GNVTG,127.76,T,,M,0.00,N,0.00,K,D*23
$ECEFPOSVEL,112618.000,2552500.236,2460461.860,5284422.432,0000000.010,0000000.045,-0000000.045*00
$GNVTG,127.76,T,,M,0.00,N,0.00,K,D*23
$ECEFPOSVEL,112619.000,2552500.236,2460461.860,5284422.432,0000000.027,0000000.209,0000000.009*2A
$GNRMC,112619.000,A,5619.2195,N,04356.8898,E,0.00,127.76,220626,,,D*7F
$ECEFPOSVEL,112620.000,2552500.236,2460461.860,5284422.432,0000000.046,0000000.296,0000000.091*20
$GNRMC,112620.000,A,5619.2195,N,04356.8898,E,0.00,127.76,220626,,,D*75
$ECEFPOSVEL,112621.000,2552500.236,2460461.860,5284422.432,0000000.001,0000000.258,0000000.087*27
$GNRMC,112621.000,A,5619.2195,N,04356.8898,E,0.00,127.76,220626,,,D*74
$ECEFPOSVEL,112622.000,2552500.236,2460461.860,5284422.432,0000000.026,0000000.193,0000000.035*2C
$GNRMC,112622.000,A,5619.2195,N,04356.8898,E,0.00,127.76,220626,,,D*77
$ECEFPOSVEL,112623.000,2552500.236,2460461.860,5284422.432,0000000.076,0000000.182,0000000.007*29
$GNRMC,112623.000,A,5619.2195,N,04356.8898,E,0.00,127.76,220626,,,D*76
$ECEFPOSVEL,112624.000,2552500.236,2460461.860,5284422.432,-0000000.016,0000000.308,0000000.021*01
$GNVTG,127.76,T,,M,0.00,N,0.00,K,D*23
$ECEFPOSVEL,112625.000,2552500.236,2460461.860,5284422.432,0000000.044,0000000.102,0000000.030*22
$GNRMC,112625.000,A,5619.2195,N,04356.8898,E,0.00,127.76,220626,,,D*70
$ECEFPOSVEL,112626.000,2552500.236,2460461.860,5284422.432,0000000.049,0000000.122,-0000000.011*00
$GNVTG,127.76,T,,M,0.00,N,0.00,K,D*23
$ECEFPOSVEL,112627.000,2552500.236,2460461.860,5284422.432,0000000.002,0000000.086,0000000.008*24
$GNRMC,112627.000,A,5619.2195,N,04356.8898,E,0.00,127.76,220626,,,D*72
$ECEFPOSVEL,112628.000,2552500.236,2460461.860,5284422.432,0000000.068,0000000.201,0000000.076*23
$GNRMC,112628.000,A,5619.2195,N,04356.8898,E,0.00,127.76,220626,,,D*7D
$ECEFPOSVEL,112629.000,2552500.236,2460461.860,5284422.432,0000000.021,0000000.157,0000000.035*28
$GNRMC,112629.000,A,5619.2195,N,04356.8898,E,0.00,127.76,220626,,,D*7C
$ECEFPOSVEL,112630.000,2552500.236,2460461.860,5284422.432,0000000.100,0000000.021,0000000.192*2E
$GNRMC,112630.000,A,5619.2195,N,04356.8898,E,0.00,127.76,220626,,,D*74
$ECEFPOSVEL,112631.000,2552500.236,2460461.860,5284422.432,0000000.043,0000000.105,0000000.080*2C
$GNRMC,112631.000,A,5619.2195,N,04356.8898,E,0.00,127.76,220626,,,D*75
$ECEFPOSVEL,112632.000,2552500.236,2460461.860,5284422.432,0000000.001,0000000.143,0000000.029*28
$GNRMC,112632.000,A,5619.2195,N,04356.8898,E,0.00,127.76,220626,,,D*76
$ECEFPOSVEL,112633.000,2552500.236,2460461.860,5284422.432,0000000.007,0000000.006,0000000.057*26
$GNVTG,127.76,T,,M,0.00,N,0.00,K,D*23
$ECEFPOSVEL,112634.000,2552500.236,2460461.860,5284422.432,-0000000.035,0000000.067,0000000.024*0E
$GNVTG,127.76,T,,M,0.00,N,0.00,K,D*23
$ECEFPOSVEL,112635.000,2552500.236,2460461.860,5284422.432,-0000000.050,0000000.133,-0000000.009*2E
$GNVTG,127.76,T,,M,0.00,N,0.00,K,D*23
$ECEFPOSVEL,112636.000,2552500.236,2460461.860,5284422.432,-0000000.025,0000000.147,-0000000.032*24
$GNVTG,127.76,T,,M,0.00,N,0.00,K,D*23
$ECEFPOSVEL,112637.000,2552500.236,2460461.860,5284422.432,-0000000.051,0000000.078,0000000.003*04
$GNVTG,127.76,T,,M,0.00,N,0.00,K,D*23
$ECEFPOSVEL,112638.000,2552500.236,2460461.860,5284422.432,-0000000.134,-0000000.166,-0000000.170*02
$GNVTG,127.76,T,,M,0.00,N,0.00,K,D*23
$ECEFPOSVEL,112639.000,2552500.236,2460461.860,5284422.432,0000000.020,-0000000.367,-0000000.188*2E
$GNVTG,127.76,T,,M,0.00,N,0.00,K,D*23
$ECEFPOSVEL,112640.000,2552500.236,2460461.860,5284422.432,-0000000.145,-0000000.214,-0000000.234*0E
$GNVTG,127.76,T,,M,0.00,N,0.00,K,D*23
$ECEFPOSVEL,112641.000,2552500.236,2460461.860,5284422.432,-0000000.008,-0000000.263,-0000000.282*0A
$GNVTG,127.76,T,,M,0.00,N,0.00,K,D*23
$ECEFPOSVEL,112642.000,2552500.236,2460461.860,5284422.432,0000000.009,-0000000.265,-0000000.191*22
$GNVTG,127.76,T,,M,0.00,N,0.00,K,D*23
$ECEFPOSVEL,112643.000,2552500.236,2460461.860,5284422.432,-0000000.010,-0000000.254,-0000000.075*0F
$GNVTG,127.76,T,,M,0.00,N,0.00,K,D*23
$ECEFPOSVEL,112644.000,2552500.236,2460461.860,5284422.432,-0000000.008,-0000000.144,-0000000.064*03
$GNVTG,127.76,T,,M,0.00,N,0.00,K,D*23
$ECEFPOSVEL,112645.000,2552500.236,2460461.860,5284422.432,-0000000.051,-0000000.137,-0000000.011*08
$GNVTG,127.76,T,,M,0.00,N,0.00,K,D*23
$ECEFPOSVEL,112646.000,2552500.236,2460461.860,5284422.432,-0000000.172,-0000000.010,-0000000.135*08
$GNVTG,127.76,T,,M,0.00,N,0.00,K,D*23
$ECEFPOSVEL,112647.000,2552500.236,2460461.860,5284422.432,-0000000.184,-0000000.074,-0000000.118*0D
$GNVTG,127.76,T,,M,0.00,N,0.00,K,D*23
$ECEFPOSVEL,112648.000,2552500.236,2460461.860,5284422.432,-0000000.048,-0000000.158,-0000000.062*00
$GNVTG,127.76,T,,M,0.00,N,0.00,K,D*23
$ECEFPOSVEL,112649.000,2552500.236,2460461.860,5284422.432,0000000.035,-0000000.115,-0000000.048*27
$GNVTG,127.76,T,,M,0.00,N,0.00,K,D*23
$ECEFPOSVEL,112650.000,2552500.236,2460461.860,5284422.432,-0000000.022,-0000000.024,-0000000.045*0A
$GNVTG,127.76,T,,M,0.00,N,0.00,K,D*23
$ECEFPOSVEL,112651.000,2552500.236,2460461.860,5284422.432,-0000000.053,-0000000.045,-0000000.007*0C
$GNVTG,127.76,T,,M,0.00,N,0.00,K,D*23
$ECEFPOSVEL,112652.000,2552500.236,2460461.860,5284422.432,-0000000.136,-0000000.443,-0000000.199*09
$GNVTG,127.76,T,,M,0.00,N,0.00,K,D*23
$ECEFPOSVEL,112653.000,2552500.236,2460461.860,5284422.432,-0000000.034,-0000000.346,-0000000.338*00
$GNVTG,127.76,T,,M,0.00,N,0.00,K,D*23
$ECEFPOSVEL,112654.000,2552500.236,2460461.860,5284422.432,0000000.039,-0000000.111,-0000000.058*22
$GNVTG,127.76,T,,M,0.00,N,0.00,K,D*23
$ECEFPOSVEL,112655.000,2552500.236,2460461.860,5284422.432,0000000.185,-0000000.065,0000000.020*05
$GNRMC,112655.000,A,5619.2195,N,04356.8898,E,0.00,127.76,220626,,,D*77
$ECEFPOSVEL,112656.000,2552500.236,2460461.860,5284422.432,0000000.009,0000000.142,0000000.005*2D
$GNRMC,112656.000,A,5619.2195,N,04356.8898,E,0.00,127.76,220626,,,D*74
$ECEFPOSVEL,112657.000,2552500.236,2460461.860,5284422.432,0000000.062,0000000.162,0000000.145*26
$GNRMC,112657.000,A,5619.2195,N,04356.8898,E,0.00,127.76,220626,,,D*75
$ECEFPOSVEL,112658.000,2552500.236,2460461.860,5284422.432,0000000.124,0000000.373,-0000000.013*07
$GNRMC,112658.000,A,5619.2195,N,04356.8898,E,0.00,127.76,220626,,,D*7A
$ECEFPOSVEL,112659.000,2552500.236,2460461.860,5284422.432,0000000.089,0000000.216,0000000.136*29
$GNRMC,112659.000,A,5619.2195,N,04356.8898,E,0.00,127.76,220626,,,D*7B
$ECEFPOSVEL,112700.000,2552500.236,2460461.860,5284422.432,0000000.081,0000000.141,0000000.075*2B
$GNRMC,112700.000,A,5619.2195,N,04356.8898,E,0.00,127.76,220626,,,D*76
$ECEFPOSVEL,112701.000,2552500.236,2460461.860,5284422.432,0000000.104,0000000.097,0000000.027*2B
$GNRMC,112701.000,A,5619.2195,N,04356.8898,E,0.00,127.76,220626,,,D*77
$ECEFPOSVEL,112702.000,2552500.236,2460461.860,5284422.432,0000000.169,0000000.193,0000000.055*23
$GNRMC,112702.000,A,5619.2195,N,04356.8898,E,0.00,127.76,220626,,,D*74
$ECEFPOSVEL,112703.000,2552500.236,2460461.860,5284422.432,0000000.163,0000000.110,0000000.026*27
$GNRMC,112703.000,A,5619.2195,N,04356.8898,E,0.00,127.76,220626,,,D*75
$ECEFPOSVEL,112704.000,2552500.236,2460461.860,5284422.432,0000000.064,0000000.060,0000000.051*20
$GNRMC,112704.000,A,5619.2195,N,04356.8898,E,0.00,127.76,220626,,,D*72
$ECEFPOSVEL,112705.000,2552500.236,2460461.860,5284422.432,0000000.063,0000000.088,0000000.009*2D
$GNRMC,112705.000,A,5619.2195,N,04356.8898,E,0.00,127.76,220626,,,D*73
$ECEFPOSVEL,112706.000,2552500.236,2460461.860,5284422.432,0000000.026,0000000.120,-0000000.008*00
$GNVTG,127.76,T,,M,0.00,N,0.00,K,D*23
$ECEFPOSVEL,112707.000,2552500.236,2460461.860,5284422.432,0000000.185,0000000.142,0000000.105*2C
$GNRMC,112707.000,A,5619.2195,N,04356.8898,E,0.00,127.76,220626,,,D*71
$ECEFPOSVEL,112708.000,2552500.236,2460461.860,5284422.432,0000000.098,0000000.081,0000000.087*2B
$GNRMC,112708.000,A,5619.2195,N,04356.8898,E,0.00,127.76,220626,,,D*7E
$ECEFPOSVEL,112709.000,2552500.236,2460461.860,5284422.432,0000000.063,0000000.097,0000000.039*2C
$GNVTG,127.76,T,,M,0.00,N,0.00,K,D*23
$ECEFPOSVEL,112710.000,2552500.236,2460461.860,5284422.432,0000000.047,-0000000.080,0000000.096*0C
$GNVTG,127.76,T,,M,0.00,N,0.00,K,D*23
$ECEFPOSVEL,112711.000,2552500.236,2460461.860,5284422.432,0000000.020,0000000.027,0000000.043*24
$GNVTG,127.76,T,,M,0.00,N,0.00,K,D*23
$ECEFPOSVEL,112712.000,2552500.236,2460461.860,5284422.432,0000000.037,-0000000.036,0000000.047*08
$GNVTG,127.76,T,,M,0.00,N,0.00,K,D*23
$ECEFPOSVEL,112713.000,2552500.236,2460461.860,5284422.432,0000000.017,-0000000.002,0000000.033*0F
$GNVTG,127.76,T,,M,0.00,N,0.00,K,D*23
$ECEFPOSVEL,112714.000,2552500.236,2460461.860,5284422.432,-0000000.034,0000000.100,0000000.004*0E
$GNVTG,127.76,T,,M,0.00,N,0.00,K,D*23
$ECEFPOSVEL,112715.000,2552500.236,2460461.860,5284422.432,-0000000.033,0000000.061,0000000.016*0D
$GNVTG,127.76,T,,M,0.00,N,0.00,K,D*23
$ECEFPOSVEL,112716.000,2552500.236,2460461.860,5284422.432,-0000000.013,0000000.153,-0000000.034*21
$GNVTG,127.76,T,,M,0.00,N,0.00,K,D*23
$ECEFPOSVEL,112717.000,2552500.236,2460461.860,5284422.432,0000000.046,0000000.185,-0000000.073*05
$GNVTG,127.76,T,,M,0.00,N,0.00,K,D*23
$ECEFPOSVEL,112718.000,2552500.236,2460461.860,5284422.432,0000000.004,0000000.134,-0000000.034*05
$GNVTG,127.76,T,,M,0.00,N,0.00,K,D*23
$ECEFPOSVEL,112719.000,2552500.236,2460461.860,5284422.432,0000000.050,-0000000.081,-0000000.062*24
$GNVTG,127.76,T,,M,0.00,N,0.00,K,D*23
$ECEFPOSVEL,112720.000,2552500.236,2460461.860,5284422.432,0000000.029,-0000000.118,-0000000.038*2E
$GNVTG,127.76,T,,M,0.00,N,0.00,K,D*23
$ECEFPOSVEL,112721.000,2552500.236,2460461.860,5284422.432,-0000000.031,-0000000.141,0000000.016*26
$GNVTG,127.76,T,,M,0.00,N,0.00,K,D*23
$ECEFPOSVEL,112722.000,2552500.236,2460461.860,5284422.432,-0000000.016,-0000000.191,0000000.053*2C
$GNVTG,127.76,T,,M,0.00,N,0.00,K,D*23
$ECEFPOSVEL,112723.000,2552500.236,2460461.860,5284422.432,-0000000.066,-0000000.196,-0000000.072*03
$GNVTG,127.76,T,,M,0.00,N,0.00,K,D*23
$ECEFPOSVEL,112724.000,2552500.236,2460461.860,5284422.432,-0000000.070,-0000000.141,-0000000.026*08
$GNVTG,127.76,T,,M,0.00,N,0.00,K,D*23
$ECEFPOSVEL,112725.000,2552500.236,2460461.860,5284422.432,-0000000.002,-0000000.085,-0000000.175*02
$GNVTG,127.76,T,,M,0.00,N,0.00,K,D*23
$ECEFPOSVEL,112726.000,2552500.236,2460461.860,5284422.432,-0000000.025,-0000000.101,-0000000.057*08
$GNVTG,127.76,T,,M,0.00,N,0.00,K,D*23
$ECEFPOSVEL,112727.000,2552500.236,2460461.860,5284422.432,0000000.011,-0000000.049,-0000000.055*2C
$GNVTG,127.76,T,,M,0.00,N,0.00,K,D*23
$ECEFPOSVEL,112728.000,2552500.236,2460461.860,5284422.432,0000000.001,-0000000.030,-0000000.034*2B
$GNVTG,127.76,T,,M,0.00,N,0.00,K,D*23
$ECEFPOSVEL,112729.000,2552500.236,2460461.860,5284422.432,-0000000.015,0000000.016,-0000000.033*2C
$GNVTG,127.76,T,,M,0.00,N,0.00,K,D*23
$ECEFPOSVEL,112730.000,2552500.236,2460461.860,5284422.432,0000000.022,-0000000.038,-0000000.016*2B
$GNVTG,127.76,T,,M,0.00,N,0.00,K,D*23
$ECEFPOSVEL,112731.000,2552500.236,2460461.860,5284422.432,-0000000.086,-0000000.350,0000000.009*27
$GNVTG,127.76,T,,M,0.00,N,0.00,K,D*23
$ECEFPOSVEL,112732.000,2552500.236,2460461.860,5284422.432,-0000000.138,-0000000.668,0000000.102*24
$GNVTG,323.76,T,,M,1.27,N,2.35,K,D*25
$ECEFPOSVEL,112733.000,2552500.161,2460459.225,5284420.617,-0000000.143,-0000000.677,-0000000.080*07
$GNVTG,318.02,T,,M,1.13,N,2.09,K,D*26
$ECEFPOSVEL,112734.000,2552500.091,2460458.902,5284420.621,-0000000.255,-0000000.718,-0000000.611*06
$GNVTG,303.96,T,,M,0.80,N,1.47,K,D*23
$ECEFPOSVEL,112735.000,2552499.876,2460458.358,5284420.207,-0000000.281,-0000000.673,-0000000.580*0C
$GNVTG,309.03,T,,M,0.00,N,0.00,K,D*2F
$ECEFPOSVEL,112736.000,2552499.822,2460458.133,5284420.097,-0000000.155,-0000000.450,-0000000.326*09
$GNVTG,309.03,T,,M,0.00,N,0.00,K,D*2F
$ECEFPOSVEL,112737.000,2552499.768,2460457.853,5284419.953,-0000000.077,-0000000.310,-0000000.246*07
$GNVTG,309.03,T,,M,0.00,N,0.00,K,D*2F
$ECEFPOSVEL,112738.000,2552499.768,2460457.853,5284419.953,-0000000.062,-0000000.244,-0000000.168*03
$GNVTG,309.03,T,,M,0.00,N,0.00,K,D*2F
$ECEFPOSVEL,112739.000,2552499.768,2460457.853,5284419.953,-0000000.027,-0000000.159,-0000000.152*05
$GNVTG,309.03,T,,M,0.00,N,0.00,K,D*2F
$ECEFPOSVEL,112740.000,2552499.768,2460457.853,5284419.953,-0000000.122,-0000000.130,0000000.062*2F
$GNVTG,309.03,T,,M,0.00,N,0.00,K,D*2F
$ECEFPOSVEL,112741.000,2552499.768,2460457.853,5284419.953,-0000000.067,-0000000.233,0000000.166*2B
$GNVTG,309.03,T,,M,0.00,N,0.00,K,D*2F
$ECEFPOSVEL,112742.000,2552499.768,2460457.853,5284419.953,-0000000.082,-0000000.045,0000000.065*22
$GNVTG,309.03,T,,M,0.00,N,0.00,K,D*2F
$ECEFPOSVEL,112743.000,2552499.768,2460457.853,5284419.953,-0000000.031,-0000000.058,0000000.043*23
$GNVTG,309.03,T,,M,0.00,N,0.00,K,D*2F
$ECEFPOSVEL,112744.000,2552499.768,2460457.853,5284419.953,-0000000.028,-0000000.081,0000000.127*2B
$GNVTG,309.03,T,,M,0.00,N,0.00,K,D*2F
$ECEFPOSVEL,112745.000,2552499.768,2460457.853,5284419.953,0000000.052,-0000000.171,0000000.210*03
$GNVTG,309.03,T,,M,0.00,N,0.00,K,D*2F
$ECEFPOSVEL,112746.000,2552499.768,2460457.853,5284419.953,0000000.088,-0000000.076,0000000.107*04
$GNVTG,309.03,T,,M,0.00,N,0.00,K,D*2F
$ECEFPOSVEL,112747.000,2552499.768,2460457.853,5284419.953,0000000.014,0000000.156,0000000.015*2C
$GNVTG,309.03,T,,M,0.00,N,0.00,K,D*2F
$ECEFPOSVEL,112748.000,2552499.768,2460457.853,5284419.953,0000000.023,0000000.164,0000000.012*21
$GNRMC,112748.000,A,5619.2202,N,04356.8873,E,0.00,309.03,220626,,,D*7E
$ECEFPOSVEL,112749.000,2552499.768,2460457.853,5284419.953,-0000000.007,0000000.061,0000000.046*0E
$GNVTG,309.03,T,,M,0.00,N,0.00,K,D*2F
$ECEFPOSVEL,112750.000,2552499.768,2460457.853,5284419.953,0000000.044,0000000.042,0000000.012*2C
$GNRMC,112750.000,A,5619.2202,N,04356.8873,E,0.00,309.03,220626,,,D*77
$ECEFPOSVEL,112751.000,2552499.768,2460457.853,5284419.953,-0000000.004,0000000.198,-0000000.047*2F
$GNVTG,309.03,T,,M,0.00,N,0.00,K,D*2F
$ECEFPOSVEL,112752.000,2552499.768,2460457.853,5284419.953,-0000000.035,0000000.015,0000000.079*0A
$GNVTG,309.03,T,,M,0.00,N,0.00,K,D*2F
$ECEFPOSVEL,112753.000,2552499.768,2460457.853,5284419.953,-0000000.007,0000000.087,0000000.009*06
$GNVTG,309.03,T,,M,0.00,N,0.00,K,D*2F
$ECEFPOSVEL,112754.000,2552499.768,2460457.853,5284419.953,-0000000.102,0000000.110,0000000.033*03
$GNVTG,309.03,T,,M,0.00,N,0.00,K,D*2F
$ECEFPOSVEL,112755.000,2552499.768,2460457.853,5284419.953,-0000000.088,0000000.146,-0000000.011*2F
$GNVTG,309.03,T,,M,0.00,N,0.00,K,D*2F
$ECEFPOSVEL,112756.000,2552499.768,2460457.853,5284419.953,-0000000.073,0000000.160,-0000000.023*2D
$GNVTG,309.03,T,,M,0.00,N,0.00,K,D*2F
$ECEFPOSVEL,112757.000,2552499.768,2460457.853,5284419.953,0000000.009,0000000.182,-0000000.037*05
$GNVTG,309.03,T,,M,0.00,N,0.00,K,D*2F
$ECEFPOSVEL,112758.000,2552499.768,2460457.853,5284419.953,0000000.127,0000000.179,-0000000.080*0F
$GNVTG,309.03,T,,M,0.00,N,0.00,K,D*2F
$ECEFPOSVEL,112759.000,2552499.768,2460457.853,5284419.953,0000000.101,0000000.224,-0000000.099*09
$GNVTG,309.03,T,,M,0.00,N,0.00,K,D*2F
$ECEFPOSVEL,112800.000,2552499.768,2460457.853,5284419.953,0000000.049,0000000.218,-0000000.091*00
$GNVTG,309.03,T,,M,0.00,N,0.00,K,D*2F
$ECEFPOSVEL,112801.000,2552499.768,2460457.853,5284419.953,-0000000.214,-0000000.058,-0000000.155*04
$GNVTG,309.03,T,,M,0.00,N,0.00,K,D*2F
$ECEFPOSVEL,112802.000,2552499.768,2460457.853,5284419.953,0000000.012,-0000000.168,-0000000.134*2B
$GNVTG,309.03,T,,M,0.00,N,0.00,K,D*2F
$ECEFPOSVEL,112803.000,2552499.768,2460457.853,5284419.953,0000000.129,-0000000.300,-0000000.078*26
$GNVTG,309.03,T,,M,0.00,N,0.00,K,D*2F
$ECEFPOSVEL,112804.000,2552499.768,2460457.853,5284419.953,-0000000.084,-0000000.103,-0000000.126*01
$GNVTG,309.03,T,,M,0.00,N,0.00,K,D*2F
$ECEFPOSVEL,112805.000,2552499.768,2460457.853,5284419.953,0000000.007,-0000000.134,-0000000.083*2C
$GNVTG,309.03,T,,M,0.00,N,0.00,K,D*2F
$ECEFPOSVEL,112806.000,2552499.768,2460457.853,5284419.953,0000000.008,-0000000.155,-0000000.040*28
$GNVTG,309.03,T,,M,0.00,N,0.00,K,D*2F
$ECEFPOSVEL,112807.000,2552499.768,2460457.853,5284419.953,0000000.014,-0000000.126,-0000000.070*23
$GNVTG,309.03,T,,M,0.00,N,0.00,K,D*2F
$ECEFPOSVEL,112808.000,2552499.768,2460457.853,5284419.953,-0000000.097,-0000000.075,-0000000.019*02
$GNVTG,309.03,T,,M,0.00,N,0.00,K,D*2F
$ECEFPOSVEL,112809.000,2552499.768,2460457.853,5284419.953,-0000000.089,-0000000.027,-0000000.006*05
$GNVTG,309.03,T,,M,0.00,N,0.00,K,D*2F
$ECEFPOSVEL,112810.000,2552499.768,2460457.853,5284419.953,0000000.035,-0000000.109,-0000000.002*2E
$GNVTG,309.03,T,,M,0.00,N,0.00,K,D*2F
$ECEFPOSVEL,112811.000,2552499.768,2460457.853,5284419.953,0000000.033,-0000000.068,-0000000.003*2E
$GNVTG,309.03,T,,M,0.00,N,0.00,K,D*2F
$ECEFPOSVEL,112812.000,2552499.768,2460457.853,5284419.953,-0000000.137,0000000.064,-0000000.037*23
$GNVTG,309.03,T,,M,0.00,N,0.00,K,D*2F
$ECEFPOSVEL,112813.000,2552499.768,2460457.853,5284419.953,-0000000.070,0000000.016,-0000000.033*21
$GNVTG,309.03,T,,M,0.00,N,0.00,K,D*2F
$ECEFPOSVEL,112814.000,2552499.768,2460457.853,5284419.953,-0000000.102,-0000000.114,0000000.038*2A
$GNVTG,309.03,T,,M,0.00,N,0.00,K,D*2F
$ECEFPOSVEL,112815.000,2552499.768,2460457.853,5284419.953,-0000000.081,0000000.018,-0000000.021*24
$GNVTG,309.03,T,,M,0.00,N,0.00,K,D*2F
$ECEFPOSVEL,112816.000,2552499.768,2460457.853,5284419.953,-0000000.086,0000000.113,-0000000.049*24
$GNVTG,309.03,T,,M,0.00,N,0.00,K,D*2F
$ECEFPOSVEL,112817.000,2552499.768,2460457.853,5284419.953,-0000000.055,0000000.063,-0000000.028*2A
$GNVTG,309.03,T,,M,0.00,N,0.00,K,D*2F
$ECEFPOSVEL,112818.000,2552499.768,2460457.853,5284419.953,-0000000.035,0000000.099,-0000000.045*2D
$GNVTG,309.03,T,,M,0.00,N,0.00,K,D*2F
$ECEFPOSVEL,112819.000,2552499.768,2460457.853,5284419.953,-0000000.039,0000000.118,-0000000.045*28
$GNVTG,309.03,T,,M,0.00,N,0.00,K,D*2F
$ECEFPOSVEL,112820.000,2552499.768,2460457.853,5284419.953,-0000000.036,0000000.239,0000000.091*09
$GNVTG,309.03,T,,M,0.00,N,0.00,K,D*2F
$ECEFPOSVEL,112821.000,2552499.768,2460457.853,5284419.953,0000000.062,0000000.189,0000000.148*29
$GNRMC,112821.000,A,5619.2202,N,04356.8873,E,0.00,309.03,220626,,,D*7E
$ECEFPOSVEL,112822.000,2552499.768,2460457.853,5284419.953,0000000.066,0000000.087,0000000.089*2D
$GNRMC,112822.000,A,5619.2202,N,04356.8873,E,0.00,309.03,220626,,,D*7D
$ECEFPOSVEL,112823.000,2552499.768,2460457.853,5284419.953,0000000.072,0000000.035,0000000.051*25
$GNRMC,112823.000,A,5619.2202,N,04356.8873,E,0.00,309.03,220626,,,D*7C
$ECEFPOSVEL,112824.000,2552499.768,2460457.853,5284419.953,0000000.026,0000000.067,0000000.019*28
$GNRMC,112824.000,A,5619.2202,N,04356.8873,E,0.00,309.03,220626,,,D*7B
$ECEFPOSVEL,112825.000,2552499.768,2460457.853,5284419.953,0000000.013,-0000000.040,0000000.127*0B
$GNRMC,112825.000,A,5619.2202,N,04356.8873,E,0.00,309.03,220626,,,D*7A
$ECEFPOSVEL,112826.000,2552499.768,2460457.853,5284419.953,0000000.002,0000000.066,0000000.030*26
$GNVTG,309.03,T,,M,0.00,N,0.00,K,D*2F
$ECEFPOSVEL,112827.000,2552499.768,2460457.853,5284419.953,0000000.186,0000000.385,-0000000.085*07
$GNVTG,158.82,T,,M,0.79,N,1.47,K,D*2C
$ECEFPOSVEL,112828.000,2552498.700,2460457.992,5284419.178,0000000.186,0000000.411,-0000000.065*0E
$GNVTG,156.61,T,,M,0.80,N,1.49,K,D*27
$ECEFPOSVEL,112829.000,2552498.952,2460457.996,5284419.256,0000000.243,0000000.206,0000000.008*21
$GNVTG,156.61,T,,M,0.00,N,0.00,K,D*23
$ECEFPOSVEL,112830.000,2552499.071,2460457.979,5284419.155,0000000.185,0000000.128,0000000.004*2B
$GNVTG,156.61,T,,M,0.00,N,0.00,K,D*23
$ECEFPOSVEL,112831.000,2552499.058,2460457.951,5284419.139,0000000.080,0000000.096,0000000.027*20
$GNVTG,156.61,T,,M,0.00,N,0.00,K,D*23
$ECEFPOSVEL,112832.000,2552499.058,2460457.951,5284419.139,0000000.045,0000000.059,0000000.030*2F
$GNVTG,156.61,T,,M,0.00,N,0.00,K,D*23
$ECEFPOSVEL,112833.000,2552499.058,2460457.951,5284419.139,-0000000.028,-0000000.007,0000000.073*29
$GNVTG,156.61,T,,M,0.00,N,0.00,K,D*23
$ECEFPOSVEL,112834.000,2552499.058,2460457.951,5284419.139,0000000.011,-0000000.014,0000000.046*0D
$GNVTG,156.61,T,,M,0.00,N,0.00,K,D*23
$ECEFPOSVEL,112835.000,2552499.058,2460457.951,5284419.139,0000000.062,-0000000.091,0000000.049*0A
$GNVTG,156.61,T,,M,0.00,N,0.00,K,D*23
$ECEFPOSVEL,112836.000,2552499.058,2460457.951,5284419.139,0000000.017,-0000000.016,0000000.024*0F
$GNVTG,156.61,T,,M,0.00,N,0.00,K,D*23
$ECEFPOSVEL,112837.000,2552499.058,2460457.951,5284419.139,0000000.056,-0000000.060,0000000.021*0F
$GNVTG,156.61,T,,M,0.00,N,0.00,K,D*23
$ECEFPOSVEL,112838.000,2552499.058,2460457.951,5284419.139,0000000.069,-0000000.075,0000000.016*0C
$GNVTG,156.61,T,,M,0.00,N,0.00,K,D*23
$ECEFPOSVEL,112839.000,2552499.058,2460457.951,5284419.139,0000000.092,-0000000.023,-0000000.019*28
$GNVTG,156.61,T,,M,0.00,N,0.00,K,D*23
$ECEFPOSVEL,112840.000,2552499.058,2460457.951,5284419.139,0000000.070,0000000.025,-0000000.032*08
$GNVTG,156.61,T,,M,0.00,N,0.00,K,D*23
$ECEFPOSVEL,112841.000,2552499.058,2460457.951,5284419.139,0000000.069,0000000.006,-0000000.025*06
$GNVTG,156.61,T,,M,0.00,N,0.00,K,D*23
$ECEFPOSVEL,112842.000,2552499.058,2460457.951,5284419.139,-0000000.064,-0000000.004,0000000.028*2A
$GNVTG,156.61,T,,M,0.00,N,0.00,K,D*23
$ECEFPOSVEL,112843.000,2552499.058,2460457.951,5284419.139,-0000000.002,-0000000.098,0000000.059*28
$GNVTG,156.61,T,,M,0.00,N,0.00,K,D*23
$ECEFPOSVEL,112844.000,2552499.058,2460457.951,5284419.139,-0000000.003,-0000000.105,0000000.053*21
$GNVTG,156.61,T,,M,0.00,N,0.00,K,D*23
$ECEFPOSVEL,112845.000,2552499.058,2460457.951,5284419.139,-0000000.038,-0000000.106,0000000.073*29
$GNVTG,156.61,T,,M,0.00,N,0.00,K,D*23
$ECEFPOSVEL,112846.000,2552499.058,2460457.951,5284419.139,0000000.013,-0000000.078,0000000.030*01
$GNVTG,156.61,T,,M,0.00,N,0.00,K,D*23
$ECEFPOSVEL,112847.000,2552499.058,2460457.951,5284419.139,-0000000.029,-0000000.051,0000000.039*26
$GNVTG,156.61,T,,M,0.00,N,0.00,K,D*23
$ECEFPOSVEL,112848.000,2552499.058,2460457.951,5284419.139,-0000000.031,0000000.013,0000000.006*07
$GNVTG,156.61,T,,M,0.00,N,0.00,K,D*23
$ECEFPOSVEL,112849.000,2552499.058,2460457.951,5284419.139,-0000000.055,-0000000.001,0000000.023*2D
$GNVTG,156.61,T,,M,0.00,N,0.00,K,D*23
$ECEFPOSVEL,112850.000,2552499.058,2460457.951,5284419.139,-0000000.032,-0000000.006,0000000.015*26
$GNVTG,156.61,T,,M,0.00,N,0.00,K,D*23
$ECEFPOSVEL,112851.000,2552499.058,2460457.951,5284419.139,0000000.019,-0000000.045,0000000.011*00
$GNVTG,156.61,T,,M,0.00,N,0.00,K,D*23
$ECEFPOSVEL,112852.000,2552499.058,2460457.951,5284419.139,0000000.014,-0000000.027,0000000.004*0E
$GNVTG,156.61,T,,M,0.00,N,0.00,K,D*23
$ECEFPOSVEL,112853.000,2552499.058,2460457.951,5284419.139,0000000.032,-0000000.006,-0000000.013*23
$GNVTG,156.61,T,,M,0.00,N,0.00,K,D*23
$ECEFPOSVEL,112854.000,2552499.058,2460457.951,5284419.139,0000000.018,-0000000.036,0000000.006*06
$GNVTG,156.61,T,,M,0.00,N,0.00,K,D*23
$ECEFPOSVEL,112855.000,2552499.058,2460457.951,5284419.139,-0000000.003,0000000.005,-0000000.001*27
$GNVTG,156.61,T,,M,0.00,N,0.00,K,D*23
$ECEFPOSVEL,112856.000,2552499.058,2460457.951,5284419.139,-0000000.027,0000000.052,-0000000.010*20
$GNVTG,156.61,T,,M,0.00,N,0.00,K,D*23
$ECEFPOSVEL,112857.000,2552499.058,2460457.951,5284419.139,0000000.008,0000000.026,-0000000.012*00
$GNVTG,156.61,T,,M,0.00,N,0.00,K,D*23
$ECEFPOSVEL,112858.000,2552499.058,2460457.951,5284419.139,-0000000.022,-0000000.246,-0000000.235*04
$GNVTG,156.61,T,,M,0.00,N,0.00,K,D*23
$ECEFPOSVEL,112859.000,2552499.058,2460457.951,5284419.139,-0000000.256,-0000000.667,-0000000.428*09
$GNVTG,314.80,T,,M,0.83,N,1.54,K,D*23
$ECEFPOSVEL,112900.000,2552499.058,2460457.951,5284419.139,-0000000.180,-0000000.607,-0000000.443*07
$GNVTG,156.61,T,,M,0.00,N,0.00,K,D*23
$ECEFPOSVEL,112901.000,2552499.058,2460457.951,5284419.139,-0000000.183,-0000000.532,-0000000.413*05
$GNVTG,156.61,T,,M,0.00,N,0.00,K,D*23
$ECEFPOSVEL,112902.000,2552499.058,2460457.951,5284419.139,-0000000.110,-0000000.320,-0000000.291*05
$GNVTG,156.61,T,,M,0.00,N,0.00,K,D*23
$ECEFPOSVEL,112903.000,2552499.058,2460457.951,5284419.139,-0000000.149,-0000000.217,0000000.024*2C
$GNVTG,156.61,T,,M,0.00,N,0.00,K,D*23
$ECEFPOSVEL,112904.000,2552499.058,2460457.951,5284419.139,-0000000.003,-0000000.082,-0000000.033*01
$GNVTG,156.61,T,,M,0.00,N,0.00,K,D*23
$ECEFPOSVEL,112905.000,2552499.058,2460457.951,5284419.139,0000000.003,0000000.012,-0000000.020*0B
$GNVTG,156.61,T,,M,0.00,N,0.00,K,D*23
$ECEFPOSVEL,112906.000,2552499.058,2460457.951,5284419.139,0000000.023,0000000.031,-0000000.010*08
$GNVTG,156.61,T,,M,0.00,N,0.00,K,D*23
$ECEFPOSVEL,112907.000,2552499.058,2460457.951,5284419.139,-0000000.005,0000000.041,-0000000.009*2F
$GNVTG,156.61,T,,M,0.00,N,0.00,K,D*23
$ECEFPOSVEL,112908.000,2552499.058,2460457.951,5284419.139,0000000.046,-0000000.027,-0000000.008*26
$GNVTG,156.61,T,,M,0.00,N,0.00,K,D*23
$ECEFPOSVEL,112909.000,2552499.058,2460457.951,5284419.139,-0000000.013,0000000.019,0000000.002*0D
$GNRMC,112909.000,A,5619.2202,N,04356.8879,E,0.00,156.61,220626,,,D*73
$ECEFPOSVEL,112910.000,2552499.058,2460457.951,5284419.139,0000000.008,0000000.007,0000000.000*2F
$GNRMC,112910.000,A,5619.2202,N,04356.8879,E,0.00,156.61,220626,,,D*7B
$ECEFPOSVEL,112911.000,2552499.058,2460457.951,5284419.139,0000000.030,0000000.020,-0000000.019*05
$GNVTG,156.61,T,,M,0.00,N,0.00,K,D*23
$ECEFPOSVEL,112912.000,2552499.058,2460457.951,5284419.139,0000000.037,-0000000.002,-0000000.013*26
$GNVTG,156.61,T,,M,0.00,N,0.00,K,D*23
$ECEFPOSVEL,112913.000,2552499.058,2460457.951,5284419.139,0000000.040,-0000000.035,0000000.001*0D
$GNVTG,156.61,T,,M,0.00,N,0.00,K,D*23
$ECEFPOSVEL,112914.000,2552499.058,2460457.951,5284419.139,0000000.007,-0000000.040,0000000.017*0C
$GNVTG,156.61,T,,M,0.00,N,0.00,K,D*23
$ECEFPOSVEL,112915.000,2552499.058,2460457.951,5284419.139,0000000.023,-0000000.047,0000000.012*09
$GNVTG,156.61,T,,M,0.00,N,0.00,K,D*23
$ECEFPOSVEL,112916.000,2552499.058,2460457.951,5284419.139,0000000.052,-0000000.049,-0000000.000*2C
$GNVTG,156.61,T,,M,0.00,N,0.00,K,D*23
$ECEFPOSVEL,112917.000,2552499.058,2460457.951,5284419.139,0000000.037,-0000000.047,0000000.004*09
$GNVTG,156.61,T,,M,0.00,N,0.00,K,D*23
$ECEFPOSVEL,112918.000,2552499.058,2460457.951,5284419.139,0000000.027,-0000000.071,0000000.017*00
$GNVTG,156.61,T,,M,0.00,N,0.00,K,D*23
$ECEFPOSVEL,112919.000,2552499.058,2460457.951,5284419.139,0000000.122,0000000.336,0000000.163*2A
$GNVTG,156.61,T,,M,0.00,N,0.00,K,D*23
$ECEFPOSVEL,112920.000,2552499.058,2460457.951,5284419.139,0000000.126,0000000.449,0000000.196*21
$GNVTG,156.61,T,,M,0.00,N,0.00,K,D*23
$ECEFPOSVEL,112921.000,2552499.058,2460457.951,5284419.139,0000000.091,0000000.375,0000000.233*29
$GNVTG,156.61,T,,M,0.00,N,0.00,K,D*23
$ECEFPOSVEL,112922.000,2552499.058,2460457.951,5284419.139,-0000000.001,0000000.015,0000000.063*0C
$GNVTG,156.61,T,,M,0.00,N,0.00,K,D*23
$ECEFPOSVEL,112923.000,2552499.058,2460457.951,5284419.139,0000000.053,-0000000.033,-0000000.008*2E
$GNVTG,156.61,T,,M,0.00,N,0.00,K,D*23
$ECEFPOSVEL,112924.000,2552499.058,2460457.951,5284419.139,-0000000.011,-0000000.043,0000000.021*23
$GNVTG,156.61,T,,M,0.00,N,0.00,K,D*23
$ECEFPOSVEL,112925.000,2552499.058,2460457.951,5284419.139,-0000000.118,-0000000.192,0000000.018*2D
$GNVTG,156.61,T,,M,0.00,N,0.00,K,D*23
$ECEFPOSVEL,112926.000,2552499.058,2460457.951,5284419.139,-0000000.106,-0000000.113,0000000.001*20
$GNVTG,156.61,T,,M,0.00,N,0.00,K,D*23
$ECEFPOSVEL,112927.000,2552499.058,2460457.951,5284419.139,-0000000.095,-0000000.078,0000000.008*2F
$GNVTG,156.61,T,,M,0.00,N,0.00,K,D*23
$ECEFPOSVEL,112928.000,2552499.058,2460457.951,5284419.139,-0000000.053,-0000000.081,0000000.008*2C
$GNVTG,156.61,T,,M,0.00,N,0.00,K,D*23
$ECEFPOSVEL,112929.000,2552499.058,2460457.951,5284419.139,0000000.009,-0000000.066,-0000000.073*27
$GNVTG,156.61,T,,M,0.00,N,0.00,K,D*23
$ECEFPOSVEL,112930.000,2552499.058,2460457.951,5284419.139,-0000000.006,-0000000.017,-0000000.075*0D
$GNVTG,156.61,T,,M,0.00,N,0.00,K,D*23
$ECEFPOSVEL,112931.000,2552499.058,2460457.951,5284419.139,-0000000.091,-0000000.067,-0000000.020*05
$GNVTG,156.61,T,,M,0.00,N,0.00,K,D*23
$ECEFPOSVEL,112932.000,2552499.058,2460457.951,5284419.139,-0000000.045,-0000000.056,-0000000.010*0E
$GNVTG,156.61,T,,M,0.00,N,0.00,K,D*23
$ECEFPOSVEL,112933.000,2552499.058,2460457.951,5284419.139,-0000000.022,-0000000.091,0000000.016*2E
$GNVTG,156.61,T,,M,0.00,N,0.00,K,D*23
$ECEFPOSVEL,112934.000,2552499.058,2460457.951,5284419.139,-0000000.008,-0000000.068,0000000.009*29
$GNVTG,156.61,T,,M,0.00,N,0.00,K,D*23
$ECEFPOSVEL,112935.000,2552499.058,2460457.951,5284419.139,0000000.009,-0000000.209,-0000000.192*2F
$GNVTG,156.61,T,,M,0.00,N,0.00,K,D*23
$ECEFPOSVEL,112936.000,2552499.058,2460457.951,5284419.139,-0000000.296,-0000000.498,-0000000.157*02
$GNVTG,337.87,T,,M,0.79,N,1.47,K,D*22
$ECEFPOSVEL,112937.000,2552499.058,2460457.951,5284419.139,-0000000.263,-0000000.414,-0000000.220*0E
$GNVTG,156.61,T,,M,0.00,N,0.00,K,D*23
$ECEFPOSVEL,112938.000,2552499.058,2460457.951,5284419.139,-0000000.007,-0000000.187,-0000000.165*0C
$GNVTG,156.61,T,,M,0.00,N,0.00,K,D*23
$ECEFPOSVEL,112939.000,2552499.058,2460457.951,5284419.139,0000000.004,0000000.071,0000000.003*2A
$GNRMC,112939.000,A,5619.2202,N,04356.8879,E,0.00,156.61,220626,,,D*70
$ECEFPOSVEL,112940.000,2552499.058,2460457.951,5284419.139,0000000.039,0000000.108,-0000000.028*01
$GNVTG,156.61,T,,M,0.00,N,0.00,K,D*23
$ECEFPOSVEL,112941.000,2552499.058,2460457.951,5284419.139,0000000.036,0000000.055,-0000000.010*0D
$GNVTG,156.61,T,,M,0.00,N,0.00,K,D*23
$ECEFPOSVEL,112942.000,2552499.058,2460457.951,5284419.139,0000000.053,0000000.027,-0000000.008*01
$GNVTG,156.61,T,,M,0.00,N,0.00,K,D*23
$ECEFPOSVEL,112943.000,2552499.058,2460457.951,5284419.139,-0000000.009,0000000.084,-0000000.013*21
$GNVTG,156.61,T,,M,0.00,N,0.00,K,D*23
$ECEFPOSVEL,112944.000,2552499.058,2460457.951,5284419.139,-0000000.015,0000000.056,-0000000.005*23
$GNVTG,156.61,T,,M,0.00,N,0.00,K,D*23
$ECEFPOSVEL,112945.000,2552499.058,2460457.951,5284419.139,-0000000.001,0000000.245,-0000000.011*22
$GNVTG,156.61,T,,M,0.00,N,0.00,K,D*23
$ECEFPOSVEL,112946.000,2552499.058,2460457.951,5284419.139,-0000000.028,0000000.093,0000000.038*05
$GNVTG,156.61,T,,M,0.00,N,0.00,K,D*23
$ECEFPOSVEL,112947.000,2552499.058,2460457.951,5284419.139,0000000.015,0000000.041,0000000.016*24
$GNVTG,156.61,T,,M,0.00,N,0.00,K,D*23
$ECEFPOSVEL,112948.000,2552499.058,2460457.951,5284419.139,0000000.029,-0000000.010,0000000.022*0A
$GNVTG,156.61,T,,M,0.00,N,0.00,K,D*23
$ECEFPOSVEL,112949.000,2552499.058,2460457.951,5284419.139,0000000.030,0000000.022,-0000000.002*00
$GNVTG,156.61,T,,M,0.00,N,0.00,K,D*23
$ECEFPOSVEL,112950.000,2552499.058,2460457.951,5284419.139,0000000.009,0000000.055,-0000000.014*05
$GNVTG,156.61,T,,M,0.00,N,0.00,K,D*23
$ECEFPOSVEL,112951.000,2552499.058,2460457.951,5284419.139,-0000000.012,0000000.052,-0000000.008*29
$GNVTG,156.61,T,,M,0.00,N,0.00,K,D*23
$ECEFPOSVEL,112952.000,2552499.058,2460457.951,5284419.139,0000000.030,0000000.029,-0000000.017*05
$GNVTG,156.61,T,,M,0.00,N,0.00,K,D*23
$ECEFPOSVEL,112953.000,2552499.058,2460457.951,5284419.139,0000000.035,0000000.047,-0000000.029*04
$GNVTG,156.61,T,,M,0.00,N,0.00,K,D*23
$ECEFPOSVEL,112954.000,2552499.058,2460457.951,5284419.139,0000000.020,0000000.018,-0000000.010*07
$GNVTG,156.61,T,,M,0.00,N,0.00,K,D*23
$ECEFPOSVEL,112955.000,2552499.058,2460457.951,5284419.139,0000000.034,-0000000.049,0000000.013*04
$GNVTG,156.61,T,,M,0.00,N,0.00,K,D*23
$ECEFPOSVEL,112956.000,2552499.058,2460457.951,5284419.139,0000000.044,-0000000.030,0000000.000*0C
$GNVTG,156.61,T,,M,0.00,N,0.00,K,D*23
$ECEFPOSVEL,112957.000,2552499.058,2460457.951,5284419.139,0000000.017,-0000000.056,0000000.025*0C
$GNVTG,156.61,T,,M,0.00,N,0.00,K,D*23
$ECEFPOSVEL,112958.000,2552499.058,2460457.951,5284419.139,-0000000.043,-0000000.000,0000000.025*2C
$GNVTG,156.61,T,,M,0.00,N,0.00,K,D*23
$ECEFPOSVEL,112959.000,2552499.058,2460457.951,5284419.139,-0000000.036,-0000000.000,0000000.018*21
$GNVTG,156.61,T,,M,0.00,N,0.00,K,D*23
$ECEFPOSVEL,113000.000,2552499.058,2460457.951,5284419.139,-0000000.007,0000000.024,-0000000.003*2B
$GNVTG,156.61,T,,M,0.00,N,0.00,K,D*23
$ECEFPOSVEL,113001.000,2552499.058,2460457.951,5284419.139,-0000000.026,0000000.032,-0000000.002*2F
$GNVTG,156.61,T,,M,0.00,N,0.00,K,D*23
$ECEFPOSVEL,113002.000,2552499.058,2460457.951,5284419.139,-0000000.001,-0000000.008,0000000.003*21
$GNVTG,156.61,T,,M,0.00,N,0.00,K,D*23
$ECEFPOSVEL,113003.000,2552499.058,2460457.951,5284419.139,-0000000.008,0000000.014,-0000000.004*23
$GNVTG,156.61,T,,M,0.00,N,0.00,K,D*23
$ECEFPOSVEL,113004.000,2552499.058,2460457.951,5284419.139,-0000000.025,-0000000.106,-0000000.026*04
$GNVTG,156.61,T,,M,0.00,N,0.00,K,D*23
$ECEFPOSVEL,113005.000,2552499.058,2460457.951,5284419.139,-0000000.045,-0000000.023,-0000000.015*05
$GNVTG,156.61,T,,M,0.00,N,0.00,K,D*23
$ECEFPOSVEL,113006.000,2552499.058,2460457.951,5284419.139,-0000000.113,-0000000.331,-0000000.286*0C
$GNVTG,156.61,T,,M,0.00,N,0.00,K,D*23
$ECEFPOSVEL,113007.000,2552499.058,2460457.951,5284419.139,-0000000.113,-0000000.293,-0000000.218*03
$GNVTG,156.61,T,,M,0.00,N,0.00,K,D*23
$ECEFPOSVEL,113008.000,2552499.058,2460457.951,5284419.139,-0000000.026,-0000000.167,-0000000.113*0B
$GNVTG,156.61,T,,M,0.00,N,0.00,K,D*23
$ECEFPOSVEL,113009.000,2552499.058,2460457.951,5284419.139,-0000000.055,-0000000.173,-0000000.098*09
$GNVTG,156.61,T,,M,0.00,N,0.00,K,D*23
$ECEFPOSVEL,113010.000,2552499.058,2460457.951,5284419.139,-0000000.055,-0000000.158,-0000000.094*04
$GNVTG,156.61,T,,M,0.00,N,0.00,K,D*23
$ECEFPOSVEL,113011.000,2552499.058,2460457.951,5284419.139,-0000000.062,-0000000.150,-0000000.090*0D
$GNVTG,156.61,T,,M,0.00,N,0.00,K,D*23
$ECEFPOSVEL,113012.000,2552499.058,2460457.951,5284419.139,-0000000.073,-0000000.055,-0000000.024*05
$GNVTG,156.61,T,,M,0.00,N,0.00,K,D*23
$ECEFPOSVEL,113013.000,2552499.058,2460457.951,5284419.139,-0000000.077,-0000000.116,0000000.067*2C
$GNVTG,156.61,T,,M,0.00,N,0.00,K,D*23
$ECEFPOSVEL,113014.000,2552499.058,2460457.951,5284419.139,-0000000.119,0000000.065,-0000000.018*2F
$GNVTG,156.61,T,,M,0.00,N,0.00,K,D*23
$ECEFPOSVEL,113015.000,2552499.058,2460457.951,5284419.139,-0000000.036,0000000.012,-0000000.027*2E
$GNVTG,156.61,T,,M,0.00,N,0.00,K,D*23
$ECEFPOSVEL,113016.000,2552499.058,2460457.951,5284419.139,-0000000.042,0000000.013,-0000000.029*21
$GNVTG,156.61,T,,M,0.00,N,0.00,K,D*23
$ECEFPOSVEL,113017.000,2552499.058,2460457.951,5284419.139,-0000000.288,-0000000.553,-0000000.431*05
$GNVTG,156.61,T,,M,0.00,N,0.00,K,D*23
$ECEFPOSVEL,113018.000,2552499.058,2460457.951,5284419.139,-0000000.248,-0000000.490,-0000000.412*09
$GNVTG,156.61,T,,M,0.00,N,0.00,K,D*23
$ECEFPOSVEL,113019.000,2552499.058,2460457.951,5284419.139,-0000000.165,-0000000.312,-0000000.199*0F
$GNVTG,156.61,T,,M,0.00,N,0.00,K,D*23
$ECEFPOSVEL,113020.000,2552499.058,2460457.951,5284419.139,0000000.021,-0000000.028,-0000000.009*2B
$GNVTG,156.61,T,,M,0.00,N,0.00,K,D*23
$ECEFPOSVEL,113021.000,2552499.058,2460457.951,5284419.139,0000000.047,0000000.021,-0000000.009*0E
$GNVTG,156.61,T,,M,0.00,N,0.00,K,D*23
$ECEFPOSVEL,113022.000,2552499.058,2460457.951,5284419.139,0000000.012,0000000.050,-0000000.003*01
$GNVTG,156.61,T,,M,0.00,N,0.00,K,D*23
$ECEFPOSVEL,113023.000,2552499.058,2460457.951,5284419.139,0000000.002,0000000.048,-0000000.001*0A
$GNVTG,156.61,T,,M,0.00,N,0.00,K,D*23
$ECEFPOSVEL,113024.000,2552499.058,2460457.951,5284419.139,0000000.028,0000000.069,-0000000.028*0D
$GNVTG,156.61,T,,M,0.00,N,0.00,K,D*23
$ECEFPOSVEL,113025.000,2552499.058,2460457.951,5284419.139,0000000.044,0000000.045,-0000000.026*06
$GNVTG,156.61,T,,M,0.00,N,0.00,K,D*23
$ECEFPOSVEL,113026.000,2552499.058,2460457.951,5284419.139,0000000.007,0000000.057,-0000000.013*07
$GNVTG,156.61,T,,M,0.00,N,0.00,K,D*23
$ECEFPOSVEL,113027.000,2552499.058,2460457.951,5284419.139,0000000.046,0000000.052,-0000000.030*07
$GNVTG,156.61,T,,M,0.00,N,0.00,K,D*23
$ECEFPOSVEL,113028.000,2552499.058,2460457.951,5284419.139,0000000.057,0000000.116,0000000.055*27
$GNRMC,113028.000,A,5619.2202,N,04356.8879,E,0.00,156.61,220626,,,D*78
$ECEFPOSVEL,113029.000,2552499.058,2460457.951,5284419.139,0000000.032,0000000.110,0000000.035*25
$GNRMC,113029.000,A,5619.2202,N,04356.8879,E,0.00,156.61,220626,,,D*79
$ECEFPOSVEL,113030.000,2552499.058,2460457.951,5284419.139,0000000.035,0000000.040,0000000.035*2E
$GNRMC,113030.000,A,5619.2202,N,04356.8879,E,0.00,156.61,220626,,,D*71
$ECEFPOSVEL,113031.000,2552499.058,2460457.951,5284419.139,-0000000.064,-0000000.027,0000000.061*2B
$GNVTG,156.61,T,,M,0.00,N,0.00,K,D*23
$ECEFPOSVEL,113032.000,2552499.058,2460457.951,5284419.139,-0000000.015,0000000.066,0000000.110*01
$GNVTG,156.61,T,,M,0.00,N,0.00,K,D*23
$ECEFPOSVEL,113033.000,2552499.058,2460457.951,5284419.139,-0000000.060,-0000000.113,-0000000.057*03
$GNVTG,156.61,T,,M,0.00,N,0.00,K,D*23
$ECEFPOSVEL,113034.000,2552499.058,2460457.951,5284419.139,-0000000.133,-0000000.154,0000000.025*28
$GNVTG,156.61,T,,M,0.00,N,0.00,K,D*23
$ECEFPOSVEL,113035.000,2552499.058,2460457.951,5284419.139,-0000000.091,-0000000.273,0000000.052*26
$GNVTG,156.61,T,,M,0.00,N,0.00,K,D*23
$ECEFPOSVEL,113036.000,2552499.058,2460457.951,5284419.139,-0000000.070,-0000000.142,0000000.026*28
$GNVTG,156.61,T,,M,0.00,N,0.00,K,D*23
$ECEFPOSVEL,113037.000,2552499.058,2460457.951,5284419.139,-0000000.078,-0000000.132,0000000.046*20
$GNVTG,156.61,T,,M,0.00,N,0.00,K,D*23
$ECEFPOSVEL,113038.000,2552499.058,2460457.951,5284419.139,-0000000.056,-0000000.079,0000000.025*28
$GNVTG,156.61,T,,M,0.00,N,0.00,K,D*23
$ECEFPOSVEL,113039.000,2552499.058,2460457.951,5284419.139,-0000000.064,-0000000.029,0000000.014*2F
$GNVTG,156.61,T,,M,0.00,N,0.00,K,D*23
$ECEFPOSVEL,113040.000,2552499.058,2460457.951,5284419.139,-0000000.016,0000000.008,-0000000.020*20
$GNVTG,156.61,T,,M,0.00,N,0.00,K,D*23
$ECEFPOSVEL,113041.000,2552499.058,2460457.951,5284419.139,0000000.266,0000000.371,0000000.199*2A
$GNVTG,156.61,T,,M,0.00,N,0.00,K,D*23
$ECEFPOSVEL,113042.000,2552499.058,2460457.951,5284419.139,0000000.212,0000000.478,0000000.152*23
$GNVTG,156.61,T,,M,0.00,N,0.00,K,D*23
$ECEFPOSVEL,113043.000,2552499.058,2460457.951,5284419.139,0000000.205,0000000.350,0000000.219*25
$GNVTG,156.61,T,,M,0.00,N,0.00,K,D*23
$ECEFPOSVEL,113044.000,2552499.058,2460457.951,5284419.139,-0000000.014,0000000.021,0000000.086*0C
$GNVTG,156.61,T,,M,0.00,N,0.00,K,D*23
$ECEFPOSVEL,113045.000,2552499.058,2460457.951,5284419.139,-0000000.029,-0000000.055,-0000000.017*08
$GNVTG,156.61,T,,M,0.00,N,0.00,K,D*23
$ECEFPOSVEL,113046.000,2552499.058,2460457.951,5284419.139,0000000.019,-0000000.064,-0000000.042*27
$GNVTG,156.61,T,,M,0.00,N,0.00,K,D*23
$ECEFPOSVEL,113047.000,2552499.058,2460457.951,5284419.139,-0000000.163,-0000000.229,-0000000.154*0A
$GNVTG,156.61,T,,M,0.00,N,0.00,K,D*23
$ECEFPOSVEL,113048.000,2552499.058,2460457.951,5284419.139,-0000000.139,-0000000.191,-0000000.042*0C
$GNVTG,156.61,T,,M,0.00,N,0.00,K,D*23
$ECEFPOSVEL,113049.000,2552499.058,2460457.951,5284419.139,-0000000.126,-0000000.144,-0000000.013*0F
$GNVTG,156.61,T,,M,0.00,N,0.00,K,D*23
$ECEFPOSVEL,113050.000,2552499.058,2460457.951,5284419.139,-0000000.010,-0000000.133,-0000000.073*05
$GNVTG,156.61,T,,M,0.00,N,0.00,K,D*23
$ECEFPOSVEL,113051.000,2552499.058,2460457.951,5284419.139,-0000000.116,-0000000.135,0000000.019*24
$GNVTG,156.61,T,,M,0.00,N,0.00,K,D*23
$ECEFPOSVEL,113052.000,2552499.058,2460457.951,5284419.139,-0000000.134,-0000000.041,0000000.008*25
$GNVTG,156.61,T,,M,0.00,N,0.00,K,D*23
$ECEFPOSVEL,113053.000,2552499.058,2460457.951,5284419.139,-0000000.031,-0000000.000,-0000000.040*04
$GNVTG,156.61,T,,M,0.00,N,0.00,K,D*23
$ECEFPOSVEL,113054.000,2552499.058,2460457.951,5284419.139,-0000000.051,-0000000.044,-0000000.004*05
$GNVTG,156.61,T,,M,0.00,N,0.00,K,D*23
$ECEFPOSVEL,113055.000,2552499.058,2460457.951,5284419.139,-0000000.072,-0000000.052,0000000.005*2E
$GNVTG,156.61,T,,M,0.00,N,0.00,K,D*23
$ECEFPOSVEL,113056.000,2552499.058,2460457.951,5284419.139,-0000000.059,-0000000.040,0000000.006*24
$GNVTG,156.61,T,,M,0.00,N,0.00,K,D*23
$ECEFPOSVEL,113057.000,2552499.058,2460457.951,5284419.139,-0000000.092,-0000000.074,0000000.031*21
$GNVTG,156.61,T,,M,0.00,N,0.00,K,D*23
$ECEFPOSVEL,113058.000,2552499.058,2460457.951,5284419.139,-0000000.224,-0000000.323,0000000.123*22
$GNVTG,156.61,T,,M,0.00,N,0.00,K,D*23
$ECEFPOSVEL,113059.000,2552499.058,2460457.951,5284419.139,-0000000.266,-0000000.185,0000000.028*21
$GNVTG,156.61,T,,M,0.00,N,0.00,K,D*23
$ECEFPOSVEL,113100.000,2552499.058,2460457.951,5284419.139,-0000000.143,-0000000.177,0000000.016*28
$GNVTG,156.61,T,,M,0.00,N,0.00,K,D*23
$ECEFPOSVEL,113101.000,2552499.058,2460457.951,5284419.139,-0000000.048,-0000000.050,-0000000.034*0A
$GNVTG,156.61,T,,M,0.00,N,0.00,K,D*23
$ECEFPOSVEL,113102.000,2552499.058,2460457.951,5284419.139,0000000.027,0000000.040,-0000000.078*09
$GNVTG,156.61,T,,M,0.00,N,0.00,K,D*23
$ECEFPOSVEL,113103.000,2552499.058,2460457.951,5284419.139,0000000.032,0000000.069,-0000000.074*0B
$GNVTG,156.61,T,,M,0.00,N,0.00,K,D*23
$ECEFPOSVEL,113104.000,2552499.058,2460457.951,5284419.139,0000000.034,0000000.066,-0000000.068*08
$GNVTG,156.61,T,,M,0.00,N,0.00,K,D*23
$ECEFPOSVEL,113105.000,2552499.058,2460457.951,5284419.139,0000000.054,0000000.080,-0000000.076*08
$GNVTG,156.61,T,,M,0.00,N,0.00,K,D*23
$ECEFPOSVEL,113106.000,2552499.058,2460457.951,5284419.139,0000000.009,0000000.102,-0000000.059*05
$GNVTG,156.61,T,,M,0.00,N,0.00,K,D*23
$ECEFPOSVEL,113107.000,2552499.058,2460457.951,5284419.139,0000000.028,0000000.057,-0000000.042*0C
$GNVTG,156.61,T,,M,0.00,N,0.00,K,D*23
$ECEFPOSVEL,113108.000,2552499.058,2460457.951,5284419.139,0000000.012,0000000.214,0000000.062*20
$GNRMC,113108.000,A,5619.2202,N,04356.8879,E,0.00,156.61,220626,,,D*7B
$ECEFPOSVEL,113109.000,2552499.058,2460457.951,5284419.139,0000000.084,0000000.223,0000000.041*2B
$GNRMC,113109.000,A,5619.2202,N,04356.8879,E,0.00,156.61,220626,,,D*7A
$ECEFPOSVEL,113110.000,2552499.058,2460457.951,5284419.139,0000000.029,0000000.164,0000000.063*24
$GNRMC,113110.000,A,5619.2202,N,04356.8879,E,0.00,156.61,220626,,,D*72
$ECEFPOSVEL,113111.000,2552499.058,2460457.951,5284419.139,0000000.079,0000000.133,0000000.001*26
$GNRMC,113111.000,A,5619.2202,N,04356.8879,E,0.00,156.61,220626,,,D*73
$ECEFPOSVEL,113112.000,2552499.058,2460457.951,5284419.139,0000000.081,0000000.053,0000000.008*2C
$GNVTG,156.61,T,,M,0.00,N,0.00,K,D*23
$ECEFPOSVEL,113113.000,2552499.058,2460457.951,5284419.139,0000000.164,0000000.508,0000000.224*20
$GNVTG,156.61,T,,M,0.00,N,0.00,K,D*23
$ECEFPOSVEL,113114.000,2552499.058,2460457.951,5284419.139,0000000.284,0000000.520,0000000.489*21
$GNVTG,156.61,T,,M,0.00,N,0.00,K,D*23
$ECEFPOSVEL,113115.000,2552499.058,2460457.951,5284419.139,0000000.156,0000000.331,0000000.228*27
$GNVTG,156.61,T,,M,0.00,N,0.00,K,D*23
$ECEFPOSVEL,113116.000,2552499.058,2460457.951,5284419.139,0000000.102,0000000.210,0000000.145*2F
$GNVTG,156.61,T,,M,0.00,N,0.00,K,D*23
$ECEFPOSVEL,113117.000,2552499.058,2460457.951,5284419.139,-0000000.001,-0000000.070,-0000000.008*0D
$GNVTG,156.61,T,,M,0.00,N,0.00,K,D*23
$ECEFPOSVEL,113118.000,2552499.058,2460457.951,5284419.139,-0000000.032,-0000000.102,0000000.021*20
$GNVTG,156.61,T,,M,0.00,N,0.00,K,D*23
$ECEFPOSVEL,113119.000,2552499.058,2460457.951,5284419.139,0000000.043,-0000000.110,-0000000.005*22
$GNVTG,156.61,T,,M,0.00,N,0.00,K,D*23
$ECEFPOSVEL,113120.000,2552499.058,2460457.951,5284419.139,0000000.044,-0000000.278,0000000.039*00
$GNVTG,156.61,T,,M,0.00,N,0.00,K,D*23
$ECEFPOSVEL,113121.000,2552499.058,2460457.951,5284419.139,0000000.007,-0000000.227,-0000000.051*2F
$GNVTG,156.61,T,,M,0.00,N,0.00,K,D*23
$ECEFPOSVEL,113122.000,2552499.058,2460457.951,5284419.139,0000000.047,-0000000.268,-0000000.022*27
$GNVTG,156.61,T,,M,0.00,N,0.00,K,D*23
$ECEFPOSVEL,113123.000,2552499.058,2460457.951,5284419.139,-0000000.064,-0000000.128,0000000.003*23
$GNVTG,156.61,T,,M,0.00,N,0.00,K,D*23
$ECEFPOSVEL,113124.000,2552499.058,2460457.951,5284419.139,-0000000.034,-0000000.078,-0000000.002*09
$GNVTG,156.61,T,,M,0.00,N,0.00,K,D*23
$ECEFPOSVEL,113125.000,2552499.058,2460457.951,5284419.139,-0000000.027,-0000000.048,-0000000.003*08
$GNVTG,156.61,T,,M,0.00,N,0.00,K,D*23
$ECEFPOSVEL,113126.000,2552499.058,2460457.951,5284419.139,-0000000.006,-0000000.087,0000000.014*20
$GNVTG,156.61,T,,M,0.00,N,0.00,K,D*23
$ECEFPOSVEL,113127.000,2552499.058,2460457.951,5284419.139,-0000000.013,-0000000.041,0000000.002*28
$GNVTG,156.61,T,,M,0.00,N,0.00,K,D*23
$ECEFPOSVEL,113128.000,2552499.058,2460457.951,5284419.139,0000000.005,-0000000.032,-0000000.006*20
$GNVTG,156.61,T,,M,0.00,N,0.00,K,D*23
$ECEFPOSVEL,113129.000,2552499.058,2460457.951,5284419.139,-0000000.019,0000000.001,-0000000.005*2F
$GNVTG,156.61,T,,M,0.00,N,0.00,K,D*23
$ECEFPOSVEL,113130.000,2552499.058,2460457.951,5284419.139,-0000000.008,0000000.007,-0000000.013*26
$GNVTG,156.61,T,,M,0.00,N,0.00,K,D*23
$ECEFPOSVEL,113131.000,2552499.058,2460457.951,5284419.139,0000000.032,0000000.031,-0000000.040*00
$GNVTG,156.61,T,,M,0.00,N,0.00,K,D*23
$ECEFPOSVEL,113132.000,2552499.058,2460457.951,5284419.139,0000000.021,0000000.019,-0000000.028*05
$GNVTG,156.61,T,,M,0.00,N,0.00,K,D*23
$ECEFPOSVEL,113133.000,2552499.058,2460457.951,5284419.139,-0000000.000,-0000000.002,-0000000.005*02
$GNVTG,156.61,T,,M,0.00,N,0.00,K,D*23
$ECEFPOSVEL,113134.000,2552499.058,2460457.951,5284419.139,0000000.030,-0000000.034,-0000000.004*2F
$GNVTG,156.61,T,,M,0.00,N,0.00,K,D*23
$ECEFPOSVEL,113135.000,2552499.058,2460457.951,5284419.139,0000000.067,0000000.080,-0000000.066*0A
$GNVTG,156.61,T,,M,0.00,N,0.00,K,D*23
$ECEFPOSVEL,113136.000,2552499.058,2460457.951,5284419.139,0000000.119,0000000.052,-0000000.080*06
$GNVTG,156.61,T,,M,0.00,N,0.00,K,D*23
$ECEFPOSVEL,113137.000,2552499.058,2460457.951,5284419.139,0000000.081,0000000.051,-0000000.068*02
$GNVTG,156.61,T,,M,0.00,N,0.00,K,D*23
$ECEFPOSVEL,113138.000,2552499.058,2460457.951,5284419.139,0000000.037,0000000.063,-0000000.051*0B
$GNVTG,156.61,T,,M,0.00,N,0.00,K,D*23
$ECEFPOSVEL,113139.000,2552499.058,2460457.951,5284419.139,-0000000.064,0000000.120,-0000000.034*24
$GNVTG,156.61,T,,M,0.00,N,0.00,K,D*23
$ECEFPOSVEL,113140.000,2552499.058,2460457.951,5284419.139,0000000.015,0000000.048,-0000000.061*0E
$GNVTG,156.61,T,,M,0.00,N,0.00,K,D*23
$ECEFPOSVEL,113141.000,2552499.058,2460457.951,5284419.139,0000000.047,-0000000.146,-0000000.013*2F
$GNVTG,156.61,T,,M,0.00,N,0.00,K,D*23
$ECEFPOSVEL,113142.000,2552499.058,2460457.951,5284419.139,-0000000.035,-0000000.137,0000000.036*28
$GNVTG,156.61,T,,M,0.00,N,0.00,K,D*23
$ECEFPOSVEL,113143.000,2552499.058,2460457.951,5284419.139,-0000000.058,-0000000.351,-0000000.072*0D
$GNVTG,156.61,T,,M,0.00,N,0.00,K,D*23
$ECEFPOSVEL,113144.000,2552499.058,2460457.951,5284419.139,-0000000.226,-0000000.366,-0000000.110*00
$GNVTG,156.61,T,,M,0.00,N,0.00,K,D*23
$ECEFPOSVEL,113145.000,2552499.058,2460457.951,5284419.139,-0000000.209,-0000000.244,-0000000.181*05
$GNVTG,156.61,T,,M,0.00,N,0.00,K,D*23
$ECEFPOSVEL,113146.000,2552499.058,2460457.951,5284419.139,-0000000.121,-0000000.025,-0000000.020*00
$GNVTG,156.61,T,,M,0.00,N,0.00,K,D*23
$ECEFPOSVEL,113147.000,2552499.058,2460457.951,5284419.139,-0000000.000,0000000.246,-0000000.025*2C
$GNVTG,156.61,T,,M,0.00,N,0.00,K,D*23
$ECEFPOSVEL,113148.000,2552499.058,2460457.951,5284419.139,-0000000.109,0000000.270,0000000.200*06
$GNVTG,156.61,T,,M,0.00,N,0.00,K,D*23
$ECEFPOSVEL,113149.000,2552499.058,2460457.951,5284419.139,-0000000.032,0000000.400,0000000.172*09
$GNVTG,156.61,T,,M,0.00,N,0.00,K,D*23
$ECEFPOSVEL,113150.000,2552499.058,2460457.951,5284419.139,0000000.047,0000000.269,0000000.361*27
$GNRMC,113150.000,A,5619.2202,N,04356.8879,E,0.00,156.61,220626,,,D*76
$ECEFPOSVEL,113151.000,2552499.058,2460457.951,5284419.139,-0000000.068,0000000.198,0000000.251*09
$GNRMC,113151.000,A,5619.2202,N,04356.8879,E,0.00,156.61,220626,,,D*77
$ECEFPOSVEL,113152.000,2552499.058,2460457.951,5284419.139,0000000.002,0000000.089,0000000.139*27
$GNRMC,113152.000,A,5619.2202,N,04356.8879,E,0.00,156.61,220626,,,D*74
$ECEFPOSVEL,113153.000,2552499.058,2460457.951,5284419.139,0000000.027,0000000.120,0000000.041*2D
$GNRMC,113153.000,A,5619.2202,N,04356.8879,E,0.00,156.61,220626,,,D*75
$ECEFPOSVEL,113154.000,2552499.058,2460457.951,5284419.139,-0000000.020,0000000.097,0000000.030*0B
$GNVTG,156.61,T,,M,0.00,N,0.00,K,D*23
$ECEFPOSVEL,113155.000,2552499.058,2460457.951,5284419.139,0000000.007,0000000.031,0000000.035*2B
$GNRMC,113155.000,A,5619.2202,N,04356.8879,E,0.00,156.61,220626,,,D*73
$ECEFPOSVEL,113156.000,2552499.058,2460457.951,5284419.139,0000000.012,0000000.048,0000000.010*25
$GNRMC,113156.000,A,5619.2202,N,04356.8879,E,0.00,156.61,220626,,,D*70
$ECEFPOSVEL,113157.000,2552499.058,2460457.951,5284419.139,0000000.011,0000000.027,0000000.004*2B
$GNRMC,113157.000,A,5619.2202,N,04356.8879,E,0.00,156.61,220626,,,D*71
$ECEFPOSVEL,113158.000,2552499.058,2460457.951,5284419.139,-0000000.003,0000000.102,-0000000.041*20
$GNVTG,156.61,T,,M,0.00,N,0.00,K,D*23
$ECEFPOSVEL,113159.000,2552499.058,2460457.951,5284419.139,-0000000.137,0000000.111,0000000.030*0E
$GNVTG,156.61,T,,M,0.00,N,0.00,K,D*23
$ECEFPOSVEL,113200.000,2552499.058,2460457.951,5284419.139,-0000000.072,0000000.144,-0000000.027*2A
$GNVTG,156.61,T,,M,0.00,N,0.00,K,D*23
$ECEFPOSVEL,113201.000,2552499.058,2460457.951,5284419.139,-0000000.082,0000000.090,0000000.008*0C
$GNVTG,156.61,T,,M,0.00,N,0.00,K,D*23
$ECEFPOSVEL,113202.000,2552499.058,2460457.951,5284419.139,-0000000.007,0000000.069,-0000000.017*27
$GNVTG,156.61,T,,M,0.00,N,0.00,K,D*23
$ECEFPOSVEL,113203.000,2552499.058,2460457.951,5284419.139,-0000000.062,-0000000.014,0000000.240*2F
$GNVTG,156.61,T,,M,0.00,N,0.00,K,D*23
$ECEFPOSVEL,113204.000,2552499.058,2460457.951,5284419.139,0000000.008,0000000.086,0000000.144*28
$GNVTG,156.61,T,,M,0.00,N,0.00,K,D*23
$ECEFPOSVEL,113205.000,2552499.058,2460457.951,5284419.139,0000000.007,0000000.135,0000000.077*2E
$GNVTG,156.61,T,,M,0.00,N,0.00,K,D*23
$ECEFPOSVEL,113206.000,2552499.058,2460457.951,5284419.139,0000000.039,0000000.118,0000000.018*26
$GNVTG,156.61,T,,M,0.00,N,0.00,K,D*23
$ECEFPOSVEL,113207.000,2552499.058,2460457.951,5284419.139,-0000000.135,-0000000.100,-0000000.059*0B
$GNVTG,156.61,T,,M,0.00,N,0.00,K,D*23
$ECEFPOSVEL,113208.000,2552499.058,2460457.951,5284419.139,-0000000.006,-0000000.417,-0000000.111*0B
$GNVTG,156.61,T,,M,0.00,N,0.00,K,D*23
$ECEFPOSVEL,113209.000,2552499.058,2460457.951,5284419.139,-0000000.053,-0000000.396,-0000000.123*05
$GNVTG,156.61,T,,M,0.00,N,0.00,K,D*23
$ECEFPOSVEL,113210.000,2552499.058,2460457.951,5284419.139,-0000000.092,-0000000.378,-0000000.116*06
$GNVTG,156.61,T,,M,0.00,N,0.00,K,D*23
$ECEFPOSVEL,113211.000,2552499.058,2460457.951,5284419.139,-0000000.128,-0000000.272,-0000000.040*0E
$GNVTG,156.61,T,,M,0.00,N,0.00,K,D*23
$ECEFPOSVEL,113212.000,2552499.058,2460457.951,5284419.139,-0000000.061,-0000000.074,-0000000.219*0B
$GNVTG,156.61,T,,M,0.00,N,0.00,K,D*23
$ECEFPOSVEL,113213.000,2552499.058,2460457.951,5284419.139,-0000000.014,-0000000.252,-0000000.087*0B
$GNVTG,156.61,T,,M,0.00,N,0.00,K,D*23
$ECEFPOSVEL,113214.000,2552499.058,2460457.951,5284419.139,-0000000.033,-0000000.186,-0000000.038*07
$GNVTG,156.61,T,,M,0.00,N,0.00,K,D*23
$ECEFPOSVEL,113215.000,2552499.058,2460457.951,5284419.139,-0000000.030,-0000000.107,-0000000.036*02
$GNVTG,156.61,T,,M,0.00,N,0.00,K,D*23
$ECEFPOSVEL,113216.000,2552499.058,2460457.951,5284419.139,-0000000.009,-0000000.063,-0000000.039*07
$GNVTG,156.61,T,,M,0.00,N,0.00,K,D*23
$ECEFPOSVEL,113217.000,2552499.058,2460457.951,5284419.139,0000000.011,-0000000.048,-0000000.037*25
$GNVTG,156.61,T,,M,0.00,N,0.00,K,D*23
$ECEFPOSVEL,113218.000,2552499.058,2460457.951,5284419.139,-0000000.031,0000000.001,-0000000.024*27
$GNVTG,156.61,T,,M,0.00,N,0.00,K,D*23
$ECEFPOSVEL,113219.000,2552499.058,2460457.951,5284419.139,-0000000.044,0000000.037,-0000000.026*23
$GNVTG,156.61,T,,M,0.00,N,0.00,K,D*23
$ECEFPOSVEL,113220.000,2552499.058,2460457.951,5284419.139,-0000000.074,-0000000.369,-0000000.218*00
$GNVTG,156.61,T,,M,0.00,N,0.00,K,D*23
$ECEFPOSVEL,113221.000,2552499.058,2460457.951,5284419.139,-0000000.058,-0000000.306,-0000000.334*09
$GNVTG,156.61,T,,M,0.00,N,0.00,K,D*23
$ECEFPOSVEL,113222.000,2552499.058,2460457.951,5284419.139,-0000000.034,-0000000.227,-0000000.145*06
$GNVTG,156.61,T,,M,0.00,N,0.00,K,D*23
$ECEFPOSVEL,113223.000,2552499.058,2460457.951,5284419.139,0000000.054,0000000.039,-0000000.047*0F
$GNVTG,156.61,T,,M,0.00,N,0.00,K,D*23
$ECEFPOSVEL,113224.000,2552499.058,2460457.951,5284419.139,-0000000.007,0000000.115,0000000.100*03
$GNVTG,156.61,T,,M,0.00,N,0.00,K,D*23
$ECEFPOSVEL,113225.000,2552499.058,2460457.951,5284419.139,-0000000.019,0000000.099,0000000.064*0B
$GNRMC,113225.000,A,5619.2202,N,04356.8879,E,0.00,156.61,220626,,,D*77
$ECEFPOSVEL,113226.000,2552499.058,2460457.951,5284419.139,0000000.010,0000000.098,0000000.025*28
$GNRMC,113226.000,A,5619.2202,N,04356.8879,E,0.00,156.61,220626,,,D*74
$ECEFPOSVEL,113227.000,2552499.058,2460457.951,5284419.139,0000000.091,0000000.082,0000000.088*2C
$GNRMC,113227.000,A,5619.2202,N,04356.8879,E,0.00,156.61,220626,,,D*75
$ECEFPOSVEL,113228.000,2552499.058,2460457.951,5284419.139,0000000.102,0000000.065,0000000.051*25
$GNRMC,113228.000,A,5619.2202,N,04356.8879,E,0.00,156.61,220626,,,D*7A
$ECEFPOSVEL,113229.000,2552499.058,2460457.951,5284419.139,0000000.058,0000000.016,0000000.058*27
$GNRMC,113229.000,A,5619.2202,N,04356.8879,E,0.00,156.61,220626,,,D*7B
$ECEFPOSVEL,113230.000,2552499.058,2460457.951,5284419.139,0000000.033,0000000.032,0000000.033*29
$GNVTG,156.61,T,,M,0.00,N,0.00,K,D*23
$ECEFPOSVEL,113231.000,2552499.058,2460457.951,5284419.139,-0000000.026,0000000.051,0000000.034*03
$GNRMC,113231.000,A,5619.2202,N,04356.8879,E,0.00,156.61,220626,,,D*72
$ECEFPOSVEL,113232.000,2552499.058,2460457.951,5284419.139,-0000000.026,0000000.058,0000000.018*07
$GNRMC,113232.000,A,5619.2202,N,04356.8879,E,0.00,156.61,220626,,,D*71
$ECEFPOSVEL,113233.000,2552499.058,2460457.951,5284419.139,0000000.164,0000000.046,-0000000.039*0D
$GNRMC,113233.000,A,5619.2202,N,04356.8879,E,0.00,156.61,220626,,,D*70
$ECEFPOSVEL,113234.000,2552499.058,2460457.951,5284419.139,0000000.059,0000000.143,0000000.039*2C
$GNRMC,113234.000,A,5619.2202,N,04356.8879,E,0.00,156.61,220626,,,D*77
$ECEFPOSVEL,113235.000,2552499.058,2460457.951,5284419.139,0000000.023,0000000.132,0000000.049*21
$GNRMC,113235.000,A,5619.2202,N,04356.8879,E,0.00,156.61,220626,,,D*76
$ECEFPOSVEL,113236.000,2552499.058,2460457.951,5284419.139,0000000.004,0000000.091,0000000.032*23
$GNRMC,113236.000,A,5619.2202,N,04356.8879,E,0.00,156.61,220626,,,D*75
$ECEFPOSVEL,113237.000,2552499.058,2460457.951,5284419.139,-0000000.030,0000000.109,0000000.006*0F
$GNRMC,113237.000,A,5619.2202,N,04356.8879,E,0.00,156.61,220626,,,D*74
$ECEFPOSVEL,113238.000,2552499.058,2460457.951,5284419.139,-0000000.050,0000000.147,-0000000.014*22
$GNRMC,113238.000,A,5619.2202,N,04356.8879,E,0.00,156.61,220626,,,D*7B
$ECEFPOSVEL,113239.000,2552499.058,2460457.951,5284419.139,-0000000.022,0000000.105,-0000000.015*21
$GNRMC,113239.000,A,5619.2202,N,04356.8879,E,0.00,156.61,220626,,,D*7A
$ECEFPOSVEL,113240.000,2552499.058,2460457.951,5284419.139,-0000000.105,0000000.101,0000000.022*06
$GNRMC,113240.000,A,5619.2202,N,04356.8879,E,0.00,156.61,220626,,,D*74
$ECEFPOSVEL,113241.000,2552499.058,2460457.951,5284419.139,-0000000.158,0000000.115,0000000.039*00
$GNRMC,113241.000,A,5619.2202,N,04356.8879,E,0.00,156.61,220626,,,D*75
$ECEFPOSVEL,113242.000,2552499.058,2460457.951,5284419.139,-0000000.022,0000000.071,-0000000.021*28
$GNRMC,113242.000,A,5619.2202,N,04356.8879,E,0.00,156.61,220626,,,D*76
$ECEFPOSVEL,113243.000,2552499.058,2460457.951,5284419.139,-0000000.151,0000000.055,0000000.030*07
$GNVTG,156.61,T,,M,0.00,N,0.00,K,D*23
$ECEFPOSVEL,113244.000,2552499.058,2460457.951,5284419.139,-0000000.021,0000000.038,0000000.004*0A
$GNVTG,156.61,T,,M,0.00,N,0.00,K,D*23
$ECEFPOSVEL,113245.000,2552499.058,2460457.951,5284419.139,0000000.194,0000000.221,-0000000.087*05
$GNVTG,156.61,T,,M,0.00,N,0.00,K,D*23
$ECEFPOSVEL,113246.000,2552499.058,2460457.951,5284419.139,0000000.179,0000000.013,-0000000.002*0B
$GNVTG,156.61,T,,M,0.00,N,0.00,K,D*23
$ECEFPOSVEL,113247.000,2552499.058,2460457.951,5284419.139,0000000.095,-0000000.078,0000000.047*05
$GNVTG,156.61,T,,M,0.00,N,0.00,K,D*23
$ECEFPOSVEL,113248.000,2552499.058,2460457.951,5284419.139,0000000.010,-0000000.146,0000000.097*06
$GNVTG,156.61,T,,M,0.00,N,0.00,K,D*23
$ECEFPOSVEL,113249.000,2552499.058,2460457.951,5284419.139,-0000000.130,-0000000.297,-0000000.006*03
$GNVTG,156.61,T,,M,0.00,N,0.00,K,D*23
$ECEFPOSVEL,113250.000,2552499.058,2460457.951,5284419.139,-0000000.013,-0000000.304,-0000000.116*00
$GNVTG,156.61,T,,M,0.00,N,0.00,K,D*23
$ECEFPOSVEL,113251.000,2552499.058,2460457.951,5284419.139,-0000000.064,-0000000.134,-0000000.243*03
$GNVTG,156.61,T,,M,0.00,N,0.00,K,D*23
$ECEFPOSVEL,113252.000,2552499.058,2460457.951,5284419.139,-0000000.086,-0000000.099,-0000000.136*0B
$GNVTG,156.61,T,,M,0.00,N,0.00,K,D*23
$ECEFPOSVEL,113253.000,2552499.058,2460457.951,5284419.139,-0000000.120,-0000000.052,-0000000.059*08
$GNVTG,156.61,T,,M,0.00,N,0.00,K,D*23
$ECEFPOSVEL,113254.000,2552499.058,2460457.951,5284419.139,-0000000.092,-0000000.003,-0000000.053*09
$GNVTG,156.61,T,,M,0.00,N,0.00,K,D*23
$ECEFPOSVEL,113255.000,2552499.058,2460457.951,5284419.139,-0000000.084,-0000000.020,-0000000.031*0A
$GNVTG,156.61,T,,M,0.00,N,0.00,K,D*23
$ECEFPOSVEL,113256.000,2552499.058,2460457.951,5284419.139,-0000000.019,-0000000.040,0000000.008*2C
$GNVTG,156.61,T,,M,0.00,N,0.00,K,D*23
$ECEFPOSVEL,113257.000,2552499.058,2460457.951,5284419.139,0000000.004,-0000000.053,-0000000.003*28
$GNVTG,156.61,T,,M,0.00,N,0.00,K,D*23
$ECEFPOSVEL,113258.000,2552499.058,2460457.951,5284419.139,-0000000.014,-0000000.045,0000000.014*27
$GNVTG,156.61,T,,M,0.00,N,0.00,K,D*23
$ECEFPOSVEL,113259.000,2552499.058,2460457.951,5284419.139,0000000.005,-0000000.028,0000000.002*07
$GNVTG,156.61,T,,M,0.00,N,0.00,K,D*23
$ECEFPOSVEL,113300.000,2552499.058,2460457.951,5284419.139,-0000000.004,-0000000.021,0000000.006*2B
$GNRMC,113300.000,A,5619.2202,N,04356.8879,E,0.00,156.61,220626,,,D*71
$ECEFPOSVEL,113301.000,2552499.058,2460457.951,5284419.139,-0000000.043,-0000000.245,-0000000.138*08
$GNRMC,113301.000,A,5619.2202,N,04356.8879,E,0.00,156.61,220626,,,D*70
$ECEFPOSVEL,113302.000,2552499.058,2460457.951,5284419.139,-0000000.130,-0000000.449,-0000000.327*08
$GNVTG,156.61,T,,M,0.00,N,0.00,K,D*23
$ECEFPOSVEL,113303.000,2552499.058,2460457.951,5284419.139,-0000000.094,-0000000.347,-0000000.124*0E
$GNRMC,113303.000,A,5619.2202,N,04356.8879,E,0.00,156.61,220626,,,D*72
$ECEFPOSVEL,113304.000,2552499.058,2460457.951,5284419.139,-0000000.078,-0000000.061,0000000.028*2C
$GNRMC,113304.000,A,5619.2202,N,04356.8879,E,0.00,156.61,220626,,,D*75
$ECEFPOSVEL,113305.000,2552499.058,2460457.951,5284419.139,-0000000.013,-0000000.028,0000000.029*2C
$GNRMC,113305.000,A,5619.2202,N,04356.8879,E,0.00,156.61,220626,,,D*74
$ECEFPOSVEL,113306.000,2552499.058,2460457.951,5284419.139,-0000000.017,0000000.210,0000000.103*06
$GNRMC,113306.000,A,5619.2202,N,04356.8879,E,0.00,156.61,220626,,,D*77
$ECEFPOSVEL,113307.000,2552499.058,2460457.951,5284419.139,-0000000.029,0000000.151,0000000.083*05
$GNRMC,113307.000,A,5619.2202,N,04356.8879,E,0.00,156.61,220626,,,D*76
$ECEFPOSVEL,113308.000,2552499.058,2460457.951,5284419.139,0000000.008,0000000.099,0000000.052*2D
$GNRMC,113308.000,A,5619.2202,N,04356.8879,E,0.00,156.61,220626,,,D*79
$ECEFPOSVEL,113309.000,2552499.058,2460457.951,5284419.139,0000000.027,0000000.044,0000000.045*27
$GNRMC,113309.000,A,5619.2202,N,04356.8879,E,0.00,156.61,220626,,,D*78
$ECEFPOSVEL,113310.000,2552499.058,2460457.951,5284419.139,0000000.036,-0000000.034,0000000.062*00
$GNRMC,113310.000,A,5619.2202,N,04356.8879,E,0.00,156.61,220626,,,D*70
$ECEFPOSVEL,113311.000,2552499.058,2460457.951,5284419.139,-0000000.001,-0000000.002,0000000.051*2D
$GNRMC,113311.000,A,5619.2202,N,04356.8879,E,0.00,156.61,220626,,,D*71
$ECEFPOSVEL,113312.000,2552499.058,2460457.951,5284419.139,-0000000.021,0000000.040,0000000.033*03
$GNRMC,113312.000,A,5619.2202,N,04356.8879,E,0.00,156.61,220626,,,D*72
$ECEFPOSVEL,113313.000,2552499.058,2460457.951,5284419.139,-0000000.007,0000000.014,0000000.030*04
$GNRMC,113313.000,A,5619.2202,N,04356.8879,E,0.00,156.61,220626,,,D*73
$ECEFPOSVEL,113314.000,2552499.058,2460457.951,5284419.139,0000000.006,0000000.000,0000000.030*2A
$GNRMC,113314.000,A,5619.2202,N,04356.8879,E,0.00,156.61,220626,,,D*74
$ECEFPOSVEL,113315.000,2552499.058,2460457.951,5284419.139,-0000000.070,0000000.044,0000000.038*0F
$GNRMC,113315.000,A,5619.2202,N,04356.8879,E,0.00,156.61,220626,,,D*75
$ECEFPOSVEL,113316.000,2552499.058,2460457.951,5284419.139,-0000000.054,0000000.034,0000000.032*07
$GNRMC,113316.000,A,5619.2202,N,04356.8879,E,0.00,156.61,220626,,,D*76
$ECEFPOSVEL,113317.000,2552499.058,2460457.951,5284419.139,-0000000.047,0000000.046,0000000.022*00
$GNRMC,113317.000,A,5619.2202,N,04356.8879,E,0.00,156.61,220626,,,D*77
$ECEFPOSVEL,113318.000,2552499.058,2460457.951,5284419.139,-0000000.011,0000000.002,0000000.024*0A
$GNRMC,113318.000,A,5619.2202,N,04356.8879,E,0.00,156.61,220626,,,D*78
$ECEFPOSVEL,113319.000,2552499.058,2460457.951,5284419.139,-0000000.013,0000000.005,0000000.022*08
$GNRMC,113319.000,A,5619.2202,N,04356.8879,E,0.00,156.61,220626,,,D*79
$ECEFPOSVEL,113320.000,2552499.058,2460457.951,5284419.139,-0000000.047,-0000000.108,0000000.073*26
$GNRMC,113320.000,A,5619.2202,N,04356.8879,E,0.00,156.61,220626,,,D*73
$ECEFPOSVEL,113321.000,2552499.058,2460457.951,5284419.139,-0000000.041,-0000000.086,0000000.042*24
$GNRMC,113321.000,A,5619.2202,N,04356.8879,E,0.00,156.61,220626,,,D*72
$ECEFPOSVEL,113322.000,2552499.058,2460457.951,5284419.139,-0000000.021,-0000000.083,0000000.041*27
$GNRMC,113322.000,A,5619.2202,N,04356.8879,E,0.00,156.61,220626,,,D*71
$ECEFPOSVEL,113323.000,2552499.058,2460457.951,5284419.139,-0000000.037,-0000000.075,0000000.044*2D
$GNRMC,113323.000,A,5619.2202,N,04356.8879,E,0.00,156.61,220626,,,D*70
$ECEFPOSVEL,113324.000,2552499.058,2460457.951,5284419.139,-0000000.046,-0000000.019,-0000000.015*0F
$GNVTG,156.61,T,,M,0.00,N,0.00,K,D*23
$ECEFPOSVEL,113325.000,2552499.058,2460457.951,5284419.139,-0000000.059,0000000.091,0000000.064*06
$GNRMC,113325.000,A,5619.2202,N,04356.8879,E,0.00,156.61,220626,,,D*76
$ECEFPOSVEL,113326.000,2552499.058,2460457.951,5284419.139,0000000.283,0000000.196,0000000.146*2A
$GNRMC,113326.000,A,5619.2202,N,04356.8879,E,0.00,156.61,220626,,,D*75
$ECEFPOSVEL,113327.000,2552499.058,2460457.951,5284419.139,0000000.089,0000000.181,0000000.119*2F
$GNRMC,113327.000,A,5619.2202,N,04356.8879,E,0.00,156.61,220626,,,D*74
$ECEFPOSVEL,113328.000,2552499.058,2460457.951,5284419.139,0000000.081,0000000.112,0000000.056*28
$GNRMC,113328.000,A,5619.2202,N,04356.8879,E,0.00,156.61,220626,,,D*7B
$ECEFPOSVEL,113329.000,2552499.058,2460457.951,5284419.139,0000000.010,0000000.059,0000000.049*21
$GNRMC,113329.000,A,5619.2202,N,04356.8879,E,0.00,156.61,220626,,,D*7A
$ECEFPOSVEL,113330.000,2552499.058,2460457.951,5284419.139,-0000000.058,-0000000.142,-0000000.107*08
$GNVTG,156.61,T,,M,0.00,N,0.00,K,D*23
$ECEFPOSVEL,113331.000,2552499.058,2460457.951,5284419.139,-0000000.080,-0000000.347,-0000000.134*0B
$GNVTG,156.61,T,,M,0.00,N,0.00,K,D*23
$ECEFPOSVEL,113332.000,2552499.058,2460457.951,5284419.139,-0000000.004,-0000000.245,-0000000.091*09
$GNVTG,156.61,T,,M,0.00,N,0.00,K,D*23
$ECEFPOSVEL,113333.000,2552499.058,2460457.951,5284419.139,-0000000.016,-0000000.192,-0000000.034*0D
$GNVTG,156.61,T,,M,0.00,N,0.00,K,D*23
$ECEFPOSVEL,113334.000,2552499.058,2460457.951,5284419.139,-0000000.041,-0000000.173,0000000.003*2E
$GNVTG,156.61,T,,M,0.00,N,0.00,K,D*23
$ECEFPOSVEL,113335.000,2552499.058,2460457.951,5284419.139,-0000000.074,-0000000.087,0000000.006*26
$GNVTG,156.61,T,,M,0.00,N,0.00,K,D*23
$ECEFPOSVEL,113336.000,2552499.058,2460457.951,5284419.139,-0000000.204,-0000000.042,0000000.051*2B
$GNVTG,156.61,T,,M,0.00,N,0.00,K,D*23
$ECEFPOSVEL,113337.000,2552499.058,2460457.951,5284419.139,0000000.006,0000000.003,0000000.020*29
$GNVTG,156.61,T,,M,0.00,N,0.00,K,D*23
$ECEFPOSVEL,113338.000,2552499.058,2460457.951,5284419.139,-0000000.022,0000000.034,-0000000.005*23
$GNVTG,156.61,T,,M,0.00,N,0.00,K,D*23
$ECEFPOSVEL,113339.000,2552499.058,2460457.951,5284419.139,-0000000.021,-0000000.028,-0000000.042*02
$GNVTG,156.61,T,,M,0.00,N,0.00,K,D*23
$ECEFPOSVEL,113340.000,2552499.058,2460457.951,5284419.139,0000000.092,-0000000.053,0000000.066*0E
$GNVTG,156.61,T,,M,0.00,N,0.00,K,D*23
$ECEFPOSVEL,113341.000,2552499.058,2460457.951,5284419.139,-0000000.010,-0000000.044,0000000.051*2A
$GNVTG,156.61,T,,M,0.00,N,0.00,K,D*23
$ECEFPOSVEL,113342.000,2552499.058,2460457.951,5284419.139,-0000000.210,-0000000.376,-0000000.127*04
$GNVTG,156.61,T,,M,0.00,N,0.00,K,D*23
$ECEFPOSVEL,113343.000,2552499.058,2460457.951,5284419.139,-0000000.162,-0000000.472,-0000000.231*04
$GNVTG,156.61,T,,M,0.00,N,0.00,K,D*23
$ECEFPOSVEL,113344.000,2552499.058,2460457.951,5284419.139,-0000000.233,-0000000.293,-0000000.302*0C
$GNVTG,156.61,T,,M,0.00,N,0.00,K,D*23
$ECEFPOSVEL,113345.000,2552499.058,2460457.951,5284419.139,0000000.022,-0000000.025,-0000000.089*2D
$GNVTG,156.61,T,,M,0.00,N,0.00,K,D*23
$ECEFPOSVEL,113346.000,2552499.058,2460457.951,5284419.139,0000000.066,0000000.031,0000000.011*2A
$GNRMC,113346.000,A,5619.2202,N,04356.8879,E,0.00,156.61,220626,,,D*73
$ECEFPOSVEL,113347.000,2552499.058,2460457.951,5284419.139,0000000.052,0000000.083,0000000.002*27
$GNRMC,113347.000,A,5619.2202,N,04356.8879,E,0.00,156.61,220626,,,D*72
$ECEFPOSVEL,113348.000,2552499.058,2460457.951,5284419.139,0000000.196,0000000.099,0000000.048*24
$GNRMC,113348.000,A,5619.2202,N,04356.8879,E,0.00,156.61,220626,,,D*7D
$ECEFPOSVEL,113349.000,2552499.058,2460457.951,5284419.139,0000000.018,0000000.205,0000000.045*28
$GNRMC,113349.000,A,5619.2202,N,04356.8879,E,0.00,156.61,220626,,,D*7C
$ECEFPOSVEL,113350.000,2552499.058,2460457.951,5284419.139,0000000.015,0000000.157,0000000.019*20
$GNRMC,113350.000,A,5619.2202,N,04356.8879,E,0.00,156.61,220626,,,D*74
$ECEFPOSVEL,113351.000,2552499.058,2460457.951,5284419.139,-0000000.021,0000000.102,0000000.025*04
$GNVTG,156.61,T,,M,0.00,N,0.00,K,D*23
$ECEFPOSVEL,113352.000,2552499.058,2460457.951,5284419.139,-0000000.052,0000000.067,0000000.037*02
$GNVTG,156.61,T,,M,0.00,N,0.00,K,D*23
$ECEFPOSVEL,113353.000,2552499.058,2460457.951,5284419.139,-0000000.038,0000000.034,0000000.038*06
$GNRMC,113353.000,A,5619.2202,N,04356.8879,E,0.00,156.61,220626,,,D*77
$ECEFPOSVEL,113354.000,2552499.058,2460457.951,5284419.139,0000000.028,0000000.023,0000000.007*27
$GNRMC,113354.000,A,5619.2202,N,04356.8879,E,0.00,156.61,220626,,,D*70
$ECEFPOSVEL,113355.000,2552499.058,2460457.951,5284419.139,0000000.000,0000000.028,0000000.013*22
$GNRMC,113355.000,A,5619.2202,N,04356.8879,E,0.00,156.61,220626,,,D*71
$ECEFPOSVEL,113356.000,2552499.058,2460457.951,5284419.139,-0000000.080,0000000.055,0000000.033*0C
$GNVTG,156.61,T,,M,0.00,N,0.00,K,D*23
$ECEFPOSVEL,113357.000,2552499.058,2460457.951,5284419.139,-0000000.068,0000000.019,0000000.041*06
$GNVTG,156.61,T,,M,0.00,N,0.00,K,D*23
$ECEFPOSVEL,113358.000,2552499.058,2460457.951,5284419.139,-0000000.088,0000000.050,0000000.034*08
$GNVTG,156.61,T,,M,0.00,N,0.00,K,D*23
$ECEFPOSVEL,113359.000,2552499.058,2460457.951,5284419.139,0000000.044,0000000.088,0000000.071*20
$GNVTG,156.61,T,,M,0.00,N,0.00,K,D*23
$ECEFPOSVEL,113400.000,2552499.058,2460457.951,5284419.139,0000000.130,0000000.299,0000000.268*21
$GNVTG,156.61,T,,M,0.00,N,0.00,K,D*23
$ECEFPOSVEL,113401.000,2552499.058,2460457.951,5284419.139,0000000.164,0000000.154,0000000.310*2D
$GNVTG,156.61,T,,M,0.00,N,0.00,K,D*23
$ECEFPOSVEL,113402.000,2552499.058,2460457.951,5284419.139,0000000.223,0000000.028,0000000.151*23
$GNVTG,156.61,T,,M,0.00,N,0.00,K,D*23
$ECEFPOSVEL,113403.000,2552499.058,2460457.951,5284419.139,-0000000.115,-0000000.149,0000000.037*23
$GNVTG,156.61,T,,M,0.00,N,0.00,K,D*23
$ECEFPOSVEL,113404.000,2552499.058,2460457.951,5284419.139,-0000000.135,-0000000.109,-0000000.026*0F
$GNVTG,156.61,T,,M,0.00,N,0.00,K,D*23
$ECEFPOSVEL,113405.000,2552499.058,2460457.951,5284419.139,-0000000.199,-0000000.088,-0000000.170*02
$GNVTG,156.61,T,,M,0.00,N,0.00,K,D*23
$ECEFPOSVEL,113406.000,2552499.058,2460457.951,5284419.139,-0000000.036,-0000000.243,-0000000.168*09
$GNVTG,156.61,T,,M,0.00,N,0.00,K,D*23
$ECEFPOSVEL,113407.000,2552499.058,2460457.951,5284419.139,-0000000.077,-0000000.065,-0000000.146*07
$GNVTG,156.61,T,,M,0.00,N,0.00,K,D*23
$ECEFPOSVEL,113408.000,2552499.058,2460457.951,5284419.139,-0000000.063,-0000000.072,-0000000.184*05
$GNVTG,156.61,T,,M,0.00,N,0.00,K,D*23
$ECEFPOSVEL,113409.000,2552499.058,2460457.951,5284419.139,-0000000.088,-0000000.098,-0000000.076*09
$GNVTG,156.61,T,,M,0.00,N,0.00,K,D*23
$ECEFPOSVEL,113410.000,2552499.058,2460457.951,5284419.139,-0000000.046,-0000000.059,-0000000.053*09
$GNVTG,156.61,T,,M,0.00,N,0.00,K,D*23
$ECEFPOSVEL,113411.000,2552499.058,2460457.951,5284419.139,0000000.150,-0000000.027,-0000000.180*25
$GNVTG,156.61,T,,M,0.00,N,0.00,K,D*23
$ECEFPOSVEL,113412.000,2552499.058,2460457.951,5284419.139,0000000.114,-0000000.049,-0000000.112*25
$GNVTG,156.61,T,,M,0.00,N,0.00,K,D*23
$ECEFPOSVEL,113413.000,2552499.058,2460457.951,5284419.139,0000000.093,0000000.061,-0000000.131*0C
$GNVTG,156.61,T,,M,0.00,N,0.00,K,D*23
$ECEFPOSVEL,113414.000,2552499.058,2460457.951,5284419.139,0000000.072,0000000.013,-0000000.080*0A
$GNVTG,156.61,T,,M,0.00,N,0.00,K,D*23
$ECEFPOSVEL,113415.000,2552499.058,2460457.951,5284419.139,0000000.049,-0000000.003,-0000000.048*2B
$GNVTG,156.61,T,,M,0.00,N,0.00,K,D*23
$ECEFPOSVEL,113416.000,2552499.058,2460457.951,5284419.139,0000000.030,-0000000.013,-0000000.024*2D
$GNVTG,156.61,T,,M,0.00,N,0.00,K,D*23
$ECEFPOSVEL,113417.000,2552499.058,2460457.951,5284419.139,0000000.096,0000000.106,-0000000.118*06
$GNVTG,156.61,T,,M,0.00,N,0.00,K,D*23
$ECEFPOSVEL,113418.000,2552499.058,2460457.951,5284419.139,0000000.016,0000000.000,-0000000.010*0F
$GNVTG,156.61,T,,M,0.00,N,0.00,K,D*23
$ECEFPOSVEL,113419.000,2552499.058,2460457.951,5284419.139,0000000.068,-0000000.155,0000000.007*00
$GNVTG,156.61,T,,M,0.00,N,0.00,K,D*23
$ECEFPOSVEL,113420.000,2552499.058,2460457.951,5284419.139,0000000.137,-0000000.084,-0000000.129*2C
$GNVTG,156.61,T,,M,0.00,N,0.00,K,D*23
$ECEFPOSVEL,113421.000,2552499.058,2460457.951,5284419.139,0000000.050,-0000000.202,0000000.130*04
$GNVTG,156.61,T,,M,0.00,N,0.00,K,D*23
$ECEFPOSVEL,113422.000,2552499.058,2460457.951,5284419.139,-0000000.018,-0000000.132,0000000.091*2C
$GNVTG,156.61,T,,M,0.00,N,0.00,K,D*23
$ECEFPOSVEL,113423.000,2552499.058,2460457.951,5284419.139,-0000000.056,-0000000.049,0000000.072*27
$GNVTG,156.61,T,,M,0.00,N,0.00,K,D*23
$ECEFPOSVEL,113424.000,2552499.058,2460457.951,5284419.139,-0000000.017,-0000000.003,0000000.031*2C
$GNVTG,156.61,T,,M,0.00,N,0.00,K,D*23
$ECEFPOSVEL,113425.000,2552499.058,2460457.951,5284419.139,0000000.052,0000000.119,0000000.103*26
$GNVTG,156.61,T,,M,0.00,N,0.00,K,D*23
$ECEFPOSVEL,113426.000,2552499.058,2460457.951,5284419.139,-0000000.042,-0000000.144,0000000.074*2D
$GNVTG,156.61,T,,M,0.00,N,0.00,K,D*23
$ECEFPOSVEL,113427.000,2552499.058,2460457.951,5284419.139,-0000000.046,-0000000.084,0000000.027*23
$GNVTG,156.61,T,,M,0.00,N,0.00,K,D*23
$ECEFPOSVEL,113428.000,2552499.058,2460457.951,5284419.139,-0000000.106,-0000000.149,-0000000.139*0A
$GNVTG,156.61,T,,M,0.00,N,0.00,K,D*23
$ECEFPOSVEL,113429.000,2552499.058,2460457.951,5284419.139,-0000000.435,-0000000.336,-0000000.122*0E
$GNVTG,156.61,T,,M,0.00,N,0.00,K,D*23
$ECEFPOSVEL,113430.000,2552499.058,2460457.951,5284419.139,-0000000.399,-0000000.475,-0000000.402*00
$GNVTG,156.61,T,,M,0.00,N,0.00,K,D*23
$ECEFPOSVEL,113431.000,2552499.058,2460457.951,5284419.139,-0000000.282,-0000000.351,-0000000.241*0A
$GNVTG,156.61,T,,M,0.00,N,0.00,K,D*23
$ECEFPOSVEL,113432.000,2552499.058,2460457.951,5284419.139,0000000.032,-0000000.041,-0000000.213*28
$GNVTG,156.61,T,,M,0.00,N,0.00,K,D*23
$ECEFPOSVEL,113433.000,2552499.058,2460457.951,5284419.139,0000000.044,0000000.029,0000000.009*2F
$GNRMC,113433.000,A,5619.2202,N,04356.8879,E,0.00,156.61,220626,,,D*76
$ECEFPOSVEL,113434.000,2552499.058,2460457.951,5284419.139,0000000.195,0000000.116,0000000.091*29
$GNRMC,113434.000,A,5619.2202,N,04356.8879,E,0.00,156.61,220626,,,D*71
$ECEFPOSVEL,113435.000,2552499.058,2460457.951,5284419.139,-0000000.134,0000000.104,0000000.173*00
$GNRMC,113435.000,A,5619.2202,N,04356.8879,E,0.00,156.61,220626,,,D*70
$ECEFPOSVEL,113436.000,2552499.058,2460457.951,5284419.139,-0000000.000,0000000.129,0000000.062*0B
$GNRMC,113436.000,A,5619.2202,N,04356.8879,E,0.00,156.61,220626,,,D*73
$ECEFPOSVEL,113437.000,2552499.058,2460457.951,5284419.139,0000000.174,-0000000.016,0000000.059*0D
$GNRMC,113437.000,A,5619.2202,N,04356.8879,E,0.00,156.61,220626,,,D*72
$ECEFPOSVEL,113438.000,2552499.058,2460457.951,5284419.139,0000000.015,0000000.228,0000000.028*20
$GNRMC,113438.000,A,5619.2202,N,04356.8879,E,0.00,156.61,220626,,,D*7D
$ECEFPOSVEL,113439.000,2552499.058,2460457.951,5284419.139,-0000000.008,0000000.213,-0000000.007*28
$GNVTG,156.61,T,,M,0.00,N,0.00,K,D*23
$ECEFPOSVEL,113440.000,2552499.058,2460457.951,5284419.139,-0000000.107,-0000000.027,0000000.037*2E
$GNVTG,156.61,T,,M,0.00,N,0.00,K,D*23
$ECEFPOSVEL,113441.000,2552499.058,2460457.951,5284419.139,0000000.061,0000000.059,0000000.002*21
$GNRMC,113441.000,A,5619.2202,N,04356.8879,E,0.00,156.61,220626,,,D*73
$ECEFPOSVEL,113442.000,2552499.058,2460457.951,5284419.139,0000000.008,0000000.033,0000000.001*22
$GNRMC,113442.000,A,5619.2202,N,04356.8879,E,0.00,156.61,220626,,,D*70
$ECEFPOSVEL,113443.000,2552499.058,2460457.951,5284419.139,-0000000.143,-0000000.054,0000000.184*20
$GNVTG,156.61,T,,M,0.00,N,0.00,K,D*23
$ECEFPOSVEL,113444.000,2552499.058,2460457.951,5284419.139,-0000000.069,-0000000.062,0000000.116*20
$GNVTG,156.61,T,,M,0.00,N,0.00,K,D*23
$ECEFPOSVEL,113445.000,2552499.058,2460457.951,5284419.139,0000000.071,0000000.073,0000000.082*24
$GNRMC,113445.000,A,5619.2202,N,04356.8879,E,0.00,156.61,220626,,,D*77
$ECEFPOSVEL,113446.000,2552499.058,2460457.951,5284419.139,-0000000.016,-0000000.051,0000000.076*2D
$GNVTG,156.61,T,,M,0.00,N,0.00,K,D*23
$ECEFPOSVEL,113447.000,2552499.058,2460457.951,5284419.139,-0000000.074,-0000000.081,0000000.118*2C
$GNVTG,156.61,T,,M,0.00,N,0.00,K,D*23
$ECEFPOSVEL,113448.000,2552499.058,2460457.951,5284419.139,-0000000.039,-0000000.028,0000000.092*2A
$GNVTG,156.61,T,,M,0.00,N,0.00,K,D*23
$ECEFPOSVEL,113449.000,2552499.058,2460457.951,5284419.139,-0000000.048,0000000.058,0000000.058*01
$GNVTG,156.61,T,,M,0.00,N,0.00,K,D*23
$ECEFPOSVEL,113450.000,2552499.058,2460457.951,5284419.139,0000000.003,0000000.098,0000000.137*2F
$GNVTG,156.61,T,,M,0.00,N,0.00,K,D*23
$ECEFPOSVEL,113451.000,2552499.058,2460457.951,5284419.139,-0000000.126,-0000000.214,0000000.047*28
$GNVTG,156.61,T,,M,0.00,N,0.00,K,D*23
$ECEFPOSVEL,113452.000,2552499.058,2460457.951,5284419.139,-0000000.113,-0000000.215,-0000000.151*07
$GNVTG,156.61,T,,M,0.00,N,0.00,K,D*23
$ECEFPOSVEL,113453.000,2552499.058,2460457.951,5284419.139,-0000000.250,-0000000.399,-0000000.119*0B
$GNVTG,156.61,T,,M,0.00,N,0.00,K,D*23
$ECEFPOSVEL,113454.000,2552499.058,2460457.951,5284419.139,-0000000.129,-0000000.396,-0000000.331*06
$GNVTG,156.61,T,,M,0.00,N,0.00,K,D*23
$ECEFPOSVEL,113455.000,2552499.058,2460457.951,5284419.139,-0000000.200,-0000000.563,-0000000.030*01
$GNVTG,328.07,T,,M,0.98,N,1.82,K,D*22
$ECEFPOSVEL,113456.000,2552499.058,2460457.951,5284419.139,-0000000.089,-0000000.457,-0000000.306*01
$GNVTG,156.61,T,,M,0.00,N,0.00,K,D*23
$ECEFPOSVEL,113457.000,2552499.058,2460457.951,5284419.139,-0000000.167,-0000000.508,-0000000.367*0D
$GNVTG,156.61,T,,M,0.00,N,0.00,K,D*23
$ECEFPOSVEL,113458.000,2552499.058,2460457.951,5284419.139,-0000000.214,-0000000.516,-0000000.381*02
$GNVTG,156.61,T,,M,0.00,N,0.00,K,D*23
$ECEFPOSVEL,113459.000,2552499.058,2460457.951,5284419.139,-0000000.059,-0000000.384,-0000000.418*02
$GNVTG,156.61,T,,M,0.00,N,0.00,K,A*26
$ECEFPOSVEL,113500.000,2552499.058,2460457.951,5284419.139,-0000000.060,-0000000.138,-0000000.296*00
$GNVTG,156.61,T,,M,0.00,N,0.00,K,D*23
$ECEFPOSVEL,113501.000,2552499.058,2460457.951,5284419.139,0000000.059,-0000000.113,-0000000.206*26
$GNVTG,156.61,T,,M,0.00,N,0.00,K,D*23
$ECEFPOSVEL,113502.000,2552499.058,2460457.951,5284419.139,-0000000.022,-0000000.101,-0000000.088*03
$GNVTG,156.61,T,,M,0.00,N,0.00,K,D*23
$ECEFPOSVEL,113503.000,2552499.058,2460457.951,5284419.139,-0000000.061,-0000000.006,-0000000.068*0D
$GNVTG,156.61,T,,M,0.00,N,0.00,K,D*23
$ECEFPOSVEL,113504.000,2552499.058,2460457.951,5284419.139,0000000.013,-0000000.031,-0000000.070*2F
$GNVTG,156.61,T,,M,0.00,N,0.00,K,D*23
$ECEFPOSVEL,113505.000,2552499.058,2460457.951,5284419.139,0000000.115,-0000000.085,-0000000.085*2C
$GNVTG,156.61,T,,M,0.00,N,0.00,K,D*23
$ECEFPOSVEL,113506.000,2552499.058,2460457.951,5284419.139,0000000.106,-0000000.050,-0000000.084*24
$GNVTG,156.61,T,,M,0.00,N,0.00,K,D*23
$ECEFPOSVEL,113507.000,2552499.058,2460457.951,5284419.139,0000000.074,0000000.024,-0000000.088*03
$GNRMC,113507.000,A,5619.2202,N,04356.8879,E,0.00,156.61,220626,,,D*70
$ECEFPOSVEL,113508.000,2552499.058,2460457.951,5284419.139,0000000.052,0000000.053,-0000000.075*0A
$GNRMC,113508.000,A,5619.2202,N,04356.8879,E,0.00,156.61,220626,,,D*7F
$ECEFPOSVEL,113509.000,2552499.058,2460457.951,5284419.139,-0000000.049,0000000.057,-0000000.015*2E
$GNVTG,156.61,T,,M,0.00,N,0.00,K,D*23
$ECEFPOSVEL,113510.000,2552499.058,2460457.951,5284419.139,-0000000.004,0000000.028,-0000000.015*27
$GNVTG,156.61,T,,M,0.00,N,0.00,K,D*23
$ECEFPOSVEL,113511.000,2552499.058,2460457.951,5284419.139,-0000000.067,-0000000.019,0000000.040*21
$GNVTG,156.61,T,,M,0.00,N,0.00,K,D*23
$ECEFPOSVEL,113512.000,2552499.058,2460457.951,5284419.139,-0000000.001,0000000.030,-0000000.008*25
$GNVTG,156.61,T,,M,0.00,N,0.00,K,D*23
$ECEFPOSVEL,113513.000,2552499.058,2460457.951,5284419.139,-0000000.032,0000000.059,-0000000.009*2A
$GNVTG,156.61,T,,M,0.00,N,0.00,K,D*23
$ECEFPOSVEL,113514.000,2552499.058,2460457.951,5284419.139,-0000000.038,0000000.012,0000000.015*08
$GNRMC,113514.000,A,5619.2202,N,04356.8879,E,0.00,156.61,220626,,,D*72
$ECEFPOSVEL,113515.000,2552499.058,2460457.951,5284419.139,-0000000.061,0000000.006,0000000.028*0E
$GNRMC,113515.000,A,5619.2202,N,04356.8879,E,0.00,156.61,220626,,,D*73
$ECEFPOSVEL,113516.000,2552499.058,2460457.951,5284419.139,-0000000.009,-0000000.034,0000000.019*2D
$GNVTG,156.61,T,,M,0.00,N,0.00,K,D*23
$ECEFPOSVEL,113517.000,2552499.058,2460457.951,5284419.139,-0000000.049,0000000.073,-0000000.012*20
$GNVTG,156.61,T,,M,0.00,N,0.00,K,D*23
$ECEFPOSVEL,113518.000,2552499.058,2460457.951,5284419.139,-0000000.051,0000000.075,-0000000.009*2A
$GNVTG,156.61,T,,M,0.00,N,0.00,K,D*23
$ECEFPOSVEL,113519.000,2552499.058,2460457.951,5284419.139,-0000000.081,0000000.067,0000000.009*08
$GNRMC,113519.000,A,5619.2202,N,04356.8879,E,0.00,156.61,220626,,,D*7F
$ECEFPOSVEL,113520.000,2552499.058,2460457.951,5284419.139,-0000000.058,0000000.045,0000000.010*0E
$GNVTG,156.61,T,,M,0.00,N,0.00,K,D*23
$ECEFPOSVEL,113521.000,2552499.058,2460457.951,5284419.139,-0000000.056,0000000.082,-0000000.008*2E
$GNVTG,156.61,T,,M,0.00,N,0.00,K,D*23
$ECEFPOSVEL,113522.000,2552499.058,2460457.951,5284419.139,-0000000.007,0000000.060,-0000000.020*2F
$GNVTG,156.61,T,,M,0.00,N,0.00,K,D*23
$ECEFPOSVEL,113523.000,2552499.058,2460457.951,5284419.139,0000000.069,-0000000.006,-0000000.024*22
$GNVTG,156.61,T,,M,0.00,N,0.00,K,D*23
$ECEFPOSVEL,113524.000,2552499.058,2460457.951,5284419.139,0000000.031,0000000.033,-0000000.023*04
$GNRMC,113524.000,A,5619.2202,N,04356.8879,E,0.00,156.61,220626,,,D*71
$ECEFPOSVEL,113525.000,2552499.058,2460457.951,5284419.139,0000000.026,0000000.040,-0000000.023*07
$GNRMC,113525.000,A,5619.2202,N,04356.8879,E,0.00,156.61,220626,,,D*70
$ECEFPOSVEL,113526.000,2552499.058,2460457.951,5284419.139,0000000.004,0000000.066,-0000000.026*05
$GNVTG,156.61,T,,M,0.00,N,0.00,K,D*23
$ECEFPOSVEL,113527.000,2552499.058,2460457.951,5284419.139,-0000000.002,0000000.002,0000000.000*04
$GNVTG,156.61,T,,M,0.00,N,0.00,K,D*23
$ECEFPOSVEL,113528.000,2552499.058,2460457.951,5284419.139,0000000.022,0000000.021,-0000000.020*0A
$GNVTG,156.61,T,,M,0.00,N,0.00,K,D*23
$ECEFPOSVEL,113529.000,2552499.058,2460457.951,5284419.139,0000000.012,-0000000.001,-0000000.004*21
$GNVTG,156.61,T,,M,0.00,N,0.00,K,D*23
$ECEFPOSVEL,113530.000,2552499.058,2460457.951,5284419.139,0000000.016,-0000000.007,-0000000.004*2B
$GNVTG,156.61,T,,M,0.00,N,0.00,K,D*23
$ECEFPOSVEL,113531.000,2552499.058,2460457.951,5284419.139,0000000.013,-0000000.008,-0000000.003*27
$GNVTG,156.61,T,,M,0.00,N,0.00,K,D*23
$ECEFPOSVEL,113532.000,2552499.058,2460457.951,5284419.139,0000000.008,-0000000.011,0000000.001*09
$GNVTG,156.61,T,,M,0.00,N,0.00,K,D*23
$ECEFPOSVEL,113533.000,2552499.058,2460457.951,5284419.139,0000000.001,-0000000.009,0000000.003*0A
$GNVTG,156.61,T,,M,0.00,N,0.00,K,D*23
$ECEFPOSVEL,113534.000,2552499.058,2460457.951,5284419.139,0000000.003,-0000000.012,0000000.003*05
$GNVTG,156.61,T,,M,0.00,N,0.00,K,D*23
$ECEFPOSVEL,113535.000,2552499.058,2460457.951,5284419.139,0000000.006,-0000000.001,-0000000.002*2F
$GNVTG,156.61,T,,M,0.00,N,0.00,K,D*23
$ECEFPOSVEL,113536.000,2552499.058,2460457.951,5284419.139,0000000.001,-0000000.007,0000000.001*03
$GNVTG,156.61,T,,M,0.00,N,0.00,K,D*23
$ECEFPOSVEL,113537.000,2552499.058,2460457.951,5284419.139,0000000.001,-0000000.002,-0000000.001*2A
$GNVTG,156.61,T,,M,0.00,N,0.00,K,D*23
$ECEFPOSVEL,113538.000,2552499.058,2460457.951,5284419.139,-0000000.001,0000000.004,-0000000.002*20
$GNVTG,156.61,T,,M,0.00,N,0.00,K,D*23
$ECEFPOSVEL,113539.000,2552499.058,2460457.951,5284419.139,-0000000.004,-0000000.001,0000000.001*22
$GNVTG,156.61,T,,M,0.00,N,0.00,K,D*23
$ECEFPOSVEL,113540.000,2552499.058,2460457.951,5284419.139,-0000000.001,0000000.005,-0000000.002*2E
$GNVTG,156.61,T,,M,0.00,N,0.00,K,D*23
$ECEFPOSVEL,113541.000,2552499.058,2460457.951,5284419.139,0000000.006,-0000000.013,0000000.002*02
$GNVTG,156.61,T,,M,0.00,N,0.00,K,D*23
$ECEFPOSVEL,113542.000,2552499.058,2460457.951,5284419.139,0000000.010,-0000000.007,-0000000.002*2E
$GNVTG,156.61,T,,M,0.00,N,0.00,K,D*23
$ECEFPOSVEL,113543.000,2552499.058,2460457.951,5284419.139,0000000.009,-0000000.003,-0000000.004*25
$GNVTG,156.61,T,,M,0.00,N,0.00,K,D*23
$ECEFPOSVEL,113544.000,2552499.058,2460457.951,5284419.139,-0000000.047,-0000000.167,-0000000.051*06
$GNVTG,156.61,T,,M,0.00,N,0.00,K,D*23
$ECEFPOSVEL,113545.000,2552499.058,2460457.951,5284419.139,-0000000.126,-0000000.280,0000000.068*2C
$GNRMC,113545.000,A,5619.2202,N,04356.8879,E,0.00,156.61,220626,,,D*76
$ECEFPOSVEL,113546.000,2552499.058,2460457.951,5284419.139,-0000000.151,-0000000.259,0000000.020*27
$GNRMC,113546.000,A,5619.2202,N,04356.8879,E,0.00,156.61,220626,,,D*75
$ECEFPOSVEL,113547.000,2552499.058,2460457.951,5284419.139,-0000000.156,-0000000.269,0000000.017*26
$GNRMC,113547.000,A,5619.2202,N,04356.8879,E,0.00,156.61,220626,,,D*74
$ECEFPOSVEL,113548.000,2552499.058,2460457.951,5284419.139,-0000000.086,-0000000.268,-0000000.017*09
$GNRMC,113548.000,A,5619.2202,N,04356.8879,E,0.00,156.61,220626,,,D*7B
$ECEFPOSVEL,113549.000,2552499.058,2460457.951,5284419.139,0000000.281,0000000.162,-0000000.079*0C
$GNRMC,113549.000,A,5619.2202,N,04356.8879,E,0.00,156.61,220626,,,D*7A
$ECEFPOSVEL,113550.000,2552499.058,2460457.951,5284419.139,0000000.121,0000000.288,-0000000.022*04
$GNRMC,113550.000,A,5619.2202,N,04356.8879,E,0.00,156.61,220626,,,D*72
$ECEFPOSVEL,113551.000,2552499.058,2460457.951,5284419.139,0000000.250,0000000.194,-0000000.048*02
$GNRMC,113551.000,A,5619.2202,N,04356.8879,E,0.00,156.61,220626,,,D*73
$ECEFPOSVEL,113552.000,2552499.058,2460457.951,5284419.139,0000000.102,0000000.067,0000000.024*2F
$GNRMC,113552.000,A,5619.2202,N,04356.8879,E,0.00,156.61,220626,,,D*70
$ECEFPOSVEL,113553.000,2552499.058,2460457.951,5284419.139,0000000.007,0000000.003,0000000.062*2A
$GNRMC,113553.000,A,5619.2202,N,04356.8879,E,0.00,156.61,220626,,,D*71
$ECEFPOSVEL,113554.000,2552499.058,2460457.951,5284419.139,-0000000.077,-0000000.068,0000000.113*20
$GNRMC,113554.000,A,5619.2202,N,04356.8879,E,0.00,156.61,220626,,,D*76
$ECEFPOSVEL,113555.000,2552499.058,2460457.951,5284419.139,0000000.014,-0000000.120,0000000.072*02
$GNRMC,113555.000,A,5619.2202,N,04356.8879,E,0.00,156.61,220626,,,D*77
$ECEFPOSVEL,113556.000,2552499.058,2460457.951,5284419.139,-0000000.044,-0000000.164,0000000.115*29
$GNRMC,113556.000,A,5619.2202,N,04356.8879,E,0.00,156.61,220626,,,D*74
$ECEFPOSVEL,113557.000,2552499.058,2460457.951,5284419.139,-0000000.002,-0000000.103,0000000.059*22
$GNRMC,113557.000,A,5619.2202,N,04356.8879,E,0.00,156.61,220626,,,D*75
$ECEFPOSVEL,113558.000,2552499.058,2460457.951,5284419.139,0000000.022,0000000.065,-0000000.110*0F
$GNRMC,113558.000,A,5619.2202,N,04356.8879,E,0.00,156.61,220626,,,D*7A
$ECEFPOSVEL,113559.000,2552499.058,2460457.951,5284419.139,-0000000.088,0000000.013,0000000.001*0E
$GNRMC,113559.000,A,5619.2202,N,04356.8879,E,0.00,156.61,220626,,,D*7B
$ECEFPOSVEL,113600.000,2552499.058,2460457.951,5284419.139,-0000000.017,-0000000.106,-0000000.004*07
$GNRMC,113600.000,A,5619.2202,N,04356.8879,E,0.00,156.61,220626,,,D*74
$ECEFPOSVEL,113601.000,2552499.058,2460457.951,5284419.139,-0000000.024,-0000000.064,-0000000.002*05
$GNRMC,113601.000,A,5619.2202,N,04356.8879,E,0.00,156.61,220626,,,D*75
$ECEFPOSVEL,113602.000,2552499.058,2460457.951,5284419.139,-0000000.017,0000000.042,-0000000.051*29
$GNRMC,113602.000,A,5619.2202,N,04356.8879,E,0.00,156.61,220626,,,D*76
$ECEFPOSVEL,113603.000,2552499.058,2460457.951,5284419.139,-0000000.011,0000000.021,-0000000.032*2E
$GNRMC,113603.000,A,5619.2202,N,04356.8879,E,0.00,156.61,220626,,,D*77
$ECEFPOSVEL,113604.000,2552499.058,2460457.951,5284419.139,-0000000.010,0000000.072,0000000.022*02
$GNRMC,113604.000,A,5619.2202,N,04356.8879,E,0.00,156.61,220626,,,D*70
$ECEFPOSVEL,113605.000,2552499.058,2460457.951,5284419.139,-0000000.014,0000000.174,-0000000.082*27
$GNRMC,113605.000,A,5619.2202,N,04356.8879,E,0.00,156.61,220626,,,D*71
$ECEFPOSVEL,113606.000,2552499.058,2460457.951,5284419.139,-0000000.222,0000000.116,0000000.071*06
$GNRMC,113606.000,A,5619.2202,N,04356.8879,E,0.00,156.61,220626,,,D*72
$ECEFPOSVEL,113607.000,2552499.058,2460457.951,5284419.139,-0000000.023,-0000000.025,-0000000.002*01
$GNRMC,113607.000,A,5619.2202,N,04356.8879,E,0.00,156.61,220626,,,A*76
$ECEFPOSVEL,113608.000,2552499.058,2460457.951,5284419.139,-0000000.032,0000000.021,-0000000.006*23
$GNRMC,113608.000,A,5619.2202,N,04356.8879,E,0.00,156.61,220626,,,D*7C
$ECEFPOSVEL,113609.000,2552499.058,2460457.951,5284419.139,-0000000.083,0000000.048,0000000.025*0B
$GNRMC,113609.000,A,5619.2202,N,04356.8879,E,0.00,156.61,220626,,,D*7D
$ECEFPOSVEL,113610.000,2552499.058,2460457.951,5284419.139,-0000000.093,0000000.116,0000000.014*0A
$GNRMC,113610.000,A,5619.2202,N,04356.8879,E,0.00,156.61,220626,,,D*75
$ECEFPOSVEL,113611.000,2552499.058,2460457.951,5284419.139,-0000000.110,0000000.137,0000000.020*05
$GNRMC,113611.000,A,5619.2202,N,04356.8879,E,0.00,156.61,220626,,,D*74
$ECEFPOSVEL,113612.000,2552499.058,2460457.951,5284419.139,-0000000.020,0000000.008,0000000.029*00
$GNRMC,113612.000,A,5619.2202,N,04356.8879,E,0.00,156.61,220626,,,D*77
$ECEFPOSVEL,113613.000,2552499.058,2460457.951,5284419.139,0000000.084,-0000000.044,-0000000.009*28
$GNRMC,113613.000,A,5619.2202,N,04356.8879,E,0.00,156.61,220626,,,D*76
$ECEFPOSVEL,113614.000,2552499.058,2460457.951,5284419.139,0000000.077,-0000000.031,-0000000.023*29
$GNRMC,113614.000,A,5619.2202,N,04356.8879,E,0.00,156.61,220626,,,D*71
$ECEFPOSVEL,113615.000,2552499.058,2460457.951,5284419.139,0000000.080,-0000000.081,-0000000.009*23
$GNRMC,113615.000,A,5619.2202,N,04356.8879,E,0.00,156.61,220626,,,D*70
$ECEFPOSVEL,113616.000,2552499.058,2460457.951,5284419.139,0000000.016,-0000000.141,0000000.045*07
$GNRMC,113616.000,A,5619.2202,N,04356.8879,E,0.00,156.61,220626,,,D*73
$ECEFPOSVEL,113617.000,2552499.058,2460457.951,5284419.139,0000000.023,-0000000.018,-0000000.017*27
$GNRMC,113617.000,A,5619.2202,N,04356.8879,E,0.00,156.61,220626,,,D*72
$ECEFPOSVEL,113618.000,2552499.058,2460457.951,5284419.139,0000000.062,-0000000.010,-0000000.040*27
$GNRMC,113618.000,A,5619.2202,N,04356.8879,E,0.00,156.61,220626,,,D*7D
$ECEFPOSVEL,113619.000,2552499.058,2460457.951,5284419.139,0000000.058,-0000000.016,-0000000.034*2A
$GNRMC,113619.000,A,5619.2202,N,04356.8879,E,0.00,156.61,220626,,,D*7C
$ECEFPOSVEL,113620.000,2552499.058,2460457.951,5284419.139,-0000000.108,-0000000.055,0000000.049*29
$GNRMC,113620.000,A,5619.2202,N,04356.8879,E,0.00,156.61,220626,,,D*76
$ECEFPOSVEL,113621.000,2552499.058,2460457.951,5284419.139,-0000000.034,-0000000.219,0000000.078*2E
$GNRMC,113621.000,A,5619.2202,N,04356.8879,E,0.00,156.61,220626,,,D*77
$ECEFPOSVEL,113622.000,2552499.058,2460457.951,5284419.139,0000000.044,-0000000.086,-0000000.010*20
$GNRMC,113622.000,A,5619.2202,N,04356.8879,E,0.00,156.61,220626,,,D*74
$ECEFPOSVEL,113623.000,2552499.058,2460457.951,5284419.139,0000000.041,-0000000.068,-0000000.005*20
$GNRMC,113623.000,A,5619.2202,N,04356.8879,E,0.00,156.61,220626,,,D*75
$ECEFPOSVEL,113624.000,2552499.058,2460457.951,5284419.139,0000000.033,-0000000.054,-0000000.002*2A
$GNRMC,113624.000,A,5619.2202,N,04356.8879,E,0.00,156.61,220626,,,D*72
$ECEFPOSVEL,113625.000,2552499.058,2460457.951,5284419.139,-0000000.010,-0000000.076,0000000.030*2B
$GNRMC,113625.000,A,5619.2202,N,04356.8879,E,0.00,156.61,220626,,,D*73
$ECEFPOSVEL,113626.000,2552499.058,2460457.951,5284419.139,-0000000.066,-0000000.096,0000000.059*28
$GNRMC,113626.000,A,5619.2202,N,04356.8879,E,0.00,156.61,220626,,,D*70
$ECEFPOSVEL,113627.000,2552499.058,2460457.951,5284419.139,-0000000.104,-0000000.201,0000000.124*2B
$GNRMC,113627.000,A,5619.2202,N,04356.8879,E,0.00,156.61,220626,,,D*71
$ECEFPOSVEL,113628.000,2552499.058,2460457.951,5284419.139,-0000000.111,-0000000.126,0000000.097*2F
$GNRMC,113628.000,A,5619.2202,N,04356.8879,E,0.00,156.61,220626,,,D*7E
$ECEFPOSVEL,113629.000,2552499.058,2460457.951,5284419.139,-0000000.007,-0000000.082,0000000.033*29
$GNRMC,113629.000,A,5619.2202,N,04356.8879,E,0.00,156.61,220626,,,D*7F
$ECEFPOSVEL,113630.000,2552499.058,2460457.951,5284419.139,0000000.026,0000000.006,-0000000.020*01
$GNRMC,113630.000,A,5619.2202,N,04356.8879,E,0.00,156.61,220626,,,D*77
$ECEFPOSVEL,113631.000,2552499.058,2460457.951,5284419.139,0000000.004,0000000.078,-0000000.034*0C
$GNRMC,113631.000,A,5619.2202,N,04356.8879,E,0.00,156.61,220626,,,D*76
$ECEFPOSVEL,113632.000,2552499.058,2460457.951,5284419.139,0000000.028,0000000.073,-0000000.037*09
$GNRMC,113632.000,A,5619.2202,N,04356.8879,E,0.00,156.61,220626,,,D*75
$ECEFPOSVEL,113633.000,2552499.058,2460457.951,5284419.139,0000000.031,0000000.070,-0000000.032*06
$GNRMC,113633.000,A,5619.2202,N,04356.8879,E,0.00,156.61,220626,,,D*74
$ECEFPOSVEL,113634.000,2552499.058,2460457.951,5284419.139,0000000.042,0000000.060,-0000000.032*04
$GNRMC,113634.000,A,5619.2202,N,04356.8879,E,0.00,156.61,220626,,,D*73
$ECEFPOSVEL,113635.000,2552499.058,2460457.951,5284419.139,-0000000.053,0000000.112,-0000000.014*28
$GNRMC,113635.000,A,5619.2202,N,04356.8879,E,0.00,156.61,220626,,,D*72
$ECEFPOSVEL,113636.000,2552499.058,2460457.951,5284419.139,-0000000.063,0000000.024,0000000.031*06
$GNRMC,113636.000,A,5619.2202,N,04356.8879,E,0.00,156.61,220626,,,D*71
$ECEFPOSVEL,113637.000,2552499.058,2460457.951,5284419.139,-0000000.004,0000000.033,-0000000.005*2A
$GNRMC,113637.000,A,5619.2202,N,04356.8879,E,0.00,156.61,220626,,,D*70
$ECEFPOSVEL,113638.000,2552499.058,2460457.951,5284419.139,0000000.093,-0000000.028,-0000000.020*26
$GNRMC,113638.000,A,5619.2202,N,04356.8879,E,0.00,156.61,220626,,,D*7F
$ECEFPOSVEL,113639.000,2552499.058,2460457.951,5284419.139,0000000.097,-0000000.031,-0000000.020*2B
$GNRMC,113639.000,A,5619.2202,N,04356.8879,E,0.00,156.61,220626,,,D*7E
$ECEFPOSVEL,113640.000,2552499.058,2460457.951,5284419.139,0000000.072,-0000000.053,0000000.003*06
$GNRMC,113640.000,A,5619.2202,N,04356.8879,E,0.00,156.61,220626,,,D*70
$ECEFPOSVEL,113641.000,2552499.058,2460457.951,5284419.139,0000000.064,0000000.025,-0000000.032*03
$GNRMC,113641.000,A,5619.2202,N,04356.8879,E,0.00,156.61,220626,,,D*71
$ECEFPOSVEL,113642.000,2552499.058,2460457.951,5284419.139,0000000.088,-0000000.017,-0000000.025*28
$GNRMC,113642.000,A,5619.2202,N,04356.8879,E,0.00,156.61,220626,,,D*72
$ECEFPOSVEL,113643.000,2552499.058,2460457.951,5284419.139,0000000.058,-0000000.017,-0000000.014*26
$GNRMC,113643.000,A,5619.2202,N,04356.8879,E,0.00,156.61,220626,,,D*73
$ECEFPOSVEL,113644.000,2552499.058,2460457.951,5284419.139,0000000.030,-0000000.056,0000000.015*06
$GNRMC,113644.000,A,5619.2202,N,04356.8879,E,0.00,156.61,220626,,,D*74
$ECEFPOSVEL,113645.000,2552499.058,2460457.951,5284419.139,-0000000.023,0000000.014,0000000.009*0E
$GNRMC,113645.000,A,5619.2202,N,04356.8879,E,0.00,156.61,220626,,,D*75
$ECEFPOSVEL,113646.000,2552499.058,2460457.951,5284419.139,-0000000.075,0000000.111,-0000000.002*2C
$GNRMC,113646.000,A,5619.2202,N,04356.8879,E,0.00,156.61,220626,,,D*76
$ECEFPOSVEL,113647.000,2552499.058,2460457.951,5284419.139,-0000000.067,0000000.090,0000000.010*08
$GNRMC,113647.000,A,5619.2202,N,04356.8879,E,0.00,156.61,220626,,,D*77
$ECEFPOSVEL,113648.000,2552499.058,2460457.951,5284419.139,0000000.008,-0000000.009,0000000.001*0E
$GNRMC,113648.000,A,5619.2202,N,04356.8879,E,0.00,156.61,220626,,,D*78
$ECEFPOSVEL,113649.000,2552499.058,2460457.951,5284419.139,-0000000.010,-0000000.010,0000000.008*2A
$GNRMC,113649.000,A,5619.2202,N,04356.8879,E,0.00,156.61,220626,,,D*79
$ECEFPOSVEL,113650.000,2552499.058,2460457.951,5284419.139,0000000.005,-0000000.018,0000000.005*0E
$GNRMC,113650.000,A,5619.2202,N,04356.8879,E,0.00,156.61,220626,,,D*71
$ECEFPOSVEL,113651.000,2552499.058,2460457.951,5284419.139,0000000.033,-0000000.008,-0000000.013*21
$GNRMC,113651.000,A,5619.2202,N,04356.8879,E,0.00,156.61,220626,,,D*70
$ECEFPOSVEL,113652.000,2552499.058,2460457.951,5284419.139,0000000.034,-0000000.025,-0000000.006*2E
$GNRMC,113652.000,A,5619.2202,N,04356.8879,E,0.00,156.61,220626,,,D*73
$ECEFPOSVEL,113653.000,2552499.058,2460457.951,5284419.139,0000000.017,-0000000.021,-0000000.000*2C
$GNRMC,113653.000,A,5619.2202,N,04356.8879,E,0.00,156.61,220626,,,D*72
$ECEFPOSVEL,113654.000,2552499.058,2460457.951,5284419.139,-0000000.204,0000000.025,0000000.032*03
$GNRMC,113654.000,A,5619.2202,N,04356.8879,E,0.00,156.61,220626,,,D*75
$ECEFPOSVEL,113655.000,2552499.058,2460457.951,5284419.139,-0000000.211,-0000000.005,0000000.030*2B
$GNRMC,113655.000,A,5619.2202,N,04356.8879,E,0.00,156.61,220626,,,D*74
$ECEFPOSVEL,113656.000,2552499.058,2460457.951,5284419.139,-0000000.173,-0000000.033,0000000.022*29
$GNRMC,113656.000,A,5619.2202,N,04356.8879,E,0.00,156.61,220626,,,D*77
$ECEFPOSVEL,113657.000,2552499.058,2460457.951,5284419.139,-0000000.127,-0000000.088,0000000.031*2B
$GNRMC,113657.000,A,5619.2202,N,04356.8879,E,0.00,156.61,220626,,,D*76
$ECEFPOSVEL,113658.000,2552499.058,2460457.951,5284419.139,-0000000.097,-0000000.073,0000000.014*2D
$GNRMC,113658.000,A,5619.2202,N,04356.8879,E,0.00,156.61,220626,,,D*79
$ECEFPOSVEL,113659.000,2552499.058,2460457.951,5284419.139,-0000000.087,-0000000.070,0000000.006*2D
$GNRMC,113659.000,A,5619.2202,N,04356.8879,E,0.00,156.61,220626,,,D*78
$ECEFPOSVEL,113700.000,2552499.058,2460457.951,5284419.139,-0000000.081,-0000000.065,0000000.002*26
$GNRMC,113700.000,A,5619.2202,N,04356.8879,E,0.00,156.61,220626,,,D*75
$ECEFPOSVEL,113701.000,2552499.058,2460457.951,5284419.139,-0000000.081,-0000000.059,-0000000.002*05
$GNRMC,113701.000,A,5619.2202,N,04356.8879,E,0.00,156.61,220626,,,D*74
$ECEFPOSVEL,113702.000,2552499.058,2460457.951,5284419.139,-0000000.080,-0000000.049,-0000000.007*03
$GNRMC,113702.000,A,5619.2202,N,04356.8879,E,0.00,156.61,220626,,,D*77
$ECEFPOSVEL,113703.000,2552499.058,2460457.951,5284419.139,-0000000.128,-0000000.060,0000000.076*21
$GNRMC,113703.000,A,5619.2202,N,04356.8879,E,0.00,156.61,220626,,,D*76
$ECEFPOSVEL,113704.000,2552499.058,2460457.951,5284419.139,0000000.132,-0000000.106,-0000000.036*28
$GNRMC,113704.000,A,5619.2202,N,04356.8879,E,0.00,156.61,220626,,,D*71
$ECEFPOSVEL,113705.000,2552499.058,2460457.951,5284419.139,-0000000.087,-0000000.141,-0000000.053*0B
$GNRMC,113705.000,A,5619.2202,N,04356.8879,E,0.00,156.61,220626,,,D*70
$ECEFPOSVEL,113706.000,2552499.058,2460457.951,5284419.139,0000000.087,-0000000.013,0000000.158*04
$GNRMC,113706.000,A,5619.2202,N,04356.8879,E,0.00,156.61,220626,,,D*73
$ECEFPOSVEL,113707.000,2552499.058,2460457.951,5284419.139,0000000.059,-0000000.008,0000000.009*09
$GNRMC,113707.000,A,5619.2202,N,04356.8879,E,0.00,156.61,220626,,,D*72
$ECEFPOSVEL,113708.000,2552499.058,2460457.951,5284419.139,0000000.044,-0000000.015,0000000.021*0C
$GNRMC,113708.000,A,5619.2202,N,04356.8879,E,0.00,156.61,220626,,,D*7D
$ECEFPOSVEL,113709.000,2552499.058,2460457.951,5284419.139,-0000000.027,-0000000.012,0000000.051*25
$GNRMC,113709.000,A,5619.2202,N,04356.8879,E,0.00,156.61,220626,,,D*7C
$ECEFPOSVEL,113710.000,2552499.058,2460457.951,5284419.139,-0000000.084,0000000.025,0000000.071*0F
$GNRMC,113710.000,A,5619.2202,N,04356.8879,E,0.00,156.61,220626,,,D*74
$ECEFPOSVEL,113711.000,2552499.058,2460457.951,5284419.139,-0000000.029,0000000.028,0000000.042*04
$GNRMC,113711.000,A,5619.2202,N,04356.8879,E,0.00,156.61,220626,,,D*75
$ECEFPOSVEL,113712.000,2552499.058,2460457.951,5284419.139,0000000.014,0000000.011,0000000.029*23
$GNRMC,113712.000,A,5619.2202,N,04356.8879,E,0.00,156.61,220626,,,D*76
$ECEFPOSVEL,113713.000,2552499.058,2460457.951,5284419.139,0000000.022,0000000.008,0000000.025*23
$GNRMC,113713.000,A,5619.2202,N,04356.8879,E,0.00,156.61,220626,,,D*77
$ECEFPOSVEL,113714.000,2552499.058,2460457.951,5284419.139,-0000000.167,-0000000.231,0000000.059*27
$GNRMC,113714.000,A,5619.2202,N,04356.8879,E,0.00,156.61,220626,,,D*70
$ECEFPOSVEL,113715.000,2552499.058,2460457.951,5284419.139,-0000000.132,-0000000.193,0000000.019*29
$GNRMC,113715.000,A,5619.2202,N,04356.8879,E,0.00,156.61,220626,,,D*71
$ECEFPOSVEL,113716.000,2552499.058,2460457.951,5284419.139,-0000000.108,-0000000.194,0000000.012*2F
$GNRMC,113716.000,A,5619.2202,N,04356.8879,E,0.00,156.61,220626,,,D*72
$ECEFPOSVEL,113717.000,2552499.058,2460457.951,5284419.139,-0000000.136,-0000000.155,0000000.011*2D
$GNRMC,113717.000,A,5619.2202,N,04356.8879,E,0.00,156.61,220626,,,D*73
$ECEFPOSVEL,113718.000,2552499.058,2460457.951,5284419.139,0000000.272,0000000.258,-0000000.162*07
$GNRMC,113718.000,A,5619.2202,N,04356.8879,E,0.78,180.35,220626,,,D*79
$ECEFPOSVEL,113719.000,2552494.992,2460449.472,5284412.099,0000000.531,0000000.237,-0000000.228*03
$GNRMC,113719.000,A,5619.2220,N,04356.8847,E,1.19,198.82,220626,,,D*76
$ECEFPOSVEL,113720.000,2552495.682,2460449.789,5284411.752,0000000.477,0000000.191,-0000000.173*03
$GNRMC,113720.000,A,5619.2216,N,04356.8844,E,1.03,201.43,220626,,,D*7F
$ECEFPOSVEL,113721.000,2552496.262,2460450.259,5284411.401,0000000.331,0000000.409,-0000000.193*01
$GNRMC,113721.000,A,5619.2211,N,04356.8844,E,1.04,173.12,220626,,,D*7C
$ECEFPOSVEL,113722.000,2552496.870,2460450.807,5284411.006,0000000.332,0000000.388,-0000000.179*00
$GNRMC,113722.000,A,5619.2207,N,04356.8843,E,1.03,174.71,220626,,,D*7A
$ECEFPOSVEL,113723.000,2552497.290,2460451.305,5284410.736,0000000.192,0000000.323,-0000000.063*0A
$GNRMC,113723.000,A,5619.2203,N,04356.8844,E,0.00,163.53,220626,,,D*7C
$ECEFPOSVEL,113724.000,2552497.411,2460451.538,5284410.752,0000000.093,0000000.221,0000000.033*23
$GNRMC,113724.000,A,5619.2202,N,04356.8845,E,0.00,163.53,220626,,,D*7B
$ECEFPOSVEL,113725.000,2552497.744,2460451.490,5284410.588,0000000.220,0000000.094,-0000000.017*0A
$GNRMC,113725.000,A,5619.2200,N,04356.8842,E,0.00,163.53,220626,,,D*7F
$ECEFPOSVEL,113726.000,2552497.744,2460451.490,5284410.588,0000000.270,0000000.044,-0000000.008*0F
$GNRMC,113726.000,A,5619.2200,N,04356.8842,E,0.00,163.53,220626,,,D*7C
$ECEFPOSVEL,113727.000,2552497.744,2460451.490,5284410.588,0000000.229,0000000.034,-0000000.024*0B
$GNRMC,113727.000,A,5619.2200,N,04356.8842,E,0.00,163.53,220626,,,D*7D
$ECEFPOSVEL,113728.000,2552497.744,2460451.490,5284410.588,0000000.129,0000000.022,-0000000.002*04
$GNRMC,113728.000,A,5619.2200,N,04356.8842,E,0.00,163.53,220626,,,D*72
$ECEFPOSVEL,113729.000,2552497.744,2460451.490,5284410.588,0000000.085,0000000.020,-0000000.002*00
$GNRMC,113729.000,A,5619.2200,N,04356.8842,E,0.00,163.53,220626,,,D*73
$ECEFPOSVEL,113730.000,2552497.744,2460451.490,5284410.588,-0000000.170,0000000.043,0000000.104*01
$GNRMC,113730.000,A,5619.2200,N,04356.8842,E,0.00,163.53,220626,,,D*7B
$ECEFPOSVEL,113731.000,2552497.744,2460451.490,5284410.588,0000000.061,0000000.123,0000000.120*2D
$GNRMC,113731.000,A,5619.2200,N,04356.8842,E,0.00,163.53,220626,,,D*7A
$ECEFPOSVEL,113732.000,2552497.744,2460451.490,5284410.588,0000000.012,0000000.411,0000000.342*28
$GNRMC,113732.000,A,5619.2200,N,04356.8842,E,0.00,163.53,220626,,,D*79
$ECEFPOSVEL,113733.000,2552497.744,2460451.490,5284410.588,0000000.019,0000000.245,0000000.248*2E
$GNRMC,113733.000,A,5619.2200,N,04356.8842,E,0.00,163.53,220626,,,D*78
$ECEFPOSVEL,113734.000,2552497.744,2460451.490,5284410.588,0000000.039,0000000.104,0000000.146*20
$GNRMC,113734.000,A,5619.2200,N,04356.8842,E,0.00,163.53,220626,,,D*7F
$ECEFPOSVEL,113735.000,2552497.744,2460451.490,5284410.588,0000000.041,0000000.003,0000000.105*2F
$GNRMC,113735.000,A,5619.2200,N,04356.8842,E,0.00,163.53,220626,,,D*7E
$ECEFPOSVEL,113736.000,2552497.744,2460451.490,5284410.588,-0000000.006,-0000000.217,-0000000.041*04
$GNRMC,113736.000,A,5619.2200,N,04356.8842,E,0.00,163.53,220626,,,D*7D
$ECEFPOSVEL,113737.000,2552497.744,2460451.490,5284410.588,0000000.012,-0000000.212,-0000000.023*2C
$GNRMC,113737.000,A,5619.2200,N,04356.8842,E,0.00,163.53,220626,,,D*7C
$ECEFPOSVEL,113738.000,2552497.744,2460451.490,5284410.588,-0000000.024,-0000000.190,0000000.016*29
$GNRMC,113738.000,A,5619.2200,N,04356.8842,E,0.00,163.53,220626,,,D*73
$ECEFPOSVEL,113739.000,2552497.744,2460451.490,5284410.588,-0000000.090,-0000000.187,0000000.025*21
$GNRMC,113739.000,A,5619.2200,N,04356.8842,E,0.00,163.53,220626,,,D*72
$ECEFPOSVEL,113740.000,2552497.744,2460451.490,5284410.588,-0000000.041,-0000000.133,0000000.008*23
$GNRMC,113740.000,A,5619.2200,N,04356.8842,E,0.00,163.53,220626,,,D*7C
$ECEFPOSVEL,113741.000,2552497.744,2460451.490,5284410.588,-0000000.032,-0000000.062,-0000000.011*06
$GNRMC,113741.000,A,5619.2200,N,04356.8842,E,0.00,163.53,220626,,,D*7D
$ECEFPOSVEL,113742.000,2552497.744,2460451.490,5284410.588,0000000.034,-0000000.090,-0000000.034*24
$GNRMC,113742.000,A,5619.2200,N,04356.8842,E,0.00,163.53,220626,,,D*7E
$ECEFPOSVEL,113743.000,2552497.744,2460451.490,5284410.588,-0000000.028,-0000000.056,-0000000.025*0F
$GNRMC,113743.000,A,5619.2200,N,04356.8842,E,0.00,163.53,220626,,,D*7F
$ECEFPOSVEL,113744.000,2552497.744,2460451.490,5284410.588,-0000000.046,-0000000.061,0000000.010*2F
$GNRMC,113744.000,A,5619.2200,N,04356.8842,E,0.00,163.53,220626,,,D*78
$ECEFPOSVEL,113745.000,2552497.744,2460451.490,5284410.588,-0000000.020,-0000000.088,0000000.015*2C
$GNRMC,113745.000,A,5619.2200,N,04356.8842,E,0.00,163.53,220626,,,D*79
$ECEFPOSVEL,113746.000,2552497.744,2460451.490,5284410.588,0000000.013,-0000000.034,-0000000.019*24
$GNRMC,113746.000,A,5619.2200,N,04356.8842,E,0.00,163.53,220626,,,D*7A
$ECEFPOSVEL,113747.000,2552497.744,2460451.490,5284410.588,0000000.047,-0000000.074,-0000000.016*2F
$GNRMC,113747.000,A,5619.2200,N,04356.8842,E,0.00,163.53,220626,,,D*7B
$ECEFPOSVEL,113748.000,2552497.744,2460451.490,5284410.588,0000000.045,-0000000.059,-0000000.029*21
$GNRMC,113748.000,A,5619.2200,N,04356.8842,E,0.00,163.53,220626,,,D*74
$ECEFPOSVEL,113749.000,2552497.744,2460451.490,5284410.588,-0000000.138,-0000000.212,-0000000.188*01
$GNRMC,113749.000,A,5619.2200,N,04356.8842,E,0.00,163.53,220626,,,D*75
$ECEFPOSVEL,113750.000,2552497.744,2460451.490,5284410.588,-0000000.001,-0000000.066,-0000000.129*08
$GNRMC,113750.000,A,5619.2200,N,04356.8842,E,0.00,163.53,220626,,,D*7D
$ECEFPOSVEL,113751.000,2552497.744,2460451.490,5284410.588,-0000000.025,-0000000.068,-0000000.048*07
$GNRMC,113751.000,A,5619.2200,N,04356.8842,E,0.00,163.53,220626,,,D*7C
$ECEFPOSVEL,113752.000,2552497.744,2460451.490,5284410.588,0000000.088,0000000.026,0000000.078*27
$GNRMC,113752.000,A,5619.2200,N,04356.8842,E,0.00,163.53,220626,,,D*7F
$ECEFPOSVEL,113753.000,2552497.744,2460451.490,5284410.588,0000000.133,0000000.142,0000000.055*2B
$GNRMC,113753.000,A,5619.2200,N,04356.8842,E,0.00,163.53,220626,,,D*7E
$ECEFPOSVEL,113754.000,2552497.744,2460451.490,5284410.588,0000000.085,0000000.172,0000000.063*26
$GNRMC,113754.000,A,5619.2200,N,04356.8842,E,0.00,163.53,220626,,,D*79
$ECEFPOSVEL,113755.000,2552497.744,2460451.490,5284410.588,0000000.069,0000000.123,0000000.032*25
$GNRMC,113755.000,A,5619.2200,N,04356.8842,E,0.00,163.53,220626,,,D*78
$ECEFPOSVEL,113756.000,2552497.744,2460451.490,5284410.588,0000000.027,0000000.155,-0000000.003*02
$GNRMC,113756.000,A,5619.2200,N,04356.8842,E,0.00,163.53,220626,,,D*7B
$ECEFPOSVEL,113757.000,2552497.744,2460451.490,5284410.588,-0000000.048,0000000.163,0000000.004*08
$GNRMC,113757.000,A,5619.2200,N,04356.8842,E,0.00,163.53,220626,,,D*7A
$ECEFPOSVEL,113758.000,2552497.744,2460451.490,5284410.588,-0000000.096,0000000.294,-0000000.043*21
$GNRMC,113758.000,A,5619.2200,N,04356.8842,E,0.00,163.53,220626,,,D*75
$ECEFPOSVEL,113759.000,2552497.744,2460451.490,5284410.588,0000000.133,0000000.350,0000000.122*21
$GNRMC,113759.000,A,5619.2200,N,04356.8842,E,0.00,163.53,220626,,,D*74
$ECEFPOSVEL,113800.000,2552497.744,2460451.490,5284410.588,0000000.051,0000000.250,0000000.120*24
$GNRMC,113800.000,A,5619.2200,N,04356.8842,E,0.00,163.53,220626,,,D*77
$ECEFPOSVEL,113801.000,2552497.744,2460451.490,5284410.588,0000000.060,0000000.106,0000000.094*29
$GNRMC,113801.000,A,5619.2200,N,04356.8842,E,0.00,163.53,220626,,,D*76
$ECEFPOSVEL,113802.000,2552497.744,2460451.490,5284410.588,0000000.090,0000000.039,0000000.050*20
$GNRMC,113802.000,A,5619.2200,N,04356.8842,E,0.00,163.53,220626,,,D*75
$ECEFPOSVEL,113803.000,2552497.744,2460451.490,5284410.588,-0000000.047,-0000000.032,0000000.061*22
$GNRMC,113803.000,A,5619.2200,N,04356.8842,E,0.00,163.53,220626,,,D*74
$ECEFPOSVEL,113804.000,2552497.744,2460451.490,5284410.588,0000000.043,-0000000.106,0000000.116*0B
$GNRMC,113804.000,A,5619.2200,N,04356.8842,E,0.00,163.53,220626,,,D*73
$ECEFPOSVEL,113805.000,2552497.744,2460451.490,5284410.588,0000000.003,-0000000.017,0000000.069*06
$GNRMC,113805.000,A,5619.2200,N,04356.8842,E,0.00,163.53,220626,,,D*72
$ECEFPOSVEL,113806.000,2552497.744,2460451.490,5284410.588,0000000.200,0000000.118,-0000000.126*00
$GNRMC,113806.000,A,5619.2200,N,04356.8842,E,0.00,163.53,220626,,,D*71
$ECEFPOSVEL,113807.000,2552497.744,2460451.490,5284410.588,0000000.055,0000000.106,-0000000.046*0B
$GNRMC,113807.000,A,5619.2200,N,04356.8842,E,0.00,163.53,220626,,,D*70
$ECEFPOSVEL,113808.000,2552497.744,2460451.490,5284410.588,-0000000.003,0000000.014,0000000.014*02
$GNRMC,113808.000,A,5619.2200,N,04356.8842,E,0.00,163.53,220626,,,D*7F
$ECEFPOSVEL,113809.000,2552497.744,2460451.490,5284410.588,-0000000.037,0000000.001,0000000.030*06
$GNRMC,113809.000,A,5619.2200,N,04356.8842,E,0.00,163.53,220626,,,D*7E
$ECEFPOSVEL,113810.000,2552497.744,2460451.490,5284410.588,-0000000.018,-0000000.029,0000000.025*20
$GNRMC,113810.000,A,5619.2200,N,04356.8842,E,0.00,163.53,220626,,,D*76
$ECEFPOSVEL,113811.000,2552497.744,2460451.490,5284410.588,-0000000.014,-0000000.082,0000000.042*2D
$GNRMC,113811.000,A,5619.2200,N,04356.8842,E,0.00,163.53,220626,,,D*77
$ECEFPOSVEL,113812.000,2552497.744,2460451.490,5284410.588,-0000000.065,0000000.026,0000000.020*0F
$GNRMC,113812.000,A,5619.2200,N,04356.8842,E,0.00,163.53,220626,,,D*74
$ECEFPOSVEL,113813.000,2552497.744,2460451.490,5284410.588,0000000.077,0000000.306,-0000000.112*0C
$GNRMC,113813.000,A,5619.2200,N,04356.8842,E,0.00,163.53,220626,,,D*75
$ECEFPOSVEL,113814.000,2552497.744,2460451.490,5284410.588,-0000000.083,0000000.224,0000000.017*05
$GNRMC,113814.000,A,5619.2200,N,04356.8842,E,0.00,163.53,220626,,,D*72
$ECEFPOSVEL,113815.000,2552497.744,2460451.490,5284410.588,-0000000.069,0000000.108,0000000.041*0E
$GNRMC,113815.000,A,5619.2200,N,04356.8842,E,0.00,163.53,220626,,,D*73
$ECEFPOSVEL,113816.000,2552497.744,2460451.490,5284410.588,-0000000.031,-0000000.005,0000000.054*25
$GNRMC,113816.000,A,5619.2200,N,04356.8842,E,0.00,163.53,220626,,,D*70
$ECEFPOSVEL,113817.000,2552497.744,2460451.490,5284410.588,-0000000.021,-0000000.199,-0000000.208*07
$GNRMC,113817.000,A,5619.2200,N,04356.8842,E,0.00,163.53,220626,,,D*71
$ECEFPOSVEL,113818.000,2552497.744,2460451.490,5284410.588,-0000000.107,-0000000.403,-0000000.106*06
$GNRMC,113818.000,A,5619.2200,N,04356.8842,E,0.00,163.53,220626,,,D*7E
$ECEFPOSVEL,113819.000,2552497.744,2460451.490,5284410.588,-0000000.241,-0000000.268,-0000000.170*0C
$GNRMC,113819.000,A,5619.2200,N,04356.8842,E,0.00,163.53,220626,,,D*7F
$ECEFPOSVEL,113820.000,2552497.744,2460451.490,5284410.588,-0000000.325,-0000000.290,0000000.007*2E
$GNRMC,113820.000,A,5619.2200,N,04356.8842,E,0.00,163.53,220626,,,D*75
$ECEFPOSVEL,113821.000,2552497.744,2460451.490,5284410.588,-0000000.310,-0000000.179,-0000000.057*05
$GNRMC,113821.000,A,5619.2200,N,04356.8842,E,0.00,163.53,220626,,,D*74
$ECEFPOSVEL,113822.000,2552497.744,2460451.490,5284410.588,-0000000.245,-0000000.050,-0000000.038*04
$GNRMC,113822.000,A,5619.2200,N,04356.8842,E,0.00,163.53,220626,,,D*77
$ECEFPOSVEL,113823.000,2552497.744,2460451.490,5284410.588,-0000000.111,-0000000.037,-0000000.049*00
$GNRMC,113823.000,A,5619.2200,N,04356.8842,E,0.00,163.53,220626,,,D*76
$ECEFPOSVEL,113824.000,2552497.744,2460451.490,5284410.588,-0000000.066,-0000000.049,-0000000.042*04
$GNRMC,113824.000,A,5619.2200,N,04356.8842,E,0.00,163.53,220626,,,D*71
$ECEFPOSVEL,113825.000,2552497.744,2460451.490,5284410.588,-0000000.096,-0000000.052,-0000000.001*07
$GNRMC,113825.000,A,5619.2200,N,04356.8842,E,0.00,163.53,220626,,,D*70
$ECEFPOSVEL,113826.000,2552497.744,2460451.490,5284410.588,-0000000.099,-0000000.018,-0000000.003*07
$GNRMC,113826.000,A,5619.2200,N,04356.8842,E,0.00,163.53,220626,,,D*73
$ECEFPOSVEL,113827.000,2552497.744,2460451.490,5284410.588,-0000000.081,-0000000.021,-0000000.001*07
$GNRMC,113827.000,A,5619.2200,N,04356.8842,E,0.00,163.53,220626,,,D*72
$ECEFPOSVEL,113828.000,2552497.744,2460451.490,5284410.588,-0000000.119,-0000000.088,-0000000.025*0D
$GNRMC,113828.000,A,5619.2200,N,04356.8842,E,0.00,163.53,220626,,,D*7D
$ECEFPOSVEL,113829.000,2552497.744,2460451.490,5284410.588,-0000000.167,-0000000.394,-0000000.146*0F
$GNRMC,113829.000,A,5619.2200,N,04356.8842,E,0.00,163.53,220626,,,D*7C
$ECEFPOSVEL,113830.000,2552497.744,2460451.490,5284410.588,-0000000.266,-0000000.206,-0000000.243*09
$GNRMC,113830.000,A,5619.2200,N,04356.8842,E,0.00,163.53,220626,,,D*74
$ECEFPOSVEL,113831.000,2552497.744,2460451.490,5284410.588,-0000000.189,-0000000.035,-0000000.109*05
$GNRMC,113831.000,A,5619.2200,N,04356.8842,E,0.00,163.53,220626,,,D*75
$ECEFPOSVEL,113832.000,2552497.744,2460451.490,5284410.588,-0000000.169,0000000.031,-0000000.047*2A
$GNRMC,113832.000,A,5619.2200,N,04356.8842,E,0.00,163.53,220626,,,D*76
$ECEFPOSVEL,113833.000,2552497.744,2460451.490,5284410.588,-0000000.104,0000000.072,-0000000.051*20
$GNRMC,113833.000,A,5619.2200,N,04356.8842,E,0.00,163.53,220626,,,D*77
$ECEFPOSVEL,113834.000,2552497.744,2460451.490,5284410.588,0000000.144,0000000.173,0000000.257*27
$GNRMC,113834.000,A,5619.2200,N,04356.8842,E,0.00,163.53,220626,,,D*70
$ECEFPOSVEL,113835.000,2552497.744,2460451.490,5284410.588,0000000.069,0000000.208,0000000.342*22
$GNRMC,113835.000,A,5619.2200,N,04356.8842,E,0.00,163.53,220626,,,D*71
$ECEFPOSVEL,113836.000,2552497.744,2460451.490,5284410.588,0000000.052,0000000.147,0000000.198*24
$GNRMC,113836.000,A,5619.2200,N,04356.8842,E,0.00,163.53,220626,,,D*72
$ECEFPOSVEL,113837.000,2552497.744,2460451.490,5284410.588,-0000000.072,0000000.434,0000000.072*0E
$GNRMC,113837.000,A,5619.2200,N,04356.8842,E,0.00,163.53,220626,,,D*73
$ECEFPOSVEL,113838.000,2552497.744,2460451.490,5284410.588,-0000000.097,0000000.395,0000000.103*01
$GNRMC,113838.000,A,5619.2200,N,04356.8842,E,0.00,163.53,220626,,,D*7C
$ECEFPOSVEL,113839.000,2552497.744,2460451.490,5284410.588,-0000000.018,0000000.348,0000000.084*09
$GNRMC,113839.000,A,5619.2200,N,04356.8842,E,0.00,163.53,220626,,,D*7D
$ECEFPOSVEL,113840.000,2552497.744,2460451.490,5284410.588,0000000.018,0000000.310,0000000.009*22
$GNRMC,113840.000,A,5619.2200,N,04356.8842,E,0.00,163.53,220626,,,D*73
$ECEFPOSVEL,113841.000,2552497.744,2460451.490,5284410.588,0000000.090,0000000.337,-0000000.045*03
$GNRMC,113841.000,A,5619.2200,N,04356.8842,E,0.00,163.53,220626,,,D*72
$ECEFPOSVEL,113842.000,2552497.744,2460451.490,5284410.588,0000000.086,0000000.341,-0000000.030*04
$GNRMC,113842.000,A,5619.2200,N,04356.8842,E,0.00,163.53,220626,,,D*71
$ECEFPOSVEL,113843.000,2552497.744,2460451.490,5284410.588,0000000.076,0000000.310,0000000.001*21
$GNRMC,113843.000,A,5619.2200,N,04356.8842,E,0.00,163.53,220626,,,D*70
$ECEFPOSVEL,113844.000,2552497.744,2460451.490,5284410.588,0000000.041,0000000.287,-0000000.028*0B
$GNRMC,113844.000,A,5619.2200,N,04356.8842,E,0.00,163.53,220626,,,D*77
$ECEFPOSVEL,113845.000,2552497.744,2460451.490,5284410.588,0000000.113,0000000.212,-0000000.059*06
$GNRMC,113845.000,A,5619.2200,N,04356.8842,E,0.00,163.53,220626,,,D*76
$ECEFPOSVEL,113846.000,2552497.744,2460451.490,5284410.588,0000000.032,0000000.099,0000000.031*25
$GNRMC,113846.000,A,5619.2200,N,04356.8842,E,0.00,163.53,220626,,,D*75
$ECEFPOSVEL,113847.000,2552497.744,2460451.490,5284410.588,-0000000.114,0000000.047,0000000.137*08
$GNRMC,113847.000,A,5619.2200,N,04356.8842,E,0.00,163.53,220626,,,D*74
$ECEFPOSVEL,113848.000,2552497.744,2460451.490,5284410.588,-0000000.098,0000000.236,0000000.066*03
$GNRMC,113848.000,A,5619.2200,N,04356.8842,E,0.00,163.53,220626,,,D*7B
$ECEFPOSVEL,113849.000,2552497.744,2460451.490,5284410.588,-0000000.070,0000000.169,0000000.047*0E
$GNRMC,113849.000,A,5619.2200,N,04356.8842,E,0.00,163.53,220626,,,D*7A
$ECEFPOSVEL,113850.000,2552497.744,2460451.490,5284410.588,0000000.007,0000000.055,0000000.076*27
$GNRMC,113850.000,A,5619.2200,N,04356.8842,E,0.00,163.53,220626,,,D*72
$ECEFPOSVEL,113851.000,2552497.744,2460451.490,5284410.588,-0000000.019,0000000.079,0000000.039*01
$GNRMC,113851.000,A,5619.2200,N,04356.8842,E,0.00,163.53,220626,,,D*73
$ECEFPOSVEL,113852.000,2552497.744,2460451.490,5284410.588,-0000000.068,0000000.080,0000000.047*0B
$GNRMC,113852.000,A,5619.2200,N,04356.8842,E,0.00,163.53,220626,,,D*70
$ECEFPOSVEL,113853.000,2552497.744,2460451.490,5284410.588,-0000000.080,0000000.065,0000000.057*06
$GNRMC,113853.000,A,5619.2200,N,04356.8842,E,0.00,163.53,220626,,,D*71
$ECEFPOSVEL,113854.000,2552497.744,2460451.490,5284410.588,0000000.002,0000000.152,-0000000.026*08
$GNRMC,113854.000,A,5619.2200,N,04356.8842,E,0.00,163.53,220626,,,D*76
$ECEFPOSVEL,113855.000,2552497.744,2460451.490,5284410.588,-0000000.022,0000000.129,-0000000.013*2C
$GNRMC,113855.000,A,5619.2200,N,04356.8842,E,0.00,163.53,220626,,,D*77
$ECEFPOSVEL,113856.000,2552497.744,2460451.490,5284410.588,-0000000.087,-0000000.156,-0000000.005*02
$GNRMC,113856.000,A,5619.2200,N,04356.8842,E,0.00,163.53,220626,,,D*74
$ECEFPOSVEL,113857.000,2552497.744,2460451.490,5284410.588,-0000000.086,-0000000.248,-0000000.085*06
$GNRMC,113857.000,A,5619.2200,N,04356.8842,E,0.00,163.53,220626,,,D*75
$ECEFPOSVEL,113858.000,2552497.744,2460451.490,5284410.588,-0000000.182,-0000000.095,-0000000.060*05
$GNRMC,113858.000,A,5619.2200,N,04356.8842,E,0.00,163.53,220626,,,D*7A
$ECEFPOSVEL,113859.000,2552497.744,2460451.490,5284410.588,0000000.042,-0000000.105,-0000000.209*21
$GNRMC,113859.000,A,5619.2200,N,04356.8842,E,0.00,163.53,220626,,,D*7B
$ECEFPOSVEL,113900.000,2552497.744,2460451.490,5284410.588,-0000000.116,-0000000.058,-0000000.096*0C
$GNRMC,113900.000,A,5619.2200,N,04356.8842,E,0.00,163.53,220626,,,D*76
$ECEFPOSVEL,113901.000,2552497.744,2460451.490,5284410.588,-0000000.121,-0000000.096,-0000000.019*0C
$GNRMC,113901.000,A,5619.2200,N,04356.8842,E,0.00,163.53,220626,,,D*77
$ECEFPOSVEL,113902.000,2552497.744,2460451.490,5284410.588,-0000000.152,-0000000.159,0000000.062*28
$GNRMC,113902.000,A,5619.2200,N,04356.8842,E,0.00,163.53,220626,,,D*74
$ECEFPOSVEL,113903.000,2552497.744,2460451.490,5284410.588,-0000000.109,-0000000.227,-0000000.023*05
$GNRMC,113903.000,A,5619.2200,N,04356.8842,E,0.00,163.53,220626,,,D*75
$ECEFPOSVEL,113904.000,2552497.744,2460451.490,5284410.588,-0000000.169,-0000000.213,0000000.026*2B
$GNRMC,113904.000,A,5619.2200,N,04356.8842,E,0.00,163.53,220626,,,D*72
$ECEFPOSVEL,113905.000,2552497.744,2460451.490,5284410.588,-0000000.180,-0000000.131,0000000.052*2D
$GNRMC,113905.000,A,5619.2200,N,04356.8842,E,0.00,163.53,220626,,,D*73
$ECEFPOSVEL,113906.000,2552497.744,2460451.490,5284410.588,-0000000.079,-0000000.127,0000000.039*23
$GNRMC,113906.000,A,5619.2200,N,04356.8842,E,0.00,163.53,220626,,,D*70
$ECEFPOSVEL,113907.000,2552497.744,2460451.490,5284410.588,-0000000.147,-0000000.143,0000000.096*29
$GNRMC,113907.000,A,5619.2200,N,04356.8842,E,0.00,163.53,220626,,,D*71
$ECEFPOSVEL,113908.000,2552497.744,2460451.490,5284410.588,-0000000.188,-0000000.147,0000000.126*2B
$GNRMC,113908.000,A,5619.2200,N,04356.8842,E,0.00,163.53,220626,,,D*7E
$ECEFPOSVEL,113909.000,2552497.744,2460451.490,5284410.588,-0000000.055,-0000000.114,-0000000.045*04
$GNRMC,113909.000,A,5619.2200,N,04356.8842,E,0.00,163.53,220626,,,D*7F
interrupted
$ECEFPOSVEL,115805.000,2552491.311,2460450.448,5284405.231,-0000000.012,-0000000.017,-0000000.013*0A
$GNRMC,115805.000,A,5619.2208,N,04356.8878,E,0.00,123.52,220626,,,D*70
$ECEFPOSVEL,115806.000,2552491.311,2460450.448,5284405.231,-0000000.006,0000000.004,0000000.008*04
$GNRMC,115806.000,A,5619.2208,N,04356.8878,E,0.00,123.52,220626,,,A*76
$ECEFPOSVEL,115807.000,2552491.311,2460450.448,5284405.231,-0000000.002,0000000.001,-0000000.005*24
$GNRMC,115807.000,A,5619.2208,N,04356.8878,E,0.00,123.52,220626,,,A*77
$ECEFPOSVEL,115808.000,2552491.311,2460450.448,5284405.231,0000000.009,0000000.002,0000000.003*25
$GNRMC,115808.000,A,5619.2208,N,04356.8878,E,0.00,123.52,220626,,,D*7D
$ECEFPOSVEL,115809.000,2552491.311,2460450.448,5284405.231,0000000.007,0000000.012,0000000.017*2E
$GNRMC,115809.000,A,5619.2208,N,04356.8878,E,0.00,123.52,220626,,,D*7C
$ECEFPOSVEL,115810.000,2552491.311,2460450.448,5284405.231,0000000.017,0000000.005,0000000.009*2E
$GNRMC,115810.000,A,5619.2208,N,04356.8878,E,0.00,123.52,220626,,,D*74
$ECEFPOSVEL,115811.000,2552491.311,2460450.448,5284405.231,0000000.008,0000000.011,0000000.014*28
$GNRMC,115811.000,A,5619.2208,N,04356.8878,E,0.00,123.52,220626,,,D*75
$ECEFPOSVEL,115812.000,2552491.311,2460450.448,5284405.231,0000000.005,0000000.007,0000000.018*2D
$GNRMC,115812.000,A,5619.2208,N,04356.8878,E,0.00,123.52,220626,,,D*76
$ECEFPOSVEL,115813.000,2552491.311,2460450.448,5284405.231,0000000.028,0000000.011,0000000.002*2F
$GNRMC,115813.000,A,5619.2208,N,04356.8878,E,0.00,123.52,220626,,,D*77
$ECEFPOSVEL,115814.000,2552491.311,2460450.448,5284405.231,0000000.011,0000000.013,0000000.019*2A
$GNRMC,115814.000,A,5619.2208,N,04356.8878,E,0.00,123.52,220626,,,D*70
$ECEFPOSVEL,115815.000,2552491.311,2460450.448,5284405.231,0000000.010,0000000.018,0000000.018*20
$GNRMC,115815.000,A,5619.2208,N,04356.8878,E,0.00,123.52,220626,,,D*71
$ECEFPOSVEL,115816.000,2552491.311,2460450.448,5284405.231,0000000.009,0000000.020,0000000.018*20
$GNRMC,115816.000,A,5619.2208,N,04356.8878,E,0.00,123.52,220626,,,D*72
$ECEFPOSVEL,115817.000,2552491.311,2460450.448,5284405.231,0000000.005,0000000.022,0000000.017*20
$GNRMC,115817.000,A,5619.2208,N,04356.8878,E,0.00,123.52,220626,,,D*73
$ECEFPOSVEL,115818.000,2552491.311,2460450.448,5284405.231,0000000.000,0000000.020,0000000.019*26
$GNRMC,115818.000,A,5619.2208,N,04356.8878,E,0.00,123.52,220626,,,D*7C
$ECEFPOSVEL,115819.000,2552491.311,2460450.448,5284405.231,0000000.143,-0000000.111,-0000000.086*24
$GNRMC,115819.000,A,5619.2208,N,04356.8878,E,0.00,123.52,220626,,,D*7D
$ECEFPOSVEL,115820.000,2552491.311,2460450.448,5284405.231,0000000.128,-0000000.062,-0000000.080*20
$GNRMC,115820.000,A,5619.2208,N,04356.8878,E,0.00,123.52,220626,,,D*77
$ECEFPOSVEL,115821.000,2552491.311,2460450.448,5284405.231,0000000.077,-0000000.053,-0000000.037*24
$GNRMC,115821.000,A,5619.2208,N,04356.8878,E,0.00,123.52,220626,,,D*76
$ECEFPOSVEL,115822.000,2552491.311,2460450.448,5284405.231,0000000.147,0000000.040,-0000000.103*0C
$GNRMC,115822.000,A,5619.2208,N,04356.8878,E,0.00,123.52,220626,,,D*75
$ECEFPOSVEL,115823.000,2552491.311,2460450.448,5284405.231,0000000.133,0000000.065,-0000000.097*05
$GNRMC,115823.000,A,5619.2208,N,04356.8878,E,0.00,123.52,220626,,,D*74
$ECEFPOSVEL,115824.000,2552491.311,2460450.448,5284405.231,0000000.123,0000000.124,-0000000.112*0B
$GNRMC,115824.000,A,5619.2208,N,04356.8878,E,0.00,123.52,220626,,,D*73
$ECEFPOSVEL,115825.000,2552491.311,2460450.448,5284405.231,0000000.072,0000000.143,-0000000.096*03
$GNRMC,115825.000,A,5619.2208,N,04356.8878,E,0.00,123.52,220626,,,D*72
$ECEFPOSVEL,115826.000,2552491.311,2460450.448,5284405.231,0000000.018,0000000.036,-0000000.019*08
$GNRMC,115826.000,A,5619.2208,N,04356.8878,E,0.00,123.52,220626,,,D*71
$ECEFPOSVEL,115827.000,2552491.311,2460450.448,5284405.231,0000000.043,-0000000.010,-0000000.009*2F
$GNRMC,115827.000,A,5619.2208,N,04356.8878,E,0.00,123.52,220626,,,D*70
$ECEFPOSVEL,115828.000,2552491.311,2460450.448,5284405.231,0000000.068,-0000000.029,-0000000.008*22
$GNRMC,115828.000,A,5619.2208,N,04356.8878,E,0.00,123.52,220626,,,D*7F
$ECEFPOSVEL,115829.000,2552491.311,2460450.448,5284405.231,0000000.007,-0000000.023,0000000.018*0C
$GNRMC,115829.000,A,5619.2208,N,04356.8878,E,0.00,123.52,220626,,,D*7E
$ECEFPOSVEL,115830.000,2552491.311,2460450.448,5284405.231,-0000000.044,-0000000.003,0000000.029*2E
$GNRMC,115830.000,A,5619.2208,N,04356.8878,E,0.00,123.52,220626,,,D*76
$ECEFPOSVEL,115831.000,2552491.311,2460450.448,5284405.231,-0000000.052,-0000000.012,0000000.038*28
$GNRMC,115831.000,A,5619.2208,N,04356.8878,E,0.00,123.52,220626,,,D*77
$ECEFPOSVEL,115832.000,2552491.311,2460450.448,5284405.231,-0000000.096,0000000.015,0000000.047*01
$GNRMC,115832.000,A,5619.2208,N,04356.8878,E,0.00,123.52,220626,,,D*74
$ECEFPOSVEL,115833.000,2552491.311,2460450.448,5284405.231,-0000000.035,0000000.055,-0000000.000*23
$GNRMC,115833.000,A,5619.2208,N,04356.8878,E,0.00,123.52,220626,,,D*75
$ECEFPOSVEL,115834.000,2552491.311,2460450.448,5284405.231,-0000000.005,0000000.002,0000000.008*00
$GNRMC,115834.000,A,5619.2208,N,04356.8878,E,0.00,123.52,220626,,,D*72
$ECEFPOSVEL,115835.000,2552491.311,2460450.448,5284405.231,-0000000.014,0000000.002,0000000.005*0C
$GNRMC,115835.000,A,5619.2208,N,04356.8878,E,0.00,123.52,220626,,,D*73
$ECEFPOSVEL,115836.000,2552491.311,2460450.448,5284405.231,-0000000.027,-0000000.007,0000000.000*22
$GNRMC,115836.000,A,5619.2208,N,04356.8878,E,0.00,123.52,220626,,,D*70
$ECEFPOSVEL,115837.000,2552491.311,2460450.448,5284405.231,-0000000.004,-0000000.008,-0000000.016*07
$GNRMC,115837.000,A,5619.2208,N,04356.8878,E,0.00,123.52,220626,,,D*71
$ECEFPOSVEL,115838.000,2552491.311,2460450.448,5284405.231,-0000000.002,-0000000.005,-0000000.008*0C
$GNRMC,115838.000,A,5619.2208,N,04356.8878,E,0.00,123.52,220626,,,D*7E
$ECEFPOSVEL,115839.000,2552491.311,2460450.448,5284405.231,0000000.009,0000000.010,0000000.044*27
$GNRMC,115839.000,A,5619.2208,N,04356.8878,E,0.00,123.52,220626,,,D*7F
$ECEFPOSVEL,115840.000,2552491.311,2460450.448,5284405.231,0000000.019,0000000.021,0000000.031*28
$GNRMC,115840.000,A,5619.2208,N,04356.8878,E,0.00,123.52,220626,,,D*71
$ECEFPOSVEL,115841.000,2552491.311,2460450.448,5284405.231,0000000.004,-0000000.000,0000000.002*0B
$GNRMC,115841.000,A,5619.2208,N,04356.8878,E,0.00,123.52,220626,,,D*70
$ECEFPOSVEL,115842.000,2552491.311,2460450.448,5284405.231,0000000.001,0000000.006,-0000000.002*0B
$GNRMC,115842.000,A,5619.2208,N,04356.8878,E,0.00,123.52,220626,,,D*73
$ECEFPOSVEL,115843.000,2552491.311,2460450.448,5284405.231,0000000.013,0000000.017,0000000.020*24
$GNRMC,115843.000,A,5619.2208,N,04356.8878,E,0.00,123.52,220626,,,D*72
$ECEFPOSVEL,115844.000,2552491.311,2460450.448,5284405.231,0000000.010,0000000.001,-0000000.003*0B
$GNRMC,115844.000,A,5619.2208,N,04356.8878,E,0.00,123.52,220626,,,D*75
$ECEFPOSVEL,115845.000,2552491.311,2460450.448,5284405.231,0000000.001,-0000000.001,-0000000.004*20
$GNRMC,115845.000,A,5619.2208,N,04356.8878,E,0.00,123.52,220626,,,D*74
$ECEFPOSVEL,115846.000,2552491.311,2460450.448,5284405.231,-0000000.007,-0000000.000,-0000000.007*0A
$GNRMC,115846.000,A,5619.2208,N,04356.8878,E,0.00,123.52,220626,,,D*77
$ECEFPOSVEL,115847.000,2552491.311,2460450.448,5284405.231,0000000.001,-0000000.000,-0000000.006*21
$GNRMC,115847.000,A,5619.2208,N,04356.8878,E,0.00,123.52,220626,,,D*76
$ECEFPOSVEL,115848.000,2552491.311,2460450.448,5284405.231,0000000.008,-0000000.001,-0000000.006*26
$GNRMC,115848.000,A,5619.2208,N,04356.8878,E,0.00,123.52,220626,,,D*79
$ECEFPOSVEL,115849.000,2552491.311,2460450.448,5284405.231,0000000.015,0000000.001,-0000000.009*09
$GNRMC,115849.000,A,5619.2208,N,04356.8878,E,0.00,123.52,220626,,,D*78
$ECEFPOSVEL,115850.000,2552491.311,2460450.448,5284405.231,-0000000.014,-0000000.004,0000000.008*29
$GNRMC,115850.000,A,5619.2208,N,04356.8878,E,0.00,123.52,220626,,,D*70
$ECEFPOSVEL,115851.000,2552491.311,2460450.448,5284405.231,0000000.004,0000000.006,-0000000.006*08
$GNRMC,115851.000,A,5619.2208,N,04356.8878,E,0.00,123.52,220626,,,D*71
$ECEFPOSVEL,115852.000,2552491.311,2460450.448,5284405.231,0000000.001,0000000.001,-0000000.002*0D
$GNRMC,115852.000,A,5619.2208,N,04356.8878,E,0.00,123.52,220626,,,D*72
$ECEFPOSVEL,115853.000,2552491.311,2460450.448,5284405.231,-0000000.004,-0000000.028,-0000000.058*0D
$GNRMC,115853.000,A,5619.2208,N,04356.8878,E,0.00,123.52,220626,,,D*73
$ECEFPOSVEL,115854.000,2552491.311,2460450.448,5284405.231,0000000.003,0000000.001,-0000000.003*08
$GNRMC,115854.000,A,5619.2208,N,04356.8878,E,0.00,123.52,220626,,,D*74
$ECEFPOSVEL,115855.000,2552491.311,2460450.448,5284405.231,0000000.023,0000000.029,0000000.030*2C
$GNRMC,115855.000,A,5619.2208,N,04356.8878,E,0.00,123.52,220626,,,D*75
$ECEFPOSVEL,115856.000,2552491.311,2460450.448,5284405.231,0000000.002,-0000000.005,-0000000.001*20
$GNRMC,115856.000,A,5619.2208,N,04356.8878,E,0.00,123.52,220626,,,A*73
$ECEFPOSVEL,115857.000,2552491.311,2460450.448,5284405.231,0000000.015,0000000.013,0000000.010*20
$GNRMC,115857.000,A,5619.2208,N,04356.8878,E,0.00,123.52,220626,,,A*72
$ECEFPOSVEL,115858.000,2552491.311,2460450.448,5284405.231,-0000000.014,0000000.007,0000000.018*0E
$GNRMC,115858.000,A,5619.2208,N,04356.8878,E,0.00,123.52,220626,,,D*78
$ECEFPOSVEL,115859.000,2552491.311,2460450.448,5284405.231,0000000.030,0000000.007,-0000000.003*03
$GNRMC,115859.000,A,5619.2208,N,04356.8878,E,0.00,123.52,220626,,,D*79
$ECEFPOSVEL,115900.000,2552491.311,2460450.448,5284405.231,-0000000.010,0000000.002,0000000.013*08
$GNRMC,115900.000,A,5619.2208,N,04356.8878,E,0.00,123.52,220626,,,D*74
$ECEFPOSVEL,115901.000,2552491.311,2460450.448,5284405.231,0000000.012,0000000.006,0000000.008*28
$GNRMC,115901.000,A,5619.2208,N,04356.8878,E,0.00,123.52,220626,,,A*70
$ECEFPOSVEL,115902.000,2552491.311,2460450.448,5284405.231,0000000.013,0000000.010,0000000.007*22
$GNRMC,115902.000,A,5619.2208,N,04356.8878,E,0.00,123.52,220626,,,A*73
$ECEFPOSVEL,115903.000,2552491.311,2460450.448,5284405.231,0000000.020,0000000.017,0000000.015*27
$GNRMC,115903.000,A,5619.2208,N,04356.8878,E,0.00,123.52,220626,,,A*72
$ECEFPOSVEL,115904.000,2552491.311,2460450.448,5284405.231,0000000.018,0000000.012,0000000.012*29
$GNRMC,115904.000,A,5619.2208,N,04356.8878,E,0.00,123.52,220626,,,A*75
$ECEFPOSVEL,115905.000,2552491.311,2460450.448,5284405.231,0000000.007,0000000.012,0000000.019*2D
$GNRMC,115905.000,A,5619.2208,N,04356.8878,E,0.00,123.52,220626,,,A*74
$ECEFPOSVEL,115906.000,2552491.311,2460450.448,5284405.231,0000000.003,0000000.012,0000000.019*2A
$GNRMC,115906.000,A,5619.2208,N,04356.8878,E,0.00,123.52,220626,,,D*72
$ECEFPOSVEL,115907.000,2552491.311,2460450.448,5284405.231,0000000.009,0000000.014,0000000.023*2E
$GNRMC,115907.000,A,5619.2208,N,04356.8878,E,0.00,123.52,220626,,,D*73
$ECEFPOSVEL,115908.000,2552491.311,2460450.448,5284405.231,0000000.027,0000000.016,0000000.010*2F
$GNRMC,115908.000,A,5619.2208,N,04356.8878,E,0.00,123.52,220626,,,D*7C
$ECEFPOSVEL,115909.000,2552491.311,2460450.448,5284405.231,0000000.013,0000000.009,0000000.018*2F
$GNRMC,115909.000,A,5619.2208,N,04356.8878,E,0.00,123.52,220626,,,D*7D
$ECEFPOSVEL,115910.000,2552491.311,2460450.448,5284405.231,0000000.026,0000000.022,0000000.016*26
$GNRMC,115910.000,A,5619.2208,N,04356.8878,E,0.00,123.52,220626,,,D*75
$ECEFPOSVEL,115911.000,2552491.311,2460450.448,5284405.231,0000000.013,0000000.013,0000000.023*25
$GNRMC,115911.000,A,5619.2208,N,04356.8878,E,0.00,123.52,220626,,,D*74
$ECEFPOSVEL,115912.000,2552491.311,2460450.448,5284405.231,0000000.001,0000000.012,0000000.022*25
$GNRMC,115912.000,A,5619.2208,N,04356.8878,E,0.00,123.52,220626,,,D*77
$ECEFPOSVEL,115913.000,2552491.311,2460450.448,5284405.231,0000000.007,0000000.016,0000000.028*2C
$GNRMC,115913.000,A,5619.2208,N,04356.8878,E,0.00,123.52,220626,,,D*76
$ECEFPOSVEL,115914.000,2552491.311,2460450.448,5284405.231,0000000.016,0000000.008,-0000000.008*0B
$GNRMC,115914.000,A,5619.2208,N,04356.8878,E,0.00,123.52,220626,,,D*71
$ECEFPOSVEL,115915.000,2552491.311,2460450.448,5284405.231,-0000000.017,0000000.003,0000000.020*0A
$GNRMC,115915.000,A,5619.2208,N,04356.8878,E,0.00,123.52,220626,,,D*70
$ECEFPOSVEL,115916.000,2552491.311,2460450.448,5284405.231,0000000.015,0000000.002,0000000.007*22
$GNRMC,115916.000,A,5619.2208,N,04356.8878,E,0.00,123.52,220626,,,D*73
$ECEFPOSVEL,115917.000,2552491.311,2460450.448,5284405.231,0000000.024,0000000.022,0000000.018*2D
$GNRMC,115917.000,A,5619.2208,N,04356.8878,E,0.00,123.52,220626,,,D*72
$ECEFPOSVEL,115918.000,2552491.311,2460450.448,5284405.231,0000000.024,0000000.017,0000000.021*2E
$GNRMC,115918.000,A,5619.2208,N,04356.8878,E,0.00,123.52,220626,,,D*7D
$ECEFPOSVEL,115919.000,2552491.311,2460450.448,5284405.231,0000000.018,0000000.017,0000000.019*2B
$GNRMC,115919.000,A,5619.2208,N,04356.8878,E,0.00,123.52,220626,,,D*7C
$ECEFPOSVEL,115920.000,2552491.311,2460450.448,5284405.231,0000000.023,0000000.016,0000000.028*2A
$GNRMC,115920.000,A,5619.2208,N,04356.8878,E,0.00,123.52,220626,,,D*76
$ECEFPOSVEL,115921.000,2552491.311,2460450.448,5284405.231,0000000.011,0000000.014,0000000.023*23
$GNRMC,115921.000,A,5619.2208,N,04356.8878,E,0.00,123.52,220626,,,D*77
$ECEFPOSVEL,115922.000,2552491.311,2460450.448,5284405.231,0000000.010,0000000.018,0000000.025*2B
$GNRMC,115922.000,A,5619.2208,N,04356.8878,E,0.00,123.52,220626,,,D*74
$ECEFPOSVEL,115923.000,2552491.311,2460450.448,5284405.231,0000000.024,0000000.035,0000000.034*22
$GNRMC,115923.000,A,5619.2208,N,04356.8878,E,0.00,123.52,220626,,,D*75
$ECEFPOSVEL,115924.000,2552491.311,2460450.448,5284405.231,0000000.039,0000000.030,0000000.033*2B
$GNRMC,115924.000,A,5619.2208,N,04356.8878,E,0.00,123.52,220626,,,D*72
$ECEFPOSVEL,115925.000,2552491.311,2460450.448,5284405.231,0000000.022,0000000.019,0000000.041*2E
$GNRMC,115925.000,A,5619.2208,N,04356.8878,E,0.00,123.52,220626,,,D*73
$ECEFPOSVEL,115926.000,2552491.311,2460450.448,5284405.231,0000000.019,0000000.018,0000000.029*2A
$GNRMC,115926.000,A,5619.2208,N,04356.8878,E,0.00,123.52,220626,,,D*70
$ECEFPOSVEL,115927.000,2552491.311,2460450.448,5284405.231,0000000.020,0000000.020,0000000.023*20
$GNRMC,115927.000,A,5619.2208,N,04356.8878,E,0.00,123.52,220626,,,D*71
$ECEFPOSVEL,115928.000,2552491.311,2460450.448,5284405.231,0000000.019,0000000.021,0000000.023*24
$GNRMC,115928.000,A,5619.2208,N,04356.8878,E,0.00,123.52,220626,,,D*7E
$ECEFPOSVEL,115929.000,2552491.311,2460450.448,5284405.231,0000000.013,0000000.032,0000000.021*2F
$GNRMC,115929.000,A,5619.2208,N,04356.8878,E,0.00,123.52,220626,,,D*7F
$ECEFPOSVEL,115930.000,2552491.311,2460450.448,5284405.231,0000000.025,0000000.010,0000000.025*26
$GNRMC,115930.000,A,5619.2208,N,04356.8878,E,0.00,123.52,220626,,,D*77
$ECEFPOSVEL,115931.000,2552491.311,2460450.448,5284405.231,0000000.023,0000000.011,0000000.025*20
$GNRMC,115931.000,A,5619.2208,N,04356.8878,E,0.00,123.52,220626,,,D*76
$ECEFPOSVEL,115932.000,2552491.311,2460450.448,5284405.231,0000000.021,0000000.013,0000000.023*25
$GNRMC,115932.000,A,5619.2208,N,04356.8878,E,0.00,123.52,220626,,,D*75
$ECEFPOSVEL,115933.000,2552491.311,2460450.448,5284405.231,0000000.026,0000000.013,0000000.021*21
$GNRMC,115933.000,A,5619.2208,N,04356.8878,E,0.00,123.52,220626,,,D*74
$ECEFPOSVEL,115934.000,2552491.311,2460450.448,5284405.231,0000000.026,0000000.011,0000000.020*25
$GNRMC,115934.000,A,5619.2208,N,04356.8878,E,0.00,123.52,220626,,,D*73
$ECEFPOSVEL,115935.000,2552491.311,2460450.448,5284405.231,0000000.032,0000000.010,0000000.019*2A
$GNRMC,115935.000,A,5619.2208,N,04356.8878,E,0.00,123.52,220626,,,D*72
$ECEFPOSVEL,115936.000,2552491.311,2460450.448,5284405.231,0000000.040,0000000.012,0000000.014*23
$GNRMC,115936.000,A,5619.2208,N,04356.8878,E,0.00,123.52,220626,,,D*71
$ECEFPOSVEL,115937.000,2552491.311,2460450.448,5284405.231,0000000.044,0000000.012,0000000.012*20
$GNRMC,115937.000,A,5619.2208,N,04356.8878,E,0.00,123.52,220626,,,D*70
$ECEFPOSVEL,115938.000,2552491.311,2460450.448,5284405.231,0000000.050,0000000.015,0000000.009*27
$GNRMC,115938.000,A,5619.2208,N,04356.8878,E,0.00,123.52,220626,,,D*7F
$ECEFPOSVEL,115939.000,2552491.311,2460450.448,5284405.231,0000000.013,0000000.002,-0000000.004*07
$GNRMC,115939.000,A,5619.2208,N,04356.8878,E,0.00,123.52,220626,,,D*7E
$ECEFPOSVEL,115940.000,2552491.311,2460450.448,5284405.231,0000000.007,0000000.000,-0000000.004*0E
$GNRMC,115940.000,A,5619.2208,N,04356.8878,E,0.00,123.52,220626,,,D*70
$ECEFPOSVEL,115941.000,2552491.311,2460450.448,5284405.231,-0000000.006,-0000000.003,0000000.001*25
$GNRMC,115941.000,A,5619.2208,N,04356.8878,E,0.00,123.52,220626,,,D*71
$ECEFPOSVEL,115942.000,2552491.311,2460450.448,5284405.231,0000000.009,-0000000.005,-0000000.003*2D
$GNRMC,115942.000,A,5619.2208,N,04356.8878,E,0.00,123.52,220626,,,D*72
$ECEFPOSVEL,115943.000,2552491.311,2460450.448,5284405.231,0000000.140,-0000000.107,0000000.041*08
$GNRMC,115943.000,A,5619.2208,N,04356.8878,E,0.00,123.52,220626,,,D*73
$ECEFPOSVEL,115944.000,2552491.311,2460450.448,5284405.231,0000000.079,-0000000.022,0000000.040*03
$GNRMC,115944.000,A,5619.2208,N,04356.8878,E,0.00,123.52,220626,,,D*74
$ECEFPOSVEL,115945.000,2552491.311,2460450.448,5284405.231,0000000.088,-0000000.051,0000000.041*09
$GNRMC,115945.000,A,5619.2208,N,04356.8878,E,0.00,123.52,220626,,,D*75
$ECEFPOSVEL,115946.000,2552491.311,2460450.448,5284405.231,0000000.055,-0000000.066,0000000.058*06
$GNRMC,115946.000,A,5619.2208,N,04356.8878,E,0.00,123.52,220626,,,D*76
$ECEFPOSVEL,115947.000,2552491.311,2460450.448,5284405.231,-0000000.024,-0000000.084,0000000.096*22
$GNRMC,115947.000,A,5619.2208,N,04356.8878,E,0.00,123.52,220626,,,D*77
$ECEFPOSVEL,115948.000,2552491.311,2460450.448,5284405.231,-0000000.039,-0000000.039,0000000.076*29
$GNRMC,115948.000,A,5619.2208,N,04356.8878,E,0.00,123.52,220626,,,D*78
$ECEFPOSVEL,115949.000,2552491.311,2460450.448,5284405.231,-0000000.018,-0000000.018,0000000.052*2E
$GNRMC,115949.000,A,5619.2208,N,04356.8878,E,0.00,123.52,220626,,,D*79
$ECEFPOSVEL,115950.000,2552491.311,2460450.448,5284405.231,-0000000.013,0000000.050,0000000.091*03
$GNRMC,115950.000,A,5619.2208,N,04356.8878,E,0.00,123.52,220626,,,A*74
$ECEFPOSVEL,115951.000,2552491.311,2460450.448,5284405.231,-0000000.002,-0000000.011,0000000.066*22
$GNRMC,115951.000,A,5619.2208,N,04356.8878,E,0.00,123.52,220626,,,A*75
$ECEFPOSVEL,115952.000,2552491.311,2460450.448,5284405.231,-0000000.002,-0000000.059,0000000.065*2E
$GNRMC,115952.000,A,5619.2208,N,04356.8878,E,0.00,123.52,220626,,,A*76
$ECEFPOSVEL,115953.000,2552491.311,2460450.448,5284405.231,-0000000.031,-0000000.019,0000000.045*29
$GNRMC,115953.000,A,5619.2208,N,04356.8878,E,0.00,123.52,220626,,,A*77
$ECEFPOSVEL,115954.000,2552491.311,2460450.448,5284405.231,0000000.103,0000000.134,-0000000.084*00
$GNRMC,115954.000,A,5619.2208,N,04356.8878,E,0.00,123.52,220626,,,A*70
$ECEFPOSVEL,115955.000,2552491.311,2460450.448,5284405.231,0000000.119,0000000.002,-0000000.031*00
$GNRMC,115955.000,A,5619.2208,N,04356.8878,E,0.00,123.52,220626,,,A*71
$ECEFPOSVEL,115956.000,2552491.311,2460450.448,5284405.231,0000000.198,-0000000.084,-0000000.006*2D
$GNRMC,115956.000,A,5619.2208,N,04356.8878,E,0.00,123.52,220626,,,A*72
$ECEFPOSVEL,115957.000,2552491.311,2460450.448,5284405.231,0000000.201,0000000.001,-0000000.048*05
$GNRMC,115957.000,A,5619.2208,N,04356.8878,E,0.00,123.52,220626,,,A*73
$ECEFPOSVEL,115958.000,2552491.311,2460450.448,5284405.231,0000000.020,0000000.090,-0000000.028*05
$GNRMC,115958.000,A,5619.2208,N,04356.8878,E,0.00,123.52,220626,,,A*7C
$ECEFPOSVEL,115959.000,2552491.311,2460450.448,5284405.231,0000000.013,0000000.129,0000000.044*20
$GNRMC,115959.000,A,5619.2208,N,04356.8878,E,0.00,123.52,220626,,,A*7D
$ECEFPOSVEL,120000.000,2552491.311,2460450.448,5284405.231,-0000000.025,0000000.090,0000000.043*0F
$GNRMC,120000.000,A,5619.2208,N,04356.8878,E,0.00,123.52,220626,,,A*7E
$ECEFPOSVEL,120001.000,2552491.311,2460450.448,5284405.231,0000000.016,-0000000.022,0000000.047*03
$GNRMC,120001.000,A,5619.2208,N,04356.8878,E,0.00,123.52,220626,,,A*7F
$ECEFPOSVEL,120002.000,2552491.311,2460450.448,5284405.231,0000000.044,-0000000.055,0000000.036*01
$GNRMC,120002.000,A,5619.2208,N,04356.8878,E,0.00,123.52,220626,,,A*7C
$ECEFPOSVEL,120003.000,2552491.311,2460450.448,5284405.231,0000000.057,-0000000.057,0000000.026*01
$GNRMC,120003.000,A,5619.2208,N,04356.8878,E,0.00,123.52,220626,,,A*7D
$ECEFPOSVEL,120004.000,2552491.311,2460450.448,5284405.231,0000000.034,0000000.032,-0000000.002*06
$GNRMC,120004.000,A,5619.2208,N,04356.8878,E,0.00,123.52,220626,,,A*7A
$ECEFPOSVEL,120005.000,2552491.311,2460450.448,5284405.231,-0000000.068,-0000000.004,0000000.074*27
$GNRMC,120005.000,A,5619.2208,N,04356.8878,E,0.00,123.52,220626,,,A*7B
$ECEFPOSVEL,120006.000,2552491.311,2460450.448,5284405.231,-0000000.053,-0000000.028,0000000.077*21
$GNRMC,120006.000,A,5619.2208,N,04356.8878,E,0.00,123.52,220626,,,A*78
$ECEFPOSVEL,120007.000,2552491.311,2460450.448,5284405.231,-0000000.029,0000000.006,0000000.041*09
$GNRMC,120007.000,A,5619.2208,N,04356.8878,E,0.00,123.52,220626,,,A*79
$ECEFPOSVEL,120008.000,2552491.311,2460450.448,5284405.231,-0000000.113,-0000000.040,-0000000.128*02
$GNRMC,120008.000,A,5619.2208,N,04356.8878,E,0.00,123.52,220626,,,A*76
$ECEFPOSVEL,120009.000,2552491.311,2460450.448,5284405.231,0000000.031,0000000.016,-0000000.321*0A
$GNRMC,120009.000,A,5619.2208,N,04356.8878,E,0.00,123.52,220626,,,A*77
$ECEFPOSVEL,120010.000,2552491.311,2460450.448,5284405.231,-0000000.199,-0000000.118,-0000000.058*03
$GNRMC,120010.000,A,5619.2208,N,04356.8878,E,0.00,123.52,220626,,,A*7F
$ECEFPOSVEL,120011.000,2552491.311,2460450.448,5284405.231,-0000000.027,-0000000.079,-0000000.197*02
$GNRMC,120011.000,A,5619.2208,N,04356.8878,E,0.00,123.52,220626,,,A*7E
$ECEFPOSVEL,120012.000,2552491.311,2460450.448,5284405.231,-0000000.023,-0000000.026,-0000000.044*00
$GNRMC,120012.000,A,5619.2208,N,04356.8878,E,0.00,123.52,220626,,,A*7D
$ECEFPOSVEL,120013.000,2552491.311,2460450.448,5284405.231,-0000000.006,-0000000.007,-0000000.023*04
$GNRMC,120013.000,A,5619.2208,N,04356.8878,E,0.00,123.52,220626,,,A*7C
$ECEFPOSVEL,120014.000,2552491.311,2460450.448,5284405.231,-0000000.009,-0000000.003,-0000000.012*0A
$GNRMC,120014.000,A,5619.2208,N,04356.8878,E,0.00,123.52,220626,,,A*7B
$ECEFPOSVEL,120015.000,2552491.311,2460450.448,5284405.231,0000000.007,-0000000.003,-0000000.035*2D
$GNRMC,120015.000,A,5619.2208,N,04356.8878,E,0.00,123.52,220626,,,A*7A
$ECEFPOSVEL,120016.000,2552491.311,2460450.448,5284405.231,-0000000.005,-0000000.006,-0000000.023*03
$GNRMC,120016.000,A,5619.2208,N,04356.8878,E,0.00,123.52,220626,,,A*79
$ECEFPOSVEL,120017.000,2552491.311,2460450.448,5284405.231,-0000000.001,-0000000.003,0000000.016*28
$GNRMC,120017.000,A,5619.2208,N,04356.8878,E,0.00,123.52,220626,,,A*78
$ECEFPOSVEL,120018.000,2552491.311,2460450.448,5284405.231,0000000.002,0000000.005,-0000000.010*09
$GNRMC,120018.000,A,5619.2208,N,04356.8878,E,0.00,123.52,220626,,,A*77
$ECEFPOSVEL,120019.000,2552491.311,2460450.448,5284405.231,-0000000.014,-0000000.006,-0000000.017*0B
$GNRMC,120019.000,A,5619.2208,N,04356.8878,E,0.00,123.52,220626,,,A*76
$ECEFPOSVEL,120020.000,2552491.311,2460450.448,5284405.231,0000000.004,-0000000.003,-0000000.020*2C
$GNRMC,120020.000,A,5619.2208,N,04356.8878,E,0.00,123.52,220626,,,A*7C
$ECEFPOSVEL,120021.000,2552491.311,2460450.448,5284405.231,-0000000.025,-0000000.029,-0000000.043*0E
$GNRMC,120021.000,A,5619.2208,N,04356.8878,E,0.00,123.52,220626,,,A*7D
$ECEFPOSVEL,120022.000,2552491.311,2460450.448,5284405.231,0000000.003,-0000000.009,-0000000.001*20
$GNRMC,120022.000,A,5619.2208,N,04356.8878,E,0.00,123.52,220626,,,A*7E
$ECEFPOSVEL,120023.000,2552491.311,2460450.448,5284405.231,0000000.012,0000000.015,0000000.013*2F
$GNRMC,120023.000,A,5619.2208,N,04356.8878,E,0.00,123.52,220626,,,A*7F
$ECEFPOSVEL,120024.000,2552491.311,2460450.448,5284405.231,-0000000.010,-0000000.006,0000000.010*2B
$GNRMC,120024.000,A,5619.2208,N,04356.8878,E,0.00,123.52,220626,,,A*78
$ECEFPOSVEL,120025.000,2552491.311,2460450.448,5284405.231,0000000.017,0000000.019,0000000.007*25
$GNRMC,120025.000,A,5619.2208,N,04356.8878,E,0.00,123.52,220626,,,A*79
$ECEFPOSVEL,120026.000,2552491.311,2460450.448,5284405.231,-0000000.030,-0000000.009,0000000.034*22
$GNRMC,120026.000,A,5619.2208,N,04356.8878,E,0.00,123.52,220626,,,A*7A
$ECEFPOSVEL,120027.000,2552491.311,2460450.448,5284405.231,0000000.018,0000000.018,0000000.019*26
$GNRMC,120027.000,A,5619.2208,N,04356.8878,E,0.00,123.52,220626,,,A*7B
$ECEFPOSVEL,120028.000,2552491.311,2460450.448,5284405.231,-0000000.004,0000000.003,0000000.002*09
$GNRMC,120028.000,A,5619.2208,N,04356.8878,E,0.00,123.52,220626,,,A*74
$ECEFPOSVEL,120029.000,2552491.311,2460450.448,5284405.231,0000000.015,0000000.014,0000000.031*23
$GNRMC,120029.000,A,5619.2208,N,04356.8878,E,0.00,123.52,220626,,,A*75
$ECEFPOSVEL,120030.000,2552491.311,2460450.448,5284405.231,-0000000.006,0000000.015,0000000.034*00
$GNRMC,120030.000,A,5619.2208,N,04356.8878,E,0.00,123.52,220626,,,A*7D
$ECEFPOSVEL,120031.000,2552491.311,2460450.448,5284405.231,-0000000.006,-0000000.007,-0000000.012*06
$GNRMC,120031.000,A,5619.2208,N,04356.8878,E,0.00,123.52,220626,,,A*7C
$ECEFPOSVEL,120032.000,2552491.311,2460450.448,5284405.231,0000000.014,0000000.013,0000000.015*29
$GNRMC,120032.000,A,5619.2208,N,04356.8878,E,0.00,123.52,220626,,,A*7F
$ECEFPOSVEL,120033.000,2552491.311,2460450.448,5284405.231,0000000.013,0000000.029,0000000.054*23
$GNRMC,120033.000,A,5619.2208,N,04356.8878,E,0.00,123.52,220626,,,A*7E
$ECEFPOSVEL,120034.000,2552491.311,2460450.448,5284405.231,0000000.004,0000000.017,0000000.016*29
$GNRMC,120034.000,A,5619.2208,N,04356.8878,E,0.00,123.52,220626,,,A*79
$ECEFPOSVEL,120035.000,2552491.311,2460450.448,5284405.231,-0000000.026,-0000000.022,-0000000.028*0E
$GNRMC,120035.000,A,5619.2208,N,04356.8878,E,0.00,123.52,220626,,,A*78
$ECEFPOSVEL,120036.000,2552491.311,2460450.448,5284405.231,0000000.033,0000000.022,0000000.018*27
$GNRMC,120036.000,A,5619.2208,N,04356.8878,E,0.00,123.52,220626,,,A*7B
$ECEFPOSVEL,120037.000,2552491.311,2460450.448,5284405.231,-0000000.020,-0000000.001,0000000.024*2A
$GNRMC,120037.000,A,5619.2208,N,04356.8878,E,0.00,123.52,220626,,,A*7A
$ECEFPOSVEL,120038.000,2552491.311,2460450.448,5284405.231,-0000000.024,-0000000.012,0000000.004*21
$GNRMC,120038.000,A,5619.2208,N,04356.8878,E,0.00,123.52,220626,,,A*75
$ECEFPOSVEL,120039.000,2552491.311,2460450.448,5284405.231,0000000.029,0000000.026,0000000.030*2D
$GNRMC,120039.000,A,5619.2208,N,04356.8878,E,0.00,123.52,220626,,,A*74
$ECEFPOSVEL,120040.000,2552491.311,2460450.448,5284405.231,0000000.019,0000000.007,0000000.006*26
$GNRMC,120040.000,A,5619.2208,N,04356.8878,E,0.00,123.52,220626,,,A*7A
$ECEFPOSVEL,120041.000,2552491.311,2460450.448,5284405.231,0000000.013,0000000.021,0000000.017*29
$GNRMC,120041.000,A,5619.2208,N,04356.8878,E,0.00,123.52,220626,,,A*7B
$ECEFPOSVEL,120042.000,2552491.311,2460450.448,5284405.231,0000000.034,0000000.034,0000000.034*2A
$GNRMC,120042.000,A,5619.2208,N,04356.8878,E,0.00,123.52,220626,,,A*78
$ECEFPOSVEL,120043.000,2552491.311,2460450.448,5284405.231,-0000000.037,-0000000.031,-0000000.021*04
$GNRMC,120043.000,A,5619.2208,N,04356.8878,E,0.00,123.52,220626,,,A*79
$ECEFPOSVEL,120044.000,2552491.311,2460450.448,5284405.231,0000000.039,0000000.013,-0000000.066*0E
$GNRMC,120044.000,A,5619.2208,N,04356.8878,E,0.00,123.52,220626,,,A*7E
$ECEFPOSVEL,120045.000,2552491.311,2460450.448,5284405.231,-0000000.001,-0000000.022,-0000000.016*01
$GNRMC,120045.000,A,5619.2208,N,04356.8878,E,0.00,123.52,220626,,,A*7F
$ECEFPOSVEL,120046.000,2552491.311,2460450.448,5284405.231,0000000.021,0000000.033,0000000.030*29
$GNRMC,120046.000,A,5619.2208,N,04356.8878,E,0.00,123.52,220626,,,A*7C
$ECEFPOSVEL,120047.000,2552491.311,2460450.448,5284405.231,0000000.001,0000000.019,0000000.038*2A
$GNRMC,120047.000,A,5619.2208,N,04356.8878,E,0.00,123.52,220626,,,A*7D
$ECEFPOSVEL,120048.000,2552491.311,2460450.448,5284405.231,0000000.006,-0000000.002,-0000000.001*22
$GNRMC,120048.000,A,5619.2208,N,04356.8878,E,0.00,123.52,220626,,,A*72
$ECEFPOSVEL,120049.000,2552491.311,2460450.448,5284405.231,0000000.009,-0000000.005,-0000000.019*22
$GNRMC,120049.000,A,5619.2208,N,04356.8878,E,0.00,123.52,220626,,,A*73
$ECEFPOSVEL,120050.000,2552491.311,2460450.448,5284405.231,-0000000.009,0000000.003,0000000.022*09
$GNRMC,120050.000,A,5619.2208,N,04356.8878,E,0.00,123.52,220626,,,A*7B
$ECEFPOSVEL,120051.000,2552491.311,2460450.448,5284405.231,0000000.011,0000000.005,0000000.012*29
$GNRMC,120051.000,A,5619.2208,N,04356.8878,E,0.00,123.52,220626,,,A*7A
$ECEFPOSVEL,120052.000,2552491.311,2460450.448,5284405.231,0000000.012,0000000.011,-0000000.002*00
$GNRMC,120052.000,A,5619.2208,N,04356.8878,E,0.00,123.52,220626,,,A*79
$ECEFPOSVEL,120053.000,2552491.311,2460450.448,5284405.231,-0000000.008,-0000000.000,0000000.029*2E
$GNRMC,120053.000,A,5619.2208,N,04356.8878,E,0.00,123.52,220626,,,A*78
$ECEFPOSVEL,120054.000,2552491.311,2460450.448,5284405.231,-0000000.012,-0000000.008,0000000.001*20
$GNRMC,120054.000,A,5619.2208,N,04356.8878,E,0.00,123.52,220626,,,A*7F
$ECEFPOSVEL,120055.000,2552491.311,2460450.448,5284405.231,-0000000.004,-0000000.036,-0000000.098*06
$GNRMC,120055.000,A,5619.2208,N,04356.8878,E,0.00,123.52,220626,,,A*7E
$ECEFPOSVEL,120056.000,2552491.311,2460450.448,5284405.231,0000000.005,-0000000.036,-0000000.160*2F
$GNRMC,120056.000,A,5619.2208,N,04356.8878,E,0.00,123.52,220626,,,A*7D
$ECEFPOSVEL,120057.000,2552491.311,2460450.448,5284405.231,0000000.021,-0000000.016,-0000000.103*2F
$GNRMC,120057.000,A,5619.2208,N,04356.8878,E,0.00,123.52,220626,,,A*7C
$ECEFPOSVEL,120058.000,2552491.311,2460450.448,5284405.231,0000000.012,0000000.002,-0000000.075*08
$GNRMC,120058.000,A,5619.2208,N,04356.8878,E,0.00,123.52,220626,,,A*73
$ECEFPOSVEL,120059.000,2552491.311,2460450.448,5284405.231,0000000.055,0000000.098,-0000000.242*0F
$GNRMC,120059.000,A,5619.2208,N,04356.8878,E,0.00,123.52,220626,,,A*72
$ECEFPOSVEL,120100.000,2552491.311,2460450.448,5284405.231,0000000.040,0000000.098,-0000000.194*0E
$GNRMC,120100.000,A,5619.2208,N,04356.8878,E,0.00,123.52,220626,,,A*7F
$ECEFPOSVEL,120101.000,2552491.311,2460450.448,5284405.231,-0000000.046,0000000.026,-0000000.090*24
$GNRMC,120101.000,A,5619.2208,N,04356.8878,E,0.00,123.52,220626,,,A*7E
$ECEFPOSVEL,120102.000,2552491.311,2460450.448,5284405.231,-0000000.019,0000000.333,-0000000.264*23
$GNRMC,120102.000,A,5619.2208,N,04356.8878,E,0.80,142.35,220626,,,A*73
$ECEFPOSVEL,120103.000,2552494.412,2460447.432,5284404.371,0000000.001,0000000.462,-0000000.356*0B
$GNRMC,120103.000,A,5619.2205,N,04356.8836,E,1.11,144.45,220626,,,A*7D
$ECEFPOSVEL,120104.000,2552494.374,2460447.483,5284404.188,0000000.070,0000000.272,-0000000.314*02
$GNRMC,120104.000,A,5619.2205,N,04356.8837,E,0.78,158.49,220626,,,A*74
$ECEFPOSVEL,120105.000,2552494.392,2460447.407,5284404.001,0000000.091,0000000.088,-0000000.242*0D
$GNRMC,120105.000,A,5619.2204,N,04356.8836,E,0.00,158.49,220626,,,A*7A
$ECEFPOSVEL,120106.000,2552494.417,2460447.704,5284403.783,-0000000.044,-0000000.049,0000000.176*22
$GNRMC,120106.000,A,5619.2203,N,04356.8838,E,0.00,158.49,220626,,,A*70
$ECEFPOSVEL,120107.000,2552494.402,2460447.595,5284403.816,-0000000.033,-0000000.069,0000000.196*22
$GNRMC,120107.000,A,5619.2203,N,04356.8838,E,0.00,158.49,220626,,,A*71
$ECEFPOSVEL,120108.000,2552494.402,2460447.595,5284403.816,-0000000.019,0000000.039,0000000.115*06
$GNRMC,120108.000,A,5619.2203,N,04356.8838,E,0.00,158.49,220626,,,A*7E
$ECEFPOSVEL,120109.000,2552494.402,2460447.595,5284403.816,-0000000.035,-0000000.014,0000000.099*2E
$GNRMC,120109.000,A,5619.2203,N,04356.8838,E,0.00,158.49,220626,,,A*7F
$ECEFPOSVEL,120110.000,2552494.402,2460447.595,5284403.816,0000000.011,-0000000.075,0000000.164*09
$GNRMC,120110.000,A,5619.2203,N,04356.8838,E,0.00,158.49,220626,,,A*77
$ECEFPOSVEL,120111.000,2552494.402,2460447.595,5284403.816,-0000000.073,-0000000.103,0000000.147*20
$GNRMC,120111.000,A,5619.2203,N,04356.8838,E,0.00,158.49,220626,,,A*76
$ECEFPOSVEL,120112.000,2552494.402,2460447.595,5284403.816,-0000000.041,-0000000.207,0000000.125*21
$GNRMC,120112.000,A,5619.2203,N,04356.8838,E,0.00,158.49,220626,,,A*75
$ECEFPOSVEL,120113.000,2552494.402,2460447.595,5284403.816,-0000000.058,-0000000.064,0000000.084*25
$GNRMC,120113.000,A,5619.2203,N,04356.8838,E,0.00,158.49,220626,,,A*74
$ECEFPOSVEL,120114.000,2552494.402,2460447.595,5284403.816,-0000000.061,-0000000.084,0000000.082*20
$GNRMC,120114.000,A,5619.2203,N,04356.8838,E,0.00,158.49,220626,,,A*73
$ECEFPOSVEL,120115.000,2552494.402,2460447.595,5284403.816,0000000.002,0000000.053,0000000.098*25
$GNRMC,120115.000,A,5619.2203,N,04356.8838,E,0.00,158.49,220626,,,A*72
$ECEFPOSVEL,120116.000,2552494.402,2460447.595,5284403.816,0000000.032,0000000.025,0000000.058*28
$GNRMC,120116.000,A,5619.2203,N,04356.8838,E,0.00,158.49,220626,,,A*71
$ECEFPOSVEL,120117.000,2552494.402,2460447.595,5284403.816,0000000.000,0000000.041,0000000.032*26
$GNRMC,120117.000,A,5619.2203,N,04356.8838,E,0.00,158.49,220626,,,A*70
$ECEFPOSVEL,120118.000,2552494.402,2460447.595,5284403.816,0000000.008,0000000.004,0000000.034*26
$GNRMC,120118.000,A,5619.2203,N,04356.8838,E,0.00,158.49,220626,,,A*7F
$ECEFPOSVEL,120119.000,2552494.402,2460447.595,5284403.816,-0000000.008,0000000.003,0000000.021*09
$GNRMC,120119.000,A,5619.2203,N,04356.8838,E,0.00,158.49,220626,,,A*7E
$ECEFPOSVEL,120120.000,2552494.402,2460447.595,5284403.816,-0000000.010,-0000000.012,0000000.005*21
$GNRMC,120120.000,A,5619.2203,N,04356.8838,E,0.00,158.49,220626,,,A*74
$ECEFPOSVEL,120121.000,2552494.402,2460447.595,5284403.816,0000000.007,0000000.011,0000000.013*22
$GNRMC,120121.000,A,5619.2203,N,04356.8838,E,0.00,158.49,220626,,,A*75
$ECEFPOSVEL,120122.000,2552494.402,2460447.595,5284403.816,-0000000.009,-0000000.000,0000000.005*28
$GNRMC,120122.000,A,5619.2203,N,04356.8838,E,0.00,158.49,220626,,,A*76
$ECEFPOSVEL,120123.000,2552494.402,2460447.595,5284403.816,0000000.008,-0000000.006,0000000.045*07
$GNRMC,120123.000,A,5619.2203,N,04356.8838,E,0.00,158.49,220626,,,A*77
$ECEFPOSVEL,120124.000,2552494.402,2460447.595,5284403.816,0000000.208,0000000.030,-0000000.034*01
$GNRMC,120124.000,A,5619.2203,N,04356.8838,E,0.00,158.49,220626,,,A*70
$ECEFPOSVEL,120125.000,2552494.402,2460447.595,5284403.816,0000000.069,0000000.038,0000000.008*2F
$GNRMC,120125.000,A,5619.2203,N,04356.8838,E,0.00,158.49,220626,,,A*71
$ECEFPOSVEL,120126.000,2552494.402,2460447.595,5284403.816,0000000.039,-0000000.012,0000000.028*0E
$GNRMC,120126.000,A,5619.2203,N,04356.8838,E,0.00,158.49,220626,,,A*72
$ECEFPOSVEL,120127.000,2552494.402,2460447.595,5284403.816,-0000000.054,-0000000.051,0000000.084*28
$GNRMC,120127.000,A,5619.2203,N,04356.8838,E,0.00,158.49,220626,,,A*73
$ECEFPOSVEL,120128.000,2552494.402,2460447.595,5284403.816,-0000000.138,-0000000.006,0000000.401*27
$GNRMC,120128.000,A,5619.2203,N,04356.8838,E,0.00,158.49,220626,,,A*7C
$ECEFPOSVEL,120129.000,2552494.402,2460447.595,5284403.816,0000000.053,0000000.123,0000000.086*27
$GNRMC,120129.000,A,5619.2203,N,04356.8838,E,0.00,158.49,220626,,,A*7D
$ECEFPOSVEL,120130.000,2552494.402,2460447.595,5284403.816,-0000000.035,0000000.097,-0000000.163*2B
$GNRMC,120130.000,A,5619.2203,N,04356.8838,E,0.00,158.49,220626,,,A*75
$ECEFPOSVEL,120131.000,2552494.402,2460447.595,5284403.816,0000000.077,0000000.081,-0000000.418*0F
$GNRMC,120131.000,A,5619.2203,N,04356.8838,E,0.00,158.49,220626,,,A*74
$ECEFPOSVEL,120132.000,2552494.402,2460447.595,5284403.816,0000000.037,-0000000.060,-0000000.680*29
$GNRMC,120132.000,A,5619.2203,N,04356.8838,E,0.00,158.49,220626,,,A*77
$ECEFPOSVEL,120133.000,2552494.402,2460447.595,5284403.816,-0000000.048,-0000000.095,-0000000.633*0F
$GNRMC,120133.000,A,5619.2203,N,04356.8838,E,0.00,158.49,220626,,,A*76
$ECEFPOSVEL,120134.000,2552494.402,2460447.595,5284403.816,0000000.035,-0000000.014,-0000000.437*20
$GNRMC,120134.000,A,5619.2203,N,04356.8838,E,0.00,158.49,220626,,,A*71
$ECEFPOSVEL,120135.000,2552494.402,2460447.595,5284403.816,0000000.012,-0000000.012,-0000000.275*22
$GNRMC,120135.000,A,5619.2203,N,04356.8838,E,0.00,158.49,220626,,,A*70
$ECEFPOSVEL,120136.000,2552494.402,2460447.595,5284403.816,0000000.048,0000000.094,-0000000.167*0D
$GNRMC,120136.000,A,5619.2203,N,04356.8838,E,0.00,158.49,220626,,,A*73
$ECEFPOSVEL,120137.000,2552494.402,2460447.595,5284403.816,0000000.000,0000000.083,-0000000.081*0F
$GNRMC,120137.000,A,5619.2203,N,04356.8838,E,0.00,158.49,220626,,,A*72
$ECEFPOSVEL,120138.000,2552494.402,2460447.595,5284403.816,0000000.002,0000000.081,-0000000.068*07
$GNRMC,120138.000,A,5619.2203,N,04356.8838,E,0.00,158.49,220626,,,A*7D
$ECEFPOSVEL,120139.000,2552494.402,2460447.595,5284403.816,0000000.077,0000000.017,-0000000.066*05
$GNRMC,120139.000,A,5619.2203,N,04356.8838,E,0.00,158.49,220626,,,A*7C
$ECEFPOSVEL,120140.000,2552494.402,2460447.595,5284403.816,0000000.084,0000000.009,-0000000.254*0B
$GNRMC,120140.000,A,5619.2203,N,04356.8838,E,0.00,158.49,220626,,,A*72
$ECEFPOSVEL,120141.000,2552494.402,2460447.595,5284403.816,0000000.060,-0000000.020,-0000000.154*25
$GNRMC,120141.000,A,5619.2203,N,04356.8838,E,0.00,158.49,220626,,,A*73
$ECEFPOSVEL,120142.000,2552494.402,2460447.595,5284403.816,0000000.054,-0000000.121,-0000000.189*21
$GNRMC,120142.000,A,5619.2203,N,04356.8838,E,0.00,158.49,220626,,,A*70
$ECEFPOSVEL,120143.000,2552494.402,2460447.595,5284403.816,-0000000.015,-0000000.082,-0000000.307*04
$GNRMC,120143.000,A,5619.2203,N,04356.8838,E,0.00,158.49,220626,,,A*71
$ECEFPOSVEL,120144.000,2552494.402,2460447.595,5284403.816,0000000.096,-0000000.136,-0000000.700*28
$GNRMC,120144.000,A,5619.2203,N,04356.8838,E,0.78,204.18,220626,,,A*77
$ECEFPOSVEL,120145.000,2552494.402,2460447.595,5284403.816,-0000000.144,-0000000.191,-0000000.652*01
$GNRMC,120145.000,A,5619.2203,N,04356.8838,E,0.00,158.49,220626,,,A*77
$ECEFPOSVEL,120146.000,2552494.402,2460447.595,5284403.816,-0000000.121,-0000000.040,-0000000.327*0B
$GNRMC,120146.000,A,5619.2203,N,04356.8838,E,0.00,158.49,220626,,,A*74
$ECEFPOSVEL,120147.000,2552494.402,2460447.595,5284403.816,0000000.062,0000000.097,-0000000.043*07
$GNRMC,120147.000,A,5619.2203,N,04356.8838,E,0.00,158.49,220626,,,A*75
$ECEFPOSVEL,120148.000,2552494.402,2460447.595,5284403.816,0000000.042,-0000000.124,0000000.094*09
$GNRMC,120148.000,A,5619.2203,N,04356.8838,E,0.00,158.49,220626,,,A*7A
$ECEFPOSVEL,120149.000,2552494.402,2460447.595,5284403.816,0000000.008,-0000000.118,0000000.141*00
$GNRMC,120149.000,A,5619.2203,N,04356.8838,E,0.00,158.49,220626,,,A*7B
$ECEFPOSVEL,120150.000,2552494.402,2460447.595,5284403.816,-0000000.109,-0000000.140,0000000.248*22
$GNRMC,120150.000,A,5619.2203,N,04356.8838,E,0.00,158.49,220626,,,A*73
$ECEFPOSVEL,120151.000,2552494.402,2460447.595,5284403.816,-0000000.051,-0000000.137,0000000.171*26
$GNRMC,120151.000,A,5619.2203,N,04356.8838,E,0.00,158.49,220626,,,A*72
$ECEFPOSVEL,120152.000,2552494.402,2460447.595,5284403.816,-0000000.066,-0000000.182,0000000.172*2C
$GNRMC,120152.000,A,5619.2203,N,04356.8838,E,0.00,158.49,220626,,,A*71
$ECEFPOSVEL,120153.000,2552494.402,2460447.595,5284403.816,-0000000.065,-0000000.141,0000000.135*22
$GNRMC,120153.000,A,5619.2203,N,04356.8838,E,0.00,158.49,220626,,,A*70
$ECEFPOSVEL,120154.000,2552494.402,2460447.595,5284403.816,-0000000.151,-0000000.041,0000000.215*23
$GNRMC,120154.000,A,5619.2203,N,04356.8838,E,0.00,158.49,220626,,,A*77
$ECEFPOSVEL,120155.000,2552494.402,2460447.595,5284403.816,-0000000.079,0000000.109,0000000.224*0B
$GNRMC,120155.000,A,5619.2203,N,04356.8838,E,0.00,158.49,220626,,,A*76
$ECEFPOSVEL,120156.000,2552494.402,2460447.595,5284403.816,0000000.044,-0000000.172,0000000.192*04
$GNRMC,120156.000,A,5619.2203,N,04356.8838,E,0.00,158.49,220626,,,A*75
$ECEFPOSVEL,120157.000,2552494.402,2460447.595,5284403.816,0000000.140,-0000000.375,0000000.219*05
$GNRMC,120157.000,A,5619.2203,N,04356.8838,E,0.87,304.65,220626,,,A*7E
$ECEFPOSVEL,120158.000,2552494.402,2460447.595,5284403.816,-0000000.021,-0000000.120,0000000.227*2E
$GNRMC,120158.000,A,5619.2203,N,04356.8838,E,0.00,158.49,220626,,,A*7B
$ECEFPOSVEL,120159.000,2552494.402,2460447.595,5284403.816,-0000000.144,-0000000.010,0000000.233*2A
$GNRMC,120159.000,A,5619.2203,N,04356.8838,E,0.00,158.49,220626,,,A*7A
$ECEFPOSVEL,120200.000,2552494.402,2460447.595,5284403.816,-0000000.095,0000000.111,0000000.122*06
$GNRMC,120200.000,A,5619.2203,N,04356.8838,E,0.00,158.49,220626,,,A*75
$ECEFPOSVEL,120201.000,2552494.402,2460447.595,5284403.816,-0000000.030,0000000.032,0000000.080*01
$GNRMC,120201.000,A,5619.2203,N,04356.8838,E,0.00,158.49,220626,,,A*74
$ECEFPOSVEL,120202.000,2552494.402,2460447.595,5284403.816,0000000.127,-0000000.015,0000000.003*0B
$GNRMC,120202.000,A,5619.2203,N,04356.8838,E,0.00,158.49,220626,,,A*77
$ECEFPOSVEL,120203.000,2552494.402,2460447.595,5284403.816,0000000.161,0000000.024,-0000000.048*05
$GNRMC,120203.000,A,5619.2203,N,04356.8838,E,0.00,158.49,220626,,,A*76
$ECEFPOSVEL,120204.000,2552494.402,2460447.595,5284403.816,0000000.126,-0000000.041,-0000000.007*24
$GNRMC,120204.000,A,5619.2203,N,04356.8838,E,0.00,158.49,220626,,,A*71
$ECEFPOSVEL,120205.000,2552494.402,2460447.595,5284403.816,-0000000.039,-0000000.022,0000000.052*2F
$GNRMC,120205.000,A,5619.2203,N,04356.8838,E,0.00,158.49,220626,,,A*70
$ECEFPOSVEL,120206.000,2552494.402,2460447.595,5284403.816,-0000000.065,0000000.000,0000000.047*0C
$GNRMC,120206.000,A,5619.2203,N,04356.8838,E,0.00,158.49,220626,,,A*73
$ECEFPOSVEL,120207.000,2552494.402,2460447.595,5284403.816,-0000000.035,-0000000.055,0000000.056*25
$GNRMC,120207.000,A,5619.2203,N,04356.8838,E,0.00,158.49,220626,,,A*72
$ECEFPOSVEL,120208.000,2552494.402,2460447.595,5284403.816,0000000.389,0000000.004,0000000.224*2D
$GNRMC,120208.000,A,5619.2203,N,04356.8838,E,0.00,158.49,220626,,,A*7D
$ECEFPOSVEL,120209.000,2552494.402,2460447.595,5284403.816,0000000.378,-0000000.104,0000000.169*04
$GNRMC,120209.000,A,5619.2203,N,04356.8838,E,0.00,158.49,220626,,,A*7C
$ECEFPOSVEL,120210.000,2552494.402,2460447.595,5284403.816,0000000.277,0000000.108,-0000000.056*03
$GNRMC,120210.000,A,5619.2203,N,04356.8838,E,0.00,158.49,220626,,,A*74
$ECEFPOSVEL,120211.000,2552494.402,2460447.595,5284403.816,-0000000.064,-0000000.048,-0000000.061*03
$GNVTG,158.49,T,,M,0.00,N,0.00,K,A*22
$ECEFPOSVEL,120212.000,2552494.402,2460447.595,5284403.816,-0000000.168,-0000000.054,-0000000.111*06
$GNVTG,158.49,T,,M,0.00,N,0.00,K,A*22
$ECEFPOSVEL,120213.000,2552494.402,2460447.595,5284403.816,-0000000.514,-0000000.129,0000000.014*2A
$GNVTG,34.06,T,,M,0.92,N,1.70,K,A*1F
$ECEFPOSVEL,120214.000,2552494.032,2460446.319,5284402.917,-0000000.626,0000000.119,-0000000.068*22
$GNRMC,120214.000,A,5619.2205,N,04356.8831,E,1.14,62.66,220626,,,A*4E
$ECEFPOSVEL,120215.000,2552493.533,2460446.473,5284402.857,-0000000.445,0000000.457,-0000000.192*22
$GNRMC,120215.000,A,5619.2206,N,04356.8836,E,1.26,99.25,220626,,,A*49
$ECEFPOSVEL,120216.000,2552493.224,2460446.742,5284402.674,-0000000.390,0000000.341,-0000000.226*2D
$GNRMC,120216.000,A,5619.2206,N,04356.8840,E,1.02,99.69,220626,,,A*45
$ECEFPOSVEL,120217.000,2552492.772,2460446.693,5284402.653,-0000000.394,0000000.138,-0000000.150*29
$GNRMC,120217.000,A,5619.2208,N,04356.8842,E,0.00,78.95,220626,,,A*47
$ECEFPOSVEL,120218.000,2552492.397,2460446.475,5284402.666,-0000000.385,0000000.041,-0000000.119*27
$GNRMC,120218.000,A,5619.2210,N,04356.8843,E,0.00,64.56,220626,,,A*42
$ECEFPOSVEL,120219.000,2552492.229,2460446.113,5284402.710,-0000000.250,0000000.292,-0000000.254*28
$GNRMC,120219.000,A,5619.2211,N,04356.8842,E,0.81,112.55,220626,,,A*79
$ECEFPOSVEL,120220.000,2552492.229,2460446.113,5284402.710,-0000000.183,0000000.203,-0000000.278*29
$GNRMC,120220.000,A,5619.2211,N,04356.8842,E,0.00,112.55,220626,,,A*7A
$ECEFPOSVEL,120221.000,2552492.229,2460446.113,5284402.710,-0000000.087,0000000.078,-0000000.273*28
$GNRMC,120221.000,A,5619.2211,N,04356.8842,E,0.00,112.55,220626,,,A*7B
$ECEFPOSVEL,120222.000,2552492.229,2460446.113,5284402.710,-0000000.158,0000000.061,-0000000.126*23
$GNRMC,120222.000,A,5619.2211,N,04356.8842,E,0.00,112.55,220626,,,A*78
$ECEFPOSVEL,120223.000,2552492.229,2460446.113,5284402.710,-0000000.113,0000000.075,-0000000.120*2E
$GNRMC,120223.000,A,5619.2211,N,04356.8842,E,0.00,112.55,220626,,,A*79
$ECEFPOSVEL,120224.000,2552492.229,2460446.113,5284402.710,0000000.008,0000000.034,-0000000.131*0A
$GNRMC,120224.000,A,5619.2211,N,04356.8842,E,0.00,112.55,220626,,,A*7E
$ECEFPOSVEL,120225.000,2552492.229,2460446.113,5284402.710,0000000.131,0000000.089,-0000000.201*06
$GNRMC,120225.000,A,5619.2211,N,04356.8842,E,0.00,112.55,220626,,,A*7F
$ECEFPOSVEL,120226.000,2552492.229,2460446.113,5284402.710,0000000.126,0000000.081,-0000000.173*0D
$GNRMC,120226.000,A,5619.2211,N,04356.8842,E,0.00,112.55,220626,,,A*7C
$ECEFPOSVEL,120227.000,2552492.229,2460446.113,5284402.710,0000000.054,0000000.027,0000000.041*29
$GNRMC,120227.000,A,5619.2211,N,04356.8842,E,0.00,112.55,220626,,,A*7D
$ECEFPOSVEL,120228.000,2552492.229,2460446.113,5284402.710,-0000000.111,-0000000.035,0000000.400*24
$GNRMC,120228.000,A,5619.2211,N,04356.8842,E,0.00,112.55,220626,,,A*72
$ECEFPOSVEL,120229.000,2552492.229,2460446.113,5284402.710,-0000000.094,-0000000.052,0000000.379*21
$GNRMC,120229.000,A,5619.2211,N,04356.8842,E,0.00,112.55,220626,,,A*73
$ECEFPOSVEL,120230.000,2552492.229,2460446.113,5284402.710,-0000000.137,-0000000.191,0000000.325*26
$GNRMC,120230.000,A,5619.2211,N,04356.8842,E,0.00,112.55,220626,,,A*7B
$ECEFPOSVEL,120231.000,2552492.229,2460446.113,5284402.710,-0000000.227,-0000000.047,0000000.470*28
$GNRMC,120231.000,A,5619.2211,N,04356.8842,E,0.86,16.23,220626,,,A*40
$ECEFPOSVEL,120232.000,2552492.229,2460446.113,5284402.710,-0000000.023,0000000.076,0000000.334*05
$GNRMC,120232.000,A,5619.2211,N,04356.8842,E,0.00,112.55,220626,,,A*79
$ECEFPOSVEL,120233.000,2552492.229,2460446.113,5284402.710,-0000000.033,-0000000.046,0000000.254*2C
$GNRMC,120233.000,A,5619.2211,N,04356.8842,E,0.00,112.55,220626,,,A*78
$ECEFPOSVEL,120234.000,2552492.229,2460446.113,5284402.710,-0000000.133,-0000000.078,0000000.242*20
$GNRMC,120234.000,A,5619.2211,N,04356.8842,E,0.00,112.55,220626,,,A*7F
$ECEFPOSVEL,120235.000,2552492.229,2460446.113,5284402.710,-0000000.131,-0000000.150,0000000.258*23
$GNRMC,120235.000,A,5619.2211,N,04356.8842,E,0.00,112.55,220626,,,A*7E
$ECEFPOSVEL,120236.000,2552492.229,2460446.113,5284402.710,-0000000.102,-0000000.073,0000000.214*28
$GNRMC,120236.000,A,5619.2211,N,04356.8842,E,0.00,112.55,220626,,,A*7D
$ECEFPOSVEL,120237.000,2552492.229,2460446.113,5284402.710,-0000000.108,-0000000.053,0000000.169*28
$GNRMC,120237.000,A,5619.2211,N,04356.8842,E,0.00,112.55,220626,,,A*7C
$ECEFPOSVEL,120238.000,2552492.229,2460446.113,5284402.710,-0000000.063,-0000000.093,0000000.140*2C
$GNRMC,120238.000,A,5619.2211,N,04356.8842,E,0.00,112.55,220626,,,A*73
$ECEFPOSVEL,120239.000,2552492.229,2460446.113,5284402.710,0000000.011,-0000000.053,0000000.216*09
$GNRMC,120239.000,A,5619.2211,N,04356.8842,E,0.00,112.55,220626,,,A*72
$ECEFPOSVEL,120240.000,2552492.229,2460446.113,5284402.710,0000000.061,0000000.062,0000000.052*2D
$GNRMC,120240.000,A,5619.2211,N,04356.8842,E,0.00,112.55,220626,,,A*7C
$ECEFPOSVEL,120241.000,2552492.229,2460446.113,5284402.710,-0000000.073,-0000000.023,0000000.098*2C
$GNRMC,120241.000,A,5619.2211,N,04356.8842,E,0.00,112.55,220626,,,A*7D
$ECEFPOSVEL,120242.000,2552492.229,2460446.113,5284402.710,-0000000.038,-0000000.052,0000000.090*2E
$GNRMC,120242.000,A,5619.2211,N,04356.8842,E,0.00,112.55,220626,,,A*7E
$ECEFPOSVEL,120243.000,2552492.229,2460446.113,5284402.710,-0000000.003,0000000.047,0000000.005*02
$GNRMC,120243.000,A,5619.2211,N,04356.8842,E,0.00,112.55,220626,,,A*7F
$ECEFPOSVEL,120244.000,2552492.229,2460446.113,5284402.710,0000000.141,0000000.039,-0000000.076*0F
$GNRMC,120244.000,A,5619.2211,N,04356.8842,E,0.00,112.55,220626,,,A*78
$ECEFPOSVEL,120245.000,2552492.229,2460446.113,5284402.710,0000000.015,0000000.072,-0000000.042*06
$GNRMC,120245.000,A,5619.2211,N,04356.8842,E,0.00,112.55,220626,,,A*79
$ECEFPOSVEL,120246.000,2552492.229,2460446.113,5284402.710,0000000.093,0000000.033,-0000000.065*0B
$GNRMC,120246.000,A,5619.2211,N,04356.8842,E,0.00,112.55,220626,,,A*7A
$ECEFPOSVEL,120247.000,2552492.229,2460446.113,5284402.710,0000000.110,0000000.068,-0000000.088*0D
$GNRMC,120247.000,A,5619.2211,N,04356.8842,E,0.00,112.55,220626,,,A*7B
$ECEFPOSVEL,120248.000,2552492.229,2460446.113,5284402.710,0000000.035,0000000.048,-0000000.035*00
$GNRMC,120248.000,A,5619.2211,N,04356.8842,E,0.00,112.55,220626,,,A*74
$ECEFPOSVEL,120249.000,2552492.229,2460446.113,5284402.710,0000000.104,0000000.228,0000000.411*29
$GNRMC,120249.000,A,5619.2211,N,04356.8842,E,0.00,112.55,220626,,,A*75
$ECEFPOSVEL,120250.000,2552492.229,2460446.113,5284402.710,-0000000.003,0000000.274,0000000.333*04
$GNRMC,120250.000,A,5619.2211,N,04356.8842,E,0.00,112.55,220626,,,A*7D
$ECEFPOSVEL,120251.000,2552492.229,2460446.113,5284402.710,-0000000.032,0000000.134,0000000.186*0C
$GNRMC,120251.000,A,5619.2211,N,04356.8842,E,0.00,112.55,220626,,,A*7C
$ECEFPOSVEL,120252.000,2552492.229,2460446.113,5284402.710,0000000.005,-0000000.105,-0000000.184*26
$GNRMC,120252.000,A,5619.2211,N,04356.8842,E,0.00,112.55,220626,,,A*7F
$ECEFPOSVEL,120253.000,2552492.229,2460446.113,5284402.710,0000000.093,-0000000.050,-0000000.163*20
$GNRMC,120253.000,A,5619.2211,N,04356.8842,E,0.00,112.55,220626,,,A*7E
$ECEFPOSVEL,120254.000,2552492.229,2460446.113,5284402.710,0000000.144,0000000.019,-0000000.395*07
$GNRMC,120254.000,A,5619.2211,N,04356.8842,E,0.00,112.55,220626,,,A*79
$ECEFPOSVEL,120255.000,2552492.229,2460446.113,5284402.710,-0000000.123,-0000000.098,-0000000.327*07
$GNVTG,112.55,T,,M,0.00,N,0.00,K,A*21
$ECEFPOSVEL,120256.000,2552492.229,2460446.113,5284402.710,-0000000.139,-0000000.136,-0000000.272*0B
$GNVTG,112.55,T,,M,0.00,N,0.00,K,A*21
$ECEFPOSVEL,120257.000,2552492.229,2460446.113,5284402.710,-0000000.120,-0000000.114,-0000000.239*0D
$GNVTG,112.55,T,,M,0.00,N,0.00,K,A*21
$ECEFPOSVEL,120258.000,2552492.229,2460446.113,5284402.710,-0000000.095,-0000000.085,-0000000.195*01
$GNVTG,112.55,T,,M,0.00,N,0.00,K,A*21
$ECEFPOSVEL,120259.000,2552492.229,2460446.113,5284402.710,0000000.002,-0000000.032,-0000000.155*23
$GNRMC,120259.000,A,5619.2211,N,04356.8842,E,0.00,112.55,220626,,,A*74
$ECEFPOSVEL,120300.000,2552492.229,2460446.113,5284402.710,0000000.050,0000000.009,-0000000.139*06
$GNRMC,120300.000,A,5619.2211,N,04356.8842,E,0.00,112.55,220626,,,A*79
$ECEFPOSVEL,120301.000,2552492.229,2460446.113,5284402.710,-0000000.052,-0000000.153,-0000000.028*0A
$GNVTG,112.55,T,,M,0.00,N,0.00,K,A*21
$ECEFPOSVEL,120302.000,2552492.229,2460446.113,5284402.710,-0000000.043,-0000000.049,-0000000.067*08
$GNVTG,112.55,T,,M,0.00,N,0.00,K,A*21
$ECEFPOSVEL,120303.000,2552492.229,2460446.113,5284402.710,-0000000.017,-0000000.003,-0000000.063*02
$GNVTG,112.55,T,,M,0.00,N,0.00,K,A*21
$ECEFPOSVEL,120304.000,2552492.229,2460446.113,5284402.710,0000000.011,-0000000.014,-0000000.052*2A
$GNRMC,120304.000,A,5619.2211,N,04356.8842,E,0.00,112.55,220626,,,A*7D
$ECEFPOSVEL,120305.000,2552492.229,2460446.113,5284402.710,0000000.077,0000000.002,-0000000.088*06
$GNRMC,120305.000,A,5619.2211,N,04356.8842,E,0.00,112.55,220626,,,A*7C
$ECEFPOSVEL,120306.000,2552492.229,2460446.113,5284402.710,0000000.087,0000000.016,-0000000.168*00
$GNRMC,120306.000,A,5619.2211,N,04356.8842,E,0.00,112.55,220626,,,A*7F
$ECEFPOSVEL,120307.000,2552492.229,2460446.113,5284402.710,-0000000.043,-0000000.053,-0000000.032*06
$GNRMC,120307.000,A,5619.2211,N,04356.8842,E,0.00,112.55,220626,,,A*7E
$ECEFPOSVEL,120308.000,2552492.229,2460446.113,5284402.710,-0000000.112,-0000000.075,0000000.041*21
$GNRMC,120308.000,A,5619.2211,N,04356.8842,E,0.00,112.55,220626,,,A*71
$ECEFPOSVEL,120309.000,2552492.229,2460446.113,5284402.710,-0000000.172,-0000000.142,0000000.121*24
$GNRMC,120309.000,A,5619.2211,N,04356.8842,E,0.00,112.55,220626,,,A*70
$ECEFPOSVEL,120310.000,2552492.229,2460446.113,5284402.710,-0000000.116,-0000000.150,0000000.179*20
$GNRMC,120310.000,A,5619.2211,N,04356.8842,E,0.00,112.55,220626,,,A*78
$ECEFPOSVEL,120311.000,2552492.229,2460446.113,5284402.710,-0000000.022,-0000000.117,0000000.117*2C
$GNRMC,120311.000,A,5619.2211,N,04356.8842,E,0.00,112.55,220626,,,A*79
$ECEFPOSVEL,120312.000,2552492.229,2460446.113,5284402.710,0000000.051,-0000000.064,0000000.076*05
$GNRMC,120312.000,A,5619.2211,N,04356.8842,E,0.00,112.55,220626,,,A*7A
$ECEFPOSVEL,120313.000,2552492.229,2460446.113,5284402.710,0000000.198,-0000000.049,0000000.021*0D
$GNRMC,120313.000,A,5619.2211,N,04356.8842,E,0.00,112.55,220626,,,A*7B
$ECEFPOSVEL,120314.000,2552492.229,2460446.113,5284402.710,0000000.057,-0000000.076,0000000.072*02
$GNRMC,120314.000,A,5619.2211,N,04356.8842,E,0.00,112.55,220626,,,A*7C
$ECEFPOSVEL,120315.000,2552492.229,2460446.113,5284402.710,0000000.058,-0000000.053,0000000.073*0A
$GNRMC,120315.000,A,5619.2211,N,04356.8842,E,0.00,112.55,220626,,,A*7D
$ECEFPOSVEL,120316.000,2552492.229,2460446.113,5284402.710,0000000.019,-0000000.076,0000000.084*03
$GNRMC,120316.000,A,5619.2211,N,04356.8842,E,0.00,112.55,220626,,,A*7E
$ECEFPOSVEL,120317.000,2552492.229,2460446.113,5284402.710,-0000000.015,-0000000.085,0000000.091*2B
$GNRMC,120317.000,A,5619.2211,N,04356.8842,E,0.00,112.55,220626,,,A*7F
$ECEFPOSVEL,120318.000,2552492.229,2460446.113,5284402.710,-0000000.191,0000000.022,0000000.156*03
$GNRMC,120318.000,A,5619.2211,N,04356.8842,E,0.00,112.55,220626,,,A*70
$ECEFPOSVEL,120319.000,2552492.229,2460446.113,5284402.710,-0000000.060,-0000000.007,0000000.086*2B
$GNRMC,120319.000,A,5619.2211,N,04356.8842,E,0.00,112.55,220626,,,A*71
$ECEFPOSVEL,120320.000,2552492.229,2460446.113,5284402.710,-0000000.148,0000000.003,0000000.110*0D
$GNRMC,120320.000,A,5619.2211,N,04356.8842,E,0.00,112.55,220626,,,A*7B
$ECEFPOSVEL,120321.000,2552492.229,2460446.113,5284402.710,-0000000.133,-0000000.045,0000000.115*2A
$GNRMC,120321.000,A,5619.2211,N,04356.8842,E,0.00,112.55,220626,,,A*7A
$ECEFPOSVEL,120322.000,2552492.229,2460446.113,5284402.710,-0000000.256,-0000000.137,0000000.216*2D
$GNRMC,120322.000,A,5619.2211,N,04356.8842,E,0.00,112.55,220626,,,A*79
$ECEFPOSVEL,120323.000,2552492.229,2460446.113,5284402.710,-0000000.161,-0000000.225,0000000.204*28
$GNRMC,120323.000,A,5619.2211,N,04356.8842,E,0.00,112.55,220626,,,A*78
$ECEFPOSVEL,120324.000,2552492.229,2460446.113,5284402.710,-0000000.042,-0000000.072,0000000.088*29
$GNRMC,120324.000,A,5619.2211,N,04356.8842,E,0.00,112.55,220626,,,A*7F
$ECEFPOSVEL,120325.000,2552492.229,2460446.113,5284402.710,0000000.110,-0000000.018,-0000000.025*25
$GNRMC,120325.000,A,5619.2211,N,04356.8842,E,0.00,112.55,220626,,,A*7E
$ECEFPOSVEL,120326.000,2552492.229,2460446.113,5284402.710,0000000.112,0000000.098,-0000000.085*0B
$GNRMC,120326.000,A,5619.2211,N,04356.8842,E,0.00,112.55,220626,,,A*7D
$ECEFPOSVEL,120327.000,2552492.229,2460446.113,5284402.710,0000000.114,0000000.113,-0000000.095*0F
$GNRMC,120327.000,A,5619.2211,N,04356.8842,E,0.00,112.55,220626,,,A*7C
$ECEFPOSVEL,120328.000,2552492.229,2460446.113,5284402.710,0000000.198,0000000.185,-0000000.061*00
$GNRMC,120328.000,A,5619.2211,N,04356.8842,E,0.00,112.55,220626,,,A*73
$ECEFPOSVEL,120329.000,2552492.229,2460446.113,5284402.710,0000000.162,0000000.181,0000000.086*24
$GNRMC,120329.000,A,5619.2211,N,04356.8842,E,0.00,112.55,220626,,,A*72
$ECEFPOSVEL,120330.000,2552492.229,2460446.113,5284402.710,0000000.083,0000000.140,0000000.444*25
$GNRMC,120330.000,A,5619.2211,N,04356.8842,E,0.00,112.55,220626,,,A*7A
$ECEFPOSVEL,120331.000,2552492.229,2460446.113,5284402.710,0000000.052,0000000.035,0000000.365*2F
$GNRMC,120331.000,A,5619.2211,N,04356.8842,E,0.00,112.55,220626,,,A*7B
$ECEFPOSVEL,120332.000,2552492.229,2460446.113,5284402.710,-0000000.035,0000000.160,0000000.149*0D
$GNRMC,120332.000,A,5619.2211,N,04356.8842,E,0.00,112.55,220626,,,A*78
$ECEFPOSVEL,120333.000,2552492.229,2460446.113,5284402.710,-0000000.079,0000000.193,0000000.035*02
$GNRMC,120333.000,A,5619.2211,N,04356.8842,E,0.00,112.55,220626,,,A*79
$ECEFPOSVEL,120334.000,2552492.229,2460446.113,5284402.710,-0000000.170,0000000.231,0000000.017*06
$GNRMC,120334.000,A,5619.2211,N,04356.8842,E,0.00,112.55,220626,,,A*7E
$ECEFPOSVEL,120335.000,2552492.229,2460446.113,5284402.710,-0000000.173,0000000.192,0000000.005*0D
$GNRMC,120335.000,A,5619.2211,N,04356.8842,E,0.00,112.55,220626,,,A*7F
$ECEFPOSVEL,120336.000,2552492.229,2460446.113,5284402.710,-0000000.164,0000000.160,0000000.008*08
$GNRMC,120336.000,A,5619.2211,N,04356.8842,E,0.00,112.55,220626,,,A*7C
$ECEFPOSVEL,120337.000,2552492.229,2460446.113,5284402.710,-0000000.123,-0000000.127,-0000000.059*0D
$GNRMC,120337.000,A,5619.2211,N,04356.8842,E,0.00,112.55,220626,,,A*7D
$ECEFPOSVEL,120338.000,2552492.229,2460446.113,5284402.710,-0000000.226,-0000000.175,0000000.026*26
$GNRMC,120338.000,A,5619.2211,N,04356.8842,E,0.00,112.55,220626,,,A*72
$ECEFPOSVEL,120339.000,2552492.229,2460446.113,5284402.710,-0000000.230,-0000000.058,0000000.020*28
$GNRMC,120339.000,A,5619.2211,N,04356.8842,E,0.00,112.55,220626,,,A*73
$ECEFPOSVEL,120340.000,2552492.229,2460446.113,5284402.710,-0000000.150,-0000000.008,-0000000.005*0C
$GNVTG,112.55,T,,M,0.00,N,0.00,K,A*21
$ECEFPOSVEL,120341.000,2552492.229,2460446.113,5284402.710,-0000000.042,0000000.019,-0000000.041*22
$GNRMC,120341.000,A,5619.2211,N,04356.8842,E,0.00,112.55,220626,,,A*7C
$ECEFPOSVEL,120342.000,2552492.229,2460446.113,5284402.710,-0000000.031,0000000.055,-0000000.048*24
$GNRMC,120342.000,A,5619.2211,N,04356.8842,E,0.00,112.55,220626,,,A*7F
$ECEFPOSVEL,120343.000,2552492.229,2460446.113,5284402.710,-0000000.095,0000000.085,-0000000.023*2B
$GNRMC,120343.000,A,5619.2211,N,04356.8842,E,0.00,112.55,220626,,,A*7E
$ECEFPOSVEL,120344.000,2552492.229,2460446.113,5284402.710,-0000000.001,0000000.048,-0000000.046*23
$GNRMC,120344.000,A,5619.2211,N,04356.8842,E,0.00,112.55,220626,,,A*79
$ECEFPOSVEL,120345.000,2552492.229,2460446.113,5284402.710,0000000.044,0000000.044,-0000000.060*06
$GNRMC,120345.000,A,5619.2211,N,04356.8842,E,0.00,112.55,220626,,,A*78
$ECEFPOSVEL,120346.000,2552492.229,2460446.113,5284402.710,-0000000.031,0000000.151,-0000000.076*28
$GNRMC,120346.000,A,5619.2211,N,04356.8842,E,0.00,112.55,220626,,,A*7B
$ECEFPOSVEL,120347.000,2552492.229,2460446.113,5284402.710,-0000000.209,0000000.432,-0000000.196*2F
$GNRMC,120347.000,A,5619.2211,N,04356.8842,E,0.99,117.05,220626,,,A*7A
$ECEFPOSVEL,120348.000,2552492.229,2460446.113,5284402.710,-0000000.173,0000000.098,-0000000.124*23
$GNRMC,120348.000,A,5619.2211,N,04356.8842,E,0.00,112.55,220626,,,A*75
$ECEFPOSVEL,120349.000,2552492.229,2460446.113,5284402.710,-0000000.101,-0000000.029,-0000000.049*0A
$GNRMC,120349.000,A,5619.2211,N,04356.8842,E,0.00,112.55,220626,,,A*74
$ECEFPOSVEL,120350.000,2552492.229,2460446.113,5284402.710,-0000000.065,-0000000.085,0000000.001*26
$GNRMC,120350.000,A,5619.2211,N,04356.8842,E,0.00,112.55,220626,,,A*7C
$ECEFPOSVEL,120351.000,2552492.229,2460446.113,5284402.710,0000000.004,-0000000.164,0000000.028*08
$GNRMC,120351.000,A,5619.2211,N,04356.8842,E,0.00,112.55,220626,,,A*7D
$ECEFPOSVEL,120352.000,2552492.229,2460446.113,5284402.710,0000000.039,-0000000.212,0000000.081*04
$GNRMC,120352.000,A,5619.2211,N,04356.8842,E,0.00,112.55,220626,,,A*7E
$ECEFPOSVEL,120353.000,2552492.229,2460446.113,5284402.710,0000000.195,-0000000.147,0000000.014*0D
$GNRMC,120353.000,A,5619.2211,N,04356.8842,E,0.00,112.55,220626,,,A*7F
$ECEFPOSVEL,120354.000,2552492.229,2460446.113,5284402.710,-0000000.020,-0000000.134,0000000.108*20
$GNRMC,120354.000,A,5619.2211,N,04356.8842,E,0.00,112.55,220626,,,A*78
$ECEFPOSVEL,120355.000,2552492.229,2460446.113,5284402.710,-0000000.069,-0000000.047,0000000.086*2E
$GNRMC,120355.000,A,5619.2211,N,04356.8842,E,0.00,112.55,220626,,,A*79
$ECEFPOSVEL,120356.000,2552492.229,2460446.113,5284402.710,-0000000.040,-0000000.017,0000000.066*2D
$GNRMC,120356.000,A,5619.2211,N,04356.8842,E,0.00,112.55,220626,,,A*7A
$ECEFPOSVEL,120357.000,2552492.229,2460446.113,5284402.710,0000000.082,0000000.157,-0000000.055*0A
$GNRMC,120357.000,A,5619.2211,N,04356.8842,E,0.00,112.55,220626,,,A*7B
$ECEFPOSVEL,120358.000,2552492.229,2460446.113,5284402.710,-0000000.073,0000000.023,0000000.072*0C
$GNRMC,120358.000,A,5619.2211,N,04356.8842,E,0.00,112.55,220626,,,A*74
$ECEFPOSVEL,120359.000,2552492.229,2460446.113,5284402.710,-0000000.060,0000000.033,0000000.045*0A
$GNRMC,120359.000,A,5619.2211,N,04356.8842,E,0.00,112.55,220626,,,A*75
$ECEFPOSVEL,120400.000,2552492.229,2460446.113,5284402.710,0000000.074,0000000.017,-0000000.022*03
$GNRMC,120400.000,A,5619.2211,N,04356.8842,E,0.00,112.55,220626,,,A*7E
$ECEFPOSVEL,120401.000,2552492.229,2460446.113,5284402.710,0000000.102,-0000000.004,-0000000.025*2A
$GNRMC,120401.000,A,5619.2211,N,04356.8842,E,0.00,112.55,220626,,,A*7F
$ECEFPOSVEL,120402.000,2552492.229,2460446.113,5284402.710,0000000.066,0000000.015,-0000000.020*02
$GNRMC,120402.000,A,5619.2211,N,04356.8842,E,0.00,112.55,220626,,,A*7C
$ECEFPOSVEL,120403.000,2552492.229,2460446.113,5284402.710,0000000.039,0000000.047,-0000000.028*06
$GNRMC,120403.000,A,5619.2211,N,04356.8842,E,0.00,112.55,220626,,,A*7D
$ECEFPOSVEL,120404.000,2552492.229,2460446.113,5284402.710,0000000.095,0000000.070,-0000000.070*0E
$GNRMC,120404.000,A,5619.2211,N,04356.8842,E,0.00,112.55,220626,,,A*7A
$ECEFPOSVEL,120405.000,2552492.229,2460446.113,5284402.710,0000000.058,0000000.099,-0000000.016*09
$GNRMC,120405.000,A,5619.2211,N,04356.8842,E,0.00,112.55,220626,,,A*7B
$ECEFPOSVEL,120406.000,2552492.229,2460446.113,5284402.710,0000000.171,0000000.195,-0000000.121*08
$GNRMC,120406.000,A,5619.2211,N,04356.8842,E,0.00,112.55,220626,,,A*78
$ECEFPOSVEL,120407.000,2552492.229,2460446.113,5284402.710,-0000000.157,-0000000.078,0000000.088*20
$GNRMC,120407.000,A,5619.2211,N,04356.8842,E,0.00,112.55,220626,,,A*79
$ECEFPOSVEL,120408.000,2552492.229,2460446.113,5284402.710,-0000000.026,0000000.072,-0000000.027*27
$GNRMC,120408.000,A,5619.2211,N,04356.8842,E,0.00,112.55,220626,,,A*76
$ECEFPOSVEL,120409.000,2552492.229,2460446.113,5284402.710,0000000.004,0000000.051,-0000000.035*09
$GNRMC,120409.000,A,5619.2211,N,04356.8842,E,0.00,112.55,220626,,,A*77
$ECEFPOSVEL,120410.000,2552492.229,2460446.113,5284402.710,0000000.076,-0000000.004,-0000000.040*2B
$GNRMC,120410.000,A,5619.2211,N,04356.8842,E,0.00,112.55,220626,,,A*7F
$ECEFPOSVEL,120411.000,2552492.229,2460446.113,5284402.710,-0000000.097,-0000000.098,0000000.508*29
$GNRMC,120411.000,A,5619.2211,N,04356.8842,E,0.00,112.55,220626,,,A*7E
$ECEFPOSVEL,120412.000,2552492.229,2460446.113,5284402.710,-0000000.023,0000000.007,0000000.623*04
$GNRMC,120412.000,A,5619.2211,N,04356.8842,E,0.00,112.55,220626,,,A*7D
$ECEFPOSVEL,120413.000,2552492.229,2460446.113,5284402.710,0000000.044,0000000.170,0000000.354*2D
$GNRMC,120413.000,A,5619.2211,N,04356.8842,E,0.00,112.55,220626,,,A*7C
$ECEFPOSVEL,120414.000,2552492.229,2460446.113,5284402.710,-0000000.110,0000000.022,0000000.022*03
$GNRMC,120414.000,A,5619.2211,N,04356.8842,E,0.00,112.55,220626,,,A*7B
$ECEFPOSVEL,120415.000,2552492.229,2460446.113,5284402.710,0000000.001,0000000.052,-0000000.194*08
$GNRMC,120415.000,A,5619.2211,N,04356.8842,E,0.00,112.55,220626,,,A*7A
$ECEFPOSVEL,120416.000,2552492.229,2460446.113,5284402.710,0000000.093,0000000.009,-0000000.400*06
$GNRMC,120416.000,A,5619.2211,N,04356.8842,E,0.00,112.55,220626,,,A*79
$ECEFPOSVEL,120417.000,2552492.229,2460446.113,5284402.710,0000000.026,0000000.015,-0000000.363*06
$GNRMC,120417.000,A,5619.2211,N,04356.8842,E,0.00,112.55,220626,,,A*78
$ECEFPOSVEL,120418.000,2552492.229,2460446.113,5284402.710,-0000000.010,-0000000.054,-0000000.295*01
$GNRMC,120418.000,A,5619.2211,N,04356.8842,E,0.00,112.55,220626,,,A*77
$ECEFPOSVEL,120419.000,2552492.229,2460446.113,5284402.710,-0000000.157,-0000000.057,-0000000.146*0C
$GNRMC,120419.000,A,5619.2211,N,04356.8842,E,0.00,112.55,220626,,,A*76
$ECEFPOSVEL,120420.000,2552492.229,2460446.113,5284402.710,-0000000.044,-0000000.021,-0000000.118*0F
$GNRMC,120420.000,A,5619.2211,N,04356.8842,E,0.00,112.55,220626,,,A*7C
$ECEFPOSVEL,120421.000,2552492.229,2460446.113,5284402.710,-0000000.067,0000000.033,-0000000.072*2C
$GNRMC,120421.000,A,5619.2211,N,04356.8842,E,0.00,112.55,220626,,,A*7D
$ECEFPOSVEL,120422.000,2552492.229,2460446.113,5284402.710,-0000000.034,0000000.058,-0000000.066*21
$GNRMC,120422.000,A,5619.2211,N,04356.8842,E,0.00,112.55,220626,,,A*7E
$ECEFPOSVEL,120423.000,2552492.229,2460446.113,5284402.710,-0000000.020,0000000.029,-0000000.049*2E
$GNRMC,120423.000,A,5619.2211,N,04356.8842,E,0.00,112.55,220626,,,A*7F
$ECEFPOSVEL,120424.000,2552492.229,2460446.113,5284402.710,0000000.043,0000000.065,-0000000.090*0D
$GNRMC,120424.000,A,5619.2211,N,04356.8842,E,0.00,112.55,220626,,,A*78
$ECEFPOSVEL,120425.000,2552492.229,2460446.113,5284402.710,0000000.002,-0000000.009,-0000000.028*2D
$GNRMC,120425.000,A,5619.2211,N,04356.8842,E,0.00,112.55,220626,,,A*79
$ECEFPOSVEL,120426.000,2552492.229,2460446.113,5284402.710,-0000000.020,-0000000.019,-0000000.006*0E
$GNRMC,120426.000,A,5619.2211,N,04356.8842,E,0.00,112.55,220626,,,A*7A
$ECEFPOSVEL,120427.000,2552492.229,2460446.113,5284402.710,-0000000.002,0000000.020,-0000000.032*2F
$GNRMC,120427.000,A,5619.2211,N,04356.8842,E,0.00,112.55,220626,,,A*7B
$ECEFPOSVEL,120428.000,2552492.229,2460446.113,5284402.710,-0000000.003,0000000.003,0000000.002*0E
$GNRMC,120428.000,A,5619.2211,N,04356.8842,E,0.00,112.55,220626,,,A*74
$ECEFPOSVEL,120429.000,2552492.229,2460446.113,5284402.710,-0000000.007,-0000000.009,-0000000.007*04
$GNRMC,120429.000,A,5619.2211,N,04356.8842,E,0.00,112.55,220626,,,A*75
$ECEFPOSVEL,120430.000,2552492.229,2460446.113,5284402.710,0000000.018,0000000.042,0000000.045*26
$GNRMC,120430.000,A,5619.2211,N,04356.8842,E,0.00,112.55,220626,,,A*7D
$ECEFPOSVEL,120431.000,2552492.229,2460446.113,5284402.710,-0000000.001,0000000.012,0000000.033*06
$GNRMC,120431.000,A,5619.2211,N,04356.8842,E,0.00,112.55,220626,,,A*7C
$ECEFPOSVEL,120432.000,2552492.229,2460446.113,5284402.710,0000000.021,0000000.032,0000000.062*2C
$GNRMC,120432.000,A,5619.2211,N,04356.8842,E,0.00,112.55,220626,,,A*7F
$ECEFPOSVEL,120433.000,2552492.229,2460446.113,5284402.710,0000000.009,0000000.023,0000000.033*23
$GNRMC,120433.000,A,5619.2211,N,04356.8842,E,0.00,112.55,220626,,,A*7E
$ECEFPOSVEL,120434.000,2552492.229,2460446.113,5284402.710,0000000.023,0000000.020,0000000.033*2F
$GNRMC,120434.000,A,5619.2211,N,04356.8842,E,0.00,112.55,220626,,,A*79
$ECEFPOSVEL,120435.000,2552492.229,2460446.113,5284402.710,0000000.002,0000000.004,0000000.002*29
$GNRMC,120435.000,A,5619.2211,N,04356.8842,E,0.00,112.55,220626,,,A*78
$ECEFPOSVEL,120436.000,2552492.229,2460446.113,5284402.710,0000000.081,0000000.009,0000000.080*26
$GNRMC,120436.000,A,5619.2211,N,04356.8842,E,0.00,112.55,220626,,,A*7B
$ECEFPOSVEL,120437.000,2552492.229,2460446.113,5284402.710,0000000.071,0000000.029,0000000.070*25
$GNRMC,120437.000,A,5619.2211,N,04356.8842,E,0.00,112.55,220626,,,A*7A
$ECEFPOSVEL,120438.000,2552492.229,2460446.113,5284402.710,-0000000.240,0000000.038,0000000.218*0B
$GNRMC,120438.000,A,5619.2211,N,04356.8842,E,0.00,112.55,220626,,,A*75
$ECEFPOSVEL,120439.000,2552492.229,2460446.113,5284402.710,-0000000.145,0000000.091,0000000.162*01
$GNRMC,120439.000,A,5619.2211,N,04356.8842,E,0.00,112.55,220626,,,A*74
$ECEFPOSVEL,120440.000,2552492.229,2460446.113,5284402.710,-0000000.061,0000000.036,0000000.084*0C
$GNRMC,120440.000,A,5619.2211,N,04356.8842,E,0.00,112.55,220626,,,A*7A
$ECEFPOSVEL,120441.000,2552492.229,2460446.113,5284402.710,0000000.053,0000000.001,0000000.016*2E
$GNRMC,120441.000,A,5619.2211,N,04356.8842,E,0.00,112.55,220626,,,A*7B
$ECEFPOSVEL,120442.000,2552492.229,2460446.113,5284402.710,0000000.024,-0000000.034,0000000.024*07
$GNRMC,120442.000,A,5619.2211,N,04356.8842,E,0.00,112.55,220626,,,A*78
$ECEFPOSVEL,120443.000,2552492.229,2460446.113,5284402.710,-0000000.016,0000000.009,0000000.017*09
$GNRMC,120443.000,A,5619.2211,N,04356.8842,E,0.00,112.55,220626,,,A*79
$ECEFPOSVEL,120444.000,2552492.229,2460446.113,5284402.710,0000000.157,0000000.097,-0000000.105*0F
$GNRMC,120444.000,A,5619.2211,N,04356.8842,E,0.00,112.55,220626,,,A*7E
$ECEFPOSVEL,120445.000,2552492.229,2460446.113,5284402.710,0000000.088,0000000.005,-0000000.025*05
$GNRMC,120445.000,A,5619.2211,N,04356.8842,E,0.00,112.55,220626,,,A*7F
$ECEFPOSVEL,120446.000,2552492.229,2460446.113,5284402.710,0000000.029,-0000000.062,0000000.027*0E
$GNRMC,120446.000,A,5619.2211,N,04356.8842,E,0.00,112.55,220626,,,A*7C
$ECEFPOSVEL,120447.000,2552492.229,2460446.113,5284402.710,0000000.049,-0000000.082,0000000.024*04
$GNRMC,120447.000,A,5619.2211,N,04356.8842,E,0.00,112.55,220626,,,A*7D
$ECEFPOSVEL,120448.000,2552492.229,2460446.113,5284402.710,-0000000.037,-0000000.042,0000000.058*28
$GNRMC,120448.000,A,5619.2211,N,04356.8842,E,0.00,112.55,220626,,,A*72
$ECEFPOSVEL,120449.000,2552492.229,2460446.113,5284402.710,-0000000.051,-0000000.095,0000000.085*23
$GNRMC,120449.000,A,5619.2211,N,04356.8842,E,0.00,112.55,220626,,,A*73
$ECEFPOSVEL,120450.000,2552492.229,2460446.113,5284402.710,-0000000.074,-0000000.021,0000000.057*2C
$GNRMC,120450.000,A,5619.2211,N,04356.8842,E,0.00,112.55,220626,,,A*7B
$ECEFPOSVEL,120451.000,2552492.229,2460446.113,5284402.710,-0000000.158,-0000000.283,0000000.249*25
$GNRMC,120451.000,A,5619.2211,N,04356.8842,E,0.79,346.65,220626,,,A*74
$ECEFPOSVEL,120452.000,2552492.229,2460446.113,5284402.710,-0000000.086,-0000000.259,0000000.235*28
$GNRMC,120452.000,A,5619.2211,N,04356.8842,E,0.00,112.55,220626,,,A*79
$ECEFPOSVEL,120453.000,2552492.229,2460446.113,5284402.710,-0000000.132,-0000000.232,0000000.257*2E
$GNRMC,120453.000,A,5619.2211,N,04356.8842,E,0.00,112.55,220626,,,A*78
$ECEFPOSVEL,120454.000,2552492.229,2460446.113,5284402.710,-0000000.143,0000000.026,0000000.167*05
$GNRMC,120454.000,A,5619.2211,N,04356.8842,E,0.00,112.55,220626,,,A*7F
$ECEFPOSVEL,120455.000,2552492.229,2460446.113,5284402.710,-0000000.160,0000000.083,0000000.098*0B
$GNRMC,120455.000,A,5619.2211,N,04356.8842,E,0.00,112.55,220626,,,A*7E
$ECEFPOSVEL,120456.000,2552492.229,2460446.113,5284402.710,-0000000.134,0000000.098,0000000.054*03
$GNRMC,120456.000,A,5619.2211,N,04356.8842,E,0.00,112.55,220626,,,A*7D
$ECEFPOSVEL,120457.000,2552492.229,2460446.113,5284402.710,-0000000.121,0000000.123,0000000.022*06
$GNRMC,120457.000,A,5619.2211,N,04356.8842,E,0.00,112.55,220626,,,A*7C
$ECEFPOSVEL,120458.000,2552492.229,2460446.113,5284402.710,0000000.077,0000000.051,-0000000.209*04
$GNRMC,120458.000,A,5619.2211,N,04356.8842,E,0.00,112.55,220626,,,A*73
$ECEFPOSVEL,120459.000,2552492.229,2460446.113,5284402.710,0000000.013,0000000.005,-0000000.095*01
$GNRMC,120459.000,A,5619.2211,N,04356.8842,E,0.00,112.55,220626,,,A*72
$ECEFPOSVEL,120500.000,2552492.229,2460446.113,5284402.710,-0000000.019,-0000000.011,-0000000.100*0E
$GNVTG,112.55,T,,M,0.00,N,0.00,K,A*21
$ECEFPOSVEL,120501.000,2552492.229,2460446.113,5284402.710,-0000000.024,0000000.017,-0000000.057*29
$GNRMC,120501.000,A,5619.2211,N,04356.8842,E,0.00,112.55,220626,,,A*7E
$ECEFPOSVEL,120502.000,2552492.229,2460446.113,5284402.710,-0000000.181,-0000000.096,-0000000.010*03
$GNRMC,120502.000,A,5619.2211,N,04356.8842,E,0.00,112.55,220626,,,A*7D
$ECEFPOSVEL,120503.000,2552492.229,2460446.113,5284402.710,-0000000.236,-0000000.084,0000000.036*27
$GNRMC,120503.000,A,5619.2211,N,04356.8842,E,0.00,112.55,220626,,,A*7C
$ECEFPOSVEL,120504.000,2552492.229,2460446.113,5284402.710,-0000000.124,-0000000.043,0000000.009*27
$GNRMC,120504.000,A,5619.2211,N,04356.8842,E,0.00,112.55,220626,,,A*7B
$ECEFPOSVEL,120505.000,2552492.229,2460446.113,5284402.710,-0000000.081,0000000.008,-0000000.012*2D
$GNRMC,120505.000,A,5619.2211,N,04356.8842,E,0.00,112.55,220626,,,A*7A
$ECEFPOSVEL,120506.000,2552492.229,2460446.113,5284402.710,-0000000.011,0000000.003,-0000000.028*25
$GNRMC,120506.000,A,5619.2211,N,04356.8842,E,0.00,112.55,220626,,,A*79
$ECEFPOSVEL,120507.000,2552492.229,2460446.113,5284402.710,-0000000.152,-0000000.112,-0000000.003*07
$GNRMC,120507.000,A,5619.2211,N,04356.8842,E,0.00,112.55,220626,,,A*78
$ECEFPOSVEL,120508.000,2552492.229,2460446.113,5284402.710,-0000000.113,0000000.032,-0000000.075*22
$GNRMC,120508.000,A,5619.2211,N,04356.8842,E,0.00,112.55,220626,,,A*77
$ECEFPOSVEL,120509.000,2552492.229,2460446.113,5284402.710,-0000000.243,0000000.054,-0000000.009*2E
$GNRMC,120509.000,A,5619.2211,N,04356.8842,E,0.00,112.55,220626,,,A*76
$ECEFPOSVEL,120510.000,2552492.229,2460446.113,5284402.710,-0000000.311,0000000.112,0000000.022*07
$GNRMC,120510.000,A,5619.2211,N,04356.8842,E,0.00,112.55,220626,,,A*7E
$ECEFPOSVEL,120511.000,2552492.229,2460446.113,5284402.710,-0000000.218,0000000.044,0000000.005*09
$GNRMC,120511.000,A,5619.2211,N,04356.8842,E,0.00,112.55,220626,,,A*7F
$ECEFPOSVEL,120512.000,2552492.229,2460446.113,5284402.710,-0000000.077,0000000.085,0000000.135*0E
$GNRMC,120512.000,A,5619.2211,N,04356.8842,E,0.00,112.55,220626,,,A*7C
$ECEFPOSVEL,120513.000,2552492.229,2460446.113,5284402.710,0000000.057,-0000000.014,0000000.076*03
$GNRMC,120513.000,A,5619.2211,N,04356.8842,E,0.00,112.55,220626,,,A*7D
$ECEFPOSVEL,120514.000,2552492.229,2460446.113,5284402.710,0000000.193,-0000000.010,0000000.051*0C
$GNRMC,120514.000,A,5619.2211,N,04356.8842,E,0.00,112.55,220626,,,A*7A
$ECEFPOSVEL,120515.000,2552492.229,2460446.113,5284402.710,0000000.226,-0000000.041,0000000.003*03
$GNRMC,120515.000,A,5619.2211,N,04356.8842,E,0.00,112.55,220626,,,A*7B
$ECEFPOSVEL,120516.000,2552492.229,2460446.113,5284402.710,0000000.131,-0000000.137,0000000.059*0A
$GNRMC,120516.000,A,5619.2211,N,04356.8842,E,0.00,112.55,220626,,,A*78
$ECEFPOSVEL,120517.000,2552492.229,2460446.113,5284402.710,0000000.109,-0000000.155,0000000.056*0B
$GNRMC,120517.000,A,5619.2211,N,04356.8842,E,0.00,112.55,220626,,,A*79
$ECEFPOSVEL,120518.000,2552492.229,2460446.113,5284402.710,0000000.196,-0000000.060,-0000000.009*22
$GNRMC,120518.000,A,5619.2211,N,04356.8842,E,0.00,112.55,220626,,,A*76
$ECEFPOSVEL,120519.000,2552492.229,2460446.113,5284402.710,0000000.150,-0000000.017,-0000000.023*21
$GNRMC,120519.000,A,5619.2211,N,04356.8842,E,0.00,112.55,220626,,,A*77
$ECEFPOSVEL,120520.000,2552492.229,2460446.113,5284402.710,0000000.115,0000000.089,-0000000.068*0F
$GNRMC,120520.000,A,5619.2211,N,04356.8842,E,0.00,112.55,220626,,,A*7D
$ECEFPOSVEL,120521.000,2552492.229,2460446.113,5284402.710,0000000.091,0000000.119,-0000000.081*0C
$GNRMC,120521.000,A,5619.2211,N,04356.8842,E,0.00,112.55,220626,,,A*7C
$ECEFPOSVEL,120522.000,2552492.229,2460446.113,5284402.710,0000000.046,0000000.130,-0000000.068*09
$GNRMC,120522.000,A,5619.2211,N,04356.8842,E,0.00,112.55,220626,,,A*7F
$ECEFPOSVEL,120523.000,2552492.229,2460446.113,5284402.710,0000000.072,0000000.075,-0000000.059*0D
$GNRMC,120523.000,A,5619.2211,N,04356.8842,E,0.00,112.55,220626,,,A*7E
$ECEFPOSVEL,120524.000,2552492.229,2460446.113,5284402.710,0000000.074,0000000.108,-0000000.080*03
$GNRMC,120524.000,A,5619.2211,N,04356.8842,E,0.00,112.55,220626,,,A*79
$ECEFPOSVEL,120525.000,2552492.229,2460446.113,5284402.710,-0000000.026,0000000.107,-0000000.045*2E
$GNRMC,120525.000,A,5619.2211,N,04356.8842,E,0.00,112.55,220626,,,A*78
$ECEFPOSVEL,120526.000,2552492.229,2460446.113,5284402.710,0000000.005,0000000.028,-0000000.024*0A
$GNRMC,120526.000,A,5619.2211,N,04356.8842,E,0.00,112.55,220626,,,A*7B
$ECEFPOSVEL,120527.000,2552492.229,2460446.113,5284402.710,0000000.028,-0000000.014,-0000000.017*26
$GNRMC,120527.000,A,5619.2211,N,04356.8842,E,0.00,112.55,220626,,,A*7A
$ECEFPOSVEL,120528.000,2552492.229,2460446.113,5284402.710,0000000.006,-0000000.006,-0000000.007*27
$GNRMC,120528.000,A,5619.2211,N,04356.8842,E,0.00,112.55,220626,,,A*75
$ECEFPOSVEL,120529.000,2552492.229,2460446.113,5284402.710,-0000000.025,-0000000.001,0000000.009*2E
$GNRMC,120529.000,A,5619.2211,N,04356.8842,E,0.00,112.55,220626,,,A*74
$ECEFPOSVEL,120530.000,2552492.229,2460446.113,5284402.710,-0000000.060,-0000000.022,0000000.036*2A
$GNRMC,120530.000,A,5619.2211,N,04356.8842,E,0.00,112.55,220626,,,A*7C
$ECEFPOSVEL,120531.000,2552492.229,2460446.113,5284402.710,-0000000.101,0000000.004,0000000.043*06
$GNRMC,120531.000,A,5619.2211,N,04356.8842,E,0.00,112.55,220626,,,A*7D
$ECEFPOSVEL,120532.000,2552492.229,2460446.113,5284402.710,-0000000.095,-0000000.057,0000000.073*21
$GNRMC,120532.000,A,5619.2211,N,04356.8842,E,0.00,112.55,220626,,,A*7E
$ECEFPOSVEL,120533.000,2552492.229,2460446.113,5284402.710,0000000.031,-0000000.217,0000000.507*03
$GNRMC,120533.000,A,5619.2211,N,04356.8842,E,0.83,335.41,220626,,,A*76
$ECEFPOSVEL,120534.000,2552492.229,2460446.113,5284402.710,0000000.010,0000000.168,0000000.549*2B
$GNRMC,120534.000,A,5619.2211,N,04356.8842,E,0.00,112.55,220626,,,A*78
$ECEFPOSVEL,120535.000,2552492.229,2460446.113,5284402.710,-0000000.048,-0000000.007,0000000.109*2F
$GNRMC,120535.000,A,5619.2211,N,04356.8842,E,0.00,112.55,220626,,,A*79
$ECEFPOSVEL,120536.000,2552492.229,2460446.113,5284402.710,-0000000.068,-0000000.051,-0000000.028*02
$GNVTG,112.55,T,,M,0.00,N,0.00,K,A*21
$ECEFPOSVEL,120537.000,2552492.229,2460446.113,5284402.710,0000000.107,0000000.061,-0000000.159*0F
$GNRMC,120537.000,A,5619.2211,N,04356.8842,E,0.00,112.55,220626,,,A*7B
$ECEFPOSVEL,120538.000,2552492.229,2460446.113,5284402.710,0000000.195,0000000.149,-0000000.221*0C
$GNRMC,120538.000,A,5619.2211,N,04356.8842,E,0.00,112.55,220626,,,A*74
$ECEFPOSVEL,120539.000,2552492.229,2460446.113,5284402.710,0000000.134,0000000.177,-0000000.208*00
$GNRMC,120539.000,A,5619.2211,N,04356.8842,E,0.00,112.55,220626,,,A*75
$ECEFPOSVEL,120540.000,2552492.229,2460446.113,5284402.710,0000000.138,0000000.261,-0000000.265*0D
$GNRMC,120540.000,A,5619.2211,N,04356.8842,E,0.00,112.55,220626,,,A*7B
$ECEFPOSVEL,120541.000,2552492.229,2460446.113,5284402.710,0000000.141,0000000.224,-0000000.261*07
$GNRMC,120541.000,A,5619.2211,N,04356.8842,E,0.00,112.55,220626,,,A*7A
$ECEFPOSVEL,120542.000,2552492.229,2460446.113,5284402.710,0000000.158,0000000.185,-0000000.271*05
$GNRMC,120542.000,A,5619.2211,N,04356.8842,E,0.00,112.55,220626,,,A*79
$ECEFPOSVEL,120543.000,2552492.229,2460446.113,5284402.710,0000000.042,0000000.104,-0000000.185*0F
$GNRMC,120543.000,A,5619.2211,N,04356.8842,E,0.00,112.55,220626,,,A*78
$ECEFPOSVEL,120544.000,2552492.229,2460446.113,5284402.710,0000000.082,0000000.074,-0000000.154*0E
$GNRMC,120544.000,A,5619.2211,N,04356.8842,E,0.00,112.55,220626,,,A*7F
$ECEFPOSVEL,120545.000,2552492.229,2460446.113,5284402.710,0000000.129,0000000.094,-0000000.167*01
$GNRMC,120545.000,A,5619.2211,N,04356.8842,E,0.00,112.55,220626,,,A*7E
$ECEFPOSVEL,120546.000,2552492.229,2460446.113,5284402.710,-0000000.049,-0000000.073,-0000000.087*03
$GNVTG,112.55,T,,M,0.00,N,0.00,K,A*21
$ECEFPOSVEL,120547.000,2552492.229,2460446.113,5284402.710,-0000000.023,-0000000.070,-0000000.061*05
$GNVTG,112.55,T,,M,0.00,N,0.00,K,A*21
$ECEFPOSVEL,120548.000,2552492.229,2460446.113,5284402.710,0000000.124,0000000.092,-0000000.211*05
$GNRMC,120548.000,A,5619.2211,N,04356.8842,E,0.00,112.55,220626,,,A*73
$ECEFPOSVEL,120549.000,2552492.229,2460446.113,5284402.710,0000000.183,0000000.159,-0000000.255*0F
$GNRMC,120549.000,A,5619.2211,N,04356.8842,E,0.00,112.55,220626,,,A*72
$ECEFPOSVEL,120550.000,2552492.229,2460446.113,5284402.710,0000000.199,0000000.164,-0000000.282*08
$GNRMC,120550.000,A,5619.2211,N,04356.8842,E,0.00,112.55,220626,,,A*7A
$ECEFPOSVEL,120551.000,2552492.229,2460446.113,5284402.710,0000000.107,0000000.168,-0000000.240*0C
$GNRMC,120551.000,A,5619.2211,N,04356.8842,E,0.00,112.55,220626,,,A*7B
$ECEFPOSVEL,120552.000,2552492.229,2460446.113,5284402.710,0000000.041,0000000.156,-0000000.165*05
$GNRMC,120552.000,A,5619.2211,N,04356.8842,E,0.00,112.55,220626,,,A*78
$ECEFPOSVEL,120553.000,2552492.229,2460446.113,5284402.710,-0000000.118,0000000.003,0000000.327*0C
$GNRMC,120553.000,A,5619.2211,N,04356.8842,E,0.00,112.55,220626,,,A*79
$ECEFPOSVEL,120554.000,2552492.229,2460446.113,5284402.710,-0000000.133,-0000000.020,0000000.464*2E
$GNRMC,120554.000,A,5619.2211,N,04356.8842,E,0.00,112.55,220626,,,A*7E
$ECEFPOSVEL,120555.000,2552492.229,2460446.113,5284402.710,0000000.003,0000000.123,0000000.438*26
$GNRMC,120555.000,A,5619.2211,N,04356.8842,E,0.00,112.55,220626,,,A*7F
$ECEFPOSVEL,120556.000,2552492.229,2460446.113,5284402.710,-0000000.061,0000000.107,0000000.366*06
$GNRMC,120556.000,A,5619.2211,N,04356.8842,E,0.00,112.55,220626,,,A*7C
$ECEFPOSVEL,120557.000,2552492.229,2460446.113,5284402.710,-0000000.026,-0000000.144,0000000.384*22
$GNRMC,120557.000,A,5619.2211,N,04356.8842,E,0.00,112.55,220626,,,A*7D
$ECEFPOSVEL,120558.000,2552492.229,2460446.113,5284402.710,0000000.147,0000000.001,0000000.360*21
$GNRMC,120558.000,A,5619.2211,N,04356.8842,E,0.00,112.55,220626,,,A*72
$ECEFPOSVEL,120559.000,2552492.229,2460446.113,5284402.710,-0000000.178,-0000000.149,0000000.431*22
$GNRMC,120559.000,A,5619.2211,N,04356.8842,E,0.84,2.11,220626,,,A*7F
$ECEFPOSVEL,120600.000,2552492.229,2460446.113,5284402.710,-0000000.076,-0000000.074,0000000.419*27
$GNRMC,120600.000,A,5619.2211,N,04356.8842,E,0.00,112.55,220626,,,A*7C
$ECEFPOSVEL,120601.000,2552492.229,2460446.113,5284402.710,-0000000.045,0000000.093,0000000.345*0C
$GNRMC,120601.000,A,5619.2211,N,04356.8842,E,0.00,112.55,220626,,,A*7D
$ECEFPOSVEL,120602.000,2552492.229,2460446.113,5284402.710,-0000000.127,-0000000.051,0000000.328*22
$GNRMC,120602.000,A,5619.2211,N,04356.8842,E,0.00,112.55,220626,,,A*7E
$ECEFPOSVEL,120603.000,2552492.229,2460446.113,5284402.710,-0000000.228,-0000000.073,0000000.369*2A
$GNRMC,120603.000,A,5619.2211,N,04356.8842,E,0.00,112.55,220626,,,A*7F
$ECEFPOSVEL,120604.000,2552492.229,2460446.113,5284402.710,-0000000.150,0000000.023,0000000.441*04
$GNRMC,120604.000,A,5619.2211,N,04356.8842,E,0.00,112.55,220626,,,A*78
$ECEFPOSVEL,120605.000,2552492.229,2460446.113,5284402.710,0000000.007,0000000.048,0000000.388*24
$GNRMC,120605.000,A,5619.2211,N,04356.8842,E,0.00,112.55,220626,,,A*79
$ECEFPOSVEL,120606.000,2552492.229,2460446.113,5284402.710,-0000000.088,0000000.044,0000000.305*04
$GNRMC,120606.000,A,5619.2211,N,04356.8842,E,0.00,112.55,220626,,,A*7A
$ECEFPOSVEL,120607.000,2552492.229,2460446.113,5284402.710,-0000000.018,0000000.039,0000000.157*03
$GNRMC,120607.000,A,5619.2211,N,04356.8842,E,0.00,112.55,220626,,,A*7B
$ECEFPOSVEL,120608.000,2552492.229,2460446.113,5284402.710,0000000.062,0000000.014,0000000.064*22
$GNRMC,120608.000,A,5619.2211,N,04356.8842,E,0.00,112.55,220626,,,A*74
$ECEFPOSVEL,120609.000,2552492.229,2460446.113,5284402.710,0000000.039,0000000.004,0000000.045*2F
$GNRMC,120609.000,A,5619.2211,N,04356.8842,E,0.00,112.55,220626,,,A*75
$ECEFPOSVEL,120610.000,2552492.229,2460446.113,5284402.710,-0000000.229,-0000000.083,0000000.214*2D
$GNRMC,120610.000,A,5619.2211,N,04356.8842,E,0.00,112.55,220626,,,A*7D
$ECEFPOSVEL,120611.000,2552492.229,2460446.113,5284402.710,-0000000.354,-0000000.097,0000000.286*29
$GNRMC,120611.000,A,5619.2211,N,04356.8842,E,0.90,22.42,220626,,,A*41
$ECEFPOSVEL,120612.000,2552492.229,2460446.113,5284402.710,-0000000.032,-0000000.049,0000000.108*2F
$GNVTG,112.55,T,,M,0.00,N,0.00,K,A*21
$ECEFPOSVEL,120613.000,2552492.229,2460446.113,5284402.710,0000000.066,-0000000.093,0000000.063*09
$GNRMC,120613.000,A,5619.2211,N,04356.8842,E,0.00,112.55,220626,,,A*7E
$ECEFPOSVEL,120614.000,2552492.229,2460446.113,5284402.710,0000000.101,-0000000.200,0000000.091*0B
$GNRMC,120614.000,A,5619.2211,N,04356.8842,E,0.00,112.55,220626,,,A*79
$ECEFPOSVEL,120615.000,2552492.229,2460446.113,5284402.710,0000000.019,-0000000.339,0000000.239*09
$GNRMC,120615.000,A,5619.2211,N,04356.8842,E,0.79,320.97,220626,,,A*7B
$ECEFPOSVEL,120616.000,2552492.229,2460446.113,5284402.710,0000000.016,-0000000.218,0000000.183*05
$GNRMC,120616.000,A,5619.2211,N,04356.8842,E,0.00,112.55,220626,,,A*7B
$ECEFPOSVEL,120617.000,2552492.229,2460446.113,5284402.710,0000000.016,0000000.105,-0000000.029*0A
$GNRMC,120617.000,A,5619.2211,N,04356.8842,E,0.00,112.55,220626,,,A*7A
$ECEFPOSVEL,120618.000,2552492.229,2460446.113,5284402.710,0000000.059,0000000.130,-0000000.084*0F
$GNRMC,120618.000,A,5619.2211,N,04356.8842,E,0.00,112.55,220626,,,A*75
$ECEFPOSVEL,120619.000,2552492.229,2460446.113,5284402.710,0000000.142,0000000.106,-0000000.122*0D
$GNRMC,120619.000,A,5619.2211,N,04356.8842,E,0.00,112.55,220626,,,A*74
$ECEFPOSVEL,120620.000,2552492.229,2460446.113,5284402.710,0000000.153,0000000.169,-0000000.161*09
$GNRMC,120620.000,A,5619.2211,N,04356.8842,E,0.00,112.55,220626,,,A*7E
$ECEFPOSVEL,120621.000,2552492.229,2460446.113,5284402.710,0000000.122,0000000.164,-0000000.172*01
$GNRMC,120621.000,A,5619.2211,N,04356.8842,E,0.00,112.55,220626,,,A*7F
$ECEFPOSVEL,120622.000,2552492.229,2460446.113,5284402.710,0000000.134,0000000.125,-0000000.157*07
$GNRMC,120622.000,A,5619.2211,N,04356.8842,E,0.00,112.55,220626,,,A*7C
$ECEFPOSVEL,120623.000,2552492.229,2460446.113,5284402.710,0000000.070,0000000.067,-0000000.095*0F
$GNRMC,120623.000,A,5619.2211,N,04356.8842,E,0.00,112.55,220626,,,A*7D
$ECEFPOSVEL,120624.000,2552492.229,2460446.113,5284402.710,0000000.025,0000000.017,-0000000.047*00
$GNRMC,120624.000,A,5619.2211,N,04356.8842,E,0.00,112.55,220626,,,A*7A
$ECEFPOSVEL,120625.000,2552492.229,2460446.113,5284402.710,-0000000.042,0000000.045,-0000000.023*28
$GNRMC,120625.000,A,5619.2211,N,04356.8842,E,0.00,112.55,220626,,,A*7B
$ECEFPOSVEL,120626.000,2552492.229,2460446.113,5284402.710,0000000.105,0000000.041,-0000000.097*0F
$GNRMC,120626.000,A,5619.2211,N,04356.8842,E,0.00,112.55,220626,,,A*78
$ECEFPOSVEL,120627.000,2552492.229,2460446.113,5284402.710,0000000.198,0000000.159,-0000000.207*09
$GNRMC,120627.000,A,5619.2211,N,04356.8842,E,0.00,112.55,220626,,,A*79
$ECEFPOSVEL,120628.000,2552492.229,2460446.113,5284402.710,0000000.049,0000000.038,-0000000.085*05
$GNRMC,120628.000,A,5619.2211,N,04356.8842,E,0.00,112.55,220626,,,A*76
$ECEFPOSVEL,120629.000,2552492.229,2460446.113,5284402.710,0000000.011,0000000.104,-0000000.087*05
$GNRMC,120629.000,A,5619.2211,N,04356.8842,E,0.00,112.55,220626,,,A*77
$ECEFPOSVEL,120630.000,2552492.229,2460446.113,5284402.710,0000000.349,0000000.707,-0000000.583*07
$GNRMC,120630.000,A,5619.2211,N,04356.8842,E,1.90,164.16,220626,,,A*71
$ECEFPOSVEL,120631.000,2552498.148,2460447.346,5284400.493,0000000.415,0000000.733,-0000000.706*07
$GNRMC,120631.000,A,5619.2182,N,04356.8811,E,2.12,167.30,220626,,,A*71
$ECEFPOSVEL,120632.000,2552498.621,2460447.127,5284399.583,0000000.326,0000000.325,-0000000.529*05
$GNRMC,120632.000,A,5619.2178,N,04356.8806,E,1.31,179.39,220626,,,A*75
$ECEFPOSVEL,120633.000,2552498.691,2460447.123,5284399.261,0000000.092,0000000.079,-0000000.304*0F
$GNRMC,120633.000,A,5619.2177,N,04356.8805,E,0.00,179.39,220626,,,A*7B
$ECEFPOSVEL,120634.000,2552498.709,2460447.234,5284399.235,-0000000.040,-0000000.005,-0000000.118*07
$GNRMC,120634.000,A,5619.2177,N,04356.8806,E,0.00,179.39,220626,,,A*7F
$ECEFPOSVEL,120635.000,2552498.679,2460447.235,5284399.258,-0000000.050,-0000000.086,-0000000.028*02
$GNRMC,120635.000,A,5619.2177,N,04356.8806,E,0.00,179.39,220626,,,A*7E
$ECEFPOSVEL,120636.000,2552498.679,2460447.235,5284399.258,-0000000.049,-0000000.096,0000000.004*2B
$GNRMC,120636.000,A,5619.2177,N,04356.8806,E,0.00,179.39,220626,,,A*7D
$ECEFPOSVEL,120637.000,2552498.679,2460447.235,5284399.258,-0000000.052,-0000000.043,-0000000.002*03
$GNRMC,120637.000,A,5619.2177,N,04356.8806,E,0.00,179.39,220626,,,A*7C
$ECEFPOSVEL,120638.000,2552498.679,2460447.235,5284399.258,-0000000.051,-0000000.012,0000000.113*27
$GNRMC,120638.000,A,5619.2177,N,04356.8806,E,0.00,179.39,220626,,,A*73
$ECEFPOSVEL,120639.000,2552498.679,2460447.235,5284399.258,-0000000.094,0000000.055,0000000.140*07
$GNRMC,120639.000,A,5619.2177,N,04356.8806,E,0.00,179.39,220626,,,A*72
$ECEFPOSVEL,120640.000,2552498.679,2460447.235,5284399.258,-0000000.060,-0000000.026,0000000.108*27
$GNRMC,120640.000,A,5619.2177,N,04356.8806,E,0.00,179.39,220626,,,A*7C
$ECEFPOSVEL,120641.000,2552498.679,2460447.235,5284399.258,0000000.022,-0000000.002,0000000.135*05
$GNRMC,120641.000,A,5619.2177,N,04356.8806,E,0.00,179.39,220626,,,A*7D
$ECEFPOSVEL,120642.000,2552498.679,2460447.235,5284399.258,0000000.032,-0000000.031,0000000.086*0E
$GNRMC,120642.000,A,5619.2177,N,04356.8806,E,0.00,179.39,220626,,,A*7E
$ECEFPOSVEL,120643.000,2552498.679,2460447.235,5284399.258,0000000.068,0000000.070,0000000.143*20
$GNRMC,120643.000,A,5619.2177,N,04356.8806,E,0.00,179.39,220626,,,A*7F
$ECEFPOSVEL,120644.000,2552498.679,2460447.235,5284399.258,-0000000.016,-0000000.025,0000000.233*2A
$GNRMC,120644.000,A,5619.2177,N,04356.8806,E,0.00,179.39,220626,,,A*78
$ECEFPOSVEL,120645.000,2552498.679,2460447.235,5284399.258,-0000000.076,-0000000.099,0000000.184*25
$GNRMC,120645.000,A,5619.2177,N,04356.8806,E,0.00,179.39,220626,,,A*79
$ECEFPOSVEL,120646.000,2552498.679,2460447.235,5284399.258,-0000000.074,-0000000.082,0000000.143*25
$GNRMC,120646.000,A,5619.2177,N,04356.8806,E,0.00,179.39,220626,,,A*7A
$ECEFPOSVEL,120647.000,2552498.679,2460447.235,5284399.258,-0000000.035,-0000000.079,0000000.099*23
$GNRMC,120647.000,A,5619.2177,N,04356.8806,E,0.00,179.39,220626,,,A*7B
$ECEFPOSVEL,120648.000,2552498.679,2460447.235,5284399.258,0000000.016,0000000.051,0000000.122*26
$GNRMC,120648.000,A,5619.2177,N,04356.8806,E,0.00,179.39,220626,,,A*74
$ECEFPOSVEL,120649.000,2552498.679,2460447.235,5284399.258,0000000.010,0000000.023,0000000.073*21
$GNRMC,120649.000,A,5619.2177,N,04356.8806,E,0.00,179.39,220626,,,A*75
$ECEFPOSVEL,120650.000,2552498.679,2460447.235,5284399.258,-0000000.014,0000000.028,0000000.052*08
$GNRMC,120650.000,A,5619.2177,N,04356.8806,E,0.00,179.39,220626,,,A*7D
$ECEFPOSVEL,120651.000,2552498.679,2460447.235,5284399.258,-0000000.006,-0000000.006,0000000.047*2F
$GNRMC,120651.000,A,5619.2177,N,04356.8806,E,0.00,179.39,220626,,,A*7C
$ECEFPOSVEL,120652.000,2552498.679,2460447.235,5284399.258,0000000.062,-0000000.045,0000000.031*05
$GNRMC,120652.000,A,5619.2177,N,04356.8806,E,0.00,179.39,220626,,,A*7F
$ECEFPOSVEL,120653.000,2552498.679,2460447.235,5284399.258,0000000.005,0000000.038,0000000.005*25
$GNRMC,120653.000,A,5619.2177,N,04356.8806,E,0.00,179.39,220626,,,A*7E
$ECEFPOSVEL,120654.000,2552498.679,2460447.235,5284399.258,0000000.054,0000000.061,0000000.136*2B
$GNRMC,120654.000,A,5619.2177,N,04356.8806,E,0.00,179.39,220626,,,A*79
$ECEFPOSVEL,120655.000,2552498.679,2460447.235,5284399.258,-0000000.067,-0000000.094,0000000.552*26
$GNRMC,120655.000,A,5619.2177,N,04356.8806,E,0.78,356.97,220626,,,A*7C
$ECEFPOSVEL,120656.000,2552498.679,2460447.235,5284399.258,0000000.194,0000000.158,0000000.450*2A
$GNRMC,120656.000,A,5619.2177,N,04356.8806,E,0.00,179.39,220626,,,A*7B
$ECEFPOSVEL,120657.000,2552498.679,2460447.235,5284399.258,-0000000.002,-0000000.140,0000000.140*28
$GNRMC,120657.000,A,5619.2177,N,04356.8806,E,0.00,179.39,220626,,,A*7A
$ECEFPOSVEL,120658.000,2552498.679,2460447.235,5284399.258,-0000000.025,-0000000.160,-0000000.094*05
$GNVTG,179.39,T,,M,0.00,N,0.00,K,A*26
$ECEFPOSVEL,120659.000,2552498.679,2460447.235,5284399.258,-0000000.075,-0000000.087,-0000000.094*09
$GNVTG,179.39,T,,M,0.00,N,0.00,K,A*26
$ECEFPOSVEL,120700.000,2552498.679,2460447.235,5284399.258,-0000000.182,-0000000.146,-0000000.183*06
$GNVTG,179.39,T,,M,0.00,N,0.00,K,A*26
$ECEFPOSVEL,120701.000,2552498.679,2460447.235,5284399.258,-0000000.141,-0000000.080,-0000000.108*00
$GNVTG,179.39,T,,M,0.00,N,0.00,K,A*26
$ECEFPOSVEL,120702.000,2552498.679,2460447.235,5284399.258,-0000000.140,-0000000.053,-0000000.158*09
$GNVTG,179.39,T,,M,0.00,N,0.00,K,A*26
$ECEFPOSVEL,120703.000,2552498.679,2460447.235,5284399.258,-0000000.024,-0000000.015,-0000000.153*02
$GNVTG,179.39,T,,M,0.00,N,0.00,K,A*26
$ECEFPOSVEL,120704.000,2552498.679,2460447.235,5284399.258,-0000000.048,0000000.031,-0000000.105*27
$GNRMC,120704.000,A,5619.2177,N,04356.8806,E,0.00,179.39,220626,,,A*7D
$ECEFPOSVEL,120705.000,2552498.679,2460447.235,5284399.258,-0000000.021,0000000.041,-0000000.093*20
$GNRMC,120705.000,A,5619.2177,N,04356.8806,E,0.00,179.39,220626,,,A*7C
$ECEFPOSVEL,120706.000,2552498.679,2460447.235,5284399.258,0000000.029,0000000.014,-0000000.085*01
$GNRMC,120706.000,A,5619.2177,N,04356.8806,E,0.00,179.39,220626,,,A*7F
$ECEFPOSVEL,120707.000,2552498.679,2460447.235,5284399.258,0000000.105,-0000000.370,-0000000.041*2B
$GNRMC,120707.000,A,5619.2177,N,04356.8806,E,0.00,179.39,220626,,,A*7E
$ECEFPOSVEL,120708.000,2552498.679,2460447.235,5284399.258,0000000.109,-0000000.252,-0000000.120*2F
$GNRMC,120708.000,A,5619.2177,N,04356.8806,E,0.00,179.39,220626,,,A*71
$ECEFPOSVEL,120709.000,2552498.679,2460447.235,5284399.258,0000000.079,-0000000.178,-0000000.054*21
$GNRMC,120709.000,A,5619.2177,N,04356.8806,E,0.00,179.39,220626,,,A*70
$ECEFPOSVEL,120710.000,2552498.679,2460447.235,5284399.258,0000000.166,-0000000.311,-0000000.106*2D
$GNRMC,120710.000,A,5619.2177,N,04356.8806,E,0.00,179.39,220626,,,A*78
$ECEFPOSVEL,120711.000,2552498.679,2460447.235,5284399.258,0000000.406,-0000000.652,-0000000.214*2D
$GNRMC,120711.000,A,5619.2177,N,04356.8806,E,1.46,271.14,220626,,,A*7E
$ECEFPOSVEL,120712.000,2552498.679,2460447.235,5284399.258,-0000000.164,-0000000.271,-0000000.186*0F
$GNRMC,120712.000,A,5619.2177,N,04356.8806,E,0.00,179.39,220626,,,A*7A
$ECEFPOSVEL,120713.000,2552498.679,2460447.235,5284399.258,-0000000.029,-0000000.079,-0000000.050*06
$GNRMC,120713.000,A,5619.2177,N,04356.8806,E,0.00,179.39,220626,,,A*7B
$ECEFPOSVEL,120714.000,2552498.679,2460447.235,5284399.258,-0000000.015,-0000000.047,-0000000.011*06
$GNRMC,120714.000,A,5619.2177,N,04356.8806,E,0.00,179.39,220626,,,A*7C
$ECEFPOSVEL,120715.000,2552498.679,2460447.235,5284399.258,-0000000.003,-0000000.007,-0000000.025*03
$GNRMC,120715.000,A,5619.2177,N,04356.8806,E,0.00,179.39,220626,,,A*7D
$ECEFPOSVEL,120716.000,2552498.679,2460447.235,5284399.258,-0000000.007,-0000000.012,-0000000.011*07
$GNRMC,120716.000,A,5619.2177,N,04356.8806,E,0.00,179.39,220626,,,A*7E
$ECEFPOSVEL,120717.000,2552498.679,2460447.235,5284399.258,-0000000.006,-0000000.023,-0000000.002*07
$GNRMC,120717.000,A,5619.2177,N,04356.8806,E,0.00,179.39,220626,,,A*7F
$ECEFPOSVEL,120718.000,2552498.679,2460447.235,5284399.258,0000000.001,-0000000.015,-0000000.009*2C
$GNRMC,120718.000,A,5619.2177,N,04356.8806,E,0.00,179.39,220626,,,A*70
$ECEFPOSVEL,120719.000,2552498.679,2460447.235,5284399.258,-0000000.011,-0000000.001,-0000000.023*0C
$GNRMC,120719.000,A,5619.2177,N,04356.8806,E,0.00,179.39,220626,,,A*71
$ECEFPOSVEL,120720.000,2552498.679,2460447.235,5284399.258,-0000000.012,-0000000.016,-0000000.011*02
$GNRMC,120720.000,A,5619.2177,N,04356.8806,E,0.00,179.39,220626,,,A*7B
$ECEFPOSVEL,120721.000,2552498.679,2460447.235,5284399.258,-0000000.006,-0000000.026,0000000.002*2A
$GNRMC,120721.000,A,5619.2177,N,04356.8806,E,0.00,179.39,220626,,,A*7A
$ECEFPOSVEL,120722.000,2552498.679,2460447.235,5284399.258,0000000.019,-0000000.001,0000000.027*08
$GNRMC,120722.000,A,5619.2177,N,04356.8806,E,0.00,179.39,220626,,,A*79
$ECEFPOSVEL,120723.000,2552498.679,2460447.235,5284399.258,-0000000.017,0000000.020,0000000.020*03
$GNRMC,120723.000,A,5619.2177,N,04356.8806,E,0.00,179.39,220626,,,A*78
$ECEFPOSVEL,120724.000,2552498.679,2460447.235,5284399.258,-0000000.011,0000000.010,0000000.015*07
$GNRMC,120724.000,A,5619.2177,N,04356.8806,E,0.00,179.39,220626,,,A*7F
$ECEFPOSVEL,120725.000,2552498.679,2460447.235,5284399.258,-0000000.025,0000000.009,0000000.017*0B
$GNRMC,120725.000,A,5619.2177,N,04356.8806,E,0.00,179.39,220626,,,A*7E
$ECEFPOSVEL,120726.000,2552498.679,2460447.235,5284399.258,-0000000.028,0000000.055,0000000.017*0C
$GNRMC,120726.000,A,5619.2177,N,04356.8806,E,0.00,179.39,220626,,,A*7D
$ECEFPOSVEL,120727.000,2552498.679,2460447.235,5284399.258,-0000000.105,0000000.129,0000000.059*03
$GNRMC,120727.000,A,5619.2177,N,04356.8806,E,0.00,179.39,220626,,,A*7C
$ECEFPOSVEL,120728.000,2552498.679,2460447.235,5284399.258,-0000000.101,0000000.003,0000000.105*09
$GNRMC,120728.000,A,5619.2177,N,04356.8806,E,0.00,179.39,220626,,,A*73
$ECEFPOSVEL,120729.000,2552498.679,2460447.235,5284399.258,-0000000.104,0000000.018,0000000.088*03
$GNRMC,120729.000,A,5619.2177,N,04356.8806,E,0.00,179.39,220626,,,A*72
$ECEFPOSVEL,120730.000,2552498.679,2460447.235,5284399.258,-0000000.139,0000000.065,0000000.066*0F
$GNRMC,120730.000,A,5619.2177,N,04356.8806,E,0.00,179.39,220626,,,A*7A
$ECEFPOSVEL,120731.000,2552498.679,2460447.235,5284399.258,-0000000.124,0000000.050,0000000.058*09
$GNRMC,120731.000,A,5619.2177,N,04356.8806,E,0.00,179.39,220626,,,A*7B
$ECEFPOSVEL,120732.000,2552498.679,2460447.235,5284399.258,-0000000.052,0000000.449,-0000000.089*27
$GNRMC,120732.000,A,5619.2177,N,04356.8806,E,0.88,127.71,220626,,,A*7F
$ECEFPOSVEL,120733.000,2552498.679,2460447.235,5284399.258,-0000000.013,0000000.238,-0000000.013*20
$GNRMC,120733.000,A,5619.2177,N,04356.8806,E,0.00,179.39,220626,,,A*79
$ECEFPOSVEL,120734.000,2552498.679,2460447.235,5284399.258,-0000000.017,0000000.227,-0000000.051*2B
$GNRMC,120734.000,A,5619.2177,N,04356.8806,E,0.00,179.39,220626,,,A*7E
$ECEFPOSVEL,120735.000,2552498.679,2460447.235,5284399.258,-0000000.311,0000000.141,0000000.103*07
$GNRMC,120735.000,A,5619.2177,N,04356.8806,E,0.00,179.39,220626,,,A*7F
$ECEFPOSVEL,120736.000,2552498.679,2460447.235,5284399.258,-0000000.309,0000000.316,0000000.041*0A
$GNRMC,120736.000,A,5619.2177,N,04356.8806,E,0.86,86.72,220626,,,A*4C
$ECEFPOSVEL,120737.000,2552496.736,2460447.923,5284400.141,-0000000.395,0000000.458,0000000.033*02
$GNRMC,120737.000,A,5619.2183,N,04356.8824,E,1.17,90.87,220626,,,A*42
$ECEFPOSVEL,120738.000,2552496.472,2460448.464,5284400.095,-0000000.354,0000000.490,0000000.007*09
$GNRMC,120738.000,A,5619.2183,N,04356.8830,E,1.17,96.34,220626,,,A*46
$ECEFPOSVEL,120739.000,2552496.188,2460449.020,5284400.051,-0000000.338,0000000.507,-0000000.006*2C
$GNVTG,98.86,T,,M,1.18,N,2.18,K,A*1F
$ECEFPOSVEL,120740.000,2552495.762,2460449.895,5284399.924,-0000000.359,0000000.584,-0000000.031*21
$GNVTG,101.78,T,,M,1.25,N,2.32,K,A*29
$ECEFPOSVEL,120741.000,2552495.478,2460451.348,5284399.477,-0000000.335,0000000.737,-0000000.112*21
$GNVTG,110.59,T,,M,1.58,N,2.94,K,A*2C
$ECEFPOSVEL,120742.000,2552495.002,2460451.650,5284399.636,-0000000.363,0000000.653,-0000000.060*24
$GNVTG,104.96,T,,M,1.52,N,2.81,K,A*24
$ECEFPOSVEL,120743.000,2552497.329,2460449.730,5284399.493,0000000.103,0000000.172,-0000000.065*06
$GNVTG,104.96,T,,M,0.00,N,0.00,K,A*29
$ECEFPOSVEL,120744.000,2552497.298,2460449.423,5284399.638,0000000.052,0000000.249,-0000000.086*0B
$GNVTG,104.96,T,,M,0.00,N,0.00,K,A*29
$ECEFPOSVEL,120745.000,2552497.463,2460449.484,5284399.522,0000000.070,0000000.179,-0000000.075*01
$GNRMC,120745.000,A,5619.2174,N,04356.8830,E,0.00,104.96,220626,,,A*71
$ECEFPOSVEL,120746.000,2552497.463,2460449.484,5284399.522,-0000000.007,-0000000.372,-0000000.046*0B
$GNVTG,104.96,T,,M,0.00,N,0.00,K,A*29
$ECEFPOSVEL,120747.000,2552497.463,2460449.484,5284399.522,0000000.141,-0000000.661,-0000000.112*23
$GNRMC,120747.000,A,5619.2174,N,04356.8830,E,1.20,292.27,220626,,,A*76
$ECEFPOSVEL,120748.000,2552497.463,2460449.484,5284399.522,-0000000.126,-0000000.351,-0000000.015*00
$GNRMC,120748.000,A,5619.2174,N,04356.8830,E,0.00,104.96,220626,,,A*7C
$ECEFPOSVEL,120749.000,2552497.463,2460449.484,5284399.522,0000000.010,-0000000.108,-0000000.207*27
$GNRMC,120749.000,A,5619.2174,N,04356.8830,E,0.00,104.96,220626,,,A*7D
$ECEFPOSVEL,120750.000,2552497.463,2460449.484,5284399.522,-0000000.042,-0000000.056,-0000000.092*01
$GNRMC,120750.000,A,5619.2174,N,04356.8830,E,0.00,104.96,220626,,,A*75
$ECEFPOSVEL,120751.000,2552497.463,2460449.484,5284399.522,-0000000.009,-0000000.125,-0000000.023*00
$GNRMC,120751.000,A,5619.2174,N,04356.8830,E,0.00,104.96,220626,,,A*74
$ECEFPOSVEL,120752.000,2552497.463,2460449.484,5284399.522,0000000.033,-0000000.202,0000000.020*0F
$GNRMC,120752.000,A,5619.2174,N,04356.8830,E,0.00,104.96,220626,,,A*77
$ECEFPOSVEL,120753.000,2552497.463,2460449.484,5284399.522,0000000.020,-0000000.462,-0000000.115*26
$GNRMC,120753.000,A,5619.2174,N,04356.8830,E,0.00,104.96,220626,,,A*76
$ECEFPOSVEL,120754.000,2552497.463,2460449.484,5284399.522,0000000.100,-0000000.494,-0000000.101*2E
$GNRMC,120754.000,A,5619.2174,N,04356.8830,E,0.89,291.75,220626,,,A*72
$ECEFPOSVEL,120755.000,2552497.463,2460449.484,5284399.522,0000000.083,-0000000.272,-0000000.207*2E
$GNRMC,120755.000,A,5619.2174,N,04356.8830,E,0.00,104.96,220626,,,A*70
$ECEFPOSVEL,120756.000,2552497.463,2460449.484,5284399.522,0000000.180,-0000000.114,-0000000.061*2E
$GNRMC,120756.000,A,5619.2174,N,04356.8830,E,0.00,104.96,220626,,,A*73
$ECEFPOSVEL,120757.000,2552497.463,2460449.484,5284399.522,-0000000.006,0000000.399,-0000000.045*21
$GNRMC,120757.000,A,5619.2174,N,04356.8830,E,0.00,104.96,220626,,,A*72
$ECEFPOSVEL,120758.000,2552497.463,2460449.484,5284399.522,-0000000.346,0000000.733,0000000.111*00
$GNRMC,120758.000,A,5619.2174,N,04356.8830,E,1.52,101.37,220626,,,A*75
$ECEFPOSVEL,120759.000,2552497.463,2460449.484,5284399.522,-0000000.101,0000000.402,0000000.159*0D
$GNRMC,120759.000,A,5619.2174,N,04356.8830,E,0.00,104.96,220626,,,A*7C
$ECEFPOSVEL,120800.000,2552497.463,2460449.484,5284399.522,-0000000.011,0000000.142,0000000.231*02
$GNRMC,120800.000,A,5619.2174,N,04356.8830,E,0.00,104.96,220626,,,A*7F
$ECEFPOSVEL,120801.000,2552497.463,2460449.484,5284399.522,-0000000.002,0000000.165,0000000.096*0B
$GNRMC,120801.000,A,5619.2174,N,04356.8830,E,0.00,104.96,220626,,,A*7E
$ECEFPOSVEL,120802.000,2552497.463,2460449.484,5284399.522,-0000000.025,0000000.136,0000000.064*06
$GNRMC,120802.000,A,5619.2174,N,04356.8830,E,0.00,104.96,220626,,,A*7D
$ECEFPOSVEL,120803.000,2552497.463,2460449.484,5284399.522,0000000.168,0000000.011,0000000.124*23
$GNRMC,120803.000,A,5619.2174,N,04356.8830,E,0.00,104.96,220626,,,A*7C
$ECEFPOSVEL,120804.000,2552497.463,2460449.484,5284399.522,0000000.082,0000000.089,0000000.053*21
$GNRMC,120804.000,A,5619.2174,N,04356.8830,E,0.00,104.96,220626,,,A*7B
$ECEFPOSVEL,120805.000,2552497.463,2460449.484,5284399.522,-0000000.020,0000000.137,0000000.032*06
$GNRMC,120805.000,A,5619.2174,N,04356.8830,E,0.00,104.96,220626,,,A*7A
$ECEFPOSVEL,120806.000,2552497.463,2460449.484,5284399.522,-0000000.149,0000000.317,0000000.013*08
$GNRMC,120806.000,A,5619.2174,N,04356.8830,E,0.00,104.96,220626,,,A*79
$ECEFPOSVEL,120807.000,2552497.463,2460449.484,5284399.522,-0000000.117,0000000.181,0000000.069*02
$GNRMC,120807.000,A,5619.2174,N,04356.8830,E,0.00,104.96,220626,,,A*78
$ECEFPOSVEL,120808.000,2552497.463,2460449.484,5284399.522,-0000000.073,0000000.265,-0000000.023*24
$GNRMC,120808.000,A,5619.2174,N,04356.8830,E,0.00,104.96,220626,,,A*77
$ECEFPOSVEL,120809.000,2552497.463,2460449.484,5284399.522,-0000000.092,0000000.254,-0000000.030*2A
$GNRMC,120809.000,A,5619.2174,N,04356.8830,E,0.00,104.96,220626,,,A*76
$ECEFPOSVEL,120810.000,2552497.463,2460449.484,5284399.522,0000000.005,0000000.068,0000000.075*20
$GNRMC,120810.000,A,5619.2174,N,04356.8830,E,0.00,104.96,220626,,,A*7E
$ECEFPOSVEL,120811.000,2552497.463,2460449.484,5284399.522,-0000000.044,0000000.156,0000000.017*01
$GNRMC,120811.000,A,5619.2174,N,04356.8830,E,0.00,104.96,220626,,,A*7F
$ECEFPOSVEL,120812.000,2552497.463,2460449.484,5284399.522,-0000000.094,0000000.028,0000000.085*0C
$GNRMC,120812.000,A,5619.2174,N,04356.8830,E,0.00,104.96,220626,,,A*7C
$ECEFPOSVEL,120813.000,2552497.463,2460449.484,5284399.522,-0000000.114,0000000.440,0000000.191*0A
$GNRMC,120813.000,A,5619.2174,N,04356.8830,E,0.78,101.42,220626,,,A*7E
$ECEFPOSVEL,120814.000,2552495.360,2460450.499,5284399.833,-0000000.208,0000000.643,0000000.149*08
$GNRMC,120814.000,A,5619.2179,N,04356.8851,E,1.22,105.15,220626,,,A*7B
$ECEFPOSVEL,120815.000,2552495.290,2460450.911,5284399.960,-0000000.065,0000000.513,0000000.147*0C
$GNRMC,120815.000,A,5619.2178,N,04356.8855,E,0.88,112.95,220626,,,A*70
$ECEFPOSVEL,120816.000,2552495.222,2460451.392,5284400.139,0000000.038,-0000000.078,0000000.022*07
$GNRMC,120816.000,A,5619.2178,N,04356.8859,E,0.00,112.95,220626,,,A*7F
$ECEFPOSVEL,120817.000,2552495.249,2460451.319,5284400.169,0000000.002,-0000000.036,0000000.029*05
$GNRMC,120817.000,A,5619.2178,N,04356.8858,E,0.00,112.95,220626,,,A*7F
$ECEFPOSVEL,120818.000,2552495.281,2460451.255,5284400.181,0000000.026,-0000000.046,0000000.014*0E
$GNRMC,120818.000,A,5619.2178,N,04356.8857,E,0.00,112.95,220626,,,A*7F
$ECEFPOSVEL,120819.000,2552495.281,2460451.255,5284400.181,0000000.054,-0000000.072,0000000.010*09
$GNRMC,120819.000,A,5619.2178,N,04356.8857,E,0.00,112.95,220626,,,A*7E
$ECEFPOSVEL,120820.000,2552495.281,2460451.255,5284400.181,0000000.020,0000000.012,0000000.036*2F
$GNRMC,120820.000,A,5619.2178,N,04356.8857,E,0.00,112.95,220626,,,A*74
$ECEFPOSVEL,120821.000,2552495.281,2460451.255,5284400.181,-0000000.013,-0000000.061,-0000000.017*04
$GNRMC,120821.000,A,5619.2178,N,04356.8857,E,0.00,112.95,220626,,,A*75
$ECEFPOSVEL,120822.000,2552495.281,2460451.255,5284400.181,-0000000.026,-0000000.034,-0000000.043*00
$GNRMC,120822.000,A,5619.2178,N,04356.8857,E,0.00,112.95,220626,,,A*76
$ECEFPOSVEL,120823.000,2552495.281,2460451.255,5284400.181,-0000000.008,-0000000.036,-0000000.043*0F
$GNRMC,120823.000,A,5619.2178,N,04356.8857,E,0.00,112.95,220626,,,A*77
$ECEFPOSVEL,120824.000,2552495.281,2460451.255,5284400.181,-0000000.016,-0000000.051,-0000000.021*02
$GNRMC,120824.000,A,5619.2178,N,04356.8857,E,0.00,112.95,220626,,,A*70
$ECEFPOSVEL,120825.000,2552495.281,2460451.255,5284400.181,-0000000.003,-0000000.023,-0000000.004*05
$GNRMC,120825.000,A,5619.2178,N,04356.8857,E,0.00,112.95,220626,,,A*71
$ECEFPOSVEL,120826.000,2552495.281,2460451.255,5284400.181,0000000.041,0000000.059,0000000.094*29
$GNRMC,120826.000,A,5619.2178,N,04356.8857,E,0.00,112.95,220626,,,A*72
$ECEFPOSVEL,120827.000,2552495.281,2460451.255,5284400.181,-0000000.037,-0000000.046,-0000000.062*03
$GNRMC,120827.000,A,5619.2178,N,04356.8857,E,0.00,112.95,220626,,,A*73
$ECEFPOSVEL,120828.000,2552495.281,2460451.255,5284400.181,-0000000.005,-0000000.047,-0000000.026*0C
$GNVTG,112.95,T,,M,0.00,N,0.00,K,A*2D
$ECEFPOSVEL,120829.000,2552495.281,2460451.255,5284400.181,-0000000.007,-0000000.101,-0000000.033*08
$GNVTG,112.95,T,,M,0.00,N,0.00,K,A*2D
$ECEFPOSVEL,120830.000,2552495.281,2460451.255,5284400.181,-0000000.070,-0000000.077,-0000000.150*04
$GNRMC,120830.000,A,5619.2178,N,04356.8857,E,0.00,112.95,220626,,,A*75
$ECEFPOSVEL,120831.000,2552495.281,2460451.255,5284400.181,-0000000.063,0000000.018,-0000000.142*20
$GNRMC,120831.000,A,5619.2178,N,04356.8857,E,0.00,112.95,220626,,,A*74
$ECEFPOSVEL,120832.000,2552495.281,2460451.255,5284400.181,-0000000.094,-0000000.150,-0000000.022*0C
$GNRMC,120832.000,A,5619.2178,N,04356.8857,E,0.00,112.95,220626,,,A*77
$ECEFPOSVEL,120833.000,2552495.281,2460451.255,5284400.181,-0000000.160,-0000000.097,0000000.021*23
$GNRMC,120833.000,A,5619.2178,N,04356.8857,E,0.00,112.95,220626,,,A*76
$ECEFPOSVEL,120834.000,2552495.281,2460451.255,5284400.181,-0000000.016,0000000.189,-0000000.155*28
$GNRMC,120834.000,A,5619.2178,N,04356.8857,E,0.00,112.95,220626,,,A*71
$ECEFPOSVEL,120835.000,2552495.281,2460451.255,5284400.181,-0000000.010,0000000.174,-0000000.131*2F
$GNRMC,120835.000,A,5619.2178,N,04356.8857,E,0.00,112.95,220626,,,A*70
$ECEFPOSVEL,120836.000,2552495.281,2460451.255,5284400.181,-0000000.135,0000000.281,-0000000.096*2F
$GNRMC,120836.000,A,5619.2178,N,04356.8857,E,0.00,112.95,220626,,,A*73
$ECEFPOSVEL,120837.000,2552495.281,2460451.255,5284400.181,-0000000.189,0000000.520,-0000000.168*25
$GNRMC,120837.000,A,5619.2178,N,04356.8857,E,1.12,119.00,220626,,,A*77
$ECEFPOSVEL,120838.000,2552495.281,2460451.255,5284400.181,-0000000.069,0000000.208,-0000000.084*2B
$GNRMC,120838.000,A,5619.2178,N,04356.8857,E,0.00,112.95,220626,,,A*7D
$ECEFPOSVEL,120839.000,2552495.281,2460451.255,5284400.181,-0000000.143,-0000000.298,0000000.176*26
$GNRMC,120839.000,A,5619.2178,N,04356.8857,E,0.00,112.95,220626,,,A*7C
$ECEFPOSVEL,120840.000,2552495.281,2460451.255,5284400.181,-0000000.158,-0000000.323,0000000.181*2B
$GNRMC,120840.000,A,5619.2178,N,04356.8857,E,0.00,112.95,220626,,,A*72
$ECEFPOSVEL,120841.000,2552495.281,2460451.255,5284400.181,-0000000.075,-0000000.188,0000000.065*2C
$GNRMC,120841.000,A,5619.2178,N,04356.8857,E,0.00,112.95,220626,,,A*73
$ECEFPOSVEL,120842.000,2552495.281,2460451.255,5284400.181,0000000.043,-0000000.111,-0000000.018*20
$GNRMC,120842.000,A,5619.2178,N,04356.8857,E,0.00,112.95,220626,,,A*70
$ECEFPOSVEL,120843.000,2552495.281,2460451.255,5284400.181,0000000.126,0000000.029,-0000000.116*0B
$GNRMC,120843.000,A,5619.2178,N,04356.8857,E,0.00,112.95,220626,,,A*71
$ECEFPOSVEL,120844.000,2552495.281,2460451.255,5284400.181,0000000.057,0000000.041,0000000.079*20
$GNRMC,120844.000,A,5619.2178,N,04356.8857,E,0.00,112.95,220626,,,A*76
$ECEFPOSVEL,120845.000,2552495.281,2460451.255,5284400.181,-0000000.022,0000000.167,-0000000.088*28
$GNRMC,120845.000,A,5619.2178,N,04356.8857,E,0.00,112.95,220626,,,A*77
$ECEFPOSVEL,120846.000,2552495.281,2460451.255,5284400.181,-0000000.001,0000000.221,-0000000.010*2A
$GNRMC,120846.000,A,5619.2178,N,04356.8857,E,0.00,112.95,220626,,,A*74
$ECEFPOSVEL,120847.000,2552495.281,2460451.255,5284400.181,-0000000.072,0000000.452,0000000.078*0E
$GNRMC,120847.000,A,5619.2178,N,04356.8857,E,0.81,119.00,220626,,,A*7B
$ECEFPOSVEL,120848.000,2552495.281,2460451.255,5284400.181,-0000000.002,0000000.402,0000000.047*0F
$GNRMC,120848.000,A,5619.2178,N,04356.8857,E,0.00,112.95,220626,,,A*7A
$ECEFPOSVEL,120849.000,2552495.281,2460451.255,5284400.181,0000000.232,-0000000.385,0000000.209*0F
$GNRMC,120849.000,A,5619.2178,N,04356.8857,E,0.93,119.00,220626,,,A*76
$ECEFPOSVEL,120850.000,2552496.180,2460451.338,5284399.299,0000000.293,-0000000.771,0000000.291*04
$GNRMC,120850.000,A,5619.2172,N,04356.8852,E,1.69,119.00,220626,,,A*75
$ECEFPOSVEL,120851.000,2552496.536,2460450.923,5284399.341,0000000.123,-0000000.589,0000000.266*0C
$GNRMC,120851.000,A,5619.2172,N,04356.8846,E,1.27,119.00,220626,,,A*7B
$ECEFPOSVEL,120852.000,2552496.923,2460450.652,5284399.242,-0000000.070,0000000.389,0000000.079*01
$GNRMC,120852.000,A,5619.2172,N,04356.8842,E,0.00,119.00,220626,,,A*78
$ECEFPOSVEL,120853.000,2552497.374,2460450.774,5284399.123,-0000000.055,0000000.871,-0000000.038*2B
$GNRMC,120853.000,A,5619.2170,N,04356.8840,E,1.61,126.43,220626,,,A*74
$ECEFPOSVEL,120854.000,2552497.896,2460451.007,5284399.033,-0000000.052,0000001.017,-0000000.038*27
$GNRMC,120854.000,A,5619.2167,N,04356.8838,E,1.87,126.88,220626,,,A*75
$ECEFPOSVEL,120855.000,2552498.472,2460451.468,5284398.882,0000000.126,0000000.736,0000000.026*29
$GNRMC,120855.000,A,5619.2163,N,04356.8837,E,1.28,137.69,220626,,,A*75
$ECEFPOSVEL,120856.000,2552499.081,2460451.479,5284398.871,0000000.053,0000000.431,0000000.215*2A
$GNRMC,120856.000,A,5619.2161,N,04356.8833,E,0.00,120.54,220626,,,A*73
$ECEFPOSVEL,120857.000,2552499.536,2460451.668,5284398.805,0000000.064,0000000.592,0000000.144*28
$GNRMC,120857.000,A,5619.2159,N,04356.8831,E,0.94,128.14,220626,,,A*7A
$ECEFPOSVEL,120858.000,2552500.034,2460451.738,5284398.789,0000000.127,0000001.206,-0000000.131*0C
$GNRMC,120858.000,A,5619.2157,N,04356.8829,E,2.24,137.31,220626,,,A*72
$ECEFPOSVEL,120859.000,2552502.507,2460451.457,5284397.422,0000000.171,0000000.985,-0000000.052*0B
$GNRMC,120859.000,A,5619.2146,N,04356.8810,E,1.78,139.84,220626,,,A*73
$ECEFPOSVEL,120900.000,2552502.622,2460452.288,5284397.315,-0000000.052,0000000.520,0000000.251*04
$GNRMC,120900.000,A,5619.2142,N,04356.8815,E,0.84,107.60,220626,,,A*7A
$ECEFPOSVEL,120901.000,2552502.526,2460452.628,5284397.384,0000000.107,-0000000.238,0000000.485*04
$GNRMC,120901.000,A,5619.2142,N,04356.8818,E,0.83,324.37,220626,,,A*70
$ECEFPOSVEL,120902.000,2552502.503,2460452.458,5284397.655,0000000.079,-0000000.310,0000000.511*03
$GNRMC,120902.000,A,5619.2143,N,04356.8817,E,0.90,326.18,220626,,,A*70
$ECEFPOSVEL,120903.000,2552502.569,2460452.244,5284397.881,0000000.170,-0000000.258,0000000.428*0C
$GNRMC,120903.000,A,5619.2144,N,04356.8815,E,0.85,313.15,220626,,,A*7B
$ECEFPOSVEL,120904.000,2552502.795,2460451.566,5284398.193,0000000.277,-0000000.286,0000000.384*0D
$GNRMC,120904.000,A,5619.2147,N,04356.8809,E,0.88,298.06,220626,,,A*7F
$ECEFPOSVEL,120905.000,2552502.934,2460450.884,5284398.470,0000000.138,0000000.031,0000000.136*21
$GNRMC,120905.000,A,5619.2149,N,04356.8803,E,0.00,298.06,220626,,,A*7A
$ECEFPOSVEL,120906.000,2552502.722,2460451.244,5284398.211,0000000.107,-0000000.164,0000000.074*0A
$GNRMC,120906.000,A,5619.2148,N,04356.8807,E,0.00,298.06,220626,,,A*7C
$ECEFPOSVEL,120907.000,2552502.754,2460450.608,5284398.217,0000000.156,-0000000.371,0000000.098*01
$GNRMC,120907.000,A,5619.2150,N,04356.8802,E,0.80,295.02,220626,,,A*70
$ECEFPOSVEL,120908.000,2552502.754,2460450.608,5284398.217,0000000.103,-0000000.338,0000000.093*08
$GNRMC,120908.000,A,5619.2150,N,04356.8802,E,0.00,295.02,220626,,,A*77
$ECEFPOSVEL,120909.000,2552502.754,2460450.608,5284398.217,0000000.125,-0000000.513,0000000.136*0C
$GNRMC,120909.000,A,5619.2150,N,04356.8802,E,1.06,303.07,220626,,,A*7A
$ECEFPOSVEL,120910.000,2552502.015,2460451.210,5284397.565,0000000.059,-0000000.389,0000000.091*04
$GNRMC,120910.000,A,5619.2149,N,04356.8812,E,0.78,306.76,220626,,,A*70
$ECEFPOSVEL,120911.000,2552501.534,2460452.139,5284397.085,0000000.006,-0000000.216,0000000.026*01
$GNRMC,120911.000,A,5619.2146,N,04356.8821,E,0.00,306.76,220626,,,A*71
$ECEFPOSVEL,120912.000,2552501.377,2460452.238,5284396.987,0000000.016,-0000000.156,0000000.019*01
$GNRMC,120912.000,A,5619.2146,N,04356.8823,E,0.00,306.76,220626,,,A*70
$ECEFPOSVEL,120913.000,2552501.482,2460451.981,5284397.078,0000000.055,-0000000.155,0000000.018*0A
$GNRMC,120913.000,A,5619.2146,N,04356.8821,E,0.00,306.76,220626,,,A*73
$ECEFPOSVEL,120914.000,2552501.482,2460451.981,5284397.078,0000000.183,-0000000.594,0000000.049*0A
$GNRMC,120914.000,A,5619.2146,N,04356.8821,E,1.19,295.14,220626,,,A*72
$ECEFPOSVEL,120915.000,2552501.500,2460451.489,5284397.040,0000000.075,-0000000.549,0000000.005*0E
$GNRMC,120915.000,A,5619.2148,N,04356.8817,E,1.02,301.52,220626,,,A*7C
$ECEFPOSVEL,120916.000,2552501.329,2460451.392,5284396.890,-0000000.037,-0000000.333,-0000000.061*06
$GNRMC,120916.000,A,5619.2148,N,04356.8817,E,0.00,301.52,220626,,,A*7C
$ECEFPOSVEL,120917.000,2552501.241,2460451.396,5284396.788,-0000000.008,0000000.086,-0000000.204*27
$GNRMC,120917.000,A,5619.2148,N,04356.8818,E,0.00,301.52,220626,,,A*72
$ECEFPOSVEL,120918.000,2552501.095,2460452.041,5284396.545,-0000000.050,0000000.385,-0000000.258*2E
$GNRMC,120918.000,A,5619.2146,N,04356.8824,E,0.89,137.02,220626,,,A*7F
$ECEFPOSVEL,120919.000,2552500.797,2460452.692,5284396.232,-0000000.161,0000000.545,-0000000.276*21
$GNRMC,120919.000,A,5619.2144,N,04356.8830,E,1.22,126.40,220626,,,A*7F
$ECEFPOSVEL,120920.000,2552500.573,2460452.891,5284396.119,-0000000.223,0000000.569,-0000000.251*2A
$GNRMC,120920.000,A,5619.2144,N,04356.8833,E,1.27,120.63,220626,,,A*74
$ECEFPOSVEL,120921.000,2552500.393,2460452.796,5284396.017,-0000000.262,0000000.833,0000000.077*08
$GNRMC,120921.000,A,5619.2144,N,04356.8834,E,1.61,109.80,220626,,,A*76
$ECEFPOSVEL,120922.000,2552500.129,2460453.241,5284396.263,-0000000.237,0000000.834,0000000.193*0B
$GNRMC,120922.000,A,5619.2144,N,04356.8838,E,1.58,106.93,220626,,,A*7E
$ECEFPOSVEL,120923.000,2552499.852,2460454.212,5284396.313,0000000.136,0000000.313,0000000.249*2C
$GNRMC,120923.000,A,5619.2142,N,04356.8847,E,0.00,106.93,220626,,,A*7D
$ECEFPOSVEL,120924.000,2552499.521,2460454.740,5284396.003,0000000.046,0000000.173,0000000.133*2E
$GNRMC,120924.000,A,5619.2141,N,04356.8853,E,0.00,106.93,220626,,,A*7C
$ECEFPOSVEL,120925.000,2552499.142,2460455.353,5284395.715,-0000000.001,0000000.071,0000000.109*0E
$GNRMC,120925.000,A,5619.2139,N,04356.8860,E,0.00,106.93,220626,,,A*72
$ECEFPOSVEL,120926.000,2552499.142,2460455.353,5284395.715,0000000.185,-0000000.093,0000000.274*05
$GNRMC,120926.000,A,5619.2139,N,04356.8860,E,0.00,106.93,220626,,,A*71
$ECEFPOSVEL,120927.000,2552499.142,2460455.353,5284395.715,0000000.105,0000000.062,0000000.120*2D
$GNRMC,120927.000,A,5619.2139,N,04356.8860,E,0.00,106.93,220626,,,A*70
$ECEFPOSVEL,120928.000,2552499.142,2460455.353,5284395.715,-0000000.065,0000000.225,0000000.038*01
$GNRMC,120928.000,A,5619.2139,N,04356.8860,E,0.00,106.93,220626,,,A*7F
$ECEFPOSVEL,120929.000,2552499.142,2460455.353,5284395.715,-0000000.124,0000000.411,-0000000.056*20
$GNRMC,120929.000,A,5619.2139,N,04356.8860,E,0.83,117.00,220626,,,A*7F
$ECEFPOSVEL,120930.000,2552499.142,2460455.353,5284395.715,-0000000.075,0000000.165,-0000000.070*2F
$GNRMC,120930.000,A,5619.2139,N,04356.8860,E,0.00,106.93,220626,,,A*76
$ECEFPOSVEL,120931.000,2552499.142,2460455.353,5284395.715,0000000.136,-0000000.290,-0000000.021*25
$GNRMC,120931.000,A,5619.2139,N,04356.8860,E,0.00,106.93,220626,,,A*77
$ECEFPOSVEL,120932.000,2552499.142,2460455.353,5284395.715,0000000.049,-0000000.193,-0000000.048*20
$GNRMC,120932.000,A,5619.2139,N,04356.8860,E,0.00,106.93,220626,,,A*74
$ECEFPOSVEL,120933.000,2552499.142,2460455.353,5284395.715,-0000000.028,0000000.053,-0000000.074*24
$GNRMC,120933.000,A,5619.2139,N,04356.8860,E,0.00,106.93,220626,,,A*75
$ECEFPOSVEL,120934.000,2552499.142,2460455.353,5284395.715,-0000000.018,0000000.158,-0000000.105*2D
$GNRMC,120934.000,A,5619.2139,N,04356.8860,E,0.00,106.93,220626,,,A*72
$ECEFPOSVEL,120935.000,2552499.142,2460455.353,5284395.715,0000000.091,-0000000.141,-0000000.087*2E
$GNRMC,120935.000,A,5619.2139,N,04356.8860,E,0.00,106.93,220626,,,A*73
$ECEFPOSVEL,120936.000,2552499.142,2460455.353,5284395.715,0000000.003,-0000000.247,-0000000.086*22
$GNRMC,120936.000,A,5619.2139,N,04356.8860,E,0.00,106.93,220626,,,A*70
$ECEFPOSVEL,120937.000,2552499.142,2460455.353,5284395.715,0000000.001,-0000000.192,-0000000.044*24
$GNRMC,120937.000,A,5619.2139,N,04356.8860,E,0.00,106.93,220626,,,A*71
$ECEFPOSVEL,120938.000,2552499.142,2460455.353,5284395.715,0000000.097,0000000.081,0000000.058*2A
$GNRMC,120938.000,A,5619.2139,N,04356.8860,E,0.00,106.93,220626,,,A*7E
$ECEFPOSVEL,120939.000,2552499.142,2460455.353,5284395.715,-0000000.066,0000000.898,0000000.218*0E
$GNRMC,120939.000,A,5619.2139,N,04356.8860,E,1.51,117.35,220626,,,A*76
$ECEFPOSVEL,120940.000,2552498.151,2460457.323,5284394.910,-0000000.176,0000000.823,0000000.149*0B
$GNRMC,120940.000,A,5619.2134,N,04356.8880,E,1.50,111.86,220626,,,A*74
$ECEFPOSVEL,120941.000,2552498.046,2460457.930,5284395.068,-0000000.073,0000000.038,-0000000.054*24
$GNRMC,120941.000,A,5619.2133,N,04356.8885,E,0.00,111.86,220626,,,A*73
$ECEFPOSVEL,120942.000,2552497.983,2460458.115,5284395.080,-0000000.013,-0000000.511,-0000000.129*00
$GNRMC,120942.000,A,5619.2133,N,04356.8887,E,0.83,302.88,220626,,,A*77
$ECEFPOSVEL,120943.000,2552497.952,2460457.727,5284395.001,0000000.101,-0000000.755,0000000.015*02
$GNRMC,120943.000,A,5619.2134,N,04356.8884,E,1.41,302.02,220626,,,A*7F
$ECEFPOSVEL,120944.000,2552497.970,2460457.096,5284394.982,0000000.043,-0000000.651,-0000000.025*27
$GNRMC,120944.000,A,5619.2136,N,04356.8880,E,1.17,303.97,220626,,,A*70
$ECEFPOSVEL,120945.000,2552497.824,2460456.832,5284394.863,-0000000.056,-0000000.473,-0000000.072*06
$GNVTG,311.43,T,,M,0.78,N,1.45,K,A*28
$ECEFPOSVEL,120946.000,2552497.669,2460456.667,5284394.662,-0000000.094,-0000000.294,-0000000.145*07
$GNRMC,120946.000,A,5619.2137,N,04356.8879,E,0.00,311.43,220626,,,A*78
$ECEFPOSVEL,120947.000,2552497.631,2460456.416,5284394.619,-0000000.055,-0000000.143,-0000000.161*01
$GNRMC,120947.000,A,5619.2138,N,04356.8877,E,0.00,311.43,220626,,,A*78
$ECEFPOSVEL,120948.000,2552497.752,2460456.162,5284394.695,0000000.173,-0000000.398,-0000000.080*2A
$GNRMC,120948.000,A,5619.2138,N,04356.8875,E,0.80,281.39,220626,,,A*78
$ECEFPOSVEL,120949.000,2552497.736,2460455.696,5284394.703,0000000.007,-0000000.803,0000000.154*06
$GNRMC,120949.000,A,5619.2140,N,04356.8872,E,1.55,313.08,220626,,,A*70
$ECEFPOSVEL,120950.000,2552497.740,2460455.307,5284394.648,0000000.205,-0000000.744,0000000.013*02
$GNRMC,120950.000,A,5619.2141,N,04356.8869,E,1.50,294.87,220626,,,A*7F
$ECEFPOSVEL,120951.000,2552497.849,2460454.971,5284394.505,0000000.176,-0000000.831,0000000.024*0B
$GNRMC,120951.000,A,5619.2141,N,04356.8866,E,1.55,298.29,220626,,,A*7C
$ECEFPOSVEL,120952.000,2552497.856,2460454.503,5284394.404,0000000.007,-0000000.879,0000000.080*0A
$GNRMC,120952.000,A,5619.2142,N,04356.8863,E,1.59,310.63,220626,,,A*7A
$ECEFPOSVEL,120953.000,2552497.755,2460453.906,5284394.298,-0000000.113,-0000000.500,-0000000.058*08
$GNRMC,120953.000,A,5619.2144,N,04356.8859,E,0.84,319.02,220626,,,A*7B
$ECEFPOSVEL,120954.000,2552497.715,2460453.329,5284394.194,-0000000.119,-0000000.381,-0000000.111*0A
$GNRMC,120954.000,A,5619.2146,N,04356.8855,E,0.00,319.02,220626,,,A*7E
$ECEFPOSVEL,120955.000,2552497.917,2460451.974,5284394.509,0000000.056,-0000000.546,-0000000.067*2D
$GNRMC,120955.000,A,5619.2150,N,04356.8844,E,0.96,299.54,220626,,,A*7D
$ECEFPOSVEL,120956.000,2552497.989,2460450.593,5284394.683,0000000.041,-0000000.704,-0000000.012*2C
$GNRMC,120956.000,A,5619.2155,N,04356.8834,E,1.27,305.01,220626,,,A*73
$ECEFPOSVEL,120957.000,2552498.125,2460448.968,5284394.865,0000000.076,-0000000.687,-0000000.044*26
$GNRMC,120957.000,A,5619.2160,N,04356.8822,E,1.25,300.83,220626,,,A*7E
$ECEFPOSVEL,120958.000,2552498.225,2460448.418,5284394.615,0000000.146,-0000000.290,-0000000.261*2C
$GNRMC,120958.000,A,5619.2161,N,04356.8818,E,0.00,258.19,220626,,,A*70
$ECEFPOSVEL,120959.000,2552498.085,2460448.592,5284394.110,0000000.010,-0000000.066,-0000000.294*27
$GNRMC,120959.000,A,5619.2159,N,04356.8820,E,0.00,258.19,220626,,,A*71
$ECEFPOSVEL,121000.000,2552498.214,2460448.365,5284394.156,-0000000.012,-0000000.113,-0000000.166*07
$GNRMC,121000.000,A,5619.2159,N,04356.8817,E,0.00,258.19,220626,,,A*71
$ECEFPOSVEL,121001.000,2552498.214,2460448.365,5284394.156,-0000000.035,-0000000.240,-0000000.073*03
$GNRMC,121001.000,A,5619.2159,N,04356.8817,E,0.00,258.19,220626,,,A*70
$ECEFPOSVEL,121002.000,2552498.214,2460448.365,5284394.156,-0000000.119,-0000000.085,-0000000.039*0A
$GNRMC,121002.000,A,5619.2159,N,04356.8817,E,0.00,258.19,220626,,,A*73
$ECEFPOSVEL,121003.000,2552498.214,2460448.365,5284394.156,-0000000.054,0000000.022,-0000000.078*26
$GNRMC,121003.000,A,5619.2159,N,04356.8817,E,0.00,258.19,220626,,,A*72
$ECEFPOSVEL,121004.000,2552498.214,2460448.365,5284394.156,-0000000.191,0000000.199,-0000000.077*27
$GNRMC,121004.000,A,5619.2159,N,04356.8817,E,0.00,258.19,220626,,,A*75
$ECEFPOSVEL,121005.000,2552498.214,2460448.365,5284394.156,-0000000.245,0000000.286,-0000000.062*25
$GNRMC,121005.000,A,5619.2159,N,04356.8817,E,0.00,258.19,220626,,,A*74
$ECEFPOSVEL,121006.000,2552498.214,2460448.365,5284394.156,-0000000.117,0000000.288,-0000000.114*2C
$GNRMC,121006.000,A,5619.2159,N,04356.8817,E,0.00,258.19,220626,,,A*77
$ECEFPOSVEL,121007.000,2552498.214,2460448.365,5284394.156,-0000000.072,0000000.315,-0000000.146*2D
$GNRMC,121007.000,A,5619.2159,N,04356.8817,E,0.00,258.19,220626,,,A*76
$ECEFPOSVEL,121008.000,2552498.214,2460448.365,5284394.156,0000000.049,0000000.198,-0000000.147*01
$GNRMC,121008.000,A,5619.2159,N,04356.8817,E,0.00,258.19,220626,,,A*79
$ECEFPOSVEL,121009.000,2552498.214,2460448.365,5284394.156,0000000.076,0000000.195,0000000.040*2A
$GNRMC,121009.000,A,5619.2159,N,04356.8817,E,0.00,258.19,220626,,,A*78
$ECEFPOSVEL,121010.000,2552498.214,2460448.365,5284394.156,-0000000.056,0000000.134,0000000.064*00
$GNRMC,121010.000,A,5619.2159,N,04356.8817,E,0.00,258.19,220626,,,A*70
$ECEFPOSVEL,121011.000,2552498.214,2460448.365,5284394.156,-0000000.074,0000000.155,0000000.039*0E
$GNRMC,121011.000,A,5619.2159,N,04356.8817,E,0.00,258.19,220626,,,A*71
$ECEFPOSVEL,121012.000,2552498.214,2460448.365,5284394.156,-0000000.057,0000000.074,0000000.038*0F
$GNRMC,121012.000,A,5619.2159,N,04356.8817,E,0.00,258.19,220626,,,A*72
$ECEFPOSVEL,121013.000,2552498.214,2460448.365,5284394.156,-0000000.032,0000000.017,0000000.041*06
$GNRMC,121013.000,A,5619.2159,N,04356.8817,E,0.00,258.19,220626,,,A*73
$ECEFPOSVEL,121014.000,2552498.214,2460448.365,5284394.156,-0000000.101,0000000.218,-0000000.012*26
$GNRMC,121014.000,A,5619.2159,N,04356.8817,E,0.00,258.19,220626,,,A*74
$ECEFPOSVEL,121015.000,2552498.214,2460448.365,5284394.156,-0000000.108,0000000.450,-0000000.121*25
$GNRMC,121015.000,A,5619.2159,N,04356.8817,E,0.93,123.29,220626,,,A*73
$ECEFPOSVEL,121016.000,2552498.214,2460448.365,5284394.156,-0000000.000,0000000.245,-0000000.078*20
$GNRMC,121016.000,A,5619.2159,N,04356.8817,E,0.00,258.19,220626,,,A*76
$ECEFPOSVEL,121017.000,2552498.214,2460448.365,5284394.156,-0000000.004,0000000.053,-0000000.004*2B
$GNRMC,121017.000,A,5619.2159,N,04356.8817,E,0.00,258.19,220626,,,A*77
$ECEFPOSVEL,121018.000,2552498.214,2460448.365,5284394.156,0000000.093,-0000000.165,-0000000.021*29
$GNRMC,121018.000,A,5619.2159,N,04356.8817,E,0.00,258.19,220626,,,A*78
$ECEFPOSVEL,121019.000,2552498.214,2460448.365,5284394.156,-0000000.155,0000000.100,0000000.120*0D
$GNRMC,121019.000,A,5619.2159,N,04356.8817,E,0.00,258.19,220626,,,A*79
$ECEFPOSVEL,121020.000,2552498.214,2460448.365,5284394.156,0000000.034,0000000.605,0000000.001*2C
$GNRMC,121020.000,A,5619.2159,N,04356.8817,E,1.07,131.84,220626,,,A*7D
$ECEFPOSVEL,121021.000,2552499.891,2460448.758,5284392.567,0000000.016,0000000.632,0000000.149*28
$GNRMC,121021.000,A,5619.2148,N,04356.8809,E,1.05,123.29,220626,,,A*75
$ECEFPOSVEL,121022.000,2552500.001,2460449.226,5284392.732,0000000.013,0000000.605,0000000.184*24
$GNRMC,121022.000,A,5619.2147,N,04356.8811,E,1.01,120.88,220626,,,A*7C
$ECEFPOSVEL,121023.000,2552500.227,2460449.504,5284392.955,0000000.104,0000000.433,0000000.225*23
$GNRMC,121023.000,A,5619.2146,N,04356.8812,E,0.00,127.98,220626,,,A*79
$ECEFPOSVEL,121024.000,2552500.245,2460449.971,5284393.177,0000000.064,-0000000.016,0000000.424*09
$GNRMC,121024.000,A,5619.2145,N,04356.8815,E,0.00,127.98,220626,,,A*7A
$ECEFPOSVEL,121025.000,2552500.313,2460449.973,5284393.263,0000000.058,-0000000.096,0000000.332*09
$GNRMC,121025.000,A,5619.2145,N,04356.8814,E,0.00,127.98,220626,,,A*7A
$ECEFPOSVEL,121026.000,2552500.313,2460449.973,5284393.263,0000000.073,-0000000.226,0000000.297*04
$GNRMC,121026.000,A,5619.2145,N,04356.8814,E,0.00,127.98,220626,,,A*79
$ECEFPOSVEL,121027.000,2552500.313,2460449.973,5284393.263,0000000.177,-0000000.240,0000000.239*04
$GNRMC,121027.000,A,5619.2145,N,04356.8814,E,0.00,127.98,220626,,,A*78
$ECEFPOSVEL,121028.000,2552500.313,2460449.973,5284393.263,0000000.457,-0000000.710,0000000.264*04
$GNRMC,121028.000,A,5619.2145,N,04356.8814,E,1.70,288.84,220626,,,A*7A
$ECEFPOSVEL,121029.000,2552501.333,2460449.382,5284393.546,0000000.709,-0000000.867,0000000.158*09
$GNRMC,121029.000,A,5619.2144,N,04356.8803,E,2.19,278.34,220626,,,A*74
$ECEFPOSVEL,121030.000,2552502.229,2460450.191,5284392.586,0000000.481,-0000000.257,-0000000.076*27
$GNRMC,121030.000,A,5619.2136,N,04356.8803,E,1.07,250.72,220626,,,A*7D
$ECEFPOSVEL,121031.000,2552502.556,2460450.217,5284392.438,0000000.359,-0000000.178,-0000000.062*29
$GNRMC,121031.000,A,5619.2135,N,04356.8801,E,0.79,248.78,220626,,,A*76
$ECEFPOSVEL,121032.000,2552502.580,2460450.332,5284392.451,0000000.189,-0000000.188,0000000.014*04
$GNRMC,121032.000,A,5619.2134,N,04356.8802,E,0.00,248.78,220626,,,A*79
$ECEFPOSVEL,121033.000,2552502.269,2460451.290,5284392.302,-0000000.013,-0000000.018,-0000000.020*01
$GNVTG,248.78,T,,M,0.00,N,0.00,K,A*22
$ECEFPOSVEL,121034.000,2552502.243,2460451.345,5284392.257,-0000000.008,-0000000.019,-0000000.014*0A
$GNVTG,248.78,T,,M,0.00,N,0.00,K,A*22
$ECEFPOSVEL,121035.000,2552502.243,2460451.345,5284392.257,-0000000.026,0000000.005,-0000000.006*24
$GNRMC,121035.000,A,5619.2131,N,04356.8811,E,0.00,248.78,220626,,,A*79
$ECEFPOSVEL,121036.000,2552502.243,2460451.345,5284392.257,-0000000.030,-0000000.041,0000000.020*24
$GNRMC,121036.000,A,5619.2131,N,04356.8811,E,0.00,248.78,220626,,,A*7A
$ECEFPOSVEL,121037.000,2552502.243,2460451.345,5284392.257,0000000.069,-0000000.298,0000000.110*00
$GNRMC,121037.000,A,5619.2131,N,04356.8811,E,0.00,248.78,220626,,,A*7B
$ECEFPOSVEL,121038.000,2552502.243,2460451.345,5284392.257,-0000000.038,0000000.134,0000000.006*08
$GNRMC,121038.000,A,5619.2131,N,04356.8811,E,0.00,248.78,220626,,,A*74
$ECEFPOSVEL,121039.000,2552502.243,2460451.345,5284392.257,-0000000.043,0000000.084,0000000.015*0D
$GNRMC,121039.000,A,5619.2131,N,04356.8811,E,0.00,248.78,220626,,,A*75
$ECEFPOSVEL,121040.000,2552502.243,2460451.345,5284392.257,-0000000.037,0000000.028,0000000.015*06
$GNRMC,121040.000,A,5619.2131,N,04356.8811,E,0.00,248.78,220626,,,A*7B
$ECEFPOSVEL,121041.000,2552502.243,2460451.345,5284392.257,0000000.063,-0000000.105,0000000.019*04
$GNRMC,121041.000,A,5619.2131,N,04356.8811,E,0.00,248.78,220626,,,A*7A
$ECEFPOSVEL,121042.000,2552502.243,2460451.345,5284392.257,0000000.117,-0000000.360,0000000.081*05
$GNRMC,121042.000,A,5619.2131,N,04356.8811,E,0.00,248.78,220626,,,A*79
$ECEFPOSVEL,121043.000,2552502.243,2460451.345,5284392.257,0000000.046,0000000.041,0000000.028*2F
$GNRMC,121043.000,A,5619.2131,N,04356.8811,E,0.00,248.78,220626,,,A*78
$ECEFPOSVEL,121044.000,2552502.243,2460451.345,5284392.257,0000000.059,0000000.200,-0000000.051*02
$GNRMC,121044.000,A,5619.2131,N,04356.8811,E,0.00,248.78,220626,,,A*7F
$ECEFPOSVEL,121045.000,2552502.243,2460451.345,5284392.257,-0000000.179,0000000.395,-0000000.043*23
$GNRMC,121045.000,A,5619.2131,N,04356.8811,E,0.84,109.45,220626,,,A*7A
$ECEFPOSVEL,121046.000,2552502.243,2460451.345,5284392.257,-0000000.154,0000000.260,0000000.005*0B
$GNRMC,121046.000,A,5619.2131,N,04356.8811,E,0.00,248.78,220626,,,A*7D
$ECEFPOSVEL,121047.000,2552502.243,2460451.345,5284392.257,0000000.015,-0000000.391,-0000000.135*2E
$GNRMC,121047.000,A,5619.2131,N,04356.8811,E,0.00,248.78,220626,,,A*7C
$ECEFPOSVEL,121048.000,2552502.243,2460451.345,5284392.257,-0000000.046,-0000000.477,-0000000.043*05
$GNRMC,121048.000,A,5619.2131,N,04356.8811,E,0.81,311.90,220626,,,A*71
$ECEFPOSVEL,121049.000,2552502.243,2460451.345,5284392.257,-0000000.142,0000000.209,-0000000.268*28
$GNRMC,121049.000,A,5619.2131,N,04356.8811,E,0.00,248.78,220626,,,A*72
$ECEFPOSVEL,121050.000,2552502.243,2460451.345,5284392.257,-0000000.052,-0000000.023,-0000000.194*07
$GNRMC,121050.000,A,5619.2131,N,04356.8811,E,0.00,248.78,220626,,,A*7A
$ECEFPOSVEL,121051.000,2552502.243,2460451.345,5284392.257,0000000.007,-0000000.228,-0000000.030*2D
$GNRMC,121051.000,A,5619.2131,N,04356.8811,E,0.00,248.78,220626,,,A*7B
$ECEFPOSVEL,121052.000,2552502.243,2460451.345,5284392.257,0000000.125,-0000000.311,0000000.003*09
$GNRMC,121052.000,A,5619.2131,N,04356.8811,E,0.00,248.78,220626,,,A*78
$ECEFPOSVEL,121053.000,2552502.243,2460451.345,5284392.257,0000000.038,0000000.104,-0000000.016*07
$GNRMC,121053.000,A,5619.2131,N,04356.8811,E,0.00,248.78,220626,,,A*79
$ECEFPOSVEL,121054.000,2552502.243,2460451.345,5284392.257,-0000000.002,0000000.193,0000000.059*0C
$GNRMC,121054.000,A,5619.2131,N,04356.8811,E,0.00,248.78,220626,,,A*7E
$ECEFPOSVEL,121055.000,2552502.243,2460451.345,5284392.257,-0000000.042,0000000.346,-0000000.038*29
$GNRMC,121055.000,A,5619.2131,N,04356.8811,E,0.00,248.78,220626,,,A*7F
$ECEFPOSVEL,121056.000,2552502.243,2460451.345,5284392.257,-0000000.041,0000000.290,-0000000.011*28
$GNRMC,121056.000,A,5619.2131,N,04356.8811,E,0.00,248.78,220626,,,A*7C
$ECEFPOSVEL,121057.000,2552502.243,2460451.345,5284392.257,-0000000.033,0000000.222,-0000000.020*27
$GNRMC,121057.000,A,5619.2131,N,04356.8811,E,0.00,248.78,220626,,,A*7D
$ECEFPOSVEL,121058.000,2552502.243,2460451.345,5284392.257,-0000000.148,0000000.249,0000000.006*01
$GNRMC,121058.000,A,5619.2131,N,04356.8811,E,0.00,248.78,220626,,,A*72
$ECEFPOSVEL,121059.000,2552502.243,2460451.345,5284392.257,0000000.018,0000000.086,0000000.076*2F
$GNRMC,121059.000,A,5619.2131,N,04356.8811,E,0.00,248.78,220626,,,A*73
$ECEFPOSVEL,121100.000,2552502.243,2460451.345,5284392.257,0000000.120,-0000000.037,-0000000.044*23
$GNRMC,121100.000,A,5619.2131,N,04356.8811,E,0.00,248.78,220626,,,A*7E
$ECEFPOSVEL,121101.000,2552502.243,2460451.345,5284392.257,-0000000.232,0000000.416,-0000000.011*25
$GNRMC,121101.000,A,5619.2131,N,04356.8811,E,0.92,103.12,220626,,,A*74
$ECEFPOSVEL,121102.000,2552501.215,2460450.925,5284392.598,-0000000.328,0000000.351,0000000.087*03
$GNRMC,121102.000,A,5619.2137,N,04356.8815,E,0.93,84.97,220626,,,A*47
$ECEFPOSVEL,121103.000,2552500.860,2460451.379,5284392.648,-0000000.370,0000000.420,0000000.082*0E
$GNRMC,121103.000,A,5619.2137,N,04356.8821,E,1.09,87.55,220626,,,A*4E
$ECEFPOSVEL,121104.000,2552500.555,2460451.728,5284392.735,-0000000.363,0000000.409,0000000.090*03
$GNRMC,121104.000,A,5619.2137,N,04356.8825,E,1.08,86.79,220626,,,A*43
$ECEFPOSVEL,121105.000,2552500.193,2460452.272,5284392.744,0000000.070,0000000.215,-0000000.045*01
$GNRMC,121105.000,A,5619.2137,N,04356.8831,E,0.00,86.79,220626,,,A*4E
$ECEFPOSVEL,121106.000,2552500.212,2460452.922,5284392.395,0000000.288,0000000.291,-0000000.230*07
$GNRMC,121106.000,A,5619.2134,N,04356.8836,E,0.91,178.84,220626,,,A*73
$ECEFPOSVEL,121107.000,2552500.439,2460453.029,5284392.271,0000000.775,-0000000.188,-0000000.264*21
$GNVTG,233.28,T,,M,1.63,N,3.02,K,A*2E
$ECEFPOSVEL,121108.000,2552500.884,2460452.697,5284392.225,0000000.636,-0000000.467,-0000000.077*25
$GNVTG,258.83,T,,M,1.59,N,2.94,K,A*25
$ECEFPOSVEL,121109.000,2552501.068,2460452.468,5284392.253,0000000.184,-0000000.208,0000000.023*01
$GNRMC,121109.000,A,5619.2132,N,04356.8827,E,0.00,258.83,220626,,,A*74
$ECEFPOSVEL,121110.000,2552500.855,2460452.616,5284392.293,-0000000.260,0000000.315,0000000.010*0D
$GNRMC,121110.000,A,5619.2132,N,04356.8829,E,0.79,92.92,220626,,,A*48
$ECEFPOSVEL,121111.000,2552500.259,2460452.907,5284392.487,-0000000.035,0000000.114,-0000000.013*29
$GNVTG,92.92,T,,M,0.00,N,0.00,K,A*13
$ECEFPOSVEL,121112.000,2552500.259,2460452.907,5284392.487,0000000.125,-0000000.327,0000000.072*02
$GNVTG,92.92,T,,M,0.00,N,0.00,K,A*13
$ECEFPOSVEL,121113.000,2552500.259,2460452.907,5284392.487,0000000.309,-0000000.363,-0000000.020*25
$GNVTG,271.66,T,,M,0.93,N,1.72,K,A*29
$ECEFPOSVEL,121114.000,2552500.259,2460452.907,5284392.487,0000000.213,-0000000.238,-0000000.039*2F
$GNVTG,92.92,T,,M,0.00,N,0.00,K,A*13
$ECEFPOSVEL,121115.000,2552500.259,2460452.907,5284392.487,0000000.192,-0000000.412,0000000.045*0C
$GNVTG,267.82,T,,M,0.88,N,1.63,K,A*2E
$ECEFPOSVEL,121116.000,2552500.259,2460452.907,5284392.487,0000000.062,-0000000.238,0000000.025*09
$GNVTG,92.92,T,,M,0.00,N,0.00,K,A*13
$ECEFPOSVEL,121117.000,2552500.259,2460452.907,5284392.487,0000000.105,-0000000.351,0000000.041*04
$GNVTG,92.92,T,,M,0.00,N,0.00,K,A*13
$ECEFPOSVEL,121118.000,2552500.259,2460452.907,5284392.487,0000000.259,-0000000.793,0000000.144*0F
$GNVTG,267.82,T,,M,1.64,N,3.03,K,A*29
$ECEFPOSVEL,121119.000,2552499.951,2460449.658,5284393.673,0000000.449,-0000000.950,0000000.107*0A
$GNVTG,267.82,T,,M,2.04,N,3.79,K,A*21
$ECEFPOSVEL,121120.000,2552500.022,2460449.458,5284393.684,0000000.098,-0000000.447,0000000.013*01
$GNVTG,297.91,T,,M,0.86,N,1.59,K,A*24
$ECEFPOSVEL,121121.000,2552500.040,2460449.133,5284393.753,0000000.047,-0000000.244,0000000.027*07
$GNVTG,297.91,T,,M,0.00,N,0.00,K,A*27
$ECEFPOSVEL,121122.000,2552499.955,2460449.123,5284393.807,-0000000.021,0000000.038,-0000000.026*22
$GNVTG,297.91,T,,M,0.00,N,0.00,K,A*27
$ECEFPOSVEL,121123.000,2552499.660,2460449.183,5284393.935,-0000000.200,0000000.153,0000000.026*00
$GNVTG,297.91,T,,M,0.00,N,0.00,K,A*27
$ECEFPOSVEL,121124.000,2552499.660,2460449.183,5284393.935,-0000000.140,0000000.219,-0000000.027*21
$GNVTG,297.91,T,,M,0.00,N,0.00,K,A*27
$ECEFPOSVEL,121125.000,2552499.660,2460449.183,5284393.935,-0000000.152,0000000.302,-0000000.057*2F
$GNVTG,297.91,T,,M,0.00,N,0.00,K,A*27
$ECEFPOSVEL,121126.000,2552499.660,2460449.183,5284393.935,-0000000.083,0000000.373,-0000000.107*23
$GNVTG,297.91,T,,M,0.00,N,0.00,K,A*27
$ECEFPOSVEL,121127.000,2552499.660,2460449.183,5284393.935,-0000000.116,0000000.305,-0000000.046*2A
$GNVTG,297.91,T,,M,0.00,N,0.00,K,A*27
$ECEFPOSVEL,121128.000,2552499.660,2460449.183,5284393.935,-0000000.011,0000000.270,-0000000.071*24
$GNVTG,297.91,T,,M,0.00,N,0.00,K,A*27
$ECEFPOSVEL,121129.000,2552499.660,2460449.183,5284393.935,0000000.010,0000000.265,-0000000.092*00
$GNVTG,297.91,T,,M,0.00,N,0.00,K,A*27
$ECEFPOSVEL,121130.000,2552499.660,2460449.183,5284393.935,0000000.140,0000000.313,-0000000.183*0D
$GNVTG,297.91,T,,M,0.00,N,0.00,K,A*27
$ECEFPOSVEL,121131.000,2552499.660,2460449.183,5284393.935,0000000.027,0000000.348,-0000000.115*0D
$GNVTG,297.91,T,,M,0.00,N,0.00,K,A*27
$ECEFPOSVEL,121132.000,2552499.660,2460449.183,5284393.935,-0000000.021,-0000000.057,0000000.003*2E
$GNVTG,297.91,T,,M,0.00,N,0.00,K,A*27
$ECEFPOSVEL,121133.000,2552499.660,2460449.183,5284393.935,0000000.162,-0000000.246,0000000.055*05
$GNVTG,297.91,T,,M,0.00,N,0.00,K,A*27
$ECEFPOSVEL,121134.000,2552499.660,2460449.183,5284393.935,0000000.321,-0000000.131,-0000000.096*26
$GNVTG,297.91,T,,M,0.00,N,0.00,K,A*27
$ECEFPOSVEL,121135.000,2552499.660,2460449.183,5284393.935,0000000.168,-0000000.157,0000000.014*0F
$GNVTG,297.91,T,,M,0.00,N,0.00,K,A*27
$ECEFPOSVEL,121136.000,2552499.660,2460449.183,5284393.935,0000000.101,-0000000.134,0000000.036*06
$GNVTG,297.91,T,,M,0.00,N,0.00,K,A*27
$ECEFPOSVEL,121137.000,2552499.660,2460449.183,5284393.935,-0000000.069,0000000.148,-0000000.007*2C
$GNVTG,297.91,T,,M,0.00,N,0.00,K,A*27
$ECEFPOSVEL,121138.000,2552499.660,2460449.183,5284393.935,-0000000.235,0000000.090,0000000.095*0A
$GNVTG,297.91,T,,M,0.00,N,0.00,K,A*27
$ECEFPOSVEL,121139.000,2552499.660,2460449.183,5284393.935,-0000000.227,0000000.022,0000000.116*0B
$GNVTG,297.91,T,,M,0.00,N,0.00,K,A*27
$ECEFPOSVEL,121140.000,2552499.660,2460449.183,5284393.935,0000000.042,0000000.148,-0000000.073*0B
$GNVTG,297.91,T,,M,0.00,N,0.00,K,A*27
$ECEFPOSVEL,121141.000,2552499.660,2460449.183,5284393.935,0000000.013,0000000.101,-0000000.038*0C
$GNVTG,297.91,T,,M,0.00,N,0.00,K,A*27
$ECEFPOSVEL,121142.000,2552499.660,2460449.183,5284393.935,0000000.042,0000000.325,-0000000.156*06
$GNVTG,297.91,T,,M,0.00,N,0.00,K,A*27
$ECEFPOSVEL,121143.000,2552499.660,2460449.183,5284393.935,0000000.097,0000000.275,-0000000.158*05
$GNVTG,297.91,T,,M,0.00,N,0.00,K,A*27
$ECEFPOSVEL,121144.000,2552499.660,2460449.183,5284393.935,0000000.205,0000000.099,-0000000.099*07
$GNVTG,297.91,T,,M,0.00,N,0.00,K,A*27
$ECEFPOSVEL,121145.000,2552499.660,2460449.183,5284393.935,0000000.187,-0000000.269,0000000.038*09
$GNVTG,297.91,T,,M,0.00,N,0.00,K,A*27
$ECEFPOSVEL,121146.000,2552499.660,2460449.183,5284393.935,0000000.112,-0000000.256,0000000.056*02
$GNVTG,297.91,T,,M,0.00,N,0.00,K,A*27
$ECEFPOSVEL,121147.000,2552499.660,2460449.183,5284393.935,0000000.059,-0000000.239,0000000.073*03
$GNVTG,297.91,T,,M,0.00,N,0.00,K,A*27
$ECEFPOSVEL,121148.000,2552499.660,2460449.183,5284393.935,0000000.073,-0000000.318,0000000.098*03
$GNVTG,297.91,T,,M,0.00,N,0.00,K,A*27
$ECEFPOSVEL,121149.000,2552499.660,2460449.183,5284393.935,-0000000.083,-0000000.919,0000000.164*29
$GNVTG,318.02,T,,M,1.76,N,3.25,K,A*2F
$ECEFPOSVEL,121150.000,2552497.656,2460444.299,5284396.288,-0000000.288,-0000001.076,0000000.233*2E
$GNVTG,328.08,T,,M,2.11,N,3.92,K,A*28
$ECEFPOSVEL,121151.000,2552500.995,2460441.453,5284395.109,0000000.395,-0000001.439,-0000000.038*27
$GNVTG,293.61,T,,M,2.78,N,5.15,K,A*20
$ECEFPOSVEL,121152.000,2552503.610,2460440.080,5284393.599,0000000.301,-0000001.297,-0000000.109*29
$GNVTG,293.97,T,,M,2.43,N,4.50,K,A*21
$ECEFPOSVEL,121153.000,2552505.557,2460438.975,5284392.343,0000000.486,-0000000.822,-0000000.453*25
$GNVTG,265.81,T,,M,1.81,N,3.35,K,A*26
$ECEFPOSVEL,121154.000,2552505.497,2460437.966,5284392.103,0000000.143,-0000000.419,-0000000.489*2B
$GNVTG,253.96,T,,M,0.81,N,1.50,K,A*25
$ECEFPOSVEL,121155.000,2552505.655,2460437.199,5284391.622,0000000.215,-0000000.467,-0000000.512*23
$GNVTG,253.57,T,,M,0.98,N,1.82,K,A*2F
$ECEFPOSVEL,121156.000,2552505.655,2460436.436,5284391.196,0000000.155,-0000000.468,-0000000.489*22
$GNVTG,258.10,T,,M,0.93,N,1.73,K,A*22
$ECEFPOSVEL,121157.000,2552505.705,2460435.866,5284390.720,-0000000.060,-0000000.756,-0000000.265*07
$GNVTG,302.93,T,,M,1.16,N,2.16,K,A*2B
$ECEFPOSVEL,121158.000,2552505.565,2460435.286,5284390.350,-0000000.084,-0000000.890,-0000000.207*00
$GNVTG,307.69,T,,M,1.43,N,2.65,K,A*2F
$ECEFPOSVEL,121159.000,2552505.606,2460434.361,5284390.011,0000000.203,-0000001.310,-0000000.172*2B
$GNVTG,296.44,T,,M,2.35,N,4.36,K,A*2B
$ECEFPOSVEL,121200.000,2552506.405,2460434.288,5284388.614,0000000.228,-0000000.958,-0000000.375*21
$GNVTG,283.84,T,,M,1.70,N,3.14,K,A*26
$ECEFPOSVEL,121201.000,2552506.202,2460433.384,5284388.280,0000000.034,-0000000.419,-0000000.524*27
$GNVTG,258.05,T,,M,0.00,N,0.00,K,A*29
$ECEFPOSVEL,121202.000,2552505.946,2460432.632,5284387.913,-0000000.274,0000000.123,-0000000.595*2B
$GNVTG,130.28,T,,M,0.00,N,0.00,K,A*2B
$ECEFPOSVEL,121203.000,2552505.561,2460432.158,5284387.527,-0000000.352,0000000.007,-0000000.495*20
$GNVTG,130.28,T,,M,0.00,N,0.00,K,A*2B
$ECEFPOSVEL,121204.000,2552505.561,2460432.158,5284387.527,-0000000.212,0000000.056,-0000000.351*29
$GNVTG,130.28,T,,M,0.00,N,0.00,K,A*2B
$ECEFPOSVEL,121205.000,2552505.561,2460432.158,5284387.527,-0000000.105,0000000.476,-0000000.504*2D
$GNVTG,130.28,T,,M,1.25,N,2.32,K,A*2E
$ECEFPOSVEL,121206.000,2552505.186,2460432.678,5284386.997,-0000000.197,0000000.305,-0000000.375*28
$GNVTG,130.28,T,,M,0.86,N,1.60,K,A*22
$ECEFPOSVEL,121207.000,2552504.926,2460432.659,5284386.685,-0000000.241,0000000.073,-0000000.258*21
$GNVTG,130.28,T,,M,0.00,N,0.00,K,A*2B
$ECEFPOSVEL,121208.000,2552504.736,2460432.713,5284386.774,-0000000.143,0000000.041,-0000000.161*28
$GNVTG,130.28,T,,M,0.00,N,0.00,K,A*2B
$ECEFPOSVEL,121209.000,2552504.739,2460432.159,5284387.040,-0000000.077,-0000000.045,-0000000.080*0E
$GNVTG,130.28,T,,M,0.00,N,0.00,K,A*2B
$ECEFPOSVEL,121210.000,2552504.739,2460432.159,5284387.040,0000000.050,0000000.035,-0000000.083*07
$GNVTG,130.28,T,,M,0.00,N,0.00,K,A*2B
$ECEFPOSVEL,121211.000,2552504.739,2460432.159,5284387.040,-0000000.295,-0000000.021,0000000.267*2D
$GNVTG,130.28,T,,M,0.00,N,0.00,K,A*2B
$ECEFPOSVEL,121212.000,2552504.739,2460432.159,5284387.040,-0000000.124,-0000000.183,0000000.257*2D
$GNVTG,130.28,T,,M,0.00,N,0.00,K,A*2B
$ECEFPOSVEL,121213.000,2552504.739,2460432.159,5284387.040,-0000000.073,-0000000.174,0000000.233*25
$GNVTG,130.28,T,,M,0.00,N,0.00,K,A*2B
$ECEFPOSVEL,121214.000,2552504.739,2460432.159,5284387.040,-0000000.177,-0000000.042,0000000.178*2F
$GNVTG,130.28,T,,M,0.00,N,0.00,K,A*2B
$ECEFPOSVEL,121215.000,2552504.739,2460432.159,5284387.040,-0000000.455,0000000.250,0000000.158*05
$GNVTG,130.28,T,,M,1.05,N,1.95,K,A*22
$ECEFPOSVEL,121216.000,2552504.739,2460432.159,5284387.040,-0000000.196,0000000.037,0000000.103*01
$GNVTG,130.28,T,,M,0.00,N,0.00,K,A*2B
$ECEFPOSVEL,121217.000,2552504.739,2460432.159,5284387.040,-0000000.047,-0000000.221,0000000.133*26
$GNVTG,130.28,T,,M,0.00,N,0.00,K,A*2B
$ECEFPOSVEL,121218.000,2552504.739,2460432.159,5284387.040,0000000.050,-0000000.303,0000000.121*00
$GNVTG,130.28,T,,M,0.00,N,0.00,K,A*2B
$ECEFPOSVEL,121219.000,2552504.739,2460432.159,5284387.040,-0000000.040,0000000.191,0000000.017*0D
$GNVTG,130.28,T,,M,0.00,N,0.00,K,A*2B
$ECEFPOSVEL,121220.000,2552504.739,2460432.159,5284387.040,-0000000.228,0000000.589,0000000.106*07
$GNVTG,130.28,T,,M,1.17,N,2.16,K,A*29
$ECEFPOSVEL,121221.000,2552503.769,2460431.295,5284388.016,-0000000.246,0000000.599,0000000.017*00
$GNVTG,130.28,T,,M,1.23,N,2.27,K,A*2C
$ECEFPOSVEL,121222.000,2552503.545,2460431.804,5284388.078,-0000000.220,0000000.161,0000000.078*0F
$GNVTG,130.28,T,,M,0.00,N,0.00,K,A*2B
$ECEFPOSVEL,121223.000,2552503.248,2460432.066,5284388.139,-0000000.384,0000000.453,0000000.040*0F
$GNVTG,90.93,T,,M,1.15,N,2.14,K,A*12
$ECEFPOSVEL,121224.000,2552502.901,2460432.710,5284388.121,-0000000.441,0000000.675,0000000.006*0A
$GNVTG,98.76,T,,M,1.56,N,2.88,K,A*13
$ECEFPOSVEL,121225.000,2552502.521,2460433.357,5284388.124,-0000000.369,0000000.635,-0000000.004*20
$GNVTG,101.77,T,,M,1.49,N,2.75,K,A*2F
$ECEFPOSVEL,121226.000,2552502.317,2460433.618,5284388.218,-0000000.162,0000000.411,-0000000.003*28
$GNVTG,109.14,T,,M,0.84,N,1.56,K,A*20
$ECEFPOSVEL,121227.000,2552502.136,2460433.975,5284388.179,0000000.075,-0000000.148,-0000000.037*21
$GNVTG,109.14,T,,M,0.00,N,0.00,K,A*2E
$ECEFPOSVEL,121228.000,2552502.149,2460433.945,5284388.190,0000000.275,-0000000.347,-0000000.069*26
$GNVTG,269.67,T,,M,0.86,N,1.59,K,A*2C
$ECEFPOSVEL,121229.000,2552502.253,2460433.768,5284388.138,0000000.282,-0000000.477,-0000000.017*29
$GNVTG,280.26,T,,M,1.06,N,1.97,K,A*25
$ECEFPOSVEL,121230.000,2552502.403,2460433.517,5284388.111,0000000.077,-0000000.354,0000000.048*0A
$GNVTG,300.94,T,,M,0.00,N,0.00,K,A*2D
$ECEFPOSVEL,121231.000,2552502.467,2460433.276,5284388.148,0000000.218,-0000000.409,-0000000.003*23
$GNVTG,283.12,T,,M,0.89,N,1.65,K,A*2A
$ECEFPOSVEL,121232.000,2552502.521,2460433.094,5284388.142,0000000.197,-0000000.335,-0000000.070*2F
$GNVTG,275.48,T,,M,0.00,N,0.00,K,A*2F
$ECEFPOSVEL,121233.000,2552502.521,2460433.094,5284388.142,0000000.099,-0000000.400,-0000000.024*21
$GNVTG,275.48,T,,M,0.00,N,0.00,K,A*2F
$ECEFPOSVEL,121234.000,2552502.521,2460433.094,5284388.142,0000000.202,-0000000.246,-0000000.047*27
$GNVTG,275.48,T,,M,0.00,N,0.00,K,A*2F
$ECEFPOSVEL,121235.000,2552502.521,2460433.094,5284388.142,0000000.064,-0000000.366,0000000.052*0E
$GNVTG,275.48,T,,M,0.00,N,0.00,K,A*2F
$ECEFPOSVEL,121236.000,2552502.521,2460433.094,5284388.142,0000000.008,-0000000.307,0000000.031*05
$GNVTG,275.48,T,,M,0.00,N,0.00,K,A*2F
$ECEFPOSVEL,121237.000,2552502.521,2460433.094,5284388.142,0000000.017,-0000000.268,0000000.051*04
$GNVTG,275.48,T,,M,0.00,N,0.00,K,A*2F
$ECEFPOSVEL,121238.000,2552502.521,2460433.094,5284388.142,-0000000.007,-0000000.424,0000000.138*27
$GNVTG,317.35,T,,M,0.86,N,1.59,K,A*23
$ECEFPOSVEL,121239.000,2552502.521,2460433.094,5284388.142,0000000.116,-0000000.293,0000000.006*0C
$GNVTG,275.48,T,,M,0.00,N,0.00,K,A*2F
$ECEFPOSVEL,121240.000,2552502.521,2460433.094,5284388.142,0000000.132,-0000000.336,0000000.017*0A
$GNVTG,275.48,T,,M,0.00,N,0.00,K,A*2F
$ECEFPOSVEL,121241.000,2552502.521,2460433.094,5284388.142,0000000.169,-0000000.320,-0000000.015*2D
$GNVTG,275.48,T,,M,0.00,N,0.00,K,A*2F
$ECEFPOSVEL,121242.000,2552502.521,2460433.094,5284388.142,0000000.217,-0000000.509,0000000.045*01
$GNVTG,290.11,T,,M,1.07,N,1.98,K,A*2E
$ECEFPOSVEL,121243.000,2552502.521,2460433.094,5284388.142,-0000000.048,-0000000.246,0000000.010*29
$GNVTG,275.48,T,,M,0.00,N,0.00,K,A*2F
$ECEFPOSVEL,121244.000,2552502.521,2460433.094,5284388.142,-0000000.135,-0000000.104,0000000.050*24
$GNVTG,275.48,T,,M,0.00,N,0.00,K,A*2F
$ECEFPOSVEL,121245.000,2552502.521,2460433.094,5284388.142,-0000000.218,0000000.098,0000000.034*02
$GNVTG,275.48,T,,M,0.00,N,0.00,K,A*2F
$ECEFPOSVEL,121246.000,2552502.521,2460433.094,5284388.142,-0000000.410,0000000.274,0000000.060*0E
$GNVTG,75.96,T,,M,0.97,N,1.79,K,A*1F
$ECEFPOSVEL,121247.000,2552502.521,2460433.094,5284388.142,-0000000.230,0000000.032,0000000.089*0C
$GNVTG,275.48,T,,M,0.00,N,0.00,K,A*2F
$ECEFPOSVEL,121248.000,2552502.521,2460433.094,5284388.142,-0000000.197,0000000.117,0000000.036*0F
$GNVTG,275.48,T,,M,0.00,N,0.00,K,A*2F
$ECEFPOSVEL,121249.000,2552502.521,2460433.094,5284388.142,-0000000.265,0000000.115,0000000.072*02
$GNVTG,275.48,T,,M,0.00,N,0.00,K,A*2F
$ECEFPOSVEL,121250.000,2552502.521,2460433.094,5284388.142,-0000000.379,0000000.161,0000000.109*08
$GNVTG,62.80,T,,M,0.83,N,1.53,K,A*13
$ECEFPOSVEL,121251.000,2552499.555,2460431.999,5284388.998,-0000000.360,0000000.244,0000000.182*0F
$GNVTG,67.53,T,,M,0.86,N,1.60,K,A*1D
$ECEFPOSVEL,121252.000,2552499.281,2460432.252,5284389.131,-0000000.045,-0000000.056,0000000.165*26
$GNVTG,67.53,T,,M,0.00,N,0.00,K,A*14
$ECEFPOSVEL,121253.000,2552499.180,2460432.185,5284389.183,0000000.184,-0000000.336,0000000.107*05
$GNVTG,291.16,T,,M,0.00,N,0.00,K,A*2E
$ECEFPOSVEL,121254.000,2552499.249,2460432.022,5284389.216,0000000.285,-0000000.395,0000000.067*0B
$GNVTG,281.11,T,,M,0.96,N,1.77,K,A*26
$ECEFPOSVEL,121255.000,2552499.249,2460432.022,5284389.216,0000000.192,-0000000.287,0000000.062*08
$GNVTG,281.11,T,,M,0.00,N,0.00,K,A*28
$ECEFPOSVEL,121256.000,2552499.249,2460432.022,5284389.216,-0000000.064,-0000000.167,0000000.127*23
$GNVTG,281.11,T,,M,0.00,N,0.00,K,A*28
$ECEFPOSVEL,121257.000,2552499.249,2460432.022,5284389.216,0000000.043,-0000000.283,0000000.115*02
$GNVTG,281.11,T,,M,0.00,N,0.00,K,A*28
$ECEFPOSVEL,121258.000,2552499.249,2460432.022,5284389.216,0000000.191,-0000000.181,-0000000.008*22
$GNVTG,281.11,T,,M,0.00,N,0.00,K,A*28
$ECEFPOSVEL,121259.000,2552499.249,2460432.022,5284389.216,0000000.182,-0000000.226,0000000.025*0D
$GNVTG,281.11,T,,M,0.00,N,0.00,K,A*28
$ECEFPOSVEL,121300.000,2552499.249,2460432.022,5284389.216,0000000.046,-0000000.047,0000000.020*09
$GNVTG,281.11,T,,M,0.00,N,0.00,K,A*28
$ECEFPOSVEL,121301.000,2552499.249,2460432.022,5284389.216,-0000000.281,0000000.425,-0000000.013*2C
$GNVTG,99.54,T,,M,0.99,N,1.83,K,A*18
$ECEFPOSVEL,121302.000,2552500.521,2460432.387,5284388.552,-0000000.286,0000000.653,-0000000.108*22
$ECEFPOSVEL,121303.000,2552500.458,2460433.298,5284388.220,-0000000.011,0000000.602,-0000000.213*21
$ECEFPOSVEL,121304.000,2552500.363,2460433.883,5284388.041,-0000000.358,0000000.537,-0000000.008*2F
$ECEFPOSVEL,121305.000,2552500.215,2460434.843,5284387.730,-0000000.328,0000000.759,-0000000.106*29
$ECEFPOSVEL,121306.000,2552500.109,2460435.357,5284387.605,-0000000.411,0000000.438,0000000.095*03
$GNVTG,98.97,T,,M,1.17,N,2.17,K,A*1F
$ECEFPOSVEL,121307.000,2552500.028,2460435.770,5284387.509,-0000000.215,0000000.060,0000000.178*07
$GNVTG,98.97,T,,M,0.00,N,0.00,K,A*1C
$ECEFPOSVEL,121308.000,2552500.071,2460435.605,5284387.532,-0000000.208,0000000.017,0000000.180*04
$GNVTG,98.97,T,,M,0.00,N,0.00,K,A*1C
$ECEFPOSVEL,121309.000,2552500.200,2460436.038,5284387.239,0000000.167,-0000000.158,0000000.050*0A
$GNVTG,98.97,T,,M,0.00,N,0.00,K,A*1C
$ECEFPOSVEL,121310.000,2552500.200,2460436.038,5284387.239,0000000.442,-0000000.415,-0000000.379*29
$ECEFPOSVEL,121311.000,2552500.278,2460436.279,5284386.573,0000000.402,-0000000.572,-0000000.396*2D
$ECEFPOSVEL,121312.000,2552500.467,2460436.237,5284385.915,0000000.290,-0000000.459,-0000000.416*29
$ECEFPOSVEL,121313.000,2552500.137,2460435.956,5284385.674,-0000000.007,-0000000.330,-0000000.333*06
$ECEFPOSVEL,121314.000,2552500.624,2460435.784,5284385.498,0000000.032,-0000000.231,-0000000.175*2E
$ECEFPOSVEL,121315.000,2552500.292,2460435.611,5284385.359,0000000.003,-0000000.425,-0000000.102*20
$ECEFPOSVEL,121316.000,2552500.292,2460435.611,5284385.359,-0000000.014,-0000000.420,-0000000.232*0D
$ECEFPOSVEL,121317.000,2552500.292,2460435.611,5284385.359,-0000000.186,-0000000.209,-0000000.318*02
$ECEFPOSVEL,121318.000,2552500.292,2460435.611,5284385.359,-0000000.208,0000000.065,-0000000.164*24
$ECEFPOSVEL,121319.000,2552500.292,2460435.611,5284385.359,-0000000.205,0000000.147,-0000000.081*23
$GNVTG,98.97,T,,M,0.00,N,0.00,K,A*1C
$ECEFPOSVEL,121320.000,2552500.292,2460435.611,5284385.359,-0000000.044,-0000000.223,-0000000.001*0A
$GNVTG,98.97,T,,M,0.00,N,0.00,K,A*1C
$ECEFPOSVEL,121321.000,2552500.292,2460435.611,5284385.359,0000000.465,-0000000.889,0000000.051*03
$GNVTG,285.29,T,,M,1.94,N,3.59,K,A*24
$ECEFPOSVEL,121322.000,2552499.060,2460433.369,5284385.645,0000000.598,-0000001.138,0000000.049*02
$GNVTG,284.82,T,,M,2.48,N,4.60,K,A*2B
$ECEFPOSVEL,121323.000,2552497.948,2460432.591,5284385.836,0000000.150,-0000000.660,0000000.004*06
$GNVTG,296.93,T,,M,1.26,N,2.34,K,A*24
$ECEFPOSVEL,121324.000,2552497.689,2460432.259,5284385.788,-0000000.020,-0000000.203,-0000000.121*0B
$GNVTG,296.93,T,,M,0.00,N,0.00,K,A*24
$ECEFPOSVEL,121325.000,2552497.526,2460432.471,5284385.914,-0000000.085,0000000.048,-0000000.127*22
$GNVTG,296.93,T,,M,0.00,N,0.00,K,A*24
$ECEFPOSVEL,121326.000,2552497.300,2460432.682,5284386.034,-0000000.067,0000000.092,-0000000.110*2A
$GNVTG,296.93,T,,M,0.00,N,0.00,K,A*24
$ECEFPOSVEL,121327.000,2552497.300,2460432.682,5284386.034,-0000000.048,0000000.053,-0000000.070*2C
$GNVTG,296.93,T,,M,0.00,N,0.00,K,A*24
$ECEFPOSVEL,121328.000,2552497.300,2460432.682,5284386.034,0000000.113,0000000.414,-0000000.018*08
$GNVTG,296.93,T,,M,0.00,N,0.00,K,A*24
$ECEFPOSVEL,121329.000,2552497.300,2460432.682,5284386.034,0000000.115,0000000.197,0000000.080*2D
$GNVTG,296.93,T,,M,0.00,N,0.00,K,A*24
$ECEFPOSVEL,121330.000,2552497.300,2460432.682,5284386.034,0000000.066,0000000.118,0000000.044*2F
$GNVTG,296.93,T,,M,0.00,N,0.00,K,A*24
$ECEFPOSVEL,121331.000,2552497.300,2460432.682,5284386.034,0000000.032,0000000.095,0000000.025*2C
$GNVTG,296.93,T,,M,0.00,N,0.00,K,A*24
$ECEFPOSVEL,121332.000,2552497.300,2460432.682,5284386.034,-0000000.144,0000000.125,0000000.072*0A
$GNVTG,296.93,T,,M,0.00,N,0.00,K,A*24
$ECEFPOSVEL,121333.000,2552497.300,2460432.682,5284386.034,-0000000.352,0000000.703,-0000000.083*2F
$GNVTG,107.80,T,,M,1.53,N,2.84,K,A*24
$ECEFPOSVEL,121334.000,2552495.651,2460433.122,5284386.686,-0000000.331,0000000.415,0000000.051*0B
$GNVTG,91.44,T,,M,1.03,N,1.90,K,A*11
$ECEFPOSVEL,121335.000,2552495.226,2460432.961,5284386.993,-0000000.239,0000000.209,0000000.099*0D
$GNVTG,76.19,T,,M,0.00,N,0.00,K,A*1A
$ECEFPOSVEL,121336.000,2552495.232,2460432.993,5284387.038,-0000000.081,0000000.161,0000000.046*01
$GNVTG,76.19,T,,M,0.00,N,0.00,K,A*1A
$ECEFPOSVEL,121337.000,2552494.934,2460432.938,5284387.257,0000000.127,0000000.366,-0000000.185*00
$GNVTG,155.75,T,,M,0.83,N,1.54,K,A*2B
$ECEFPOSVEL,121338.000,2552494.934,2460432.938,5284387.257,0000000.026,0000000.322,-0000000.094*0E
$GNVTG,155.75,T,,M,0.00,N,0.00,K,A*20
$ECEFPOSVEL,121339.000,2552494.934,2460432.938,5284387.257,-0000000.223,0000000.460,0000000.003*07
$GNVTG,105.04,T,,M,0.98,N,1.81,K,A*2A
$ECEFPOSVEL,121340.000,2552494.967,2460432.761,5284387.490,-0000000.134,0000000.631,-0000000.097*23
$GNVTG,121.64,T,,M,1.25,N,2.32,K,A*26
$ECEFPOSVEL,121341.000,2552495.067,2460433.427,5284387.279,-0000000.170,0000000.778,-0000000.135*2E
$GNVTG,121.93,T,,M,1.55,N,2.88,K,A*28
$ECEFPOSVEL,121342.000,2552494.518,2460433.731,5284387.535,-0000000.209,0000000.682,-0000000.068*2A
$GNVTG,115.74,T,,M,1.37,N,2.54,K,A*23
$ECEFPOSVEL,121343.000,2552494.426,2460434.008,5284387.573,0000000.086,0000000.194,0000000.007*23
$GNVTG,115.74,T,,M,0.00,N,0.00,K,A*25
$ECEFPOSVEL,121344.000,2552494.250,2460433.949,5284387.705,0000000.409,-0000000.285,0000000.021*02
$GNVTG,261.96,T,,M,0.96,N,1.78,K,A*28
$ECEFPOSVEL,121345.000,2552494.482,2460433.835,5284387.744,0000000.307,-0000000.113,-0000000.005*2B
$ECEFPOSVEL,121346.000,2552494.482,2460433.835,5284387.744,0000000.141,0000000.063,-0000000.006*00
$GNVTG,247.61,T,,M,0.00,N,0.00,K,A*25
$ECEFPOSVEL,121347.000,2552494.482,2460433.835,5284387.744,0000000.084,0000000.047,0000000.000*24
$GNVTG,247.61,T,,M,0.00,N,0.00,K,A*25
$ECEFPOSVEL,121348.000,2552494.482,2460433.835,5284387.744,0000000.194,-0000000.182,-0000000.059*2F
$GNVTG,247.61,T,,M,0.00,N,0.00,K,A*25
$ECEFPOSVEL,121349.000,2552494.482,2460433.835,5284387.744,0000000.163,-0000000.059,0000000.007*07
$ECEFPOSVEL,121350.000,2552494.482,2460433.835,5284387.744,0000000.117,0000000.106,-0000000.067*01
$GNVTG,247.61,T,,M,0.00,N,0.00,K,A*25
$ECEFPOSVEL,121351.000,2552494.482,2460433.835,5284387.744,0000000.120,0000000.136,-0000000.113*05
$GNVTG,247.61,T,,M,0.00,N,0.00,K,A*25
$ECEFPOSVEL,121352.000,2552494.482,2460433.835,5284387.744,0000000.063,-0000000.133,0000000.005*03
$GNVTG,247.61,T,,M,0.00,N,0.00,K,A*25
$ECEFPOSVEL,121353.000,2552494.482,2460433.835,5284387.744,0000000.258,-0000000.464,0000000.046*08
$GNVTG,285.13,T,,M,1.03,N,1.91,K,A*25
$ECEFPOSVEL,121354.000,2552494.056,2460434.316,5284387.555,0000000.220,-0000000.517,0000000.075*07
$GNVTG,291.61,T,,M,1.07,N,1.97,K,A*27
$ECEFPOSVEL,121355.000,2552493.828,2460434.327,5284387.559,0000000.144,-0000000.464,0000000.081*01
$GNVTG,297.60,T,,M,0.95,N,1.76,K,A*25
$ECEFPOSVEL,121356.000,2552494.165,2460433.889,5284387.636,0000000.090,-0000001.001,0000000.194*0C
$GNVTG,308.87,T,,M,1.95,N,3.62,K,A*2D
$ECEFPOSVEL,121357.000,2552494.079,2460433.356,5284387.572,0000000.115,-0000000.775,-0000000.058*2E
$GNVTG,298.51,T,,M,1.41,N,2.61,K,A*25
$ECEFPOSVEL,121358.000,2552493.980,2460432.786,5284387.473,0000000.029,-0000000.685,-0000000.085*21
$GNVTG,302.77,T,,M,1.19,N,2.20,K,A*2B
$ECEFPOSVEL,121359.000,2552493.824,2460432.367,5284387.332,-0000000.033,-0000000.592,-0000000.105*0C
$ECEFPOSVEL,121400.000,2552493.536,2460432.356,5284387.060,-0000000.253,-0000000.033,-0000000.255*03
$GNVTG,306.90,T,,M,0.00,N,0.00,K,A*2F
$ECEFPOSVEL,121401.000,2552493.346,2460432.946,5284386.702,0000000.029,0000000.135,-0000000.387*0C
$GNVTG,165.95,T,,M,0.00,N,0.00,K,A*2D
$ECEFPOSVEL,121402.000,2552492.920,2460433.212,5284386.439,0000000.124,-0000000.739,-0000000.066*23
$GNVTG,297.02,T,,M,1.35,N,2.50,K,A*2D
$ECEFPOSVEL,121403.000,2552492.705,2460433.195,5284386.140,0000000.268,-0000000.856,-0000000.117*26
$GNVTG,288.54,T,,M,1.64,N,3.05,K,A*25
$ECEFPOSVEL,121404.000,2552492.613,2460433.239,5284385.757,0000000.088,-0000000.377,-0000000.256*23
$GNVTG,274.01,T,,M,0.00,N,0.00,K,A*23
$ECEFPOSVEL,121405.000,2552492.279,2460433.557,5284385.327,-0000000.365,0000000.103,-0000000.257*26
$GNVTG,87.11,T,,M,0.00,N,0.00,K,A*1C
$ECEFPOSVEL,121406.000,2552491.995,2460433.855,5284384.920,-0000000.462,0000000.461,-0000000.352*29
$GNVTG,105.83,T,,M,1.32,N,2.44,K,A*2E
$ECEFPOSVEL,121407.000,2552491.739,2460434.655,5284384.249,-0000000.317,0000000.565,-0000000.454*2C
$GNVTG,121.79,T,,M,1.38,N,2.55,K,A*27
$ECEFPOSVEL,121408.000,2552491.168,2460435.267,5284383.843,-0000000.464,0000000.536,-0000000.355*21
$GNVTG,107.85,T,,M,1.41,N,2.61,K,A*29
$ECEFPOSVEL,121409.000,2552490.710,2460435.727,5284383.490,-0000000.459,0000000.458,-0000000.319*24
$GNVTG,104.41,T,,M,1.30,N,2.41,K,A*26
$ECEFPOSVEL,121410.000,2552490.098,2460436.598,5284382.977,-0000000.389,0000000.284,0000000.127*04
$GNVTG,73.69,T,,M,0.96,N,1.78,K,A*19
$ECEFPOSVEL,121411.000,2552489.691,2460437.373,5284382.866,-0000000.326,0000000.322,0000000.114*09
$GNVTG,81.01,T,,M,0.93,N,1.72,K,A*15
$ECEFPOSVEL,121412.000,2552489.257,2460437.990,5284382.839,-0000000.308,0000000.226,0000000.161*02
$GNVTG,69.20,T,,M,0.86,N,1.59,K,A*1D
$ECEFPOSVEL,121413.000,2552488.976,2460438.721,5284382.713,-0000000.222,0000000.337,0000000.086*06
$GNVTG,92.02,T,,M,0.81,N,1.51,K,A*16
$ECEFPOSVEL,121414.000,2552488.723,2460439.340,5284382.623,0000000.053,0000000.328,-0000000.026*0F
$GNVTG,139.71,T,,M,0.00,N,0.00,K,A*2E
$ECEFPOSVEL,121415.000,2552488.608,2460439.832,5284382.569,-0000000.089,0000000.183,0000000.121*07
$GNVTG,139.71,T,,M,0.00,N,0.00,K,A*2E
$ECEFPOSVEL,121416.000,2552488.709,2460440.239,5284382.331,-0000000.170,0000000.190,0000000.140*02
$GNVTG,139.71,T,,M,0.00,N,0.00,K,A*2E
$ECEFPOSVEL,121417.000,2552488.709,2460440.239,5284382.331,-0000000.014,0000000.106,0000000.075*08
$GNVTG,139.71,T,,M,0.00,N,0.00,K,A*2E
$ECEFPOSVEL,121418.000,2552488.709,2460440.239,5284382.331,0000000.225,0000000.279,-0000000.146*0D
$GNVTG,139.71,T,,M,0.00,N,0.00,K,A*2E
$ECEFPOSVEL,121419.000,2552488.709,2460440.239,5284382.331,0000000.165,0000000.219,-0000000.081*07
$GNVTG,139.71,T,,M,0.00,N,0.00,K,A*2E
$ECEFPOSVEL,121420.000,2552488.709,2460440.239,5284382.331,0000000.086,0000000.243,-0000000.068*09
$GNRMC,121420.000,A,5619.2180,N,04356.8825,E,0.00,139.71,220626,,,A*78
$ECEFPOSVEL,121421.000,2552488.709,2460440.239,5284382.331,-0000000.097,0000000.381,-0000000.059*28
$GNVTG,139.71,T,,M,0.00,N,0.00,K,A*2E
$ECEFPOSVEL,121422.000,2552488.709,2460440.239,5284382.331,-0000000.032,0000000.311,-0000000.050*24
$GNVTG,139.71,T,,M,0.00,N,0.00,K,A*2E
$ECEFPOSVEL,121423.000,2552488.709,2460440.239,5284382.331,-0000000.287,-0000000.026,0000000.230*2A
$GNVTG,139.71,T,,M,0.00,N,0.00,K,A*2E
$ECEFPOSVEL,121424.000,2552488.709,2460440.239,5284382.331,-0000000.142,-0000000.104,0000000.205*20
$GNVTG,139.71,T,,M,0.00,N,0.00,K,A*2E
$ECEFPOSVEL,121425.000,2552488.709,2460440.239,5284382.331,0000000.082,0000000.116,0000000.000*28
$GNVTG,139.71,T,,M,0.00,N,0.00,K,A*2E
$ECEFPOSVEL,121426.000,2552488.709,2460440.239,5284382.331,-0000000.092,0000000.312,0000000.017*07
$GNVTG,139.71,T,,M,0.00,N,0.00,K,A*2E
$ECEFPOSVEL,121427.000,2552488.709,2460440.239,5284382.331,-0000000.025,0000000.532,-0000000.081*2C
$GNVTG,173.21,T,,M,1.02,N,1.88,K,A*27
$ECEFPOSVEL,121428.000,2552488.709,2460440.239,5284382.331,0000000.031,0000000.358,-0000000.014*0D
$GNVTG,139.71,T,,M,0.00,N,0.00,K,A*2E
$ECEFPOSVEL,121429.000,2552488.709,2460440.239,5284382.331,0000000.209,0000000.353,-0000000.110*0B
$GNVTG,139.71,T,,M,0.00,N,0.00,K,A*2E
$ECEFPOSVEL,121430.000,2552488.709,2460440.239,5284382.331,0000000.196,0000000.197,-0000000.042*0A
$GNVTG,139.71,T,,M,0.00,N,0.00,K,A*2E
$ECEFPOSVEL,121431.000,2552488.709,2460440.239,5284382.331,0000000.309,-0000000.060,-0000000.029*26
$GNVTG,139.71,T,,M,0.00,N,0.00,K,A*2E
$ECEFPOSVEL,121432.000,2552488.709,2460440.239,5284382.331,0000000.242,-0000000.003,-0000000.024*23
$GNVTG,139.71,T,,M,0.00,N,0.00,K,A*2E
$ECEFPOSVEL,121433.000,2552488.709,2460440.239,5284382.331,0000000.187,0000000.002,-0000000.019*0A
$GNVTG,139.71,T,,M,0.00,N,0.00,K,A*2E
$ECEFPOSVEL,121434.000,2552488.709,2460440.239,5284382.331,0000000.132,0000000.034,-0000000.037*0A
$GNVTG,139.71,T,,M,0.00,N,0.00,K,A*2E
$ECEFPOSVEL,121435.000,2552488.709,2460440.239,5284382.331,0000000.012,-0000000.126,0000000.056*0D
$GNVTG,139.71,T,,M,0.00,N,0.00,K,A*2E
$ECEFPOSVEL,121436.000,2552488.709,2460440.239,5284382.331,-0000000.173,-0000000.249,0000000.157*2F
$GNVTG,139.71,T,,M,0.00,N,0.00,K,A*2E
$ECEFPOSVEL,121437.000,2552488.709,2460440.239,5284382.331,-0000000.366,-0000000.490,0000000.323*2B
$GNVTG,173.21,T,,M,1.34,N,2.48,K,A*2D
$ECEFPOSVEL,121438.000,2552486.415,2460441.022,5284383.352,-0000000.366,-0000000.484,-0000000.129*09
$ECEFPOSVEL,121439.000,2552486.183,2460440.630,5284383.094,-0000000.020,-0000000.204,-0000000.406*08
$GNVTG,173.21,T,,M,0.00,N,0.00,K,A*25
$ECEFPOSVEL,121440.000,2552486.169,2460440.545,5284382.914,0000000.008,-0000000.103,-0000000.224*26
$GNVTG,173.21,T,,M,0.00,N,0.00,K,A*25
$ECEFPOSVEL,121441.000,2552485.937,2460440.242,5284383.117,-0000000.300,-0000000.307,0000000.114*20
$GNVTG,358.29,T,,M,0.82,N,1.51,K,A*29
$ECEFPOSVEL,121442.000,2552485.937,2460440.242,5284383.117,-0000000.012,-0000000.178,-0000000.144*01
$GNVTG,358.29,T,,M,0.00,N,0.00,K,A*26
$ECEFPOSVEL,121443.000,2552485.937,2460440.242,5284383.117,0000000.231,-0000000.570,-0000000.055*23
$GNVTG,285.72,T,,M,1.15,N,2.13,K,A*2C
$ECEFPOSVEL,121444.000,2552485.937,2460440.242,5284383.117,-0000000.280,-0000000.171,-0000000.331*07
$GNVTG,358.29,T,,M,0.00,N,0.00,K,A*26
$ECEFPOSVEL,121445.000,2552485.937,2460440.242,5284383.117,-0000000.102,-0000000.087,-0000000.206*02
$GNVTG,358.29,T,,M,0.00,N,0.00,K,A*26
$ECEFPOSVEL,121446.000,2552485.937,2460440.242,5284383.117,0000000.255,-0000000.010,-0000000.273*21
$GNVTG,358.29,T,,M,0.00,N,0.00,K,A*26
$ECEFPOSVEL,121447.000,2552485.937,2460440.242,5284383.117,0000000.069,-0000000.240,-0000000.017*2A
$GNVTG,358.29,T,,M,0.00,N,0.00,K,A*26
$ECEFPOSVEL,121448.000,2552485.937,2460440.242,5284383.117,-0000000.125,-0000000.211,0000000.126*2B
$GNVTG,358.29,T,,M,0.00,N,0.00,K,A*26
$ECEFPOSVEL,121449.000,2552485.937,2460440.242,5284383.117,-0000000.133,-0000000.180,0000000.130*21
$GNVTG,358.29,T,,M,0.00,N,0.00,K,A*26
$ECEFPOSVEL,121450.000,2552485.937,2460440.242,5284383.117,-0000000.022,0000000.017,0000000.006*0E
$GNVTG,358.29,T,,M,0.00,N,0.00,K,A*26
$ECEFPOSVEL,121451.000,2552485.937,2460440.242,5284383.117,-0000000.293,0000000.173,0000000.090*0B
$GNVTG,358.29,T,,M,0.00,N,0.00,K,A*26
$ECEFPOSVEL,121452.000,2552485.937,2460440.242,5284383.117,-0000000.202,0000000.192,0000000.056*05
$GNVTG,358.29,T,,M,0.00,N,0.00,K,A*26
$ECEFPOSVEL,121453.000,2552485.937,2460440.242,5284383.117,0000000.039,0000000.066,-0000000.018*0E
$GNVTG,358.29,T,,M,0.00,N,0.00,K,A*26
$ECEFPOSVEL,121454.000,2552485.937,2460440.242,5284383.117,0000000.003,0000000.072,-0000000.022*0C
$GNVTG,358.29,T,,M,0.00,N,0.00,K,A*26
$ECEFPOSVEL,121455.000,2552485.937,2460440.242,5284383.117,0000000.153,-0000000.149,-0000000.001*2C
$GNVTG,358.29,T,,M,0.00,N,0.00,K,A*26
$ECEFPOSVEL,121456.000,2552485.937,2460440.242,5284383.117,-0000000.157,-0000000.108,0000000.125*29
$GNVTG,358.29,T,,M,0.00,N,0.00,K,A*26
$ECEFPOSVEL,121457.000,2552485.937,2460440.242,5284383.117,-0000000.284,0000000.116,0000000.095*0D
$GNVTG,358.29,T,,M,0.00,N,0.00,K,A*26
$ECEFPOSVEL,121458.000,2552485.937,2460440.242,5284383.117,-0000000.272,0000000.087,0000000.117*09
$GNVTG,358.29,T,,M,0.00,N,0.00,K,A*26
$ECEFPOSVEL,121459.000,2552485.937,2460440.242,5284383.117,-0000000.228,0000000.122,0000000.092*05
$GNVTG,358.29,T,,M,0.00,N,0.00,K,A*26
$ECEFPOSVEL,121500.000,2552485.937,2460440.242,5284383.117,-0000000.075,0000000.125,0000000.151*0B
$GNVTG,358.29,T,,M,0.00,N,0.00,K,A*26
$ECEFPOSVEL,121501.000,2552485.937,2460440.242,5284383.117,-0000000.107,-0000000.044,0000000.102*23
$GNVTG,358.29,T,,M,0.00,N,0.00,K,A*26
$ECEFPOSVEL,121502.000,2552485.937,2460440.242,5284383.117,-0000000.002,-0000000.330,0000000.138*2D
$GNVTG,358.29,T,,M,0.00,N,0.00,K,A*26
$ECEFPOSVEL,121503.000,2552485.937,2460440.242,5284383.117,0000000.076,-0000000.212,0000000.028*03
$GNVTG,358.29,T,,M,0.00,N,0.00,K,A*26
$ECEFPOSVEL,121504.000,2552485.937,2460440.242,5284383.117,-0000000.070,0000000.101,-0000000.036*21
$GNVTG,358.29,T,,M,0.00,N,0.00,K,A*26
$ECEFPOSVEL,121505.000,2552485.937,2460440.242,5284383.117,-0000000.097,-0000000.070,0000000.059*27
$GNVTG,358.29,T,,M,0.00,N,0.00,K,A*26
$ECEFPOSVEL,121506.000,2552485.937,2460440.242,5284383.117,-0000000.073,0000000.165,-0000000.045*26
$GNVTG,358.29,T,,M,0.00,N,0.00,K,A*26
$ECEFPOSVEL,121507.000,2552485.937,2460440.242,5284383.117,-0000000.203,0000000.389,-0000000.071*25
$GNVTG,108.63,T,,M,0.86,N,1.60,K,A*26
$ECEFPOSVEL,121508.000,2552486.426,2460436.318,5284381.850,-0000000.268,0000000.468,-0000000.066*20
$GNVTG,105.64,T,,M,1.06,N,1.96,K,A*2C
$ECEFPOSVEL,121509.000,2552486.545,2460436.294,5284381.799,-0000000.314,0000000.419,-0000000.011*26
$GNVTG,96.56,T,,M,1.04,N,1.92,K,A*10
$ECEFPOSVEL,121510.000,2552486.788,2460435.569,5284381.974,-0000000.266,0000000.251,0000000.045*04
$GNVTG,83.87,T,,M,0.00,N,0.00,K,A*17
$ECEFPOSVEL,121511.000,2552487.343,2460435.220,5284381.939,0000000.137,-0000000.049,-0000000.006*22
$GNVTG,83.87,T,,M,0.00,N,0.00,K,A*17
$ECEFPOSVEL,121512.000,2552487.672,2460434.787,5284382.106,0000000.244,-0000000.304,0000000.036*0B
$GNVTG,277.21,T,,M,0.00,N,0.00,K,A*22
$ECEFPOSVEL,121513.000,2552487.672,2460434.787,5284382.106,0000000.203,-0000000.316,0000000.056*0C
$GNVTG,277.21,T,,M,0.00,N,0.00,K,A*22
$ECEFPOSVEL,121514.000,2552487.672,2460434.787,5284382.106,0000000.135,-0000000.336,0000000.094*01
$GNVTG,277.21,T,,M,0.00,N,0.00,K,A*22
$ECEFPOSVEL,121515.000,2552487.672,2460434.787,5284382.106,0000000.059,-0000000.529,0000000.068*00
$GNVTG,306.17,T,,M,1.02,N,1.88,K,A*22
$ECEFPOSVEL,121516.000,2552488.152,2460434.113,5284382.299,0000000.082,-0000000.475,0000000.058*0A
$GNVTG,302.78,T,,M,0.92,N,1.71,K,A*21
$ECEFPOSVEL,121517.000,2552488.189,2460433.812,5284382.301,-0000000.088,-0000000.141,0000000.053*2C
$GNVTG,302.78,T,,M,0.00,N,0.00,K,A*2D
$ECEFPOSVEL,121518.000,2552488.173,2460433.644,5284382.347,-0000000.088,-0000000.003,0000000.102*2B
$GNVTG,302.78,T,,M,0.00,N,0.00,K,A*2D
$ECEFPOSVEL,121519.000,2552488.099,2460433.605,5284382.419,0000000.095,0000000.194,-0000000.025*0C
$GNVTG,302.78,T,,M,0.00,N,0.00,K,A*2D
$ECEFPOSVEL,121520.000,2552488.099,2460433.605,5284382.419,0000000.030,0000000.140,-0000000.045*06
$GNVTG,302.78,T,,M,0.00,N,0.00,K,A*2D
$ECEFPOSVEL,121521.000,2552488.099,2460433.605,5284382.419,0000000.057,-0000000.067,0000000.011*03
$GNVTG,302.78,T,,M,0.00,N,0.00,K,A*2D
$ECEFPOSVEL,121522.000,2552488.099,2460433.605,5284382.419,0000000.036,-0000000.223,0000000.088*05
$GNVTG,302.78,T,,M,0.00,N,0.00,K,A*2D
$ECEFPOSVEL,121523.000,2552488.099,2460433.605,5284382.419,0000000.314,-0000000.762,-0000000.072*2F
$GNVTG,285.49,T,,M,1.55,N,2.86,K,A*2C
$ECEFPOSVEL,121524.000,2552488.045,2460433.301,5284382.514,0000000.300,-0000000.748,0000000.019*09
$GNVTG,289.37,T,,M,1.54,N,2.85,K,A*2B
$ECEFPOSVEL,121525.000,2552488.272,2460432.643,5284382.533,0000000.125,-0000000.479,0000000.111*04
$GNVTG,301.35,T,,M,0.98,N,1.82,K,A*2D
$ECEFPOSVEL,121526.000,2552488.278,2460432.432,5284382.561,0000000.037,-0000000.173,0000000.035*04
$GNVTG,301.35,T,,M,0.00,N,0.00,K,A*27
$ECEFPOSVEL,121527.000,2552488.304,2460432.518,5284382.502,0000000.050,-0000000.006,-0000000.031*28
$GNVTG,301.35,T,,M,0.00,N,0.00,K,A*27
$ECEFPOSVEL,121528.000,2552488.248,2460432.639,5284382.461,0000000.029,0000000.048,-0000000.038*0A
$GNVTG,301.35,T,,M,0.00,N,0.00,K,A*27
$ECEFPOSVEL,121529.000,2552488.248,2460432.639,5284382.461,-0000000.034,0000000.311,0000000.057*01
$GNVTG,301.35,T,,M,0.00,N,0.00,K,A*27
$ECEFPOSVEL,121530.000,2552488.248,2460432.639,5284382.461,-0000000.071,0000000.231,0000000.002*0B
$GNVTG,301.35,T,,M,0.00,N,0.00,K,A*27
$ECEFPOSVEL,121531.000,2552488.248,2460432.639,5284382.461,-0000000.068,0000000.079,0000000.018*07
$GNVTG,301.35,T,,M,0.00,N,0.00,K,A*27
$ECEFPOSVEL,121532.000,2552488.248,2460432.639,5284382.461,-0000000.087,0000000.018,0000000.042*0D
$GNVTG,301.35,T,,M,0.00,N,0.00,K,A*27
$ECEFPOSVEL,121533.000,2552488.248,2460432.639,5284382.461,-0000000.014,0000000.029,0000000.003*01
$GNVTG,301.35,T,,M,0.00,N,0.00,K,A*27
$ECEFPOSVEL,121534.000,2552488.248,2460432.639,5284382.461,-0000000.117,0000000.407,-0000000.099*22
$GNVTG,120.47,T,,M,0.84,N,1.56,K,A*2D
$ECEFPOSVEL,121535.000,2552487.711,2460433.802,5284382.343,-0000000.195,0000000.602,-0000000.138*22
$GNVTG,118.42,T,,M,1.26,N,2.33,K,A*2A
$ECEFPOSVEL,121536.000,2552487.543,2460434.300,5284382.236,-0000000.150,0000000.539,-0000000.124*26
$GNVTG,120.49,T,,M,1.18,N,2.19,K,A*2F
$ECEFPOSVEL,121537.000,2552487.330,2460434.598,5284382.263,-0000000.149,0000000.382,-0000000.048*27
$GNVTG,112.63,T,,M,0.80,N,1.47,K,A*2E
$ECEFPOSVEL,121538.000,2552486.708,2460435.001,5284382.414,-0000000.131,0000000.417,0000000.060*07
$GNRMC,121538.000,A,5619.2203,N,04356.8801,E,0.80,108.29,220626,,,A*79
$ECEFPOSVEL,121539.000,2552486.150,2460435.520,5284382.653,-0000000.235,0000000.252,0000000.202*0C
$GNVTG,72.73,T,,M,0.00,N,0.00,K,A*12
$ECEFPOSVEL,121540.000,2552486.122,2460435.979,5284382.655,-0000000.088,0000000.144,0000000.168*0E
$GNVTG,72.73,T,,M,0.00,N,0.00,K,A*12
$ECEFPOSVEL,121541.000,2552486.143,2460436.158,5284382.509,-0000000.052,0000000.072,0000000.098*07
$GNVTG,72.73,T,,M,0.00,N,0.00,K,A*12
$ECEFPOSVEL,121542.000,2552486.143,2460436.158,5284382.509,-0000000.137,-0000000.030,0000000.168*23
$GNVTG,72.73,T,,M,0.00,N,0.00,K,A*12
$ECEFPOSVEL,121543.000,2552486.143,2460436.158,5284382.509,-0000000.238,0000000.030,0000000.158*00
$GNVTG,72.73,T,,M,0.00,N,0.00,K,A*12
$ECEFPOSVEL,121544.000,2552486.143,2460436.158,5284382.509,-0000000.185,0000000.093,0000000.085*0A
$GNVTG,72.73,T,,M,0.00,N,0.00,K,A*12
$ECEFPOSVEL,121545.000,2552486.143,2460436.158,5284382.509,-0000000.211,0000000.111,0000000.080*0B
$GNVTG,72.73,T,,M,0.00,N,0.00,K,A*12
$ECEFPOSVEL,121546.000,2552486.143,2460436.158,5284382.509,-0000000.182,0000000.126,0000000.051*09
$GNVTG,72.73,T,,M,0.00,N,0.00,K,A*12
$ECEFPOSVEL,121547.000,2552486.143,2460436.158,5284382.509,-0000000.016,0000000.418,-0000000.156*27
$GNVTG,135.56,T,,M,0.87,N,1.60,K,A*2F
$ECEFPOSVEL,121548.000,2552483.538,2460438.380,5284382.786,-0000000.149,0000000.860,-0000000.276*20
$GNVTG,127.79,T,,M,1.78,N,3.29,K,A*2F
$ECEFPOSVEL,121549.000,2552483.664,2460438.847,5284382.605,-0000000.449,0000000.998,-0000000.161*27
$GNVTG,111.03,T,,M,2.14,N,3.97,K,A*2B
$ECEFPOSVEL,121550.000,2552485.474,2460439.448,5284381.672,-0000000.418,0000000.598,0000000.041*0D
$GNVTG,95.72,T,,M,1.41,N,2.61,K,A*1B
$ECEFPOSVEL,121551.000,2552484.564,2460439.780,5284382.152,-0000000.219,0000000.148,0000000.162*02
$GNVTG,95.72,T,,M,0.00,N,0.00,K,A*1A
$ECEFPOSVEL,121552.000,2552483.876,2460439.925,5284382.428,-0000000.187,0000000.100,0000000.121*0E
$GNVTG,95.72,T,,M,0.00,N,0.00,K,A*1A
$ECEFPOSVEL,121553.000,2552483.670,2460440.057,5284382.436,-0000000.200,0000000.035,0000000.127*07
$GNVTG,95.72,T,,M,0.00,N,0.00,K,A*1A
$ECEFPOSVEL,121554.000,2552483.670,2460440.057,5284382.436,-0000000.148,0000000.001,0000000.104*09
$GNVTG,95.72,T,,M,0.00,N,0.00,K,A*1A
$ECEFPOSVEL,121555.000,2552483.670,2460440.057,5284382.436,-0000000.123,-0000000.024,0000000.095*26
$GNVTG,95.72,T,,M,0.00,N,0.00,K,A*1A
$ECEFPOSVEL,121556.000,2552483.670,2460440.057,5284382.436,-0000000.095,-0000000.039,0000000.081*20
$GNVTG,95.72,T,,M,0.00,N,0.00,K,A*1A
$ECEFPOSVEL,121557.000,2552483.670,2460440.057,5284382.436,-0000000.061,-0000000.476,0000000.020*2E
$GNVTG,317.07,T,,M,0.86,N,1.59,K,A*22
$ECEFPOSVEL,121558.000,2552483.228,2460439.851,5284382.720,0000000.098,-0000000.955,-0000000.010*25
$GNVTG,302.83,T,,M,1.75,N,3.24,K,A*2F
$ECEFPOSVEL,121559.000,2552483.251,2460439.389,5284382.697,0000000.323,-0000001.100,-0000000.067*23
$GNVTG,291.71,T,,M,2.12,N,3.94,K,A*20
$ECEFPOSVEL,121600.000,2552483.372,2460438.687,5284382.588,0000000.480,-0000001.090,-0000000.130*2E
$GNVTG,283.59,T,,M,2.18,N,4.04,K,A*2D
$ECEFPOSVEL,121601.000,2552483.442,2460438.259,5284382.222,0000000.191,-0000000.693,-0000000.244*2A
$GNVTG,283.41,T,,M,1.26,N,2.34,K,A*2F
$ECEFPOSVEL,121602.000,2552483.536,2460437.937,5284381.858,0000000.117,-0000000.449,-0000000.315*2D
$GNVTG,272.03,T,,M,0.79,N,1.46,K,A*2A
$ECEFPOSVEL,121603.000,2552483.467,2460437.770,5284381.509,0000000.018,-0000000.311,-0000000.330*2E
$GNVTG,272.03,T,,M,0.00,N,0.00,K,A*27
$ECEFPOSVEL,121604.000,2552483.863,2460437.841,5284381.460,0000000.247,-0000000.356,-0000000.269*24
$GNVTG,257.93,T,,M,0.85,N,1.58,K,A*28
$ECEFPOSVEL,121605.000,2552484.062,2460437.414,5284381.238,0000000.317,-0000000.562,-0000000.217*20
$GNVTG,271.31,T,,M,1.21,N,2.25,K,A*22
$ECEFPOSVEL,121606.000,2552484.155,2460437.331,5284380.958,0000000.364,-0000000.676,-0000000.141*28
$GNVTG,277.22,T,,M,1.45,N,2.68,K,A*2D
$ECEFPOSVEL,121607.000,2552484.228,2460437.225,5284380.685,0000000.177,-0000000.333,-0000000.187*25
$GNVTG,267.28,T,,M,0.00,N,0.00,K,A*2A
$ECEFPOSVEL,121608.000,2552484.208,2460437.032,5284380.526,0000000.027,-0000000.232,-0000000.138*26
$GNVTG,267.28,T,,M,0.00,N,0.00,K,A*2A
$ECEFPOSVEL,121609.000,2552484.049,2460437.048,5284380.620,-0000000.096,-0000000.115,-0000000.025*04
$GNVTG,267.28,T,,M,0.00,N,0.00,K,A*2A
$ECEFPOSVEL,121610.000,2552484.049,2460437.048,5284380.620,-0000000.284,0000000.146,-0000000.010*20
$GNVTG,267.28,T,,M,0.00,N,0.00,K,A*2A
$ECEFPOSVEL,121611.000,2552484.049,2460437.048,5284380.620,-0000000.203,0000000.174,-0000000.061*29
$GNVTG,267.28,T,,M,0.00,N,0.00,K,A*2A
$ECEFPOSVEL,121612.000,2552484.049,2460437.048,5284380.620,-0000000.238,0000000.268,-0000000.056*28
$GNVTG,267.28,T,,M,0.00,N,0.00,K,A*2A
$ECEFPOSVEL,121613.000,2552484.049,2460437.048,5284380.620,-0000000.206,0000000.356,-0000000.106*2C
$GNVTG,109.41,T,,M,0.82,N,1.52,K,A*22
$ECEFPOSVEL,121614.000,2552482.589,2460439.038,5284379.983,-0000000.246,0000000.426,0000000.107*05
$GNVTG,94.70,T,,M,0.88,N,1.62,K,A*1C
$ECEFPOSVEL,121615.000,2552482.330,2460439.890,5284379.900,-0000000.025,0000000.016,0000000.200*05
$GNVTG,94.70,T,,M,0.00,N,0.00,K,A*19
$ECEFPOSVEL,121616.000,2552482.211,2460440.158,5284379.813,-0000000.121,-0000000.006,0000000.159*22
$GNVTG,94.70,T,,M,0.00,N,0.00,K,A*19
$ECEFPOSVEL,121617.000,2552482.101,2460440.414,5284379.686,-0000000.159,-0000000.019,0000000.146*21
$GNVTG,94.70,T,,M,0.00,N,0.00,K,A*19
$ECEFPOSVEL,121618.000,2552482.101,2460440.414,5284379.686,-0000000.332,0000000.323,0000000.088*05
$GNVTG,82.43,T,,M,0.91,N,1.68,K,A*19
$ECEFPOSVEL,121619.000,2552482.101,2460440.414,5284379.686,-0000000.210,0000000.262,0000000.099*01
$GNRMC,121619.000,A,5619.2193,N,04356.8870,E,0.00,94.70,220626,,,A*45
$ECEFPOSVEL,121620.000,2552482.101,2460440.414,5284379.686,-0000000.346,0000000.607,0000000.044*0E
$GNRMC,121620.000,A,5619.2193,N,04356.8870,E,1.34,99.94,220626,,,A*4E
$ECEFPOSVEL,121621.000,2552482.201,2460441.344,5284379.569,-0000000.095,0000000.524,-0000000.021*2C
$GNVTG,120.17,T,,M,1.00,N,1.85,K,A*2B
$ECEFPOSVEL,121622.000,2552482.952,2460441.262,5284379.365,-0000000.002,0000000.474,-0000000.035*22
$GNVTG,130.48,T,,M,0.93,N,1.73,K,A*22
$ECEFPOSVEL,121623.000,2552483.148,2460441.986,5284379.168,-0000000.011,0000000.449,-0000000.020*27
$GNVTG,128.55,T,,M,0.82,N,1.52,K,A*24
$ECEFPOSVEL,121624.000,2552483.278,2460442.746,5284379.050,-0000000.087,-0000000.105,-0000000.086*08
$GNVTG,128.55,T,,M,0.00,N,0.00,K,A*28
$ECEFPOSVEL,121625.000,2552483.583,2460442.705,5284378.909,0000000.000,-0000000.171,0000000.000*0B
$GNVTG,128.55,T,,M,0.00,N,0.00,K,A*28
$ECEFPOSVEL,121626.000,2552483.897,2460442.345,5284378.834,-0000000.040,-0000000.136,0000000.031*27
$GNVTG,128.55,T,,M,0.00,N,0.00,K,A*28
$ECEFPOSVEL,121627.000,2552483.897,2460442.345,5284378.834,-0000000.001,-0000000.122,0000000.030*27
$GNVTG,128.55,T,,M,0.00,N,0.00,K,A*28
$ECEFPOSVEL,121628.000,2552483.897,2460442.345,5284378.834,-0000000.220,0000000.121,0000000.196*0A
$GNVTG,128.55,T,,M,0.00,N,0.00,K,A*28
$ECEFPOSVEL,121629.000,2552483.897,2460442.345,5284378.834,-0000000.341,0000000.398,0000000.235*07
$GNVTG,78.68,T,,M,1.04,N,1.92,K,A*1D
$ECEFPOSVEL,121630.000,2552484.510,2460441.895,5284378.952,-0000000.417,0000000.473,0000000.320*0D
$GNVTG,76.22,T,,M,1.26,N,2.33,K,A*15
$ECEFPOSVEL,121631.000,2552484.422,2460442.230,5284379.154,-0000000.278,0000000.440,0000000.276*08
$GNVTG,82.70,T,,M,1.00,N,1.85,K,A*13
$ECEFPOSVEL,121632.000,2552484.403,2460442.533,5284379.398,-0000000.206,0000000.425,0000000.254*04
$GNVTG,87.56,T,,M,0.94,N,1.73,K,A*17
$ECEFPOSVEL,121633.000,2552484.178,2460442.840,5284379.803,0000000.302,0000000.029,0000000.174*2D
$GNVTG,87.56,T,,M,0.00,N,0.00,K,A*1F
$ECEFPOSVEL,121634.000,2552484.568,2460442.892,5284379.801,0000000.584,-0000000.482,0000000.152*06
$GNVTG,270.99,T,,M,1.46,N,2.71,K,A*21
$ECEFPOSVEL,121635.000,2552485.366,2460442.561,5284379.915,0000000.692,-0000000.682,0000000.145*0B
$GNVTG,273.49,T,,M,1.89,N,3.50,K,A*2E
$ECEFPOSVEL,121636.000,2552486.193,2460441.785,5284380.077,0000000.578,-0000000.619,0000000.136*02
$GNVTG,275.84,T,,M,1.65,N,3.06,K,A*28
$ECEFPOSVEL,121637.000,2552485.643,2460441.529,5284380.611,0000000.368,-0000000.374,0000000.090*0C
$GNVTG,274.94,T,,M,1.02,N,1.90,K,A*24
$ECEFPOSVEL,121638.000,2552485.589,2460441.061,5284380.944,0000000.183,-0000000.191,0000000.072*02
$GNVTG,274.94,T,,M,0.00,N,0.00,K,A*2F
$ECEFPOSVEL,121639.000,2552485.705,2460440.562,5284381.034,0000000.176,-0000000.129,0000000.015*05
$GNVTG,274.94,T,,M,0.00,N,0.00,K,A*2F
$ECEFPOSVEL,121640.000,2552485.942,2460440.011,5284381.074,0000000.225,-0000000.215,0000000.016*09
$GNVTG,274.94,T,,M,0.00,N,0.00,K,A*2F
$ECEFPOSVEL,121641.000,2552485.942,2460440.011,5284381.074,0000000.278,-0000000.184,-0000000.022*21
$GNVTG,274.94,T,,M,0.00,N,0.00,K,A*2F
$ECEFPOSVEL,121642.000,2552485.942,2460440.011,5284381.074,0000000.186,-0000000.157,0000000.010*02
$GNVTG,274.94,T,,M,0.00,N,0.00,K,A*2F
$ECEFPOSVEL,121643.000,2552485.942,2460440.011,5284381.074,0000000.100,-0000000.143,0000000.037*0D
$GNVTG,274.94,T,,M,0.00,N,0.00,K,A*2F
$ECEFPOSVEL,121644.000,2552485.942,2460440.011,5284381.074,0000000.005,-0000000.009,-0000000.094*25
$GNVTG,274.94,T,,M,0.00,N,0.00,K,A*2F
$ECEFPOSVEL,121645.000,2552485.942,2460440.011,5284381.074,0000000.246,0000000.001,-0000000.279*05
$GNVTG,274.94,T,,M,0.00,N,0.00,K,A*2F
$ECEFPOSVEL,121646.000,2552485.942,2460440.011,5284381.074,0000000.253,-0000000.120,-0000000.266*23
$GNVTG,274.94,T,,M,0.00,N,0.00,K,A*2F
$ECEFPOSVEL,121647.000,2552485.942,2460440.011,5284381.074,0000000.158,0000000.008,-0000000.280*04
$GNVTG,274.94,T,,M,0.00,N,0.00,K,A*2F
$ECEFPOSVEL,121648.000,2552485.942,2460440.011,5284381.074,0000000.050,-0000000.015,-0000000.131*2A
$GNVTG,274.94,T,,M,0.00,N,0.00,K,A*2F
$ECEFPOSVEL,121649.000,2552485.942,2460440.011,5284381.074,-0000000.028,0000000.306,-0000000.066*26
$GNVTG,274.94,T,,M,0.00,N,0.00,K,A*2F
$ECEFPOSVEL,121650.000,2552485.942,2460440.011,5284381.074,0000000.019,0000000.241,-0000000.060*05
$GNVTG,274.94,T,,M,0.00,N,0.00,K,A*2F
$ECEFPOSVEL,121651.000,2552485.942,2460440.011,5284381.074,-0000000.011,0000000.161,-0000000.036*23
$GNVTG,274.94,T,,M,0.00,N,0.00,K,A*2F
$ECEFPOSVEL,121652.000,2552485.942,2460440.011,5284381.074,-0000000.068,0000000.142,-0000000.012*29
$GNVTG,274.94,T,,M,0.00,N,0.00,K,A*2F
$ECEFPOSVEL,121653.000,2552485.942,2460440.011,5284381.074,-0000000.239,0000000.370,0000000.053*05
$GNVTG,274.94,T,,M,0.84,N,1.56,K,A*21
$ECEFPOSVEL,121654.000,2552485.704,2460440.584,5284380.475,-0000000.428,0000000.398,0000000.221*04
$GNVTG,274.94,T,,M,1.17,N,2.17,K,A*2C
$ECEFPOSVEL,121655.000,2552485.315,2460440.804,5284380.714,-0000000.174,-0000000.045,0000000.242*27
$GNVTG,274.94,T,,M,0.00,N,0.00,K,A*2F
$ECEFPOSVEL,121656.000,2552485.082,2460440.826,5284380.889,-0000000.188,-0000000.016,0000000.180*2A
$GNVTG,274.94,T,,M,0.00,N,0.00,K,A*2F
$ECEFPOSVEL,121657.000,2552484.828,2460441.025,5284380.938,-0000000.186,0000000.094,0000000.105*07
$GNVTG,274.94,T,,M,0.00,N,0.00,K,A*2F
$ECEFPOSVEL,121658.000,2552484.828,2460441.025,5284380.938,-0000000.158,0000000.040,0000000.099*06
$GNVTG,274.94,T,,M,0.00,N,0.00,K,A*2F
$ECEFPOSVEL,121659.000,2552484.828,2460441.025,5284380.938,-0000000.174,0000000.271,0000000.133*08
$GNVTG,274.94,T,,M,0.00,N,0.00,K,A*2F
$ECEFPOSVEL,121700.000,2552484.828,2460441.025,5284380.938,-0000000.190,0000000.262,0000000.058*01
$GNRMC,121700.000,A,5619.2186,N,04356.8856,E,0.00,274.94,220626,,,A*7A
$ECEFPOSVEL,121701.000,2552484.828,2460441.025,5284380.938,-0000000.035,0000000.080,-0000000.091*28
$GNVTG,274.94,T,,M,0.00,N,0.00,K,A*2F
$ECEFPOSVEL,121702.000,2552484.828,2460441.025,5284380.938,0000000.159,-0000000.225,-0000000.167*25
$GNVTG,274.94,T,,M,0.00,N,0.00,K,A*2F
$ECEFPOSVEL,121703.000,2552484.828,2460441.025,5284380.938,0000000.173,-0000000.181,-0000000.117*26
$GNVTG,274.94,T,,M,0.00,N,0.00,K,A*2F
$ECEFPOSVEL,121704.000,2552484.828,2460441.025,5284380.938,0000000.018,-0000000.206,0000000.023*0A
$GNRMC,121704.000,A,5619.2186,N,04356.8856,E,0.00,274.94,220626,,,A*7E
$ECEFPOSVEL,121705.000,2552484.828,2460441.025,5284380.938,-0000000.039,-0000000.123,0000000.036*25
$GNRMC,121705.000,A,5619.2186,N,04356.8856,E,0.00,274.94,220626,,,A*7F
$ECEFPOSVEL,121706.000,2552484.828,2460441.025,5284380.938,0000000.167,-0000000.015,-0000000.178*23
$GNVTG,274.94,T,,M,0.00,N,0.00,K,A*2F
$ECEFPOSVEL,121707.000,2552484.828,2460441.025,5284380.938,0000000.077,-0000000.242,0000000.015*05
$GNVTG,274.94,T,,M,0.00,N,0.00,K,A*2F
$ECEFPOSVEL,121708.000,2552484.828,2460441.025,5284380.938,0000000.039,0000000.040,0000000.015*2D
$GNVTG,274.94,T,,M,0.00,N,0.00,K,A*2F
$ECEFPOSVEL,121709.000,2552484.828,2460441.025,5284380.938,-0000000.153,0000000.374,0000000.093*06
$GNVTG,274.94,T,,M,0.00,N,0.00,K,A*2F
$ECEFPOSVEL,121710.000,2552484.828,2460441.025,5284380.938,-0000000.479,0000001.023,0000000.139*02
$GNVTG,274.94,T,,M,2.12,N,3.93,K,A*27
$ECEFPOSVEL,121711.000,2552483.932,2460440.980,5284381.536,-0000000.576,0000001.116,0000000.224*0C
$GNVTG,98.28,T,,M,2.36,N,4.38,K,A*10
$ECEFPOSVEL,121712.000,2552483.386,2460441.912,5284381.794,-0000000.417,0000000.919,0000000.274*0F
$GNVTG,97.73,T,,M,1.87,N,3.46,K,A*16
$ECEFPOSVEL,121713.000,2552483.234,2460442.330,5284382.162,-0000000.183,0000000.556,0000000.324*08
$GNVTG,93.47,T,,M,1.03,N,1.90,K,A*10
$ECEFPOSVEL,121714.000,2552483.207,2460442.524,5284382.552,-0000000.011,0000000.262,0000000.360*01
$GNVTG,93.47,T,,M,0.00,N,0.00,K,A*1A
$ECEFPOSVEL,121715.000,2552483.359,2460442.683,5284382.232,0000000.218,0000000.157,0000000.123*23
$GNVTG,93.47,T,,M,0.00,N,0.00,K,A*1A
$ECEFPOSVEL,121716.000,2552483.298,2460442.942,5284382.024,0000000.178,0000000.139,0000000.054*27
$GNVTG,93.47,T,,M,0.00,N,0.00,K,A*1A
$ECEFPOSVEL,121717.000,2552483.298,2460442.942,5284382.024,-0000000.126,0000000.242,-0000000.008*2B
$GNVTG,93.47,T,,M,0.00,N,0.00,K,A*1A
$ECEFPOSVEL,121718.000,2552483.298,2460442.942,5284382.024,-0000000.185,0000000.216,0000000.081*00
$GNVTG,93.47,T,,M,0.00,N,0.00,K,A*1A
$ECEFPOSVEL,121719.000,2552483.298,2460442.942,5284382.024,-0000000.192,0000000.273,0000000.085*00
$GNVTG,93.47,T,,M,0.00,N,0.00,K,A*1A
$ECEFPOSVEL,121720.000,2552483.298,2460442.942,5284382.024,-0000000.101,0000000.251,0000000.071*0B
$GNVTG,93.47,T,,M,0.00,N,0.00,K,A*1A
$ECEFPOSVEL,121721.000,2552483.298,2460442.942,5284382.024,-0000000.033,0000000.236,-0000000.008*28
$GNVTG,93.47,T,,M,0.00,N,0.00,K,A*1A
$ECEFPOSVEL,121722.000,2552483.298,2460442.942,5284382.024,0000000.267,-0000000.086,-0000000.045*28
$GNVTG,93.47,T,,M,0.00,N,0.00,K,A*1A
$ECEFPOSVEL,121723.000,2552483.298,2460442.942,5284382.024,0000000.481,-0000000.764,-0000000.186*22
$GNVTG,273.24,T,,M,1.72,N,3.19,K,A*2C
$ECEFPOSVEL,121724.000,2552484.393,2460442.836,5284381.597,0000000.310,-0000000.550,-0000000.226*27
$GNVTG,270.62,T,,M,1.19,N,2.20,K,A*2B
$ECEFPOSVEL,121725.000,2552484.517,2460442.612,5284381.339,0000000.294,-0000000.489,-0000000.261*2D
$GNVTG,266.01,T,,M,1.08,N,2.01,K,A*2A
$ECEFPOSVEL,121726.000,2552484.541,2460442.309,5284381.103,0000000.323,-0000000.520,-0000000.278*2E
$GNVTG,265.51,T,,M,1.17,N,2.16,K,A*24
$ECEFPOSVEL,121727.000,2552484.730,2460442.153,5284381.054,0000000.406,-0000000.860,-0000000.206*25
$GNVTG,278.78,T,,M,1.77,N,3.28,K,A*29
$ECEFPOSVEL,121728.000,2552484.977,2460441.442,5284380.921,0000000.263,-0000000.953,-0000000.016*2C
$GNVTG,293.85,T,,M,1.85,N,3.42,K,A*2F
$ECEFPOSVEL,121729.000,2552484.738,2460440.976,5284380.832,-0000000.101,-0000000.565,-0000000.098*05
$GNVTG,314.56,T,,M,0.92,N,1.70,K,A*2B
$ECEFPOSVEL,121730.000,2552484.610,2460440.521,5284380.708,-0000000.096,-0000000.436,-0000000.120*04
$GNVTG,314.52,T,,M,0.00,N,0.00,K,A*22
$ECEFPOSVEL,121731.000,2552484.580,2460440.160,5284380.513,-0000000.029,-0000000.320,-0000000.181*09
$GNVTG,314.52,T,,M,0.00,N,0.00,K,A*22
$ECEFPOSVEL,121732.000,2552484.458,2460440.036,5284380.506,0000000.125,-0000000.137,0000000.048*05
$GNRMC,121732.000,A,5619.2189,N,04356.8852,E,0.00,314.52,220626,,,A*7D
$ECEFPOSVEL,121733.000,2552484.458,2460440.036,5284380.506,-0000000.045,-0000000.070,0000000.069*2F
$GNVTG,314.52,T,,M,0.00,N,0.00,K,A*22
$ECEFPOSVEL,121734.000,2552484.458,2460440.036,5284380.506,0000000.011,-0000000.027,0000000.019*01
$GNRMC,121734.000,A,5619.2189,N,04356.8852,E,0.00,314.52,220626,,,A*7B
$ECEFPOSVEL,121735.000,2552484.458,2460440.036,5284380.506,-0000000.067,0000000.081,0000000.002*07
$GNVTG,314.52,T,,M,0.00,N,0.00,K,A*22
$ECEFPOSVEL,121736.000,2552484.458,2460440.036,5284380.506,-0000000.173,0000000.161,0000000.022*0D
$GNVTG,314.52,T,,M,0.00,N,0.00,K,A*22
$ECEFPOSVEL,121737.000,2552484.458,2460440.036,5284380.506,-0000000.171,0000000.003,0000000.144*0A
$GNRMC,121737.000,A,5619.2189,N,04356.8852,E,0.00,314.52,220626,,,A*78
$ECEFPOSVEL,121738.000,2552484.458,2460440.036,5284380.506,-0000000.170,-0000000.347,-0000000.038*0D
$GNVTG,314.52,T,,M,0.00,N,0.00,K,A*22
$ECEFPOSVEL,121739.000,2552484.458,2460440.036,5284380.506,-0000000.084,-0000000.419,0000000.053*2A
$GNVTG,322.85,T,,M,0.78,N,1.45,K,A*22
$ECEFPOSVEL,121740.000,2552484.458,2460440.036,5284380.506,-0000000.149,-0000000.246,-0000000.052*04
$GNVTG,314.52,T,,M,0.00,N,0.00,K,A*22
$ECEFPOSVEL,121741.000,2552484.458,2460440.036,5284380.506,-0000000.100,-0000000.198,-0000000.028*05
$GNVTG,314.52,T,,M,0.00,N,0.00,K,A*22
$ECEFPOSVEL,121742.000,2552484.458,2460440.036,5284380.506,-0000000.088,-0000000.170,0000000.020*24
$GNVTG,314.52,T,,M,0.00,N,0.00,K,A*22
$ECEFPOSVEL,121743.000,2552484.458,2460440.036,5284380.506,-0000000.114,-0000000.134,0000000.051*27
$GNVTG,314.52,T,,M,0.00,N,0.00,K,A*22
$ECEFPOSVEL,121744.000,2552484.458,2460440.036,5284380.506,-0000000.150,0000000.033,-0000000.126*27
$GNVTG,314.52,T,,M,0.00,N,0.00,K,A*22
$ECEFPOSVEL,121745.000,2552484.458,2460440.036,5284380.506,-0000000.036,-0000000.215,-0000000.155*08
$GNVTG,314.52,T,,M,0.00,N,0.00,K,A*22
$ECEFPOSVEL,121746.000,2552484.458,2460440.036,5284380.506,-0000000.134,-0000000.151,-0000000.050*0F
$GNVTG,314.52,T,,M,0.00,N,0.00,K,A*22
$ECEFPOSVEL,121747.000,2552484.458,2460440.036,5284380.506,-0000000.046,-0000000.206,0000000.017*25
$GNRMC,121747.000,A,5619.2189,N,04356.8852,E,0.00,314.52,220626,,,A*7F
$ECEFPOSVEL,121748.000,2552484.458,2460440.036,5284380.506,-0000000.027,-0000000.209,0000000.047*27
$GNVTG,314.52,T,,M,0.00,N,0.00,K,A*22
$ECEFPOSVEL,121749.000,2552484.458,2460440.036,5284380.506,-0000000.028,-0000000.058,0000000.012*2F
$GNVTG,314.52,T,,M,0.00,N,0.00,K,A*22
$ECEFPOSVEL,121750.000,2552484.458,2460440.036,5284380.506,-0000000.023,-0000000.186,0000000.100*2C
$GNVTG,314.52,T,,M,0.00,N,0.00,K,A*22
$ECEFPOSVEL,121751.000,2552484.458,2460440.036,5284380.506,-0000000.273,0000000.153,0000000.141*0A
$GNVTG,314.52,T,,M,0.00,N,0.00,K,A*22
$ECEFPOSVEL,121752.000,2552484.458,2460440.036,5284380.506,-0000000.349,0000000.304,0000000.128*0E
$GNVTG,77.27,T,,M,0.92,N,1.70,K,A*1B
$ECEFPOSVEL,121753.000,2552481.851,2460439.366,5284381.306,-0000000.269,0000000.327,0000000.080*01
$GNVTG,87.75,T,,M,0.87,N,1.61,K,A*17
$ECEFPOSVEL,121754.000,2552481.939,2460439.497,5284381.288,0000000.027,0000000.225,-0000000.018*0D
$GNVTG,87.75,T,,M,0.00,N,0.00,K,A*1E
$ECEFPOSVEL,121755.000,2552482.302,2460439.326,5284381.194,0000000.166,-0000000.104,0000000.037*07
$GNVTG,87.75,T,,M,0.00,N,0.00,K,A*1E
$ECEFPOSVEL,121756.000,2552482.577,2460439.133,5284381.143,0000000.082,-0000000.116,0000000.058*0D
$GNVTG,87.75,T,,M,0.00,N,0.00,K,A*1E
$ECEFPOSVEL,121757.000,2552482.577,2460439.133,5284381.143,0000000.079,-0000000.289,0000000.114*04
$GNVTG,87.75,T,,M,0.00,N,0.00,K,A*1E
$ECEFPOSVEL,121758.000,2552482.577,2460439.133,5284381.143,0000000.051,-0000000.243,0000000.078*0C
$GNVTG,87.75,T,,M,0.00,N,0.00,K,A*1E
$ECEFPOSVEL,121759.000,2552482.577,2460439.133,5284381.143,0000000.154,-0000000.212,0000000.006*04
$GNVTG,87.75,T,,M,0.00,N,0.00,K,A*1E
$ECEFPOSVEL,121800.000,2552482.577,2460439.133,5284381.143,-0000000.158,0000000.054,0000000.039*07
$GNVTG,87.75,T,,M,0.00,N,0.00,K,A*1E
$ECEFPOSVEL,121801.000,2552482.577,2460439.133,5284381.143,0000000.003,-0000000.271,0000000.054*07
$GNVTG,87.75,T,,M,0.00,N,0.00,K,A*1E
$ECEFPOSVEL,121802.000,2552482.577,2460439.133,5284381.143,0000000.372,-0000000.151,-0000000.245*2F
$GNVTG,233.46,T,,M,0.89,N,1.64,K,A*21
$ECEFPOSVEL,121803.000,2552484.115,2460437.962,5284380.640,0000000.514,-0000000.445,-0000000.231*2A
$GNVTG,255.18,T,,M,1.36,N,2.52,K,A*29
$ECEFPOSVEL,121804.000,2552484.459,2460437.626,5284380.428,0000000.345,-0000000.336,-0000000.215*24
$GNVTG,254.66,T,,M,0.97,N,1.80,K,A*27
$ECEFPOSVEL,121805.000,2552484.405,2460437.791,5284380.145,0000000.156,-0000000.095,-0000000.255*21
$GNVTG,254.66,T,,M,0.00,N,0.00,K,A*20
$ECEFPOSVEL,121806.000,2552484.351,2460437.643,5284380.308,0000000.080,-0000000.136,-0000000.113*22
$GNVTG,254.66,T,,M,0.00,N,0.00,K,A*20
$ECEFPOSVEL,121807.000,2552484.513,2460437.686,5284380.016,0000000.137,-0000000.330,-0000000.137*29
$GNVTG,275.59,T,,M,0.00,N,0.00,K,A*2F
$ECEFPOSVEL,121808.000,2552484.513,2460437.686,5284380.016,0000000.052,-0000000.491,-0000000.011*2D
$GNVTG,302.30,T,,M,0.90,N,1.66,K,A*29
$ECEFPOSVEL,121809.000,2552484.513,2460437.686,5284380.016,0000000.017,-0000000.342,-0000000.059*28
$GNVTG,275.59,T,,M,0.00,N,0.00,K,A*2F
$ECEFPOSVEL,121810.000,2552484.513,2460437.686,5284380.016,-0000000.191,0000000.346,0000000.016*0D
$GNRMC,121810.000,A,5619.2195,N,04356.8835,E,0.00,275.59,220626,,,A*73
$ECEFPOSVEL,121811.000,2552484.513,2460437.686,5284380.016,-0000000.222,0000000.256,0000000.119*09
$GNVTG,275.59,T,,M,0.00,N,0.00,K,A*2F
$ECEFPOSVEL,121812.000,2552484.513,2460437.686,5284380.016,-0000000.114,0000000.152,0000000.139*09
$GNRMC,121812.000,A,5619.2195,N,04356.8835,E,0.00,275.59,220626,,,A*71
$ECEFPOSVEL,121813.000,2552484.513,2460437.686,5284380.016,-0000000.158,0000000.133,0000000.120*0F
$GNVTG,275.59,T,,M,0.00,N,0.00,K,A*2F
$ECEFPOSVEL,121814.000,2552484.513,2460437.686,5284380.016,-0000000.119,0000000.382,0000000.091*0E
$GNRMC,121814.000,A,5619.2195,N,04356.8835,E,0.00,275.59,220626,,,A*77
$ECEFPOSVEL,121815.000,2552484.513,2460437.686,5284380.016,-0000000.016,0000000.279,0000000.009*05
$GNRMC,121815.000,A,5619.2195,N,04356.8835,E,0.00,275.59,220626,,,A*76
$ECEFPOSVEL,121816.000,2552484.513,2460437.686,5284380.016,0000000.015,0000000.107,-0000000.012*05
$GNRMC,121816.000,A,5619.2195,N,04356.8835,E,0.00,275.59,220626,,,A*75
$ECEFPOSVEL,121817.000,2552484.513,2460437.686,5284380.016,0000000.110,-0000000.111,0000000.008*0C
$GNVTG,275.59,T,,M,0.00,N,0.00,K,A*2F
$ECEFPOSVEL,121818.000,2552484.513,2460437.686,5284380.016,0000000.036,0000000.035,-0000000.026*0D
$GNVTG,275.59,T,,M,0.00,N,0.00,K,A*2F
$ECEFPOSVEL,121819.000,2552484.513,2460437.686,5284380.016,0000000.089,-0000000.032,-0000000.033*26
$GNVTG,275.59,T,,M,0.00,N,0.00,K,A*2F
$ECEFPOSVEL,121820.000,2552484.513,2460437.686,5284380.016,0000000.085,-0000000.185,-0000000.097*23
$GNVTG,275.59,T,,M,0.00,N,0.00,K,A*2F
$ECEFPOSVEL,121821.000,2552484.513,2460437.686,5284380.016,0000000.083,-0000000.069,-0000000.103*2B
$GNVTG,275.59,T,,M,0.00,N,0.00,K,A*2F
$ECEFPOSVEL,121822.000,2552484.513,2460437.686,5284380.016,0000000.056,-0000000.059,-0000000.053*27
$GNVTG,275.59,T,,M,0.00,N,0.00,K,A*2F
$ECEFPOSVEL,121823.000,2552484.513,2460437.686,5284380.016,-0000000.074,0000000.015,-0000000.003*2B
$GNVTG,275.59,T,,M,0.00,N,0.00,K,A*2F
$ECEFPOSVEL,121824.000,2552484.513,2460437.686,5284380.016,-0000000.173,0000000.028,0000000.049*07
$GNVTG,275.59,T,,M,0.00,N,0.00,K,A*2F
$ECEFPOSVEL,121825.000,2552484.513,2460437.686,5284380.016,-0000000.297,0000000.126,0000000.206*09
$GNVTG,275.59,T,,M,0.00,N,0.00,K,A*2F
$ECEFPOSVEL,121826.000,2552484.513,2460437.686,5284380.016,-0000000.411,0000000.202,0000000.342*06
$GNVTG,53.43,T,,M,1.04,N,1.93,K,A*1C
$ECEFPOSVEL,121827.000,2552483.349,2460437.113,5284381.058,-0000000.376,0000000.250,0000000.319*06
$GNVTG,59.72,T,,M,0.99,N,1.84,K,A*17
$ECEFPOSVEL,121828.000,2552483.117,2460436.927,5284381.505,-0000000.218,0000000.054,0000000.326*00
$GNVTG,34.20,T,,M,0.00,N,0.00,K,A*16
$ECEFPOSVEL,121829.000,2552482.927,2460436.647,5284381.946,-0000000.125,-0000000.064,0000000.322*2E
$GNVTG,34.20,T,,M,0.00,N,0.00,K,A*16
$ECEFPOSVEL,121830.000,2552482.891,2460436.890,5284381.925,0000000.004,0000000.014,0000000.063*28
$GNVTG,34.20,T,,M,0.00,N,0.00,K,A*16
$ECEFPOSVEL,121831.000,2552482.891,2460436.890,5284381.925,-0000000.225,0000000.623,0000000.100*03
$GNVTG,105.67,T,,M,1.22,N,2.26,K,A*21
$ECEFPOSVEL,121832.000,2552482.809,2460436.987,5284382.098,-0000000.641,0000000.898,0000000.191*0A
$GNVTG,91.51,T,,M,2.12,N,3.93,K,A*17
$ECEFPOSVEL,121833.000,2552482.389,2460437.352,5284382.347,-0000000.500,0000000.749,0000000.072*03
$GNVTG,96.02,T,,M,1.73,N,3.21,K,A*1B
$ECEFPOSVEL,121834.000,2552482.021,2460437.872,5284382.466,-0000000.323,0000000.530,0000000.090*0F
$GNVTG,95.92,T,,M,1.18,N,2.19,K,A*16
$ECEFPOSVEL,121835.000,2552481.900,2460438.180,5284382.566,-0000000.133,0000000.392,0000000.063*0C
$GNVTG,106.66,T,,M,0.00,N,0.00,K,A*24
$ECEFPOSVEL,121836.000,2552481.826,2460438.187,5284382.776,-0000000.093,0000000.247,0000000.112*0B
$GNVTG,106.66,T,,M,0.00,N,0.00,K,A*24
$ECEFPOSVEL,121837.000,2552481.701,2460438.170,5284382.778,-0000000.088,0000000.192,0000000.074*06
$GNVTG,106.66,T,,M,0.00,N,0.00,K,A*24
$ECEFPOSVEL,121838.000,2552481.701,2460438.170,5284382.778,-0000000.022,0000000.192,0000000.016*0D
$GNVTG,106.66,T,,M,0.00,N,0.00,K,A*24
$ECEFPOSVEL,121839.000,2552481.701,2460438.170,5284382.778,0000000.189,-0000000.037,-0000000.133*29
$GNVTG,106.66,T,,M,0.00,N,0.00,K,A*24
$ECEFPOSVEL,121840.000,2552481.701,2460438.170,5284382.778,0000000.200,0000000.003,-0000000.162*0B
$GNVTG,106.66,T,,M,0.00,N,0.00,K,A*24
$ECEFPOSVEL,121841.000,2552481.701,2460438.170,5284382.778,0000000.211,-0000000.146,-0000000.089*23
$GNVTG,106.66,T,,M,0.00,N,0.00,K,A*24
$ECEFPOSVEL,121842.000,2552481.701,2460438.170,5284382.778,0000000.204,-0000000.266,-0000000.014*21
$GNVTG,106.66,T,,M,0.00,N,0.00,K,A*24
$ECEFPOSVEL,121843.000,2552481.701,2460438.170,5284382.778,-0000000.035,-0000000.199,0000000.130*24
$GNVTG,106.66,T,,M,0.00,N,0.00,K,A*24
$ECEFPOSVEL,121844.000,2552481.701,2460438.170,5284382.778,0000000.164,-0000000.172,0000000.042*0A
$GNVTG,106.66,T,,M,0.00,N,0.00,K,A*24
$ECEFPOSVEL,121845.000,2552481.701,2460438.170,5284382.778,0000000.048,-0000000.020,0000000.017*02
$GNVTG,106.66,T,,M,0.00,N,0.00,K,A*24
$ECEFPOSVEL,121846.000,2552481.701,2460438.170,5284382.778,-0000000.093,0000000.030,0000000.060*06
$GNVTG,106.66,T,,M,0.00,N,0.00,K,A*24
$ECEFPOSVEL,121847.000,2552481.701,2460438.170,5284382.778,-0000000.089,0000000.028,0000000.039*09
$GNRMC,121847.000,A,5619.2210,N,04356.8857,E,0.00,106.66,220626,,,A*70
$ECEFPOSVEL,121848.000,2552481.701,2460438.170,5284382.778,0000000.365,-0000000.691,-0000000.101*24
$GNVTG,279.39,T,,M,1.48,N,2.74,K,A*29
$ECEFPOSVEL,121849.000,2552481.174,2460437.450,5284383.223,0000000.315,-0000000.779,-0000000.113*20
$GNVTG,284.28,T,,M,1.56,N,2.90,K,A*2E
$ECEFPOSVEL,121850.000,2552481.172,2460436.624,5284383.273,0000000.253,-0000000.789,-0000000.081*2D
$GNVTG,289.20,T,,M,1.53,N,2.84,K,A*2B
$ECEFPOSVEL,121851.000,2552480.988,2460436.238,5284383.209,0000000.086,-0000000.626,-0000000.075*21
$GNVTG,297.80,T,,M,1.12,N,2.08,K,A*2F
$ECEFPOSVEL,121852.000,2552481.310,2460435.837,5284383.144,-0000000.181,0000000.245,0000000.081*05
$GNVTG,87.73,T,,M,0.00,N,0.00,K,A*18
$ECEFPOSVEL,121853.000,2552481.145,2460435.999,5284383.201,-0000000.316,0000000.301,0000000.153*02
$GNVTG,77.04,T,,M,0.87,N,1.61,K,A*1E
$ECEFPOSVEL,121854.000,2552480.982,2460436.167,5284383.343,-0000000.175,0000000.228,0000000.143*06
$GNVTG,77.04,T,,M,0.00,N,0.00,K,A*17
$ECEFPOSVEL,121855.000,2552480.982,2460436.167,5284383.343,-0000000.199,0000000.208,0000000.098*00
$GNVTG,77.04,T,,M,0.00,N,0.00,K,A*17
$ECEFPOSVEL,121856.000,2552480.982,2460436.167,5284383.343,-0000000.103,0000000.087,0000000.068*0A
$GNVTG,77.04,T,,M,0.00,N,0.00,K,A*17
$ECEFPOSVEL,121857.000,2552480.982,2460436.167,5284383.343,0000000.078,0000000.101,-0000000.073*03
$GNRMC,121857.000,A,5619.2221,N,04356.8848,E,0.00,77.04,220626,,,A*4E
$ECEFPOSVEL,121858.000,2552480.982,2460436.167,5284383.343,0000000.052,-0000000.116,0000000.039*0C
$GNRMC,121858.000,A,5619.2221,N,04356.8848,E,0.00,77.04,220626,,,A*41
$ECEFPOSVEL,121859.000,2552480.982,2460436.167,5284383.343,0000000.043,-0000000.068,0000000.018*06
$GNRMC,121859.000,A,5619.2221,N,04356.8848,E,0.00,77.04,220626,,,A*40
$ECEFPOSVEL,121900.000,2552480.982,2460436.167,5284383.343,0000000.005,0000000.055,-0000000.016*09
$GNRMC,121900.000,A,5619.2221,N,04356.8848,E,0.00,77.04,220626,,,A*4D
$ECEFPOSVEL,121901.000,2552480.982,2460436.167,5284383.343,0000000.043,0000000.331,-0000000.110*0C
$GNRMC,121901.000,A,5619.2221,N,04356.8848,E,0.00,77.04,220626,,,A*4C
$ECEFPOSVEL,121902.000,2552480.982,2460436.167,5284383.343,0000000.035,0000000.277,-0000000.048*01
$GNRMC,121902.000,A,5619.2221,N,04356.8848,E,0.00,77.04,220626,,,A*4F
$ECEFPOSVEL,121903.000,2552480.982,2460436.167,5284383.343,-0000000.187,0000000.392,-0000000.004*27
$GNVTG,105.75,T,,M,0.83,N,1.54,K,A*2E
$ECEFPOSVEL,121904.000,2552480.982,2460436.167,5284383.343,-0000000.044,0000000.264,-0000000.087*2D
$GNRMC,121904.000,A,5619.2221,N,04356.8848,E,0.00,77.04,220626,,,A*49
$ECEFPOSVEL,121905.000,2552480.982,2460436.167,5284383.343,-0000000.066,0000000.150,-0000000.030*24
$GNVTG,77.04,T,,M,0.00,N,0.00,K,A*17
$ECEFPOSVEL,121906.000,2552480.982,2460436.167,5284383.343,0000000.036,0000000.172,-0000000.100*0D
$GNRMC,121906.000,A,5619.2221,N,04356.8848,E,0.00,77.04,220626,,,A*4B
$ECEFPOSVEL,121907.000,2552480.982,2460436.167,5284383.343,-0000000.194,0000000.058,0000000.130*0F
$GNRMC,121907.000,A,5619.2221,N,04356.8848,E,0.00,77.04,220626,,,A*4A
$ECEFPOSVEL,121908.000,2552480.982,2460436.167,5284383.343,-0000000.188,0000000.010,0000000.129*09
$GNRMC,121908.000,A,5619.2221,N,04356.8848,E,0.00,77.04,220626,,,A*45
$ECEFPOSVEL,121909.000,2552480.982,2460436.167,5284383.343,-0000000.159,0000000.124,0000000.061*0F
$GNRMC,121909.000,A,5619.2221,N,04356.8848,E,0.00,77.04,220626,,,A*44
$ECEFPOSVEL,121910.000,2552480.982,2460436.167,5284383.343,-0000000.146,0000000.255,-0000000.013*24
$GNRMC,121910.000,A,5619.2221,N,04356.8848,E,0.00,77.04,220626,,,A*4C
$ECEFPOSVEL,121911.000,2552480.982,2460436.167,5284383.343,-0000000.013,0000000.245,-0000000.132*27
$GNVTG,77.04,T,,M,0.00,N,0.00,K,A*17
$ECEFPOSVEL,121912.000,2552480.982,2460436.167,5284383.343,-0000000.010,0000000.196,-0000000.102*29
$GNVTG,77.04,T,,M,0.00,N,0.00,K,A*17
$ECEFPOSVEL,121913.000,2552480.982,2460436.167,5284383.343,-0000000.134,0000000.200,-0000000.009*29
$GNVTG,77.04,T,,M,0.00,N,0.00,K,A*17
$ECEFPOSVEL,121914.000,2552480.982,2460436.167,5284383.343,-0000000.209,0000000.308,-0000000.015*27
$GNVTG,77.04,T,,M,0.00,N,0.00,K,A*17
$ECEFPOSVEL,121915.000,2552480.982,2460436.167,5284383.343,-0000000.501,0000000.522,0000000.140*0B
$GNVTG,83.95,T,,M,1.41,N,2.62,K,A*16
$ECEFPOSVEL,121916.000,2552480.184,2460438.756,5284383.354,-0000000.268,0000000.393,0000000.098*0A
$GNVTG,91.43,T,,M,0.91,N,1.69,K,A*1A
$ECEFPOSVEL,121917.000,2552480.204,2460438.988,5284383.417,-0000000.145,0000000.208,0000000.106*04
$GNVTG,91.43,T,,M,0.00,N,0.00,K,A*1C
$ECEFPOSVEL,121918.000,2552480.422,2460438.810,5284383.439,-0000000.020,0000000.010,0000000.074*08
$GNVTG,91.43,T,,M,0.00,N,0.00,K,A*1C
$ECEFPOSVEL,121919.000,2552480.466,2460439.166,5284383.475,0000000.310,-0000000.103,-0000000.321*25
$GNVTG,223.57,T,,M,0.82,N,1.51,K,A*2D
$ECEFPOSVEL,121920.000,2552480.466,2460439.166,5284383.475,0000000.186,-0000000.281,-0000000.223*28
$GNVTG,223.57,T,,M,0.00,N,0.00,K,A*22
$ECEFPOSVEL,121921.000,2552480.466,2460439.166,5284383.475,0000000.072,-0000000.147,-0000000.231*29
$GNVTG,223.57,T,,M,0.00,N,0.00,K,A*22
$ECEFPOSVEL,121922.000,2552480.466,2460439.166,5284383.475,0000000.162,-0000000.142,-0000000.179*20
$GNVTG,223.57,T,,M,0.00,N,0.00,K,A*22
$ECEFPOSVEL,121923.000,2552480.466,2460439.166,5284383.475,0000000.316,-0000000.106,-0000000.332*2D
$GNVTG,223.40,T,,M,0.84,N,1.55,K,A*29
$ECEFPOSVEL,121924.000,2552481.564,2460438.859,5284382.471,0000000.367,-0000000.149,-0000000.172*22
$GNVTG,237.70,T,,M,0.83,N,1.54,K,A*29
$ECEFPOSVEL,121925.000,2552481.900,2460438.754,5284382.343,0000000.037,-0000000.123,-0000000.069*28
$GNVTG,237.70,T,,M,0.00,N,0.00,K,A*22
$ECEFPOSVEL,121926.000,2552482.040,2460438.577,5284382.320,0000000.091,-0000000.155,-0000000.035*27
$GNVTG,237.70,T,,M,0.00,N,0.00,K,A*22
$ECEFPOSVEL,121927.000,2552482.133,2460438.476,5284382.351,0000000.015,-0000000.116,0000000.026*01
$GNVTG,237.70,T,,M,0.00,N,0.00,K,A*22
$ECEFPOSVEL,121928.000,2552482.133,2460438.476,5284382.351,0000000.051,-0000000.153,0000000.047*08
$GNVTG,237.70,T,,M,0.00,N,0.00,K,A*22
$ECEFPOSVEL,121929.000,2552482.133,2460438.476,5284382.351,0000000.430,-0000000.341,-0000000.175*26
$GNVTG,253.82,T,,M,1.10,N,2.04,K,A*2B
$ECEFPOSVEL,121930.000,2552483.519,2460437.527,5284382.232,0000000.652,-0000000.555,-0000000.272*2C
$GNVTG,255.47,T,,M,1.71,N,3.17,K,A*20
$ECEFPOSVEL,121931.000,2552484.124,2460437.117,5284381.921,0000000.904,-0000000.701,-0000000.395*2A
$GNVTG,252.52,T,,M,2.31,N,4.27,K,A*20
$ECEFPOSVEL,121932.000,2552485.618,2460434.720,5284381.977,0000000.554,-0000000.667,-0000000.278*28
$GNVTG,263.35,T,,M,1.69,N,3.13,K,A*2D
$ECEFPOSVEL,121933.000,2552485.909,2460434.274,5284381.716,0000000.019,-0000000.424,-0000000.141*2B
$GNVTG,296.06,T,,M,0.00,N,0.00,K,A*28
$ECEFPOSVEL,121934.000,2552486.045,2460433.743,5284381.613,-0000000.150,-0000000.282,-0000000.116*05
$GNVTG,296.06,T,,M,0.00,N,0.00,K,A*28
$ECEFPOSVEL,121935.000,2552486.330,2460433.208,5284381.705,0000000.079,-0000000.502,-0000000.044*27
$GNVTG,297.64,T,,M,0.91,N,1.69,K,A*2B
$ECEFPOSVEL,121936.000,2552486.330,2460433.208,5284381.705,-0000000.096,-0000000.103,-0000000.138*07
$GNVTG,297.64,T,,M,0.00,N,0.00,K,A*2D
$ECEFPOSVEL,121937.000,2552486.330,2460433.208,5284381.705,-0000000.111,-0000000.026,-0000000.071*02
$GNVTG,297.64,T,,M,0.00,N,0.00,K,A*2D
$ECEFPOSVEL,121938.000,2552486.330,2460433.208,5284381.705,-0000000.444,0000000.391,0000000.148*0C
$GNVTG,78.30,T,,M,1.17,N,2.17,K,A*1C
$ECEFPOSVEL,121939.000,2552486.413,2460432.724,5284381.874,-0000000.405,0000000.145,0000000.355*08
$GNVTG,47.33,T,,M,1.09,N,2.03,K,A*19
$ECEFPOSVEL,121940.000,2552486.458,2460432.787,5284382.138,-0000000.239,0000000.125,0000000.323*0C
$GNVTG,45.59,T,,M,0.00,N,0.00,K,A*1E
$ECEFPOSVEL,121941.000,2552486.842,2460432.430,5284382.383,0000000.164,0000000.037,0000000.173*24
$GNVTG,45.59,T,,M,0.00,N,0.00,K,A*1E
$ECEFPOSVEL,121942.000,2552486.884,2460432.649,5284382.318,-0000000.009,0000000.290,0000000.052*09
$GNVTG,45.59,T,,M,0.00,N,0.00,K,A*1E
$ECEFPOSVEL,121943.000,2552486.884,2460432.649,5284382.318,-0000000.047,0000000.153,0000000.077*09
$GNVTG,45.59,T,,M,0.00,N,0.00,K,A*1E
$ECEFPOSVEL,121944.000,2552486.884,2460432.649,5284382.318,-0000000.144,0000000.319,0000000.026*04
$GNVTG,45.59,T,,M,0.00,N,0.00,K,A*1E
$ECEFPOSVEL,121945.000,2552486.884,2460432.649,5284382.318,0000000.012,0000000.515,0000000.407*27
$GNVTG,45.59,T,,M,0.00,N,0.00,K,A*1E
$ECEFPOSVEL,121946.000,2552486.884,2460432.649,5284382.318,0000000.014,0000000.330,0000000.616*21
$GNRMC,121946.000,A,5619.2210,N,04356.8784,E,0.00,45.59,220626,,,A*4B
$ECEFPOSVEL,121947.000,2552486.884,2460432.649,5284382.318,-0000000.194,0000000.264,0000000.420*03
$GNVTG,45.59,T,,M,0.00,N,0.00,K,A*1E
$ECEFPOSVEL,121948.000,2552486.884,2460432.649,5284382.318,-0000000.036,0000000.228,0000000.323*09
$GNVTG,45.59,T,,M,0.00,N,0.00,K,A*1E
$ECEFPOSVEL,121949.000,2552486.884,2460432.649,5284382.318,-0000000.127,0000000.074,-0000000.022*2D
$GNVTG,45.59,T,,M,0.00,N,0.00,K,A*1E
$ECEFPOSVEL,121950.000,2552486.884,2460432.649,5284382.318,-0000000.046,0000000.080,-0000000.032*29
$GNVTG,45.59,T,,M,0.00,N,0.00,K,A*1E
$ECEFPOSVEL,121951.000,2552486.884,2460432.649,5284382.318,-0000000.129,0000000.217,-0000000.010*2C
$GNVTG,45.59,T,,M,0.00,N,0.00,K,A*1E
$ECEFPOSVEL,121952.000,2552486.884,2460432.649,5284382.318,-0000000.235,0000000.486,-0000000.076*2F
$GNVTG,109.51,T,,M,1.06,N,1.96,K,A*26
$ECEFPOSVEL,121953.000,2552486.884,2460432.649,5284382.318,-0000000.203,0000000.315,-0000000.004*23
$GNVTG,45.59,T,,M,0.00,N,0.00,K,A*1E
$ECEFPOSVEL,121954.000,2552486.884,2460432.649,5284382.318,-0000000.126,0000000.263,-0000000.015*20
$GNVTG,45.59,T,,M,0.00,N,0.00,K,A*1E
$ECEFPOSVEL,121955.000,2552486.884,2460432.649,5284382.318,-0000000.070,0000000.167,0000000.124*0A
$GNVTG,45.59,T,,M,0.00,N,0.00,K,A*1E
$ECEFPOSVEL,121956.000,2552486.884,2460432.649,5284382.318,-0000000.058,0000000.116,0000000.077*02
$GNVTG,45.59,T,,M,0.00,N,0.00,K,A*1E
$ECEFPOSVEL,121957.000,2552486.884,2460432.649,5284382.318,0000000.043,-0000000.084,0000000.066*03
$GNVTG,45.59,T,,M,0.00,N,0.00,K,A*1E
$ECEFPOSVEL,121958.000,2552486.884,2460432.649,5284382.318,0000000.026,-0000000.118,0000000.064*09
$GNVTG,45.59,T,,M,0.00,N,0.00,K,A*1E
$ECEFPOSVEL,121959.000,2552486.884,2460432.649,5284382.318,0000000.026,-0000000.131,0000000.061*06
$GNVTG,45.59,T,,M,0.00,N,0.00,K,A*1E
$ECEFPOSVEL,122000.000,2552486.884,2460432.649,5284382.318,0000000.299,-0000000.120,-0000000.251*2A
$GNVTG,45.59,T,,M,0.00,N,0.00,K,A*1E
$ECEFPOSVEL,122001.000,2552486.884,2460432.649,5284382.318,0000000.576,-0000000.530,-0000000.250*29
$GNVTG,257.18,T,,M,1.56,N,2.89,K,A*2B
$ECEFPOSVEL,122002.000,2552489.141,2460430.370,5284383.386,0000000.385,-0000000.510,-0000000.238*28
$GNVTG,263.87,T,,M,1.24,N,2.30,K,A*2D
$ECEFPOSVEL,122003.000,2552489.241,2460429.966,5284383.255,0000000.284,-0000000.517,-0000000.201*2D
$GNVTG,271.74,T,,M,1.11,N,2.05,K,A*22
$ECEFPOSVEL,122004.000,2552489.139,2460429.823,5284383.084,0000000.082,-0000000.358,-0000000.172*26
$GNVTG,281.11,T,,M,0.00,N,0.00,K,A*28
$ECEFPOSVEL,122005.000,2552489.377,2460429.438,5284383.015,-0000000.091,0000000.079,0000000.077*0A
$GNVTG,281.11,T,,M,0.00,N,0.00,K,A*28
$ECEFPOSVEL,122006.000,2552489.258,2460429.499,5284382.998,-0000000.056,0000000.085,0000000.007*0C
$GNVTG,281.11,T,,M,0.00,N,0.00,K,A*28
$ECEFPOSVEL,122007.000,2552489.258,2460429.499,5284382.998,0000000.169,-0000000.181,-0000000.194*23
$GNVTG,281.11,T,,M,0.00,N,0.00,K,A*28
$ECEFPOSVEL,122008.000,2552489.258,2460429.499,5284382.998,0000000.312,-0000000.218,-0000000.222*2F
$GNVTG,243.81,T,,M,0.81,N,1.50,K,A*22
$ECEFPOSVEL,122009.000,2552489.674,2460429.514,5284382.548,0000000.357,-0000000.208,-0000000.283*2A
$GNRMC,122009.000,A,5619.2211,N,04356.8743,E,0.91,237.73,220626,,,A*77
$ECEFPOSVEL,122010.000,2552489.884,2460429.400,5284382.277,0000000.399,-0000000.232,-0000000.305*28
$GNRMC,122010.000,A,5619.2210,N,04356.8741,E,1.01,238.33,220626,,,A*7F
$ECEFPOSVEL,122011.000,2552490.195,2460429.316,5284381.963,0000000.275,-0000000.248,-0000000.151*28
$GNRMC,122011.000,A,5619.2208,N,04356.8738,E,0.00,254.06,220626,,,A*75
$ECEFPOSVEL,122012.000,2552490.369,2460429.274,5284381.744,0000000.138,-0000000.193,-0000000.145*2E
$GNRMC,122012.000,A,5619.2207,N,04356.8737,E,0.00,254.06,220626,,,A*76
$ECEFPOSVEL,122013.000,2552490.413,2460429.466,5284381.644,0000000.151,-0000000.126,-0000000.123*20
$GNRMC,122013.000,A,5619.2206,N,04356.8738,E,0.00,254.06,220626,,,A*79
$ECEFPOSVEL,122014.000,2552490.413,2460429.466,5284381.644,0000000.099,-0000000.125,-0000000.054*20
$GNRMC,122014.000,A,5619.2206,N,04356.8738,E,0.00,254.06,220626,,,A*7E
$ECEFPOSVEL,122015.000,2552490.413,2460429.466,5284381.644,0000000.048,0000000.009,-0000000.071*08
$GNRMC,122015.000,A,5619.2206,N,04356.8738,E,0.00,254.06,220626,,,A*7F
$ECEFPOSVEL,122016.000,2552490.413,2460429.466,5284381.644,-0000000.104,0000000.133,-0000000.041*24
$GNVTG,254.06,T,,M,0.00,N,0.00,K,A*26
$ECEFPOSVEL,122017.000,2552490.413,2460429.466,5284381.644,-0000000.255,0000000.238,-0000000.007*28
$GNVTG,254.06,T,,M,0.00,N,0.00,K,A*26
$ECEFPOSVEL,122018.000,2552490.413,2460429.466,5284381.644,-0000000.229,0000000.273,-0000000.034*23
$GNVTG,254.06,T,,M,0.00,N,0.00,K,A*26
$ECEFPOSVEL,122019.000,2552490.413,2460429.466,5284381.644,-0000000.061,0000000.247,-0000000.042*2A
$GNVTG,254.06,T,,M,0.00,N,0.00,K,A*26
$ECEFPOSVEL,122020.000,2552490.413,2460429.466,5284381.644,-0000000.143,0000000.293,-0000000.023*2F
$GNVTG,254.06,T,,M,0.00,N,0.00,K,A*26
$ECEFPOSVEL,122021.000,2552490.413,2460429.466,5284381.644,-0000000.385,0000000.357,0000000.097*0D
$GNRMC,122021.000,A,5619.2206,N,04356.8738,E,1.03,81.56,220626,,,A*45
$ECEFPOSVEL,122022.000,2552488.551,2460433.982,5284380.568,-0000000.443,0000000.429,0000000.112*0F
$GNRMC,122022.000,A,5619.2195,N,04356.8782,E,1.21,82.62,220626,,,A*4A
$ECEFPOSVEL,122023.000,2552488.108,2460434.878,5284380.424,-0000000.361,0000000.283,0000000.150*0B
$GNRMC,122023.000,A,5619.2193,N,04356.8791,E,0.92,73.35,220626,,,A*4A
$ECEFPOSVEL,122024.000,2552487.562,2460435.555,5284380.425,-0000000.118,0000000.175,0000000.071*0D
$GNRMC,122024.000,A,5619.2193,N,04356.8800,E,0.00,73.35,220626,,,A*41
$ECEFPOSVEL,122025.000,2552487.557,2460435.650,5284380.349,0000000.047,0000000.117,-0000000.019*00
$GNRMC,122025.000,A,5619.2192,N,04356.8800,E,0.00,73.35,220626,,,A*41
$ECEFPOSVEL,122026.000,2552488.326,2460434.835,5284380.349,0000000.146,-0000000.040,-0000000.011*26
$GNRMC,122026.000,A,5619.2192,N,04356.8789,E,0.00,73.35,220626,,,A*4C
$ECEFPOSVEL,122027.000,2552488.326,2460434.835,5284380.349,0000000.099,-0000000.003,-0000000.015*27
$GNRMC,122027.000,A,5619.2192,N,04356.8789,E,0.00,73.35,220626,,,A*4D
$ECEFPOSVEL,122028.000,2552488.326,2460434.835,5284380.349,0000000.076,-0000000.007,-0000000.007*2E
$GNRMC,122028.000,A,5619.2192,N,04356.8789,E,0.00,73.35,220626,,,A*42
$ECEFPOSVEL,122029.000,2552488.326,2460434.835,5284380.349,0000000.082,0000000.029,-0000000.034*05
$GNRMC,122029.000,A,5619.2192,N,04356.8789,E,0.00,73.35,220626,,,A*43
$ECEFPOSVEL,122030.000,2552488.326,2460434.835,5284380.349,0000000.113,0000000.009,-0000000.044*01
$GNRMC,122030.000,A,5619.2192,N,04356.8789,E,0.00,73.35,220626,,,A*4B
$ECEFPOSVEL,122031.000,2552488.326,2460434.835,5284380.349,0000000.099,0000000.077,-0000000.021*09
$GNRMC,122031.000,A,5619.2192,N,04356.8789,E,0.00,73.35,220626,,,A*4A
$ECEFPOSVEL,122032.000,2552488.326,2460434.835,5284380.349,-0000000.125,-0000000.032,0000000.131*20
$GNRMC,122032.000,A,5619.2192,N,04356.8789,E,0.00,73.35,220626,,,A*49
$ECEFPOSVEL,122033.000,2552488.326,2460434.835,5284380.349,-0000000.007,-0000000.045,0000000.054*22
$GNVTG,73.35,T,,M,0.00,N,0.00,K,A*11
$ECEFPOSVEL,122034.000,2552488.326,2460434.835,5284380.349,-0000000.148,0000000.061,0000000.090*0C
$GNVTG,73.35,T,,M,0.00,N,0.00,K,A*11
$ECEFPOSVEL,122035.000,2552488.326,2460434.835,5284380.349,-0000000.335,0000000.066,0000000.173*0E
$GNRMC,122035.000,A,5619.2192,N,04356.8789,E,0.00,73.35,220626,,,A*4E
$ECEFPOSVEL,122036.000,2552488.326,2460434.835,5284380.349,-0000000.280,0000000.080,0000000.148*02
$GNRMC,122036.000,A,5619.2192,N,04356.8789,E,0.00,73.35,220626,,,A*4D
$ECEFPOSVEL,122037.000,2552488.326,2460434.835,5284380.349,-0000000.229,0000000.172,0000000.082*0B
$GNRMC,122037.000,A,5619.2192,N,04356.8789,E,0.00,73.35,220626,,,A*4C
$ECEFPOSVEL,122038.000,2552488.326,2460434.835,5284380.349,-0000000.049,-0000000.232,0000000.097*2E
$GNVTG,73.35,T,,M,0.00,N,0.00,K,A*11
$ECEFPOSVEL,122039.000,2552488.326,2460434.835,5284380.349,0000000.040,-0000000.317,0000000.082*09
$GNVTG,73.35,T,,M,0.00,N,0.00,K,A*11
$ECEFPOSVEL,122040.000,2552488.326,2460434.835,5284380.349,0000000.071,-0000000.363,0000000.077*0C
$GNVTG,73.35,T,,M,0.00,N,0.00,K,A*11
$ECEFPOSVEL,122041.000,2552488.326,2460434.835,5284380.349,0000000.194,-0000000.322,-0000000.006*29
$GNVTG,73.35,T,,M,0.00,N,0.00,K,A*11
$ECEFPOSVEL,122042.000,2552488.326,2460434.835,5284380.349,0000000.336,-0000000.360,-0000000.072*25
$GNVTG,266.12,T,,M,0.96,N,1.77,K,A*2C
$ECEFPOSVEL,122043.000,2552489.206,2460441.444,5284376.043,0000000.267,-0000000.314,-0000000.062*29
$GNVTG,268.18,T,,M,0.80,N,1.48,K,A*23
$ECEFPOSVEL,122044.000,2552489.361,2460442.431,5284375.466,0000000.121,-0000000.047,-0000000.113*2C
$GNVTG,268.18,T,,M,0.00,N,0.00,K,A*26
$ECEFPOSVEL,122045.000,2552489.156,2460443.208,5284375.236,0000000.188,-0000000.023,-0000000.128*2C
$GNVTG,268.18,T,,M,0.00,N,0.00,K,A*26
$ECEFPOSVEL,122046.000,2552489.497,2460443.642,5284374.872,0000000.234,-0000000.023,-0000000.134*2F
$GNVTG,268.18,T,,M,0.00,N,0.00,K,A*26
$ECEFPOSVEL,122047.000,2552489.497,2460443.642,5284374.872,0000000.272,-0000000.097,-0000000.112*27
$GNVTG,268.18,T,,M,0.00,N,0.00,K,A*26
$ECEFPOSVEL,122048.000,2552489.497,2460443.642,5284374.872,0000000.292,-0000000.034,-0000000.169*23
$GNVTG,268.18,T,,M,0.00,N,0.00,K,A*26
$ECEFPOSVEL,122049.000,2552489.497,2460443.642,5284374.872,0000000.170,-0000000.151,-0000000.063*24
$GNVTG,268.18,T,,M,0.00,N,0.00,K,A*26
$ECEFPOSVEL,122050.000,2552489.497,2460443.642,5284374.872,0000000.170,-0000000.180,-0000000.037*21
$GNVTG,268.18,T,,M,0.00,N,0.00,K,A*26
$ECEFPOSVEL,122051.000,2552489.497,2460443.642,5284374.872,0000000.111,-0000000.111,-0000000.037*2F
$GNVTG,268.18,T,,M,0.00,N,0.00,K,A*26
$ECEFPOSVEL,122052.000,2552489.497,2460443.642,5284374.872,0000000.404,-0000000.145,-0000000.320*29
$GNVTG,228.90,T,,M,0.99,N,1.84,K,A*2F
$ECEFPOSVEL,122053.000,2552489.236,2460443.841,5284374.561,0000000.394,-0000000.328,-0000000.264*21
$GNRMC,122053.000,A,5619.2144,N,04356.8846,E,1.06,249.31,220626,,,A*71
$ECEFPOSVEL,122054.000,2552489.028,2460442.386,5284375.030,0000000.226,-0000000.477,-0000000.117*28
$GNRMC,122054.000,A,5619.2151,N,04356.8837,E,0.98,278.58,220626,,,A*7F
$ECEFPOSVEL,122055.000,2552489.021,2460440.681,5284375.549,0000000.134,-0000000.476,-0000000.070*2A
$GNRMC,122055.000,A,5619.2157,N,04356.8826,E,0.90,289.63,220626,,,A*76
$ECEFPOSVEL,122056.000,2552488.683,2460440.194,5284375.733,-0000000.108,0000000.090,0000000.010*02
$GNRMC,122056.000,A,5619.2161,N,04356.8824,E,0.00,289.63,220626,,,A*7B
$ECEFPOSVEL,122057.000,2552488.244,2460440.278,5284375.931,-0000000.230,0000000.316,-0000000.010*29
$GNVTG,97.40,T,,M,0.00,N,0.00,K,A*19
$ECEFPOSVEL,122058.000,2552487.871,2460440.138,5284376.257,-0000000.454,0000000.975,-0000000.122*21
$GNRMC,122058.000,A,5619.2165,N,04356.8829,E,2.09,109.41,220626,,,A*7C
$ECEFPOSVEL,122059.000,2552486.620,2460442.490,5284375.979,-0000000.512,0000001.095,-0000000.057*2C
$GNRMC,122059.000,A,5619.2161,N,04356.8854,E,2.33,107.37,220626,,,A*75
$ECEFPOSVEL,122100.000,2552485.927,2460444.036,5284375.890,-0000000.382,0000000.765,0000000.050*0E
$GNRMC,122100.000,A,5619.2158,N,04356.8870,E,1.63,102.80,220626,,,A*7B
$ECEFPOSVEL,122101.000,2552485.665,2460443.997,5284376.384,0000000.003,0000000.419,0000000.024*22
$GNRMC,122101.000,A,5619.2160,N,04356.8871,E,0.00,127.61,220626,,,A*7C
$ECEFPOSVEL,122102.000,2552485.450,2460443.832,5284376.914,0000000.000,0000000.192,0000000.126*2E
$GNRMC,122102.000,A,5619.2163,N,04356.8872,E,0.00,127.61,220626,,,A*7F
$ECEFPOSVEL,122103.000,2552485.851,2460443.453,5284377.021,0000000.038,-0000000.001,0000000.122*0E
$GNRMC,122103.000,A,5619.2163,N,04356.8866,E,0.00,127.61,220626,,,A*7B
$ECEFPOSVEL,122104.000,2552485.851,2460443.453,5284377.021,-0000000.111,-0000000.012,0000000.156*2F
$GNVTG,127.61,T,,M,0.00,N,0.00,K,A*20
$ECEFPOSVEL,122105.000,2552485.851,2460443.453,5284377.021,0000000.044,0000000.050,0000000.100*2A
$GNRMC,122105.000,A,5619.2163,N,04356.8866,E,0.00,127.61,220626,,,A*7D
$ECEFPOSVEL,122106.000,2552485.851,2460443.453,5284377.021,-0000000.039,0000000.058,0000000.104*02
$GNRMC,122106.000,A,5619.2163,N,04356.8866,E,0.00,127.61,220626,,,A*7E
$ECEFPOSVEL,122107.000,2552485.851,2460443.453,5284377.021,-0000000.087,0000000.104,0000000.082*01
$GNVTG,127.61,T,,M,0.00,N,0.00,K,A*20
$ECEFPOSVEL,122108.000,2552485.851,2460443.453,5284377.021,-0000000.152,0000000.224,0000000.042*0A
$GNVTG,127.61,T,,M,0.00,N,0.00,K,A*20
$ECEFPOSVEL,122109.000,2552485.851,2460443.453,5284377.021,-0000000.210,0000000.231,0000000.075*0E
$GNVTG,127.61,T,,M,0.00,N,0.00,K,A*20
$ECEFPOSVEL,122110.000,2552485.851,2460443.453,5284377.021,0000000.052,-0000000.001,0000000.013*03
$GNRMC,122110.000,A,5619.2163,N,04356.8866,E,0.00,127.61,220626,,,A*79
$ECEFPOSVEL,122111.000,2552485.851,2460443.453,5284377.021,0000000.029,-0000000.083,-0000000.014*2E
$GNRMC,122111.000,A,5619.2163,N,04356.8866,E,0.00,127.61,220626,,,A*78
$ECEFPOSVEL,122112.000,2552485.851,2460443.453,5284377.021,-0000000.132,-0000000.169,0000000.169*28
$GNVTG,127.61,T,,M,0.00,N,0.00,K,A*20
$ECEFPOSVEL,122113.000,2552485.851,2460443.453,5284377.021,-0000000.289,0000000.013,0000000.158*09
$GNRMC,122113.000,A,5619.2163,N,04356.8866,E,0.00,127.61,220626,,,A*7A
$ECEFPOSVEL,122114.000,2552485.851,2460443.453,5284377.021,-0000000.252,0000000.228,0000000.055*0E
$GNVTG,127.61,T,,M,0.00,N,0.00,K,A*20
$ECEFPOSVEL,122115.000,2552485.851,2460443.453,5284377.021,-0000000.266,0000000.204,0000000.082*0C
$GNVTG,127.61,T,,M,0.00,N,0.00,K,A*20
$ECEFPOSVEL,122116.000,2552485.851,2460443.453,5284377.021,-0000000.169,0000000.331,0000000.075*0C
$GNVTG,127.61,T,,M,0.00,N,0.00,K,A*20
$ECEFPOSVEL,122117.000,2552485.851,2460443.453,5284377.021,-0000000.036,0000000.027,0000000.244*02
$GNVTG,127.61,T,,M,0.00,N,0.00,K,A*20
$ECEFPOSVEL,122118.000,2552485.851,2460443.453,5284377.021,-0000000.026,0000000.120,0000000.131*0B
$GNVTG,127.61,T,,M,0.00,N,0.00,K,A*20
$ECEFPOSVEL,122119.000,2552485.851,2460443.453,5284377.021,0000000.125,0000000.223,-0000000.032*0A
$GNVTG,127.61,T,,M,0.00,N,0.00,K,A*20
$ECEFPOSVEL,122120.000,2552485.851,2460443.453,5284377.021,-0000000.080,0000000.047,0000000.093*05
$GNVTG,127.61,T,,M,0.00,N,0.00,K,A*20
$ECEFPOSVEL,122121.000,2552485.851,2460443.453,5284377.021,0000000.369,-0000000.179,-0000000.071*2D
$GNVTG,247.89,T,,M,0.81,N,1.50,K,A*2E
$ECEFPOSVEL,122122.000,2552480.550,2460444.075,5284381.336,0000000.183,-0000000.559,-0000000.308*21
$GNVTG,274.55,T,,M,1.03,N,1.91,K,A*29
$ECEFPOSVEL,122123.000,2552480.268,2460443.626,5284381.094,0000000.200,-0000000.601,-0000000.474*2A
$GNVTG,266.43,T,,M,1.07,N,1.99,K,A*21
$ECEFPOSVEL,122124.000,2552479.451,2460443.629,5284380.761,0000000.064,-0000000.324,-0000000.609*2E
$GNVTG,235.78,T,,M,0.00,N,0.00,K,A*28
$ECEFPOSVEL,122125.000,2552478.514,2460443.736,5284380.465,-0000000.295,-0000000.323,-0000000.438*00
$GNVTG,235.78,T,,M,0.00,N,0.00,K,A*28
$ECEFPOSVEL,122126.000,2552477.329,2460443.934,5284381.091,-0000000.382,-0000000.416,-0000000.106*08
$GNVTG,355.22,T,,M,0.80,N,1.48,K,A*25
$ECEFPOSVEL,122127.000,2552477.329,2460443.934,5284381.091,-0000000.241,-0000000.408,-0000000.172*0B
$GNVTG,355.22,T,,M,0.00,N,0.00,K,A*20
$ECEFPOSVEL,122128.000,2552477.329,2460443.934,5284381.091,-0000000.297,-0000000.263,-0000000.210*03
$GNVTG,355.22,T,,M,0.00,N,0.00,K,A*20
$ECEFPOSVEL,122129.000,2552477.329,2460443.934,5284381.091,-0000000.290,-0000000.024,-0000000.134*01
$GNVTG,355.22,T,,M,0.00,N,0.00,K,A*20
$ECEFPOSVEL,122130.000,2552477.329,2460443.934,5284381.091,-0000000.235,0000000.059,-0000000.095*2B
$GNVTG,355.22,T,,M,0.00,N,0.00,K,A*20
$ECEFPOSVEL,122131.000,2552477.329,2460443.934,5284381.091,-0000000.197,0000000.119,-0000000.088*28
$GNVTG,355.22,T,,M,0.00,N,0.00,K,A*20
$ECEFPOSVEL,122132.000,2552477.329,2460443.934,5284381.091,-0000000.101,-0000000.418,-0000000.144*0C
$GNVTG,355.22,T,,M,0.00,N,0.00,K,A*20
$ECEFPOSVEL,122133.000,2552477.329,2460443.934,5284381.091,-0000000.125,-0000000.592,-0000000.127*0D
$GNVTG,315.54,T,,M,0.94,N,1.75,K,A*2B
$ECEFPOSVEL,122134.000,2552477.329,2460443.934,5284381.091,-0000000.282,-0000000.203,-0000000.043*08
$GNVTG,355.22,T,,M,0.00,N,0.00,K,A*20
$ECEFPOSVEL,122135.000,2552477.329,2460443.934,5284381.091,-0000000.134,-0000000.075,-0000000.034*04
$GNVTG,355.22,T,,M,0.00,N,0.00,K,A*20
$ECEFPOSVEL,122136.000,2552477.329,2460443.934,5284381.091,-0000000.143,-0000000.041,0000000.039*20
$GNRMC,122136.000,A,5619.2202,N,04356.8927,E,0.00,355.22,220626,,,A*7D
$ECEFPOSVEL,122137.000,2552477.329,2460443.934,5284381.091,-0000000.223,0000000.075,0000000.063*01
$GNRMC,122137.000,A,5619.2202,N,04356.8927,E,0.00,355.22,220626,,,A*7C
$ECEFPOSVEL,122138.000,2552477.329,2460443.934,5284381.091,-0000000.423,0000000.538,0000000.181*09
$GNRMC,122138.000,A,5619.2202,N,04356.8927,E,1.33,86.33,220626,,,A*4F
$ECEFPOSVEL,122139.000,2552473.428,2460443.732,5284382.261,-0000000.389,0000000.672,0000000.081*07
$GNRMC,122139.000,A,5619.2218,N,04356.8952,E,1.48,98.29,220626,,,A*4F
$ECEFPOSVEL,122140.000,2552473.210,2460444.107,5284382.353,-0000000.320,0000000.375,0000000.041*0E
$GNRMC,122140.000,A,5619.2218,N,04356.8956,E,0.96,90.26,220626,,,A*40
$ECEFPOSVEL,122141.000,2552472.939,2460444.410,5284382.376,-0000000.036,0000000.212,-0000000.009*2F
$GNVTG,90.26,T,,M,0.00,N,0.00,K,A*1E
$ECEFPOSVEL,122142.000,2552472.795,2460444.473,5284382.440,-0000000.113,0000000.080,0000000.050*0D
$GNRMC,122142.000,A,5619.2219,N,04356.8961,E,0.00,90.26,220626,,,A*48
$ECEFPOSVEL,122143.000,2552472.651,2460444.573,5284382.457,-0000000.136,0000000.100,0000000.041*0C
$GNRMC,122143.000,A,5619.2219,N,04356.8963,E,0.00,90.26,220626,,,A*4B
$ECEFPOSVEL,122144.000,2552472.651,2460444.573,5284382.457,-0000000.113,0000000.143,0000000.003*0D
$GNRMC,122144.000,A,5619.2219,N,04356.8963,E,0.00,90.26,220626,,,A*4C
$ECEFPOSVEL,122145.000,2552472.651,2460444.573,5284382.457,-0000000.148,0000000.340,0000000.019*08
$GNRMC,122145.000,A,5619.2219,N,04356.8963,E,0.00,90.26,220626,,,A*4D
$ECEFPOSVEL,122146.000,2552472.651,2460444.573,5284382.457,-0000000.106,0000000.207,0000000.102*08
$GNRMC,122146.000,A,5619.2219,N,04356.8963,E,0.00,90.26,220626,,,A*4E
$ECEFPOSVEL,122147.000,2552472.651,2460444.573,5284382.457,-0000000.125,0000000.174,0000000.070*0B
$GNRMC,122147.000,A,5619.2219,N,04356.8963,E,0.00,90.26,220626,,,A*4F
$ECEFPOSVEL,122148.000,2552472.651,2460444.573,5284382.457,-0000000.192,0000000.129,0000000.090*0E
$GNRMC,122148.000,A,5619.2219,N,04356.8963,E,0.00,90.26,220626,,,A*40
$ECEFPOSVEL,122149.000,2552472.651,2460444.573,5284382.457,-0000000.328,0000000.469,0000000.085*09
$GNRMC,122149.000,A,5619.2219,N,04356.8963,E,1.10,92.72,220626,,,A*42
interrupted
