2025-11-20 00:34:04 [INFO] Cached datetime=2025-11-19T21:34:04+00:00 valid=A lat=60.014868N lon=30.283892E speed=1.49 dir=137.94 sat=7
2025-11-20 00:34:05 [INFO] Cached datetime=2025-11-19T21:34:05+00:00 valid=A lat=60.014868N lon=30.283891E speed=0.0 dir=137.94 sat=7
2025-11-20 00:34:06 [INFO] Cached datetime=2025-11-19T21:34:06+00:00 valid=A lat=60.014868N lon=30.283891E speed=0.0 dir=137.94 sat=7
2025-11-20 00:34:07 [INFO] Cached datetime=2025-11-19T21:34:07+00:00 valid=A lat=60.014868N lon=30.283891E speed=0.0 dir=137.94 sat=7
2025-11-20 00:34:08 [INFO] Cached datetime=2025-11-19T21:34:08+00:00 valid=A lat=60.014863N lon=30.283897E speed=1.24 dir=137.94 sat=8
2025-11-20 00:34:09 [INFO] Cached datetime=2025-11-19T21:34:09+00:00 valid=A lat=60.014858N lon=30.283898E speed=0.83 dir=137.94 sat=8
2025-11-20 00:34:10 [INFO] Cached datetime=2025-11-19T21:34:10+00:00 valid=A lat=60.014857N lon=30.283898E speed=0.0 dir=137.94 sat=8
2025-11-20 00:34:11 [INFO] Cached datetime=2025-11-19T21:34:11+00:00 valid=A lat=60.014857N lon=30.283898E speed=0.0 dir=137.94 sat=8
2025-11-20 00:34:12 [INFO] Cached datetime=2025-11-19T21:34:12+00:00 valid=A lat=60.014856N lon=30.283897E speed=0.0 dir=137.94 sat=8
2025-11-20 00:34:13 [INFO] Cached datetime=2025-11-19T21:34:13+00:00 valid=A lat=60.014856N lon=30.283895E speed=0.32 dir=137.94 sat=8
2025-11-20 00:34:14 [INFO] Cached datetime=2025-11-19T21:34:14+00:00 valid=A lat=60.014857N lon=30.283890E speed=1.34 dir=137.94 sat=8
2025-11-20 00:34:15 [INFO] Cached datetime=2025-11-19T21:34:15+00:00 valid=A lat=60.014856N lon=30.283890E speed=0.0 dir=137.94 sat=8
2025-11-20 00:34:16 [INFO] Cached datetime=2025-11-19T21:34:16+00:00 valid=A lat=60.014855N lon=30.283891E speed=0.0 dir=137.94 sat=8
2025-11-20 00:34:17 [INFO] Cached datetime=2025-11-19T21:34:17+00:00 valid=A lat=60.014854N lon=30.283891E speed=0.0 dir=137.94 sat=8
2025-11-20 00:34:18 [INFO] Cached datetime=2025-11-19T21:34:18+00:00 valid=A lat=60.014854N lon=30.283901E speed=1.29 dir=137.94 sat=8
2025-11-20 00:34:19 [INFO] Cached datetime=2025-11-19T21:34:19+00:00 valid=A lat=60.014854N lon=30.283905E speed=0.06 dir=137.94 sat=8
2025-11-20 00:34:20 [INFO] Cached datetime=2025-11-19T21:34:20+00:00 valid=A lat=60.014853N lon=30.283904E speed=0.08 dir=137.94 sat=8
2025-11-20 00:34:21 [INFO] Cached datetime=2025-11-19T21:34:21+00:00 valid=A lat=60.014851N lon=30.283904E speed=0.89 dir=137.94 sat=8
2025-11-20 00:34:22 [INFO] Cached datetime=2025-11-19T21:34:22+00:00 valid=A lat=60.014849N lon=30.283901E speed=0.37 dir=137.94 sat=8
2025-11-20 00:34:23 [INFO] Cached datetime=2025-11-19T21:34:23+00:00 valid=A lat=60.014850N lon=30.283890E speed=1.08 dir=137.94 sat=8
2025-11-20 00:34:24 [INFO] Cached datetime=2025-11-19T21:34:24+00:00 valid=A lat=60.014853N lon=30.283887E speed=0.78 dir=137.94 sat=8
2025-11-20 00:34:25 [INFO] Cached datetime=2025-11-19T21:34:25+00:00 valid=A lat=60.014858N lon=30.283885E speed=0.54 dir=137.94 sat=8
2025-11-20 00:34:26 [INFO] Cached datetime=2025-11-19T21:34:26+00:00 valid=A lat=60.014862N lon=30.283882E speed=1.05 dir=137.94 sat=8
2025-11-20 00:34:27 [INFO] Cached datetime=2025-11-19T21:34:27+00:00 valid=A lat=60.014866N lon=30.283876E speed=1.01 dir=137.94 sat=8
2025-11-20 00:34:28 [INFO] Cached datetime=2025-11-19T21:34:28+00:00 valid=A lat=60.014869N lon=30.283867E speed=1.06 dir=137.94 sat=8
2025-11-20 00:34:29 [INFO] Cached datetime=2025-11-19T21:34:29+00:00 valid=A lat=60.014871N lon=30.283859E speed=1.11 dir=137.94 sat=8
2025-11-20 00:34:30 [INFO] Cached datetime=2025-11-19T21:34:30+00:00 valid=A lat=60.014870N lon=30.283854E speed=0.79 dir=137.94 sat=8
2025-11-20 00:34:31 [INFO] Cached datetime=2025-11-19T21:34:31+00:00 valid=A lat=60.014869N lon=30.283855E speed=0.0 dir=137.94 sat=8
2025-11-20 00:34:32 [INFO] Cached datetime=2025-11-19T21:34:32+00:00 valid=A lat=60.014868N lon=30.283855E speed=0.0 dir=137.94 sat=8
2025-11-20 00:34:33 [INFO] Cached datetime=2025-11-19T21:34:33+00:00 valid=A lat=60.014867N lon=30.283856E speed=0.0 dir=137.94 sat=8
2025-11-20 00:34:34 [INFO] Cached datetime=2025-11-19T21:34:34+00:00 valid=A lat=60.014867N lon=30.283856E speed=0.0 dir=137.94 sat=8
2025-11-20 00:34:35 [INFO] Cached datetime=2025-11-19T21:34:35+00:00 valid=A lat=60.014866N lon=30.283857E speed=0.0 dir=137.94 sat=8
2025-11-20 00:34:36 [INFO] Cached datetime=2025-11-19T21:34:36+00:00 valid=A lat=60.014866N lon=30.283858E speed=0.0 dir=137.94 sat=8
2025-11-20 00:34:37 [INFO] Cached datetime=2025-11-19T21:34:37+00:00 valid=A lat=60.014866N lon=30.283859E speed=0.0 dir=137.94 sat=8
2025-11-20 00:34:38 [INFO] Cached datetime=2025-11-19T21:34:38+00:00 valid=A lat=60.014865N lon=30.283863E speed=0.58 dir=137.94 sat=8
2025-11-20 00:34:39 [INFO] Cached datetime=2025-11-19T21:34:39+00:00 valid=A lat=60.014865N lon=30.283863E speed=0.0 dir=137.94 sat=8
2025-11-20 00:34:40 [INFO] Cached datetime=2025-11-19T21:34:40+00:00 valid=A lat=60.014865N lon=30.283863E speed=0.0 dir=137.94 sat=8
2025-11-20 00:34:41 [INFO] Cached datetime=2025-11-19T21:34:41+00:00 valid=A lat=60.014865N lon=30.283863E speed=0.0 dir=137.94 sat=8
2025-11-20 00:34:42 [INFO] Cached datetime=2025-11-19T21:34:42+00:00 valid=A lat=60.014866N lon=30.283857E speed=0.61 dir=137.94 sat=8
2025-11-20 00:34:43 [INFO] Cached datetime=2025-11-19T21:34:43+00:00 valid=A lat=60.014865N lon=30.283853E speed=0.56 dir=137.94 sat=8
2025-11-20 00:34:44 [INFO] Cached datetime=2025-11-19T21:34:44+00:00 valid=A lat=60.014865N lon=30.283852E speed=0.0 dir=137.94 sat=8
2025-11-20 00:34:45 [INFO] Cached datetime=2025-11-19T21:34:45+00:00 valid=A lat=60.014866N lon=30.283851E speed=0.0 dir=137.94 sat=8
2025-11-20 00:34:46 [INFO] Cached datetime=2025-11-19T21:34:46+00:00 valid=A lat=60.014866N lon=30.283849E speed=0.0 dir=137.94 sat=8
2025-11-20 00:34:47 [INFO] Cached datetime=2025-11-19T21:34:47+00:00 valid=A lat=60.014866N lon=30.283848E speed=0.0 dir=137.94 sat=8
2025-11-20 00:34:48 [INFO] Cached datetime=2025-11-19T21:34:48+00:00 valid=A lat=60.014867N lon=30.283846E speed=0.0 dir=137.94 sat=8
2025-11-20 00:34:49 [INFO] Cached datetime=2025-11-19T21:34:49+00:00 valid=A lat=60.014867N lon=30.283845E speed=0.0 dir=137.94 sat=8
2025-11-20 00:34:50 [INFO] Cached datetime=2025-11-19T21:34:50+00:00 valid=A lat=60.014868N lon=30.283843E speed=0.0 dir=137.94 sat=8
2025-11-20 00:34:51 [INFO] Cached datetime=2025-11-19T21:34:51+00:00 valid=A lat=60.014868N lon=30.283842E speed=0.0 dir=137.94 sat=8
2025-11-20 00:34:52 [INFO] Cached datetime=2025-11-19T21:34:52+00:00 valid=A lat=60.014869N lon=30.283840E speed=0.0 dir=137.94 sat=8
2025-11-20 00:34:53 [INFO] Cached datetime=2025-11-19T21:34:53+00:00 valid=A lat=60.014869N lon=30.283838E speed=0.0 dir=137.94 sat=8
2025-11-20 00:34:54 [INFO] Cached datetime=2025-11-19T21:34:54+00:00 valid=A lat=60.014869N lon=30.283837E speed=0.0 dir=137.94 sat=8
2025-11-20 00:34:55 [INFO] Cached datetime=2025-11-19T21:34:55+00:00 valid=A lat=60.014869N lon=30.283835E speed=0.0 dir=137.94 sat=8
2025-11-20 00:34:56 [INFO] Cached datetime=2025-11-19T21:34:56+00:00 valid=A lat=60.014870N lon=30.283834E speed=0.0 dir=137.94 sat=8
2025-11-20 00:34:57 [INFO] Cached datetime=2025-11-19T21:34:57+00:00 valid=A lat=60.014870N lon=30.283833E speed=0.0 dir=137.94 sat=8
2025-11-20 00:34:58 [INFO] Cached datetime=2025-11-19T21:34:58+00:00 valid=A lat=60.014870N lon=30.283832E speed=0.0 dir=137.94 sat=8
2025-11-20 00:34:59 [INFO] Cached datetime=2025-11-19T21:34:59+00:00 valid=A lat=60.014870N lon=30.283831E speed=0.0 dir=137.94 sat=8
2025-11-20 00:35:00 [INFO] Cached datetime=2025-11-19T21:35:00+00:00 valid=A lat=60.014870N lon=30.283829E speed=0.0 dir=137.94 sat=8
2025-11-20 00:35:01 [INFO] Cached datetime=2025-11-19T21:35:01+00:00 valid=A lat=60.014870N lon=30.283828E speed=0.0 dir=137.94 sat=8
2025-11-20 00:35:02 [INFO] Cached datetime=2025-11-19T21:35:02+00:00 valid=A lat=60.014870N lon=30.283828E speed=0.0 dir=137.94 sat=8
2025-11-20 00:35:03 [INFO] Cached datetime=2025-11-19T21:35:03+00:00 valid=A lat=60.014870N lon=30.283826E speed=0.0 dir=137.94 sat=8
2025-11-20 00:35:04 [INFO] Cached datetime=2025-11-19T21:35:04+00:00 valid=A lat=60.014871N lon=30.283826E speed=0.0 dir=137.94 sat=8
2025-11-20 00:35:05 [INFO] Cached datetime=2025-11-19T21:35:05+00:00 valid=A lat=60.014871N lon=30.283825E speed=0.0 dir=137.94 sat=8
2025-11-20 00:35:06 [INFO] Cached datetime=2025-11-19T21:35:06+00:00 valid=A lat=60.014875N lon=30.283826E speed=0.62 dir=137.94 sat=8
2025-11-20 00:35:07 [INFO] Cached datetime=2025-11-19T21:35:07+00:00 valid=A lat=60.014877N lon=30.283827E speed=0.32 dir=137.94 sat=8
2025-11-20 00:35:08 [INFO] Cached datetime=2025-11-19T21:35:08+00:00 valid=A lat=60.014878N lon=30.283827E speed=0.0 dir=137.94 sat=8
2025-11-20 00:35:09 [INFO] Cached datetime=2025-11-19T21:35:09+00:00 valid=A lat=60.014879N lon=30.283827E speed=0.0 dir=137.94 sat=8
2025-11-20 00:35:10 [INFO] Cached datetime=2025-11-19T21:35:10+00:00 valid=A lat=60.014880N lon=30.283826E speed=0.0 dir=137.94 sat=8
2025-11-20 00:35:11 [INFO] Cached datetime=2025-11-19T21:35:11+00:00 valid=A lat=60.014880N lon=30.283826E speed=0.0 dir=137.94 sat=8
2025-11-20 00:35:12 [INFO] Cached datetime=2025-11-19T21:35:12+00:00 valid=A lat=60.014881N lon=30.283825E speed=0.0 dir=137.94 sat=8
2025-11-20 00:35:13 [INFO] Cache trigger reached: 100 >= 100
2025-11-20 00:35:13 [INFO] Cached datetime=2025-11-19T21:35:13+00:00 valid=A lat=60.014882N lon=30.283824E speed=0.0 dir=137.94 sat=8
2025-11-20 00:35:13 [INFO] Flushing 100 cached records (counter was 100)
2025-11-20 00:35:13 [INFO] Inserted 100 records into DB
2025-11-20 00:35:13 [WARNING] Retention: total=150100 > max_rows=150000, pruning...
2025-11-20 00:35:14 [INFO] Retention completed: kept latest 150000 rows
2025-11-20 00:35:14 [INFO] Cached datetime=2025-11-19T21:35:14+00:00 valid=A lat=60.014882N lon=30.283824E speed=0.0 dir=137.94 sat=8
2025-11-20 00:35:15 [INFO] Cached datetime=2025-11-19T21:35:15+00:00 valid=A lat=60.014883N lon=30.283824E speed=0.0 dir=137.94 sat=8
2025-11-20 00:35:16 [INFO] Cached datetime=2025-11-19T21:35:16+00:00 valid=A lat=60.014885N lon=30.283823E speed=0.0 dir=137.94 sat=8
2025-11-20 00:35:17 [INFO] Cached datetime=2025-11-19T21:35:17+00:00 valid=A lat=60.014885N lon=30.283823E speed=0.0 dir=137.94 sat=8
2025-11-20 00:35:18 [INFO] Cached datetime=2025-11-19T21:35:18+00:00 valid=A lat=60.014885N lon=30.283811E speed=1.37 dir=137.94 sat=8
2025-11-20 00:35:19 [INFO] Cached datetime=2025-11-19T21:35:19+00:00 valid=A lat=60.014887N lon=30.283810E speed=0.0 dir=137.94 sat=8
2025-11-20 00:35:20 [INFO] Cached datetime=2025-11-19T21:35:20+00:00 valid=A lat=60.014888N lon=30.283810E speed=0.0 dir=137.94 sat=8
2025-11-20 00:35:21 [INFO] Cached datetime=2025-11-19T21:35:21+00:00 valid=A lat=60.014888N lon=30.283809E speed=0.0 dir=137.94 sat=8
2025-11-20 00:35:22 [INFO] Cached datetime=2025-11-19T21:35:22+00:00 valid=A lat=60.014888N lon=30.283808E speed=0.0 dir=137.94 sat=8
2025-11-20 00:35:23 [INFO] Cached datetime=2025-11-19T21:35:23+00:00 valid=A lat=60.014889N lon=30.283808E speed=0.0 dir=137.94 sat=8
2025-11-20 00:35:24 [INFO] Cached datetime=2025-11-19T21:35:24+00:00 valid=A lat=60.014890N lon=30.283807E speed=0.0 dir=137.94 sat=8
2025-11-20 00:35:25 [INFO] Cached datetime=2025-11-19T21:35:25+00:00 valid=A lat=60.014890N lon=30.283807E speed=0.0 dir=137.94 sat=8
2025-11-20 00:35:26 [INFO] Cached datetime=2025-11-19T21:35:26+00:00 valid=A lat=60.014891N lon=30.283807E speed=0.0 dir=137.94 sat=8
2025-11-20 00:35:27 [INFO] Cached datetime=2025-11-19T21:35:27+00:00 valid=A lat=60.014891N lon=30.283806E speed=0.0 dir=137.94 sat=8
2025-11-20 00:35:28 [INFO] Cached datetime=2025-11-19T21:35:28+00:00 valid=A lat=60.014892N lon=30.283805E speed=0.0 dir=137.94 sat=8
2025-11-20 00:35:29 [INFO] Cached datetime=2025-11-19T21:35:29+00:00 valid=A lat=60.014892N lon=30.283805E speed=0.0 dir=137.94 sat=8
2025-11-20 00:35:30 [INFO] Cached datetime=2025-11-19T21:35:30+00:00 valid=A lat=60.014892N lon=30.283803E speed=0.0 dir=137.94 sat=8
2025-11-20 00:35:31 [INFO] Cached datetime=2025-11-19T21:35:31+00:00 valid=A lat=60.014892N lon=30.283802E speed=0.0 dir=137.94 sat=8
2025-11-20 00:35:32 [INFO] Cached datetime=2025-11-19T21:35:32+00:00 valid=A lat=60.014893N lon=30.283801E speed=0.0 dir=137.94 sat=8
2025-11-20 00:35:33 [INFO] Cached datetime=2025-11-19T21:35:33+00:00 valid=A lat=60.014893N lon=30.283801E speed=0.0 dir=137.94 sat=8
2025-11-20 00:35:34 [INFO] Cached datetime=2025-11-19T21:35:34+00:00 valid=A lat=60.014894N lon=30.283800E speed=0.0 dir=137.94 sat=8
2025-11-20 00:35:35 [INFO] Cached datetime=2025-11-19T21:35:35+00:00 valid=A lat=60.014896N lon=30.283792E speed=0.9 dir=137.94 sat=8
2025-11-20 00:35:36 [INFO] Cached datetime=2025-11-19T21:35:36+00:00 valid=A lat=60.014900N lon=30.283786E speed=1.26 dir=137.94 sat=8
2025-11-20 00:35:37 [INFO] Cached datetime=2025-11-19T21:35:37+00:00 valid=A lat=60.014905N lon=30.283787E speed=0.76 dir=137.94 sat=8
2025-11-20 00:35:38 [INFO] Cached datetime=2025-11-19T21:35:38+00:00 valid=A lat=60.014905N lon=30.283786E speed=0.0 dir=137.94 sat=8
2025-11-20 00:35:39 [INFO] Cached datetime=2025-11-19T21:35:39+00:00 valid=A lat=60.014904N lon=30.283785E speed=0.0 dir=137.94 sat=8
2025-11-20 00:35:40 [INFO] Cached datetime=2025-11-19T21:35:40+00:00 valid=A lat=60.014905N lon=30.283784E speed=0.0 dir=137.94 sat=8
2025-11-20 00:35:41 [INFO] Cached datetime=2025-11-19T21:35:41+00:00 valid=A lat=60.014906N lon=30.283800E speed=1.83 dir=137.94 sat=8
2025-11-20 00:35:42 [INFO] Cached datetime=2025-11-19T21:35:42+00:00 valid=A lat=60.014909N lon=30.283804E speed=1.11 dir=137.94 sat=8
2025-11-20 00:35:43 [INFO] Cached datetime=2025-11-19T21:35:43+00:00 valid=A lat=60.014909N lon=30.283804E speed=0.0 dir=137.94 sat=8
2025-11-20 00:35:44 [INFO] Cached datetime=2025-11-19T21:35:44+00:00 valid=A lat=60.014910N lon=30.283803E speed=0.0 dir=137.94 sat=8
2025-11-20 00:35:45 [INFO] Cached datetime=2025-11-19T21:35:45+00:00 valid=A lat=60.014910N lon=30.283803E speed=0.0 dir=137.94 sat=8
2025-11-20 00:35:46 [INFO] Cached datetime=2025-11-19T21:35:46+00:00 valid=A lat=60.014910N lon=30.283803E speed=0.0 dir=137.94 sat=8
2025-11-20 00:35:47 [INFO] Cached datetime=2025-11-19T21:35:47+00:00 valid=A lat=60.014911N lon=30.283803E speed=0.0 dir=137.94 sat=8
2025-11-20 00:35:48 [INFO] Cached datetime=2025-11-19T21:35:48+00:00 valid=A lat=60.014911N lon=30.283803E speed=0.0 dir=137.94 sat=8
2025-11-20 00:35:49 [INFO] Cached datetime=2025-11-19T21:35:49+00:00 valid=A lat=60.014912N lon=30.283802E speed=0.0 dir=137.94 sat=8
2025-11-20 00:35:50 [INFO] Cached datetime=2025-11-19T21:35:50+00:00 valid=A lat=60.014913N lon=30.283802E speed=0.0 dir=137.94 sat=8
2025-11-20 00:35:51 [INFO] Cached datetime=2025-11-19T21:35:51+00:00 valid=A lat=60.014913N lon=30.283802E speed=0.0 dir=137.94 sat=8
2025-11-20 00:35:52 [INFO] Cached datetime=2025-11-19T21:35:52+00:00 valid=A lat=60.014914N lon=30.283802E speed=0.0 dir=137.94 sat=8
2025-11-20 00:35:53 [INFO] Cached datetime=2025-11-19T21:35:53+00:00 valid=A lat=60.014914N lon=30.283803E speed=0.0 dir=137.94 sat=8
2025-11-20 00:35:54 [INFO] Cached datetime=2025-11-19T21:35:54+00:00 valid=A lat=60.014915N lon=30.283802E speed=0.0 dir=137.94 sat=8
2025-11-20 00:35:55 [INFO] Cached datetime=2025-11-19T21:35:55+00:00 valid=A lat=60.014915N lon=30.283802E speed=0.0 dir=137.94 sat=8
2025-11-20 00:35:56 [INFO] Cached datetime=2025-11-19T21:35:56+00:00 valid=A lat=60.014915N lon=30.283802E speed=0.0 dir=137.94 sat=7
2025-11-20 00:35:57 [INFO] Cached datetime=2025-11-19T21:35:57+00:00 valid=A lat=60.014916N lon=30.283802E speed=0.0 dir=137.94 sat=7
2025-11-20 00:35:58 [INFO] Cached datetime=2025-11-19T21:35:58+00:00 valid=A lat=60.014916N lon=30.283802E speed=0.0 dir=137.94 sat=7
2025-11-20 00:35:59 [INFO] Cached datetime=2025-11-19T21:35:59+00:00 valid=A lat=60.014916N lon=30.283801E speed=0.0 dir=137.94 sat=7
2025-11-20 00:36:00 [INFO] Cached datetime=2025-11-19T21:36:00+00:00 valid=A lat=60.014916N lon=30.283801E speed=0.0 dir=137.94 sat=7
2025-11-20 00:36:01 [INFO] Cached datetime=2025-11-19T21:36:01+00:00 valid=A lat=60.014917N lon=30.283801E speed=0.0 dir=137.94 sat=7
2025-11-20 00:36:02 [INFO] Cached datetime=2025-11-19T21:36:02+00:00 valid=A lat=60.014918N lon=30.283818E speed=1.89 dir=137.94 sat=7
2025-11-20 00:36:03 [INFO] Cached datetime=2025-11-19T21:36:03+00:00 valid=A lat=60.014918N lon=30.283818E speed=0.0 dir=137.94 sat=7
2025-11-20 00:36:04 [INFO] Cached datetime=2025-11-19T21:36:04+00:00 valid=A lat=60.014919N lon=30.283818E speed=0.0 dir=137.94 sat=7
2025-11-20 00:36:05 [INFO] Cached datetime=2025-11-19T21:36:05+00:00 valid=A lat=60.014919N lon=30.283818E speed=0.0 dir=137.94 sat=7
2025-11-20 00:36:06 [INFO] Cached datetime=2025-11-19T21:36:06+00:00 valid=A lat=60.014920N lon=30.283818E speed=0.0 dir=137.94 sat=7
2025-11-20 00:36:07 [INFO] Cached datetime=2025-11-19T21:36:07+00:00 valid=A lat=60.014921N lon=30.283818E speed=0.0 dir=137.94 sat=8
2025-11-20 00:36:08 [INFO] Cached datetime=2025-11-19T21:36:08+00:00 valid=A lat=60.014921N lon=30.283818E speed=0.0 dir=137.94 sat=8
2025-11-20 00:36:09 [INFO] Cached datetime=2025-11-19T21:36:09+00:00 valid=A lat=60.014922N lon=30.283818E speed=0.0 dir=137.94 sat=8
2025-11-20 00:36:10 [INFO] Cached datetime=2025-11-19T21:36:10+00:00 valid=A lat=60.014919N lon=30.283820E speed=0.82 dir=137.94 sat=8
2025-11-20 00:36:11 [INFO] Cached datetime=2025-11-19T21:36:11+00:00 valid=A lat=60.014919N lon=30.283820E speed=0.0 dir=137.94 sat=8
2025-11-20 00:36:12 [INFO] Cached datetime=2025-11-19T21:36:12+00:00 valid=A lat=60.014920N lon=30.283820E speed=0.0 dir=137.94 sat=8
2025-11-20 00:36:13 [INFO] Cached datetime=2025-11-19T21:36:13+00:00 valid=A lat=60.014920N lon=30.283821E speed=0.0 dir=137.94 sat=8
2025-11-20 00:36:14 [INFO] Cached datetime=2025-11-19T21:36:14+00:00 valid=A lat=60.014920N lon=30.283809E speed=1.35 dir=137.94 sat=8
2025-11-20 00:36:15 [INFO] Cached datetime=2025-11-19T21:36:15+00:00 valid=A lat=60.014918N lon=30.283801E speed=0.86 dir=137.94 sat=8
2025-11-20 00:36:16 [INFO] Cached datetime=2025-11-19T21:36:16+00:00 valid=A lat=60.014916N lon=30.283792E speed=1.2 dir=137.94 sat=8
2025-11-20 00:36:17 [INFO] Cached datetime=2025-11-19T21:36:17+00:00 valid=A lat=60.014916N lon=30.283793E speed=0.0 dir=137.94 sat=8
2025-11-20 00:36:18 [INFO] Cached datetime=2025-11-19T21:36:18+00:00 valid=A lat=60.014917N lon=30.283793E speed=0.0 dir=137.94 sat=8
2025-11-20 00:36:19 [INFO] Cached datetime=2025-11-19T21:36:19+00:00 valid=A lat=60.014918N lon=30.283793E speed=0.0 dir=137.94 sat=8
2025-11-20 00:36:20 [INFO] Cached datetime=2025-11-19T21:36:20+00:00 valid=A lat=60.014918N lon=30.283793E speed=0.0 dir=137.94 sat=8
2025-11-20 00:36:21 [INFO] Cached datetime=2025-11-19T21:36:21+00:00 valid=A lat=60.014916N lon=30.283797E speed=0.78 dir=137.94 sat=7
2025-11-20 00:36:22 [INFO] Cached datetime=2025-11-19T21:36:22+00:00 valid=A lat=60.014914N lon=30.283799E speed=0.52 dir=137.94 sat=7
2025-11-20 00:36:23 [INFO] Cached datetime=2025-11-19T21:36:23+00:00 valid=A lat=60.014913N lon=30.283801E speed=0.2 dir=137.94 sat=7
2025-11-20 00:36:24 [INFO] Cached datetime=2025-11-19T21:36:24+00:00 valid=A lat=60.014913N lon=30.283801E speed=0.0 dir=137.94 sat=7
2025-11-20 00:36:25 [INFO] Cached datetime=2025-11-19T21:36:25+00:00 valid=A lat=60.014914N lon=30.283800E speed=0.0 dir=137.94 sat=7
2025-11-20 00:36:26 [INFO] Cached datetime=2025-11-19T21:36:26+00:00 valid=A lat=60.014914N lon=30.283800E speed=0.0 dir=137.94 sat=7
2025-11-20 00:36:27 [INFO] Cached datetime=2025-11-19T21:36:27+00:00 valid=A lat=60.014914N lon=30.283799E speed=0.0 dir=137.94 sat=7
2025-11-20 00:36:28 [INFO] Cached datetime=2025-11-19T21:36:28+00:00 valid=A lat=60.014915N lon=30.283799E speed=0.0 dir=137.94 sat=7
2025-11-20 00:36:29 [INFO] Cached datetime=2025-11-19T21:36:29+00:00 valid=A lat=60.014915N lon=30.283794E speed=0.53 dir=137.94 sat=7
2025-11-20 00:36:30 [INFO] Cached datetime=2025-11-19T21:36:30+00:00 valid=A lat=60.014915N lon=30.283786E speed=0.76 dir=137.94 sat=7
2025-11-20 00:36:31 [INFO] Cached datetime=2025-11-19T21:36:31+00:00 valid=A lat=60.014915N lon=30.283781E speed=0.56 dir=137.94 sat=7
2025-11-20 00:36:32 [INFO] Cached datetime=2025-11-19T21:36:32+00:00 valid=A lat=60.014914N lon=30.283774E speed=0.65 dir=137.94 sat=7
2025-11-20 00:36:33 [INFO] Cached datetime=2025-11-19T21:36:33+00:00 valid=A lat=60.014912N lon=30.283766E speed=0.85 dir=137.94 sat=7
2025-11-20 00:36:34 [INFO] Cached datetime=2025-11-19T21:36:34+00:00 valid=A lat=60.014910N lon=30.283760E speed=0.7 dir=137.94 sat=7
2025-11-20 00:36:35 [INFO] Cached datetime=2025-11-19T21:36:35+00:00 valid=A lat=60.014910N lon=30.283757E speed=0.27 dir=137.94 sat=6
2025-11-20 00:36:36 [INFO] Cached datetime=2025-11-19T21:36:36+00:00 valid=A lat=60.014911N lon=30.283753E speed=0.39 dir=137.94 sat=6
2025-11-20 00:36:37 [INFO] Cached datetime=2025-11-19T21:36:37+00:00 valid=A lat=60.014911N lon=30.283753E speed=0.0 dir=137.94 sat=6
2025-11-20 00:36:38 [INFO] Cached datetime=2025-11-19T21:36:38+00:00 valid=A lat=60.014914N lon=30.283754E speed=0.0 dir=137.94 sat=6
2025-11-20 00:36:39 [INFO] Cached datetime=2025-11-19T21:36:39+00:00 valid=A lat=60.014915N lon=30.283755E speed=0.0 dir=137.94 sat=6
2025-11-20 00:36:40 [INFO] Cached datetime=2025-11-19T21:36:40+00:00 valid=A lat=60.014916N lon=30.283753E speed=0.0 dir=137.94 sat=6
2025-11-20 00:36:41 [INFO] Cached datetime=2025-11-19T21:36:41+00:00 valid=A lat=60.014917N lon=30.283753E speed=0.0 dir=137.94 sat=6
2025-11-20 00:36:42 [INFO] Cached datetime=2025-11-19T21:36:42+00:00 valid=A lat=60.014917N lon=30.283751E speed=0.0 dir=137.94 sat=6
2025-11-20 00:36:43 [INFO] Cached datetime=2025-11-19T21:36:43+00:00 valid=A lat=60.014918N lon=30.283750E speed=0.0 dir=137.94 sat=6
2025-11-20 00:36:44 [INFO] Cached datetime=2025-11-19T21:36:44+00:00 valid=A lat=60.014919N lon=30.283749E speed=0.0 dir=137.94 sat=6
2025-11-20 00:36:45 [INFO] Cached datetime=2025-11-19T21:36:45+00:00 valid=A lat=60.014921N lon=30.283747E speed=0.55 dir=137.94 sat=6
2025-11-20 00:36:46 [INFO] Cached datetime=2025-11-19T21:36:46+00:00 valid=A lat=60.014927N lon=30.283756E speed=1.12 dir=137.94 sat=6
2025-11-20 00:36:47 [INFO] Cached datetime=2025-11-19T21:36:47+00:00 valid=A lat=60.014931N lon=30.283758E speed=1.04 dir=137.94 sat=6
2025-11-20 00:36:48 [INFO] Cached datetime=2025-11-19T21:36:48+00:00 valid=A lat=60.014935N lon=30.283764E speed=1.24 dir=137.94 sat=6
2025-11-20 00:36:49 [INFO] Cached datetime=2025-11-19T21:36:49+00:00 valid=A lat=60.014936N lon=30.283768E speed=1.29 dir=137.94 sat=6
2025-11-20 00:36:50 [INFO] Cached datetime=2025-11-19T21:36:50+00:00 valid=A lat=60.014938N lon=30.283779E speed=1.28 dir=137.94 sat=6
2025-11-20 00:36:51 [INFO] Cached datetime=2025-11-19T21:36:51+00:00 valid=A lat=60.014938N lon=30.283787E speed=1.08 dir=137.94 sat=6
2025-11-20 00:36:52 [INFO] Cached datetime=2025-11-19T21:36:52+00:00 valid=A lat=60.014938N lon=30.283786E speed=0.0 dir=137.94 sat=6
2025-11-20 00:36:53 [INFO] Cache trigger reached: 100 >= 100
2025-11-20 00:36:53 [INFO] Cached datetime=2025-11-19T21:36:53+00:00 valid=A lat=60.014938N lon=30.283786E speed=0.0 dir=137.94 sat=6
2025-11-20 00:36:53 [INFO] Flushing 100 cached records (counter was 100)
2025-11-20 00:36:53 [INFO] Inserted 100 records into DB
2025-11-20 00:36:53 [WARNING] Retention: total=150100 > max_rows=150000, pruning...
2025-11-20 00:36:54 [INFO] Retention completed: kept latest 150000 rows
2025-11-20 00:36:54 [INFO] Cached datetime=2025-11-19T21:36:54+00:00 valid=A lat=60.014939N lon=30.283787E speed=0.0 dir=137.94 sat=6
2025-11-20 00:36:55 [INFO] Cached datetime=2025-11-19T21:36:55+00:00 valid=A lat=60.014936N lon=30.283784E speed=0.99 dir=137.94 sat=6
2025-11-20 00:36:56 [INFO] Cached datetime=2025-11-19T21:36:56+00:00 valid=A lat=60.014931N lon=30.283779E speed=1.29 dir=137.94 sat=6
2025-11-20 00:36:57 [INFO] Cached datetime=2025-11-19T21:36:57+00:00 valid=A lat=60.014927N lon=30.283773E speed=1.33 dir=137.94 sat=6
2025-11-20 00:36:58 [INFO] Cached datetime=2025-11-19T21:36:58+00:00 valid=A lat=60.014925N lon=30.283777E speed=0.94 dir=137.94 sat=6
2025-11-20 00:36:59 [INFO] Cached datetime=2025-11-19T21:36:59+00:00 valid=A lat=60.014925N lon=30.283792E speed=1.57 dir=137.94 sat=6
2025-11-20 00:37:00 [INFO] Cached datetime=2025-11-19T21:37:00+00:00 valid=A lat=60.014926N lon=30.283794E speed=0.0 dir=137.94 sat=6
2025-11-20 00:37:01 [INFO] Cached datetime=2025-11-19T21:37:01+00:00 valid=A lat=60.014927N lon=30.283794E speed=0.0 dir=137.94 sat=6
2025-11-20 00:37:02 [INFO] Cached datetime=2025-11-19T21:37:02+00:00 valid=A lat=60.014927N lon=30.283796E speed=0.0 dir=137.94 sat=6
2025-11-20 00:37:03 [INFO] Cached datetime=2025-11-19T21:37:03+00:00 valid=A lat=60.014930N lon=30.283805E speed=1.07 dir=137.94 sat=6
2025-11-20 00:37:04 [INFO] Cached datetime=2025-11-19T21:37:04+00:00 valid=A lat=60.014930N lon=30.283806E speed=0.0 dir=137.94 sat=6
2025-11-20 00:37:05 [INFO] Cached datetime=2025-11-19T21:37:05+00:00 valid=A lat=60.014931N lon=30.283808E speed=0.0 dir=137.94 sat=6
2025-11-20 00:37:06 [INFO] Cached datetime=2025-11-19T21:37:06+00:00 valid=A lat=60.014932N lon=30.283809E speed=0.0 dir=137.94 sat=6
2025-11-20 00:37:07 [INFO] Cached datetime=2025-11-19T21:37:07+00:00 valid=A lat=60.014933N lon=30.283811E speed=0.0 dir=137.94 sat=6
2025-11-20 00:37:08 [INFO] Cached datetime=2025-11-19T21:37:08+00:00 valid=A lat=60.014930N lon=30.283793E speed=2.4 dir=240.94 sat=6
2025-11-20 00:37:09 [INFO] Cached datetime=2025-11-19T21:37:09+00:00 valid=A lat=60.014924N lon=30.283775E speed=2.56 dir=235.24 sat=6
2025-11-20 00:37:10 [INFO] Cached datetime=2025-11-19T21:37:10+00:00 valid=A lat=60.014919N lon=30.283759E speed=2.38 dir=233.03 sat=6
2025-11-20 00:37:11 [INFO] Cached datetime=2025-11-19T21:37:11+00:00 valid=A lat=60.014914N lon=30.283745E speed=2.26 dir=232.55 sat=6
2025-11-20 00:37:12 [INFO] Cached datetime=2025-11-19T21:37:12+00:00 valid=A lat=60.014916N lon=30.283750E speed=0.0 dir=232.55 sat=6
2025-11-20 00:37:13 [INFO] Cached datetime=2025-11-19T21:37:13+00:00 valid=A lat=60.014917N lon=30.283753E speed=0.0 dir=232.55 sat=6
2025-11-20 00:37:14 [INFO] Cached datetime=2025-11-19T21:37:14+00:00 valid=A lat=60.014918N lon=30.283756E speed=0.0 dir=232.55 sat=6
2025-11-20 00:37:15 [INFO] Cached datetime=2025-11-19T21:37:15+00:00 valid=A lat=60.014919N lon=30.283758E speed=0.0 dir=232.55 sat=6
2025-11-20 00:37:16 [INFO] Cached datetime=2025-11-19T21:37:16+00:00 valid=A lat=60.014920N lon=30.283760E speed=0.0 dir=232.55 sat=6
2025-11-20 00:37:17 [INFO] Cached datetime=2025-11-19T21:37:17+00:00 valid=A lat=60.014920N lon=30.283762E speed=0.0 dir=232.55 sat=6
2025-11-20 00:37:18 [INFO] Cached datetime=2025-11-19T21:37:18+00:00 valid=A lat=60.014916N lon=30.283767E speed=1.03 dir=232.55 sat=6
2025-11-20 00:37:19 [INFO] Cached datetime=2025-11-19T21:37:19+00:00 valid=A lat=60.014910N lon=30.283764E speed=1.82 dir=232.55 sat=6
2025-11-20 00:37:20 [INFO] Cached datetime=2025-11-19T21:37:20+00:00 valid=A lat=60.014905N lon=30.283761E speed=1.43 dir=232.55 sat=6
2025-11-20 00:37:21 [INFO] Cached datetime=2025-11-19T21:37:21+00:00 valid=A lat=60.014901N lon=30.283756E speed=1.44 dir=232.55 sat=6
2025-11-20 00:37:22 [INFO] Cached datetime=2025-11-19T21:37:22+00:00 valid=A lat=60.014898N lon=30.283746E speed=1.12 dir=232.55 sat=6
2025-11-20 00:37:23 [INFO] Cached datetime=2025-11-19T21:37:23+00:00 valid=A lat=60.014894N lon=30.283737E speed=1.55 dir=232.55 sat=6
2025-11-20 00:37:24 [INFO] Cached datetime=2025-11-19T21:37:24+00:00 valid=A lat=60.014889N lon=30.283726E speed=1.46 dir=232.55 sat=6
2025-11-20 00:37:25 [INFO] Cached datetime=2025-11-19T21:37:25+00:00 valid=A lat=60.014885N lon=30.283718E speed=0.99 dir=232.55 sat=6
2025-11-20 00:37:26 [INFO] Cached datetime=2025-11-19T21:37:26+00:00 valid=A lat=60.014889N lon=30.283724E speed=0.0 dir=232.55 sat=6
2025-11-20 00:37:27 [INFO] Cached datetime=2025-11-19T21:37:27+00:00 valid=A lat=60.014898N lon=30.283731E speed=0.0 dir=232.55 sat=6
2025-11-20 00:37:28 [INFO] Cached datetime=2025-11-19T21:37:28+00:00 valid=A lat=60.014900N lon=30.283734E speed=0.0 dir=232.55 sat=6
2025-11-20 00:37:29 [INFO] Cached datetime=2025-11-19T21:37:29+00:00 valid=A lat=60.014896N lon=30.283726E speed=1.77 dir=232.55 sat=6
2025-11-20 00:37:30 [INFO] Cached datetime=2025-11-19T21:37:30+00:00 valid=A lat=60.014891N lon=30.283719E speed=1.46 dir=232.55 sat=6
2025-11-20 00:37:31 [INFO] Cached datetime=2025-11-19T21:37:31+00:00 valid=A lat=60.014890N lon=30.283728E speed=1.05 dir=232.55 sat=6
2025-11-20 00:37:32 [INFO] Cached datetime=2025-11-19T21:37:32+00:00 valid=A lat=60.014890N lon=30.283733E speed=0.29 dir=232.55 sat=7
2025-11-20 00:37:33 [INFO] Cached datetime=2025-11-19T21:37:33+00:00 valid=A lat=60.014895N lon=30.283746E speed=1.0 dir=232.55 sat=7
2025-11-20 00:37:34 [INFO] Cached datetime=2025-11-19T21:37:34+00:00 valid=A lat=60.014897N lon=30.283760E speed=0.28 dir=232.55 sat=7
2025-11-20 00:37:35 [INFO] Cached datetime=2025-11-19T21:37:35+00:00 valid=A lat=60.014898N lon=30.283761E speed=0.0 dir=232.55 sat=7
2025-11-20 00:37:36 [INFO] Cached datetime=2025-11-19T21:37:36+00:00 valid=A lat=60.014899N lon=30.283762E speed=0.0 dir=232.55 sat=7
2025-11-20 00:37:37 [INFO] Cached datetime=2025-11-19T21:37:37+00:00 valid=A lat=60.014899N lon=30.283762E speed=0.0 dir=232.55 sat=7
2025-11-20 00:37:38 [INFO] Cached datetime=2025-11-19T21:37:38+00:00 valid=A lat=60.014902N lon=30.283760E speed=0.41 dir=232.55 sat=7
2025-11-20 00:37:39 [INFO] Cached datetime=2025-11-19T21:37:39+00:00 valid=A lat=60.014902N lon=30.283761E speed=0.0 dir=232.55 sat=7
2025-11-20 00:37:40 [INFO] Cached datetime=2025-11-19T21:37:40+00:00 valid=A lat=60.014903N lon=30.283757E speed=0.0 dir=232.55 sat=7
2025-11-20 00:37:41 [INFO] Cached datetime=2025-11-19T21:37:41+00:00 valid=A lat=60.014907N lon=30.283755E speed=0.0 dir=232.55 sat=7
2025-11-20 00:37:42 [INFO] Cached datetime=2025-11-19T21:37:42+00:00 valid=A lat=60.014910N lon=30.283749E speed=0.0 dir=232.55 sat=7
2025-11-20 00:37:43 [INFO] Cached datetime=2025-11-19T21:37:43+00:00 valid=A lat=60.014912N lon=30.283744E speed=0.0 dir=232.55 sat=7
2025-11-20 00:37:44 [INFO] Cached datetime=2025-11-19T21:37:44+00:00 valid=A lat=60.014913N lon=30.283743E speed=0.0 dir=232.55 sat=7
2025-11-20 00:37:45 [INFO] Cached datetime=2025-11-19T21:37:45+00:00 valid=A lat=60.014916N lon=30.283742E speed=0.0 dir=232.55 sat=7
2025-11-20 00:37:46 [INFO] Cached datetime=2025-11-19T21:37:46+00:00 valid=A lat=60.014917N lon=30.283741E speed=0.0 dir=232.55 sat=7
2025-11-20 00:37:47 [INFO] Cached datetime=2025-11-19T21:37:47+00:00 valid=A lat=60.014919N lon=30.283739E speed=0.0 dir=232.55 sat=6
2025-11-20 00:37:48 [INFO] Cached datetime=2025-11-19T21:37:48+00:00 valid=A lat=60.014920N lon=30.283738E speed=0.0 dir=232.55 sat=6
2025-11-20 00:37:49 [INFO] Cached datetime=2025-11-19T21:37:49+00:00 valid=A lat=60.014921N lon=30.283736E speed=0.0 dir=232.55 sat=6
2025-11-20 00:37:50 [INFO] Cached datetime=2025-11-19T21:37:50+00:00 valid=A lat=60.014922N lon=30.283734E speed=0.0 dir=232.55 sat=6
2025-11-20 00:37:51 [INFO] Cached datetime=2025-11-19T21:37:51+00:00 valid=A lat=60.014923N lon=30.283732E speed=0.0 dir=232.55 sat=6
2025-11-20 00:37:52 [INFO] Cached datetime=2025-11-19T21:37:52+00:00 valid=A lat=60.014924N lon=30.283731E speed=0.0 dir=232.55 sat=6
2025-11-20 00:37:53 [INFO] Cached datetime=2025-11-19T21:37:53+00:00 valid=A lat=60.014925N lon=30.283728E speed=0.0 dir=232.55 sat=6
2025-11-20 00:37:54 [INFO] Cached datetime=2025-11-19T21:37:54+00:00 valid=A lat=60.014924N lon=30.283727E speed=0.0 dir=232.55 sat=6
2025-11-20 00:37:55 [INFO] Cached datetime=2025-11-19T21:37:55+00:00 valid=A lat=60.014925N lon=30.283725E speed=0.0 dir=232.55 sat=6
2025-11-20 00:37:56 [INFO] Cached datetime=2025-11-19T21:37:56+00:00 valid=A lat=60.014926N lon=30.283721E speed=0.0 dir=232.55 sat=7
2025-11-20 00:37:57 [INFO] Cached datetime=2025-11-19T21:37:57+00:00 valid=A lat=60.014927N lon=30.283718E speed=0.0 dir=232.55 sat=7
2025-11-20 00:37:58 [INFO] Cached datetime=2025-11-19T21:37:58+00:00 valid=A lat=60.014928N lon=30.283715E speed=0.0 dir=232.55 sat=7
2025-11-20 00:37:59 [INFO] Cached datetime=2025-11-19T21:37:59+00:00 valid=A lat=60.014929N lon=30.283713E speed=0.0 dir=232.55 sat=7
2025-11-20 00:38:00 [INFO] Cached datetime=2025-11-19T21:38:00+00:00 valid=A lat=60.014930N lon=30.283712E speed=0.0 dir=232.55 sat=6
2025-11-20 00:38:01 [INFO] Cached datetime=2025-11-19T21:38:01+00:00 valid=A lat=60.014930N lon=30.283711E speed=0.0 dir=232.55 sat=6
2025-11-20 00:38:02 [INFO] Cached datetime=2025-11-19T21:38:02+00:00 valid=A lat=60.014932N lon=30.283710E speed=0.0 dir=232.55 sat=6
2025-11-20 00:38:03 [INFO] Cached datetime=2025-11-19T21:38:03+00:00 valid=A lat=60.014933N lon=30.283708E speed=0.0 dir=232.55 sat=6
2025-11-20 00:38:04 [INFO] Cached datetime=2025-11-19T21:38:04+00:00 valid=A lat=60.014934N lon=30.283707E speed=0.0 dir=232.55 sat=6
2025-11-20 00:38:05 [INFO] Cached datetime=2025-11-19T21:38:05+00:00 valid=A lat=60.014936N lon=30.283707E speed=0.0 dir=232.55 sat=6
2025-11-20 00:38:06 [INFO] Cached datetime=2025-11-19T21:38:06+00:00 valid=A lat=60.014942N lon=30.283713E speed=1.47 dir=232.55 sat=7
2025-11-20 00:38:07 [INFO] Cached datetime=2025-11-19T21:38:07+00:00 valid=A lat=60.014948N lon=30.283723E speed=1.57 dir=232.55 sat=7
2025-11-20 00:38:08 [INFO] Cached datetime=2025-11-19T21:38:08+00:00 valid=A lat=60.014955N lon=30.283732E speed=1.59 dir=232.55 sat=7
2025-11-20 00:38:09 [INFO] Cached datetime=2025-11-19T21:38:09+00:00 valid=A lat=60.014963N lon=30.283735E speed=1.78 dir=232.55 sat=7
2025-11-20 00:38:10 [INFO] Cached datetime=2025-11-19T21:38:10+00:00 valid=A lat=60.014971N lon=30.283735E speed=1.27 dir=232.55 sat=7
2025-11-20 00:38:11 [INFO] Cached datetime=2025-11-19T21:38:11+00:00 valid=A lat=60.014979N lon=30.283740E speed=1.14 dir=232.55 sat=7
2025-11-20 00:38:12 [INFO] Cached datetime=2025-11-19T21:38:12+00:00 valid=A lat=60.014986N lon=30.283744E speed=1.01 dir=232.55 sat=7
2025-11-20 00:38:13 [INFO] Cached datetime=2025-11-19T21:38:13+00:00 valid=A lat=60.014995N lon=30.283746E speed=0.63 dir=232.55 sat=7
2025-11-20 00:38:14 [INFO] Cached datetime=2025-11-19T21:38:14+00:00 valid=A lat=60.015001N lon=30.283741E speed=0.85 dir=232.55 sat=7
2025-11-20 00:38:15 [INFO] Cached datetime=2025-11-19T21:38:15+00:00 valid=A lat=60.015012N lon=30.283736E speed=1.14 dir=232.55 sat=7
2025-11-20 00:38:16 [INFO] Cached datetime=2025-11-19T21:38:16+00:00 valid=A lat=60.015019N lon=30.283738E speed=0.9 dir=232.55 sat=7
2025-11-20 00:38:17 [INFO] Cached datetime=2025-11-19T21:38:17+00:00 valid=A lat=60.015023N lon=30.283749E speed=0.99 dir=232.55 sat=7
2025-11-20 00:38:18 [INFO] Cached datetime=2025-11-19T21:38:18+00:00 valid=A lat=60.015026N lon=30.283760E speed=0.69 dir=232.55 sat=7
2025-11-20 00:38:19 [INFO] Cached datetime=2025-11-19T21:38:19+00:00 valid=A lat=60.015033N lon=30.283767E speed=1.57 dir=232.55 sat=7
2025-11-20 00:38:20 [INFO] Cached datetime=2025-11-19T21:38:20+00:00 valid=A lat=60.015031N lon=30.283767E speed=0.0 dir=232.55 sat=7
2025-11-20 00:38:21 [INFO] Cached datetime=2025-11-19T21:38:21+00:00 valid=A lat=60.015029N lon=30.283765E speed=0.0 dir=232.55 sat=7
2025-11-20 00:38:22 [INFO] Cached datetime=2025-11-19T21:38:22+00:00 valid=A lat=60.015029N lon=30.283765E speed=0.0 dir=232.55 sat=7
2025-11-20 00:38:23 [INFO] Cached datetime=2025-11-19T21:38:23+00:00 valid=A lat=60.015029N lon=30.283766E speed=0.0 dir=232.55 sat=7
2025-11-20 00:38:24 [INFO] Cached datetime=2025-11-19T21:38:24+00:00 valid=A lat=60.015029N lon=30.283769E speed=0.16 dir=232.55 sat=7
2025-11-20 00:38:25 [INFO] Cached datetime=2025-11-19T21:38:25+00:00 valid=A lat=60.015031N lon=30.283775E speed=0.16 dir=232.55 sat=7
2025-11-20 00:38:26 [INFO] Cached datetime=2025-11-19T21:38:26+00:00 valid=A lat=60.015032N lon=30.283776E speed=0.32 dir=232.55 sat=7
2025-11-20 00:38:27 [INFO] Cached datetime=2025-11-19T21:38:27+00:00 valid=A lat=60.015039N lon=30.283789E speed=1.11 dir=232.55 sat=7
2025-11-20 00:38:28 [INFO] Cached datetime=2025-11-19T21:38:28+00:00 valid=A lat=60.015043N lon=30.283793E speed=1.3 dir=232.55 sat=7
2025-11-20 00:38:29 [INFO] Cached datetime=2025-11-19T21:38:29+00:00 valid=A lat=60.015050N lon=30.283804E speed=1.12 dir=232.55 sat=7
2025-11-20 00:38:30 [INFO] Cached datetime=2025-11-19T21:38:30+00:00 valid=A lat=60.015053N lon=30.283808E speed=0.97 dir=232.55 sat=7
2025-11-20 00:38:31 [INFO] Cached datetime=2025-11-19T21:38:31+00:00 valid=A lat=60.015056N lon=30.283811E speed=0.98 dir=232.55 sat=7
2025-11-20 00:38:32 [INFO] Cached datetime=2025-11-19T21:38:32+00:00 valid=A lat=60.015058N lon=30.283815E speed=0.76 dir=232.55 sat=7
2025-11-20 00:38:33 [INFO] Cache trigger reached: 100 >= 100
2025-11-20 00:38:33 [INFO] Cached datetime=2025-11-19T21:38:33+00:00 valid=A lat=60.015061N lon=30.283822E speed=0.84 dir=232.55 sat=7
2025-11-20 00:38:33 [INFO] Flushing 100 cached records (counter was 100)
2025-11-20 00:38:33 [INFO] Inserted 100 records into DB
2025-11-20 00:38:33 [WARNING] Retention: total=150100 > max_rows=150000, pruning...
2025-11-20 00:38:34 [INFO] Retention completed: kept latest 150000 rows
2025-11-20 00:38:34 [INFO] Cached datetime=2025-11-19T21:38:34+00:00 valid=A lat=60.015064N lon=30.283822E speed=0.95 dir=232.55 sat=7
2025-11-20 00:38:35 [INFO] Cached datetime=2025-11-19T21:38:35+00:00 valid=A lat=60.015062N lon=30.283818E speed=0.13 dir=232.55 sat=7
2025-11-20 00:38:36 [INFO] Cached datetime=2025-11-19T21:38:36+00:00 valid=A lat=60.015059N lon=30.283814E speed=0.0 dir=232.55 sat=7
2025-11-20 00:38:37 [INFO] Cached datetime=2025-11-19T21:38:37+00:00 valid=A lat=60.015057N lon=30.283812E speed=0.0 dir=232.55 sat=7
2025-11-20 00:38:38 [INFO] Cached datetime=2025-11-19T21:38:38+00:00 valid=A lat=60.015056N lon=30.283813E speed=0.0 dir=232.55 sat=7
2025-11-20 00:38:39 [INFO] Cached datetime=2025-11-19T21:38:39+00:00 valid=A lat=60.015055N lon=30.283802E speed=1.32 dir=232.55 sat=7
2025-11-20 00:38:40 [INFO] Cached datetime=2025-11-19T21:38:40+00:00 valid=A lat=60.015056N lon=30.283794E speed=1.22 dir=232.55 sat=7
2025-11-20 00:38:41 [INFO] Cached datetime=2025-11-19T21:38:41+00:00 valid=A lat=60.015057N lon=30.283788E speed=0.92 dir=232.55 sat=7
2025-11-20 00:38:42 [INFO] Cached datetime=2025-11-19T21:38:42+00:00 valid=A lat=60.015059N lon=30.283796E speed=0.47 dir=232.55 sat=7
2025-11-20 00:38:43 [INFO] Cached datetime=2025-11-19T21:38:43+00:00 valid=A lat=60.015061N lon=30.283821E speed=0.97 dir=232.55 sat=7
2025-11-20 00:38:44 [INFO] Cached datetime=2025-11-19T21:38:44+00:00 valid=A lat=60.015066N lon=30.283855E speed=1.7 dir=232.55 sat=7
2025-11-20 00:38:45 [INFO] Cached datetime=2025-11-19T21:38:45+00:00 valid=A lat=60.015064N lon=30.283855E speed=0.0 dir=232.55 sat=7
2025-11-20 00:38:46 [INFO] Cached datetime=2025-11-19T21:38:46+00:00 valid=A lat=60.015062N lon=30.283856E speed=0.0 dir=232.55 sat=7
2025-11-20 00:38:47 [INFO] Cached datetime=2025-11-19T21:38:47+00:00 valid=A lat=60.015060N lon=30.283855E speed=0.0 dir=232.55 sat=7
2025-11-20 00:38:48 [INFO] Cached datetime=2025-11-19T21:38:48+00:00 valid=A lat=60.015059N lon=30.283851E speed=0.53 dir=232.55 sat=7
2025-11-20 00:38:49 [INFO] Cached datetime=2025-11-19T21:38:49+00:00 valid=A lat=60.015056N lon=30.283843E speed=0.76 dir=232.55 sat=8
2025-11-20 00:38:50 [INFO] Cached datetime=2025-11-19T21:38:50+00:00 valid=A lat=60.015056N lon=30.283846E speed=0.19 dir=232.55 sat=8
2025-11-20 00:38:51 [INFO] Cached datetime=2025-11-19T21:38:51+00:00 valid=A lat=60.015056N lon=30.283849E speed=0.0 dir=232.55 sat=8
2025-11-20 00:38:52 [INFO] Cached datetime=2025-11-19T21:38:52+00:00 valid=A lat=60.015055N lon=30.283851E speed=0.0 dir=232.55 sat=7
2025-11-20 00:38:53 [INFO] Cached datetime=2025-11-19T21:38:53+00:00 valid=A lat=60.015054N lon=30.283850E speed=0.0 dir=232.55 sat=7
2025-11-20 00:38:54 [INFO] Cached datetime=2025-11-19T21:38:54+00:00 valid=A lat=60.015053N lon=30.283850E speed=0.0 dir=232.55 sat=7
2025-11-20 00:38:55 [INFO] Cached datetime=2025-11-19T21:38:55+00:00 valid=A lat=60.015052N lon=30.283852E speed=0.0 dir=232.55 sat=7
2025-11-20 00:38:56 [INFO] Cached datetime=2025-11-19T21:38:56+00:00 valid=A lat=60.015050N lon=30.283853E speed=0.0 dir=232.55 sat=7
2025-11-20 00:38:57 [INFO] Cached datetime=2025-11-19T21:38:57+00:00 valid=A lat=60.015049N lon=30.283852E speed=0.0 dir=232.55 sat=7
2025-11-20 00:38:58 [INFO] Cached datetime=2025-11-19T21:38:58+00:00 valid=A lat=60.015048N lon=30.283853E speed=0.0 dir=232.55 sat=7
2025-11-20 00:38:59 [INFO] Cached datetime=2025-11-19T21:38:59+00:00 valid=A lat=60.015046N lon=30.283851E speed=0.37 dir=232.55 sat=7
2025-11-20 00:39:00 [INFO] Cached datetime=2025-11-19T21:39:00+00:00 valid=A lat=60.015043N lon=30.283849E speed=0.44 dir=232.55 sat=7
2025-11-20 00:39:01 [INFO] Cached datetime=2025-11-19T21:39:01+00:00 valid=A lat=60.015040N lon=30.283850E speed=0.5 dir=232.55 sat=7
2025-11-20 00:39:02 [INFO] Cached datetime=2025-11-19T21:39:02+00:00 valid=A lat=60.015039N lon=30.283852E speed=0.0 dir=232.55 sat=7
2025-11-20 00:39:03 [INFO] Cached datetime=2025-11-19T21:39:03+00:00 valid=A lat=60.015037N lon=30.283851E speed=0.0 dir=232.55 sat=7
2025-11-20 00:39:04 [INFO] Cached datetime=2025-11-19T21:39:04+00:00 valid=A lat=60.015035N lon=30.283850E speed=0.0 dir=232.55 sat=7
2025-11-20 00:39:05 [INFO] Cached datetime=2025-11-19T21:39:05+00:00 valid=A lat=60.015033N lon=30.283846E speed=0.49 dir=232.55 sat=7
2025-11-20 00:39:06 [INFO] Cached datetime=2025-11-19T21:39:06+00:00 valid=A lat=60.015028N lon=30.283838E speed=1.08 dir=232.55 sat=7
2025-11-20 00:39:07 [INFO] Cached datetime=2025-11-19T21:39:07+00:00 valid=A lat=60.015023N lon=30.283838E speed=1.03 dir=232.55 sat=7
2025-11-20 00:39:08 [INFO] Cached datetime=2025-11-19T21:39:08+00:00 valid=A lat=60.015017N lon=30.283837E speed=1.17 dir=232.55 sat=7
2025-11-20 00:39:09 [INFO] Cached datetime=2025-11-19T21:39:09+00:00 valid=A lat=60.015010N lon=30.283841E speed=1.04 dir=232.55 sat=7
2025-11-20 00:39:10 [INFO] Cached datetime=2025-11-19T21:39:10+00:00 valid=A lat=60.015004N lon=30.283856E speed=1.61 dir=232.55 sat=7
2025-11-20 00:39:11 [INFO] Cached datetime=2025-11-19T21:39:11+00:00 valid=A lat=60.015001N lon=30.283873E speed=1.72 dir=232.55 sat=7
2025-11-20 00:39:12 [INFO] Cached datetime=2025-11-19T21:39:12+00:00 valid=A lat=60.014997N lon=30.283889E speed=1.69 dir=232.55 sat=7
2025-11-20 00:39:13 [INFO] Cached datetime=2025-11-19T21:39:13+00:00 valid=A lat=60.014994N lon=30.283895E speed=0.83 dir=232.55 sat=7
2025-11-20 00:39:14 [INFO] Cached datetime=2025-11-19T21:39:14+00:00 valid=A lat=60.014992N lon=30.283896E speed=0.0 dir=232.55 sat=7
2025-11-20 00:39:15 [INFO] Cached datetime=2025-11-19T21:39:15+00:00 valid=A lat=60.014990N lon=30.283896E speed=0.0 dir=232.55 sat=7
2025-11-20 00:39:16 [INFO] Cached datetime=2025-11-19T21:39:16+00:00 valid=A lat=60.014989N lon=30.283897E speed=0.0 dir=232.55 sat=7
2025-11-20 00:39:17 [INFO] Cached datetime=2025-11-19T21:39:17+00:00 valid=A lat=60.014988N lon=30.283899E speed=0.0 dir=232.55 sat=7
2025-11-20 00:39:18 [INFO] Cached datetime=2025-11-19T21:39:18+00:00 valid=A lat=60.014986N lon=30.283901E speed=0.0 dir=232.55 sat=7
2025-11-20 00:39:19 [INFO] Cached datetime=2025-11-19T21:39:19+00:00 valid=A lat=60.014986N lon=30.283900E speed=0.0 dir=232.55 sat=7
2025-11-20 00:39:20 [INFO] Cached datetime=2025-11-19T21:39:20+00:00 valid=A lat=60.014985N lon=30.283900E speed=0.0 dir=232.55 sat=7
2025-11-20 00:39:21 [INFO] Cached datetime=2025-11-19T21:39:21+00:00 valid=A lat=60.014984N lon=30.283900E speed=0.0 dir=232.55 sat=7
2025-11-20 00:39:22 [INFO] Cached datetime=2025-11-19T21:39:22+00:00 valid=A lat=60.014983N lon=30.283899E speed=0.0 dir=232.55 sat=7
2025-11-20 00:39:23 [INFO] Cached datetime=2025-11-19T21:39:23+00:00 valid=A lat=60.014983N lon=30.283899E speed=0.0 dir=232.55 sat=7
2025-11-20 00:39:24 [INFO] Cached datetime=2025-11-19T21:39:24+00:00 valid=A lat=60.014983N lon=30.283899E speed=0.0 dir=232.55 sat=7
2025-11-20 00:39:25 [INFO] Cached datetime=2025-11-19T21:39:25+00:00 valid=A lat=60.014983N lon=30.283897E speed=0.0 dir=232.55 sat=7
2025-11-20 00:39:26 [INFO] Received signal 2, shutting down...
2025-11-20 00:39:26 [INFO] NMEA reader task cancelled
2025-11-20 00:39:26 [INFO] DB flusher task cancelled
2025-11-20 00:39:26 [INFO] === GNRMC Unified App stopped ===
2025-11-20 00:39:28 [INFO] === GNRMC Unified App starting ===
2025-11-20 00:39:28 [INFO] Config: etc/gnrmc-provider.toml | DB=data/gnrmc.db | MaxRows=150000 | Host=0.0.0.0:7000 | CacheLen=5000 | CacheTrigger=100
2025-11-20 00:39:28 [INFO] DB initialized at data/gnrmc.db
2025-11-20 00:39:28 [INFO] Reading NMEA from serial: /dev/ttyS3 (baud=9600)
2025-11-20 00:39:29 [INFO] Cached datetime=2025-11-19T21:39:29+00:00 valid=A lat=60.014987N lon=30.283912E speed=0.0 dir=232.55 sat=7
2025-11-20 00:39:30 [INFO] Cached datetime=2025-11-19T21:39:30+00:00 valid=A lat=60.014987N lon=30.283912E speed=0.0 dir=232.55 sat=7
2025-11-20 00:39:31 [INFO] Returned last cached record
2025-11-20 00:39:31 [INFO] Cached datetime=2025-11-19T21:39:31+00:00 valid=A lat=60.014987N lon=30.283911E speed=0.0 dir=232.55 sat=7
2025-11-20 00:39:32 [INFO] Cached datetime=2025-11-19T21:39:32+00:00 valid=A lat=60.014987N lon=30.283911E speed=0.0 dir=232.55 sat=7
2025-11-20 00:39:33 [INFO] Cached datetime=2025-11-19T21:39:33+00:00 valid=A lat=60.014987N lon=30.283911E speed=0.0 dir=232.55 sat=7
2025-11-20 00:39:34 [INFO] Cached datetime=2025-11-19T21:39:34+00:00 valid=A lat=60.014988N lon=30.283912E speed=0.0 dir=232.55 sat=7
2025-11-20 00:39:35 [INFO] Cached datetime=2025-11-19T21:39:35+00:00 valid=A lat=60.014988N lon=30.283914E speed=0.0 dir=232.55 sat=7
2025-11-20 00:39:36 [INFO] Cached datetime=2025-11-19T21:39:36+00:00 valid=A lat=60.014989N lon=30.283916E speed=0.0 dir=232.55 sat=7
2025-11-20 00:39:37 [INFO] Cached datetime=2025-11-19T21:39:37+00:00 valid=A lat=60.014991N lon=30.283918E speed=0.0 dir=232.55 sat=7
2025-11-20 00:39:38 [INFO] Cached datetime=2025-11-19T21:39:38+00:00 valid=A lat=60.014991N lon=30.283908E speed=1.08 dir=232.55 sat=7
2025-11-20 00:39:39 [INFO] Cached datetime=2025-11-19T21:39:39+00:00 valid=A lat=60.014996N lon=30.283905E speed=0.93 dir=232.55 sat=7
2025-11-20 00:39:40 [INFO] Cached datetime=2025-11-19T21:39:40+00:00 valid=A lat=60.014993N lon=30.283992E speed=0.81 dir=232.55 sat=7
2025-11-20 00:39:41 [INFO] Cached datetime=2025-11-19T21:39:41+00:00 valid=A lat=60.014992N lon=30.284029E speed=0.59 dir=232.55 sat=7
2025-11-20 00:39:42 [INFO] Cached datetime=2025-11-19T21:39:42+00:00 valid=A lat=60.014988N lon=30.284048E speed=0.0 dir=232.55 sat=7
2025-11-20 00:39:43 [INFO] Cached datetime=2025-11-19T21:39:43+00:00 valid=A lat=60.014986N lon=30.284061E speed=0.0 dir=232.55 sat=7
2025-11-20 00:39:44 [INFO] Cached datetime=2025-11-19T21:39:44+00:00 valid=A lat=60.014985N lon=30.284060E speed=0.0 dir=232.55 sat=6
2025-11-20 00:39:45 [INFO] Cached datetime=2025-11-19T21:39:45+00:00 valid=A lat=60.014985N lon=30.284073E speed=1.56 dir=232.55 sat=6
2025-11-20 00:39:46 [INFO] Cached datetime=2025-11-19T21:39:46+00:00 valid=A lat=60.014984N lon=30.284082E speed=1.33 dir=232.55 sat=6
2025-11-20 00:39:47 [INFO] Cached datetime=2025-11-19T21:39:47+00:00 valid=A lat=60.014984N lon=30.284093E speed=1.65 dir=232.55 sat=6
2025-11-20 00:39:48 [INFO] Cached datetime=2025-11-19T21:39:48+00:00 valid=A lat=60.014984N lon=30.284106E speed=1.9 dir=232.55 sat=6
2025-11-20 00:39:49 [INFO] Cached datetime=2025-11-19T21:39:49+00:00 valid=A lat=60.014980N lon=30.284121E speed=1.83 dir=232.55 sat=7
2025-11-20 00:39:50 [INFO] Cached datetime=2025-11-19T21:39:50+00:00 valid=A lat=60.014975N lon=30.284138E speed=1.51 dir=232.55 sat=7
2025-11-20 00:39:51 [INFO] Cached datetime=2025-11-19T21:39:51+00:00 valid=A lat=60.014972N lon=30.284140E speed=0.0 dir=232.55 sat=7
2025-11-20 00:39:52 [INFO] Cached datetime=2025-11-19T21:39:52+00:00 valid=A lat=60.014969N lon=30.284142E speed=0.0 dir=232.55 sat=7
2025-11-20 00:39:53 [INFO] Cached datetime=2025-11-19T21:39:53+00:00 valid=A lat=60.014966N lon=30.284141E speed=0.0 dir=232.55 sat=7
2025-11-20 00:39:54 [INFO] Cached datetime=2025-11-19T21:39:54+00:00 valid=A lat=60.014968N lon=30.284141E speed=0.65 dir=232.55 sat=8
2025-11-20 00:39:55 [INFO] Cached datetime=2025-11-19T21:39:55+00:00 valid=A lat=60.014967N lon=30.284139E speed=0.0 dir=232.55 sat=8
2025-11-20 00:39:56 [INFO] Cached datetime=2025-11-19T21:39:56+00:00 valid=A lat=60.014967N lon=30.284140E speed=0.0 dir=232.55 sat=8
2025-11-20 00:39:57 [INFO] Cached datetime=2025-11-19T21:39:57+00:00 valid=A lat=60.014965N lon=30.284139E speed=0.0 dir=232.55 sat=8
2025-11-20 00:39:58 [INFO] Cached datetime=2025-11-19T21:39:58+00:00 valid=A lat=60.014962N lon=30.284136E speed=0.44 dir=232.55 sat=8
2025-11-20 00:39:59 [INFO] Cached datetime=2025-11-19T21:39:59+00:00 valid=A lat=60.014956N lon=30.284139E speed=0.85 dir=232.55 sat=8
2025-11-20 00:40:00 [INFO] Cached datetime=2025-11-19T21:40:00+00:00 valid=A lat=60.014949N lon=30.284144E speed=1.22 dir=232.55 sat=8
2025-11-20 00:40:01 [INFO] Cached datetime=2025-11-19T21:40:01+00:00 valid=A lat=60.014943N lon=30.284145E speed=1.18 dir=232.55 sat=6
2025-11-20 00:40:02 [INFO] Cached datetime=2025-11-19T21:40:02+00:00 valid=A lat=60.014937N lon=30.284142E speed=0.65 dir=232.55 sat=6
2025-11-20 00:40:03 [INFO] Cached datetime=2025-11-19T21:40:03+00:00 valid=A lat=60.014936N lon=30.284137E speed=0.0 dir=232.55 sat=6
2025-11-20 00:40:04 [INFO] Cached datetime=2025-11-19T21:40:04+00:00 valid=A lat=60.014935N lon=30.284132E speed=0.0 dir=232.55 sat=6
2025-11-20 00:40:05 [INFO] Cached datetime=2025-11-19T21:40:05+00:00 valid=A lat=60.014935N lon=30.284129E speed=0.0 dir=232.55 sat=6
2025-11-20 00:40:06 [INFO] Cached datetime=2025-11-19T21:40:06+00:00 valid=A lat=60.014935N lon=30.284127E speed=0.0 dir=232.55 sat=6
2025-11-20 00:40:07 [INFO] Cached datetime=2025-11-19T21:40:07+00:00 valid=A lat=60.014935N lon=30.284123E speed=0.0 dir=232.55 sat=6
2025-11-20 00:40:08 [INFO] Cached datetime=2025-11-19T21:40:08+00:00 valid=A lat=60.014934N lon=30.284119E speed=0.0 dir=232.55 sat=6
2025-11-20 00:40:09 [INFO] Cached datetime=2025-11-19T21:40:09+00:00 valid=A lat=60.014933N lon=30.284116E speed=0.0 dir=232.55 sat=7
2025-11-20 00:40:10 [INFO] Cached datetime=2025-11-19T21:40:10+00:00 valid=A lat=60.014933N lon=30.284113E speed=0.0 dir=232.55 sat=7
2025-11-20 00:40:11 [INFO] Cached datetime=2025-11-19T21:40:11+00:00 valid=A lat=60.014931N lon=30.284107E speed=0.6 dir=232.55 sat=7
2025-11-20 00:40:12 [INFO] Cached datetime=2025-11-19T21:40:12+00:00 valid=A lat=60.014930N lon=30.284103E speed=0.0 dir=232.55 sat=7
2025-11-20 00:40:13 [INFO] Cached datetime=2025-11-19T21:40:13+00:00 valid=A lat=60.014930N lon=30.284101E speed=0.0 dir=232.55 sat=7
2025-11-20 00:40:14 [INFO] Cached datetime=2025-11-19T21:40:14+00:00 valid=A lat=60.014929N lon=30.284098E speed=0.0 dir=232.55 sat=7
2025-11-20 00:40:15 [INFO] Cached datetime=2025-11-19T21:40:15+00:00 valid=A lat=60.014930N lon=30.284092E speed=1.1 dir=232.55 sat=7
2025-11-20 00:40:16 [INFO] Cached datetime=2025-11-19T21:40:16+00:00 valid=A lat=60.014931N lon=30.284086E speed=1.03 dir=232.55 sat=7
2025-11-20 00:40:17 [INFO] Cached datetime=2025-11-19T21:40:17+00:00 valid=A lat=60.014929N lon=30.284085E speed=0.0 dir=232.55 sat=7
2025-11-20 00:40:18 [INFO] Cached datetime=2025-11-19T21:40:18+00:00 valid=A lat=60.014927N lon=30.284084E speed=0.0 dir=232.55 sat=7
2025-11-20 00:40:19 [INFO] Cached datetime=2025-11-19T21:40:19+00:00 valid=A lat=60.014925N lon=30.284083E speed=0.0 dir=232.55 sat=7
2025-11-20 00:40:20 [INFO] Cached datetime=2025-11-19T21:40:20+00:00 valid=A lat=60.014924N lon=30.284082E speed=0.0 dir=232.55 sat=7
2025-11-20 00:40:21 [INFO] Cached datetime=2025-11-19T21:40:21+00:00 valid=A lat=60.014922N lon=30.284082E speed=0.0 dir=232.55 sat=7
2025-11-20 00:40:22 [INFO] Cached datetime=2025-11-19T21:40:22+00:00 valid=A lat=60.014921N lon=30.284081E speed=0.0 dir=232.55 sat=7
2025-11-20 00:40:23 [INFO] Cached datetime=2025-11-19T21:40:23+00:00 valid=A lat=60.014924N lon=30.284081E speed=0.78 dir=232.55 sat=7
2025-11-20 00:40:24 [INFO] Cached datetime=2025-11-19T21:40:24+00:00 valid=A lat=60.014922N lon=30.284081E speed=0.0 dir=232.55 sat=7
2025-11-20 00:40:25 [INFO] Cached datetime=2025-11-19T21:40:25+00:00 valid=A lat=60.014921N lon=30.284081E speed=0.0 dir=232.55 sat=7
2025-11-20 00:40:26 [INFO] Cached datetime=2025-11-19T21:40:26+00:00 valid=A lat=60.014920N lon=30.284080E speed=0.0 dir=232.55 sat=6
2025-11-20 00:40:27 [INFO] Cached datetime=2025-11-19T21:40:27+00:00 valid=A lat=60.014919N lon=30.284079E speed=0.0 dir=232.55 sat=6
2025-11-20 00:40:28 [INFO] Cached datetime=2025-11-19T21:40:28+00:00 valid=A lat=60.014919N lon=30.284077E speed=0.0 dir=232.55 sat=6
2025-11-20 00:40:29 [INFO] Cached datetime=2025-11-19T21:40:29+00:00 valid=A lat=60.014918N lon=30.284076E speed=0.0 dir=232.55 sat=6
2025-11-20 00:40:30 [INFO] Cached datetime=2025-11-19T21:40:30+00:00 valid=A lat=60.014923N lon=30.284070E speed=1.13 dir=232.55 sat=6
2025-11-20 00:40:31 [INFO] Cached datetime=2025-11-19T21:40:31+00:00 valid=A lat=60.014923N lon=30.284078E speed=0.72 dir=232.55 sat=6
2025-11-20 00:40:32 [INFO] Cached datetime=2025-11-19T21:40:32+00:00 valid=A lat=60.014922N lon=30.284084E speed=1.08 dir=232.55 sat=6
2025-11-20 00:40:33 [INFO] Cached datetime=2025-11-19T21:40:33+00:00 valid=A lat=60.014922N lon=30.284091E speed=1.1 dir=232.55 sat=6
2025-11-20 00:40:34 [INFO] Cached datetime=2025-11-19T21:40:34+00:00 valid=A lat=60.014924N lon=30.284091E speed=0.45 dir=232.55 sat=6
2025-11-20 00:40:35 [INFO] Cached datetime=2025-11-19T21:40:35+00:00 valid=A lat=60.014924N lon=30.284087E speed=0.33 dir=232.55 sat=6
2025-11-20 00:40:36 [INFO] Cached datetime=2025-11-19T21:40:36+00:00 valid=A lat=60.014926N lon=30.284090E speed=0.0 dir=232.55 sat=6
2025-11-20 00:40:37 [INFO] Cached datetime=2025-11-19T21:40:37+00:00 valid=A lat=60.014926N lon=30.284090E speed=0.0 dir=232.55 sat=6
2025-11-20 00:40:38 [INFO] Cached datetime=2025-11-19T21:40:38+00:00 valid=A lat=60.014926N lon=30.284090E speed=0.0 dir=232.55 sat=6
2025-11-20 00:40:39 [INFO] Cached datetime=2025-11-19T21:40:39+00:00 valid=A lat=60.014930N lon=30.284078E speed=1.49 dir=232.55 sat=6
2025-11-20 00:40:40 [INFO] Cached datetime=2025-11-19T21:40:40+00:00 valid=A lat=60.014932N lon=30.284059E speed=1.55 dir=232.55 sat=6
2025-11-20 00:40:41 [INFO] Cached datetime=2025-11-19T21:40:41+00:00 valid=A lat=60.014934N lon=30.284049E speed=0.51 dir=232.55 sat=6
2025-11-20 00:40:42 [INFO] Cached datetime=2025-11-19T21:40:42+00:00 valid=A lat=60.014936N lon=30.284043E speed=0.47 dir=232.55 sat=6
2025-11-20 00:40:43 [INFO] Cached datetime=2025-11-19T21:40:43+00:00 valid=A lat=60.014938N lon=30.284035E speed=0.74 dir=232.55 sat=6
2025-11-20 00:40:44 [INFO] Cached datetime=2025-11-19T21:40:44+00:00 valid=A lat=60.014939N lon=30.284025E speed=1.51 dir=232.55 sat=6
2025-11-20 00:40:45 [INFO] Cached datetime=2025-11-19T21:40:45+00:00 valid=A lat=60.014939N lon=30.284012E speed=1.41 dir=232.55 sat=6
2025-11-20 00:40:46 [INFO] Cached datetime=2025-11-19T21:40:46+00:00 valid=A lat=60.014940N lon=30.284000E speed=1.1 dir=232.55 sat=6
2025-11-20 00:40:47 [INFO] Cached datetime=2025-11-19T21:40:47+00:00 valid=A lat=60.014943N lon=30.283993E speed=0.65 dir=232.55 sat=6
2025-11-20 00:40:48 [INFO] Cached datetime=2025-11-19T21:40:48+00:00 valid=A lat=60.014946N lon=30.283994E speed=0.53 dir=232.55 sat=6
2025-11-20 00:40:49 [INFO] Cached datetime=2025-11-19T21:40:49+00:00 valid=A lat=60.014946N lon=30.284001E speed=1.07 dir=232.55 sat=6
2025-11-20 00:40:50 [INFO] Cached datetime=2025-11-19T21:40:50+00:00 valid=A lat=60.014946N lon=30.284016E speed=1.19 dir=232.55 sat=6
2025-11-20 00:40:51 [INFO] Cached datetime=2025-11-19T21:40:51+00:00 valid=A lat=60.014946N lon=30.284025E speed=1.21 dir=232.55 sat=7
2025-11-20 00:40:52 [INFO] Cached datetime=2025-11-19T21:40:52+00:00 valid=A lat=60.014947N lon=30.284027E speed=0.62 dir=232.55 sat=7
2025-11-20 00:40:53 [INFO] Cached datetime=2025-11-19T21:40:53+00:00 valid=A lat=60.014949N lon=30.284024E speed=0.34 dir=232.55 sat=7
2025-11-20 00:40:54 [INFO] Cached datetime=2025-11-19T21:40:54+00:00 valid=A lat=60.014951N lon=30.284018E speed=0.49 dir=232.55 sat=7
2025-11-20 00:40:55 [INFO] Cached datetime=2025-11-19T21:40:55+00:00 valid=A lat=60.014952N lon=30.284015E speed=0.0 dir=232.55 sat=7
2025-11-20 00:40:56 [INFO] Cached datetime=2025-11-19T21:40:56+00:00 valid=A lat=60.014953N lon=30.284011E speed=0.0 dir=232.55 sat=7
2025-11-20 00:40:57 [INFO] Cached datetime=2025-11-19T21:40:57+00:00 valid=A lat=60.014955N lon=30.284010E speed=0.0 dir=232.55 sat=7
2025-11-20 00:40:58 [INFO] Cached datetime=2025-11-19T21:40:58+00:00 valid=A lat=60.014955N lon=30.284008E speed=0.0 dir=232.55 sat=8
2025-11-20 00:40:59 [INFO] Cached datetime=2025-11-19T21:40:59+00:00 valid=A lat=60.014955N lon=30.284006E speed=0.0 dir=232.55 sat=8
2025-11-20 00:41:00 [INFO] Cached datetime=2025-11-19T21:41:00+00:00 valid=A lat=60.014956N lon=30.284005E speed=0.0 dir=232.55 sat=7
2025-11-20 00:41:01 [INFO] Cached datetime=2025-11-19T21:41:01+00:00 valid=A lat=60.014956N lon=30.284003E speed=0.0 dir=232.55 sat=7
2025-11-20 00:41:02 [INFO] Cached datetime=2025-11-19T21:41:02+00:00 valid=A lat=60.014956N lon=30.284002E speed=0.0 dir=232.55 sat=7
2025-11-20 00:41:03 [INFO] Cached datetime=2025-11-19T21:41:03+00:00 valid=A lat=60.014950N lon=30.284004E speed=1.59 dir=232.55 sat=7
2025-11-20 00:41:04 [INFO] Cached datetime=2025-11-19T21:41:04+00:00 valid=A lat=60.014947N lon=30.284009E speed=1.1 dir=232.55 sat=7
2025-11-20 00:41:05 [INFO] Cached datetime=2025-11-19T21:41:05+00:00 valid=A lat=60.014944N lon=30.284008E speed=0.53 dir=232.55 sat=7
2025-11-20 00:41:06 [INFO] Cached datetime=2025-11-19T21:41:06+00:00 valid=A lat=60.014945N lon=30.284005E speed=0.0 dir=232.55 sat=7
2025-11-20 00:41:07 [INFO] Cached datetime=2025-11-19T21:41:07+00:00 valid=A lat=60.014946N lon=30.284003E speed=0.0 dir=232.55 sat=8
2025-11-20 00:41:08 [INFO] Cache trigger reached: 100 >= 100
2025-11-20 00:41:08 [INFO] Cached datetime=2025-11-19T21:41:08+00:00 valid=A lat=60.014946N lon=30.283999E speed=0.0 dir=232.55 sat=8
2025-11-20 00:41:08 [INFO] Flushing 100 cached records (counter was 100)
2025-11-20 00:41:08 [INFO] Inserted 100 records into DB
2025-11-20 00:41:08 [WARNING] Retention: total=150100 > max_rows=150000, pruning...
2025-11-20 00:41:09 [INFO] Retention completed: kept latest 150000 rows
2025-11-20 00:41:09 [INFO] Cached datetime=2025-11-19T21:41:09+00:00 valid=A lat=60.014948N lon=30.284000E speed=0.44 dir=232.55 sat=8
2025-11-20 00:41:10 [INFO] Cached datetime=2025-11-19T21:41:10+00:00 valid=A lat=60.014948N lon=30.283996E speed=0.0 dir=232.55 sat=8
2025-11-20 00:41:11 [INFO] Cached datetime=2025-11-19T21:41:11+00:00 valid=A lat=60.014949N lon=30.283992E speed=0.0 dir=232.55 sat=8
2025-11-20 00:41:12 [INFO] Cached datetime=2025-11-19T21:41:12+00:00 valid=A lat=60.014949N lon=30.283989E speed=0.0 dir=232.55 sat=8
2025-11-20 00:41:13 [INFO] Cached datetime=2025-11-19T21:41:13+00:00 valid=A lat=60.014949N lon=30.283986E speed=0.0 dir=232.55 sat=8
2025-11-20 00:41:14 [INFO] Cached datetime=2025-11-19T21:41:14+00:00 valid=A lat=60.014949N lon=30.283982E speed=0.0 dir=232.55 sat=8
2025-11-20 00:41:15 [INFO] Cached datetime=2025-11-19T21:41:15+00:00 valid=A lat=60.014949N lon=30.283979E speed=0.0 dir=232.55 sat=8
2025-11-20 00:41:16 [INFO] Cached datetime=2025-11-19T21:41:16+00:00 valid=A lat=60.014950N lon=30.283968E speed=0.91 dir=232.55 sat=8
2025-11-20 00:41:17 [INFO] Returned last cached record
2025-11-20 00:41:17 [INFO] Cached datetime=2025-11-19T21:41:17+00:00 valid=A lat=60.014951N lon=30.283973E speed=0.89 dir=232.55 sat=8
2025-11-20 00:41:18 [INFO] Cached datetime=2025-11-19T21:41:18+00:00 valid=A lat=60.014952N lon=30.283977E speed=0.81 dir=232.55 sat=8
2025-11-20 00:41:19 [INFO] Cached datetime=2025-11-19T21:41:19+00:00 valid=A lat=60.014955N lon=30.283976E speed=0.75 dir=232.55 sat=8
2025-11-20 00:41:20 [INFO] Cached datetime=2025-11-19T21:41:20+00:00 valid=A lat=60.014955N lon=30.283971E speed=0.0 dir=232.55 sat=7
2025-11-20 00:41:21 [INFO] Cached datetime=2025-11-19T21:41:21+00:00 valid=A lat=60.014955N lon=30.283968E speed=0.0 dir=232.55 sat=7
2025-11-20 00:41:22 [INFO] Cached datetime=2025-11-19T21:41:22+00:00 valid=A lat=60.014955N lon=30.283964E speed=0.0 dir=232.55 sat=7
2025-11-20 00:41:23 [INFO] Cached datetime=2025-11-19T21:41:23+00:00 valid=A lat=60.014950N lon=30.283960E speed=1.21 dir=232.55 sat=7
2025-11-20 00:41:24 [INFO] Cached datetime=2025-11-19T21:41:24+00:00 valid=A lat=60.014946N lon=30.283960E speed=0.97 dir=232.55 sat=7
2025-11-20 00:41:25 [INFO] Cached datetime=2025-11-19T21:41:25+00:00 valid=A lat=60.014943N lon=30.283964E speed=0.95 dir=232.55 sat=7
2025-11-20 00:41:26 [INFO] Cached datetime=2025-11-19T21:41:26+00:00 valid=A lat=60.014944N lon=30.283974E speed=0.92 dir=232.55 sat=7
2025-11-20 00:41:27 [INFO] Cached datetime=2025-11-19T21:41:27+00:00 valid=A lat=60.014944N lon=30.283981E speed=0.86 dir=232.55 sat=7
2025-11-20 00:41:28 [INFO] Cached datetime=2025-11-19T21:41:28+00:00 valid=A lat=60.014943N lon=30.283977E speed=0.34 dir=232.55 sat=7
2025-11-20 00:41:29 [INFO] Cached datetime=2025-11-19T21:41:29+00:00 valid=A lat=60.014946N lon=30.283978E speed=0.93 dir=232.55 sat=7
2025-11-20 00:41:30 [INFO] Cached datetime=2025-11-19T21:41:30+00:00 valid=A lat=60.014950N lon=30.283981E speed=0.8 dir=232.55 sat=7
2025-11-20 00:41:31 [INFO] Cached datetime=2025-11-19T21:41:31+00:00 valid=A lat=60.014950N lon=30.283981E speed=0.0 dir=232.55 sat=7
2025-11-20 00:41:32 [INFO] Cached datetime=2025-11-19T21:41:32+00:00 valid=A lat=60.014950N lon=30.283979E speed=0.0 dir=232.55 sat=7
2025-11-20 00:41:33 [INFO] Cached datetime=2025-11-19T21:41:33+00:00 valid=A lat=60.014951N lon=30.283981E speed=0.0 dir=232.55 sat=7
2025-11-20 00:41:34 [INFO] Cached datetime=2025-11-19T21:41:34+00:00 valid=A lat=60.014950N lon=30.283978E speed=0.19 dir=232.55 sat=7
2025-11-20 00:41:35 [INFO] Cached datetime=2025-11-19T21:41:35+00:00 valid=A lat=60.014950N lon=30.283976E speed=0.0 dir=232.55 sat=7
2025-11-20 00:41:36 [INFO] Cached datetime=2025-11-19T21:41:36+00:00 valid=A lat=60.014949N lon=30.283972E speed=0.0 dir=232.55 sat=7
2025-11-20 00:41:37 [INFO] Cached datetime=2025-11-19T21:41:37+00:00 valid=A lat=60.014949N lon=30.283970E speed=0.0 dir=232.55 sat=7
2025-11-20 00:41:38 [INFO] Cached datetime=2025-11-19T21:41:38+00:00 valid=A lat=60.014950N lon=30.283970E speed=0.47 dir=232.55 sat=7
2025-11-20 00:41:39 [INFO] Cached datetime=2025-11-19T21:41:39+00:00 valid=A lat=60.014949N lon=30.283968E speed=0.0 dir=232.55 sat=7
2025-11-20 00:41:40 [INFO] Cached datetime=2025-11-19T21:41:40+00:00 valid=A lat=60.014949N lon=30.283966E speed=0.0 dir=232.55 sat=7
2025-11-20 00:41:41 [INFO] Cached datetime=2025-11-19T21:41:41+00:00 valid=A lat=60.014949N lon=30.283964E speed=0.0 dir=232.55 sat=7
2025-11-20 00:41:42 [INFO] Cached datetime=2025-11-19T21:41:42+00:00 valid=A lat=60.014949N lon=30.283961E speed=0.0 dir=232.55 sat=7
2025-11-20 00:41:43 [INFO] Cached datetime=2025-11-19T21:41:43+00:00 valid=A lat=60.014949N lon=30.283960E speed=0.0 dir=232.55 sat=7
2025-11-20 00:41:44 [INFO] Cached datetime=2025-11-19T21:41:44+00:00 valid=A lat=60.014950N lon=30.283959E speed=0.0 dir=232.55 sat=7
2025-11-20 00:41:45 [INFO] Cached datetime=2025-11-19T21:41:45+00:00 valid=A lat=60.014951N lon=30.283958E speed=0.0 dir=232.55 sat=6
2025-11-20 00:41:46 [INFO] Cached datetime=2025-11-19T21:41:46+00:00 valid=A lat=60.014951N lon=30.283956E speed=0.0 dir=232.55 sat=6
2025-11-20 00:41:47 [INFO] Cached datetime=2025-11-19T21:41:47+00:00 valid=A lat=60.014952N lon=30.283955E speed=0.0 dir=232.55 sat=6
2025-11-20 00:41:48 [INFO] Received signal 2, shutting down...
2025-11-20 00:41:48 [INFO] NMEA reader task cancelled
2025-11-20 00:41:48 [INFO] DB flusher task cancelled
2025-11-20 00:41:48 [INFO] === GNRMC Unified App stopped ===
2025-11-20 00:59:33 [INFO] === GNRMC Unified App starting ===
2025-11-20 00:59:33 [INFO] Config: etc/gnrmc-provider.toml | DB=data/gnrmc.db | MaxRows=150000 | Host=0.0.0.0:7000 | CacheLen=5000 | CacheTrigger=100
2025-11-20 00:59:33 [INFO] DB initialized at data/gnrmc.db
2025-11-20 00:59:34 [INFO] Reading NMEA from serial: /dev/ttyS3 (baud=9600)
2025-11-20 00:59:34 [INFO] Cached datetime=2025-11-19T21:59:34+00:00 valid=A lat=60.015180N lon=30.284023E speed=2.16 dir=293.07 sat=None
2025-11-20 00:59:35 [INFO] Cached datetime=2025-11-19T21:59:35+00:00 valid=A lat=60.015181N lon=30.283966E speed=2.17 dir=289.14 sat=5
2025-11-20 00:59:36 [INFO] Cached datetime=2025-11-19T21:59:36+00:00 valid=A lat=60.015184N lon=30.283936E speed=2.01 dir=292.73 sat=6
2025-11-20 00:59:37 [INFO] Cached datetime=2025-11-19T21:59:37+00:00 valid=A lat=60.015186N lon=30.283905E speed=2.12 dir=289.76 sat=6
2025-11-20 00:59:38 [INFO] Cached datetime=2025-11-19T21:59:38+00:00 valid=A lat=60.015186N lon=30.283874E speed=1.95 dir=284.46 sat=6
2025-11-20 00:59:39 [INFO] Cached datetime=2025-11-19T21:59:39+00:00 valid=A lat=60.015187N lon=30.283845E speed=1.98 dir=281.79 sat=6
2025-11-20 00:59:40 [INFO] Cached datetime=2025-11-19T21:59:40+00:00 valid=A lat=60.015186N lon=30.283808E speed=1.89 dir=281.79 sat=6
2025-11-20 00:59:41 [INFO] Cached datetime=2025-11-19T21:59:41+00:00 valid=A lat=60.015188N lon=30.283784E speed=1.99 dir=281.69 sat=6
2025-11-20 00:59:42 [INFO] Cached datetime=2025-11-19T21:59:42+00:00 valid=A lat=60.015191N lon=30.283762E speed=2.14 dir=284.83 sat=5
2025-11-20 00:59:43 [INFO] Cached datetime=2025-11-19T21:59:43+00:00 valid=A lat=60.015191N lon=30.283762E speed=2.14 dir=284.83 sat=5
2025-11-20 00:59:44 [INFO] Cached datetime=2025-11-19T21:59:44+00:00 valid=A lat=60.015191N lon=30.283762E speed=2.14 dir=284.83 sat=5
2025-11-20 00:59:45 [INFO] Cached datetime=2025-11-19T21:59:45+00:00 valid=A lat=60.015191N lon=30.283762E speed=2.14 dir=284.83 sat=5
2025-11-20 00:59:46 [INFO] Cached datetime=2025-11-19T21:59:46+00:00 valid=A lat=60.015191N lon=30.283762E speed=2.14 dir=284.83 sat=5
2025-11-20 00:59:47 [INFO] Cached datetime=2025-11-19T21:59:47+00:00 valid=A lat=60.015191N lon=30.283762E speed=2.14 dir=284.83 sat=5
2025-11-20 00:59:48 [INFO] Cached datetime=2025-11-19T21:59:48+00:00 valid=A lat=60.015191N lon=30.283762E speed=2.14 dir=284.83 sat=5
2025-11-20 00:59:49 [INFO] Cached datetime=2025-11-19T21:59:49+00:00 valid=A lat=60.015191N lon=30.283762E speed=2.14 dir=284.83 sat=5
2025-11-20 00:59:50 [INFO] Cached datetime=2025-11-19T21:59:50+00:00 valid=A lat=60.015191N lon=30.283762E speed=2.14 dir=284.83 sat=5
2025-11-20 00:59:51 [INFO] Cached datetime=2025-11-19T21:59:51+00:00 valid=A lat=60.015191N lon=30.283762E speed=2.14 dir=284.83 sat=5
2025-11-20 00:59:52 [INFO] Cached datetime=2025-11-19T21:59:52+00:00 valid=A lat=60.015191N lon=30.283762E speed=2.14 dir=284.83 sat=5
2025-11-20 00:59:53 [INFO] Cached datetime=2025-11-19T21:59:53+00:00 valid=A lat=60.015191N lon=30.283762E speed=2.14 dir=284.83 sat=5
2025-11-20 00:59:54 [INFO] Cached datetime=2025-11-19T21:59:54+00:00 valid=A lat=60.015191N lon=30.283762E speed=2.14 dir=284.83 sat=5
2025-11-20 00:59:55 [INFO] Cached datetime=2025-11-19T21:59:55+00:00 valid=A lat=60.015183N lon=30.283742E speed=0.47 dir=284.83 sat=6
2025-11-20 00:59:56 [INFO] Cached datetime=2025-11-19T21:59:56+00:00 valid=A lat=60.015176N lon=30.283725E speed=0.49 dir=284.83 sat=6
2025-11-20 00:59:57 [INFO] Cached datetime=2025-11-19T21:59:57+00:00 valid=A lat=60.015172N lon=30.283715E speed=0.31 dir=284.83 sat=6
2025-11-20 00:59:58 [INFO] Cached datetime=2025-11-19T21:59:58+00:00 valid=A lat=60.015170N lon=30.283709E speed=0.59 dir=284.83 sat=6
2025-11-20 00:59:59 [INFO] Cached datetime=2025-11-19T21:59:59+00:00 valid=A lat=60.015167N lon=30.283704E speed=0.6 dir=284.83 sat=6
2025-11-20 01:00:00 [INFO] Cached datetime=2025-11-19T22:00:00+00:00 valid=A lat=60.015167N lon=30.283707E speed=0.31 dir=284.83 sat=6
2025-11-20 01:00:01 [INFO] Cached datetime=2025-11-19T22:00:01+00:00 valid=A lat=60.015163N lon=30.283707E speed=0.72 dir=284.83 sat=6
2025-11-20 01:00:02 [INFO] Cached datetime=2025-11-19T22:00:02+00:00 valid=A lat=60.015163N lon=30.283718E speed=0.93 dir=284.83 sat=6
2025-11-20 01:00:03 [INFO] Cached datetime=2025-11-19T22:00:03+00:00 valid=A lat=60.015168N lon=30.283737E speed=0.97 dir=284.83 sat=7
2025-11-20 01:00:04 [INFO] Cached datetime=2025-11-19T22:00:04+00:00 valid=A lat=60.015170N lon=30.283752E speed=1.02 dir=284.83 sat=7
2025-11-20 01:00:05 [INFO] Cached datetime=2025-11-19T22:00:05+00:00 valid=A lat=60.015175N lon=30.283768E speed=1.1 dir=284.83 sat=7
2025-11-20 01:00:06 [INFO] Cached datetime=2025-11-19T22:00:06+00:00 valid=A lat=60.015185N lon=30.283793E speed=1.77 dir=284.83 sat=7
2025-11-20 01:00:07 [INFO] Cached datetime=2025-11-19T22:00:07+00:00 valid=A lat=60.015193N lon=30.283813E speed=2.19 dir=59.18 sat=7
2025-11-20 01:00:08 [INFO] Cached datetime=2025-11-19T22:00:08+00:00 valid=A lat=60.015203N lon=30.283839E speed=2.6 dir=57.94 sat=7
2025-11-20 01:00:09 [INFO] Cached datetime=2025-11-19T22:00:09+00:00 valid=A lat=60.015208N lon=30.283861E speed=3.0 dir=70.46 sat=7
2025-11-20 01:00:10 [INFO] Cached datetime=2025-11-19T22:00:10+00:00 valid=A lat=60.015212N lon=30.283886E speed=3.06 dir=73.67 sat=7
2025-11-20 01:00:11 [INFO] Cached datetime=2025-11-19T22:00:11+00:00 valid=A lat=60.015216N lon=30.283911E speed=2.92 dir=73.27 sat=7
2025-11-20 01:00:12 [INFO] Cached datetime=2025-11-19T22:00:12+00:00 valid=A lat=60.015220N lon=30.283936E speed=3.1 dir=70.96 sat=7
2025-11-20 01:00:13 [INFO] Cached datetime=2025-11-19T22:00:13+00:00 valid=A lat=60.015223N lon=30.283963E speed=3.29 dir=73.51 sat=7
2025-11-20 01:00:14 [INFO] Cached datetime=2025-11-19T22:00:14+00:00 valid=A lat=60.015229N lon=30.283991E speed=2.9 dir=66.06 sat=7
2025-11-20 01:00:15 [INFO] Cached datetime=2025-11-19T22:00:15+00:00 valid=A lat=60.015233N lon=30.284014E speed=2.9 dir=64.13 sat=7
2025-11-20 01:00:16 [INFO] Cached datetime=2025-11-19T22:00:16+00:00 valid=A lat=60.015239N lon=30.284038E speed=3.07 dir=62.95 sat=7
2025-11-20 01:00:17 [INFO] Cached datetime=2025-11-19T22:00:17+00:00 valid=A lat=60.015242N lon=30.284055E speed=2.89 dir=61.66 sat=7
2025-11-20 01:00:18 [INFO] Cached datetime=2025-11-19T22:00:18+00:00 valid=A lat=60.015248N lon=30.284071E speed=2.95 dir=49.67 sat=7
2025-11-20 01:00:19 [INFO] Cached datetime=2025-11-19T22:00:19+00:00 valid=A lat=60.015246N lon=30.284066E speed=0.0 dir=49.67 sat=7
2025-11-20 01:00:20 [INFO] Cached datetime=2025-11-19T22:00:20+00:00 valid=A lat=60.015242N lon=30.284054E speed=0.0 dir=49.67 sat=7
2025-11-20 01:00:21 [INFO] Cached datetime=2025-11-19T22:00:21+00:00 valid=A lat=60.015239N lon=30.284049E speed=0.0 dir=49.67 sat=7
2025-11-20 01:00:22 [INFO] Cached datetime=2025-11-19T22:00:22+00:00 valid=A lat=60.015236N lon=30.284044E speed=0.0 dir=49.67 sat=7
2025-11-20 01:00:23 [INFO] Cached datetime=2025-11-19T22:00:23+00:00 valid=A lat=60.015233N lon=30.284039E speed=0.0 dir=49.67 sat=7
2025-11-20 01:00:24 [INFO] Cached datetime=2025-11-19T22:00:24+00:00 valid=A lat=60.015227N lon=30.284024E speed=0.0 dir=49.67 sat=6
2025-11-20 01:00:25 [INFO] Cached datetime=2025-11-19T22:00:25+00:00 valid=A lat=60.015224N lon=30.284019E speed=0.0 dir=49.67 sat=6
2025-11-20 01:00:26 [INFO] Cached datetime=2025-11-19T22:00:26+00:00 valid=A lat=60.015221N lon=30.284016E speed=0.0 dir=49.67 sat=6
2025-11-20 01:00:27 [INFO] Cached datetime=2025-11-19T22:00:27+00:00 valid=A lat=60.015219N lon=30.284013E speed=0.0 dir=49.67 sat=6
2025-11-20 01:00:28 [INFO] Cached datetime=2025-11-19T22:00:28+00:00 valid=A lat=60.015216N lon=30.284010E speed=0.0 dir=49.67 sat=6
2025-11-20 01:00:29 [INFO] Cached datetime=2025-11-19T22:00:29+00:00 valid=A lat=60.015214N lon=30.284008E speed=0.0 dir=49.67 sat=6
2025-11-20 01:00:30 [INFO] Cached datetime=2025-11-19T22:00:30+00:00 valid=A lat=60.015212N lon=30.284006E speed=0.0 dir=49.67 sat=6
2025-11-20 01:00:31 [INFO] Cached datetime=2025-11-19T22:00:31+00:00 valid=A lat=60.015210N lon=30.284005E speed=0.0 dir=49.67 sat=6
2025-11-20 01:00:32 [INFO] Cached datetime=2025-11-19T22:00:32+00:00 valid=A lat=60.015210N lon=30.284009E speed=0.0 dir=49.67 sat=7
2025-11-20 01:00:33 [INFO] Cached datetime=2025-11-19T22:00:33+00:00 valid=A lat=60.015210N lon=30.284013E speed=0.0 dir=49.67 sat=7
2025-11-20 01:00:34 [INFO] Cached datetime=2025-11-19T22:00:34+00:00 valid=A lat=60.015210N lon=30.284018E speed=0.0 dir=49.67 sat=7
2025-11-20 01:00:35 [INFO] Cached datetime=2025-11-19T22:00:35+00:00 valid=A lat=60.015210N lon=30.284022E speed=0.0 dir=49.67 sat=7
2025-11-20 01:00:36 [INFO] Cached datetime=2025-11-19T22:00:36+00:00 valid=A lat=60.015210N lon=30.284026E speed=0.0 dir=49.67 sat=7
2025-11-20 01:00:37 [INFO] Cached datetime=2025-11-19T22:00:37+00:00 valid=A lat=60.015210N lon=30.284030E speed=0.0 dir=49.67 sat=7
2025-11-20 01:00:38 [INFO] Cached datetime=2025-11-19T22:00:38+00:00 valid=A lat=60.015208N lon=30.284033E speed=0.21 dir=49.67 sat=7
2025-11-20 01:00:39 [INFO] Cached datetime=2025-11-19T22:00:39+00:00 valid=A lat=60.015206N lon=30.284035E speed=0.69 dir=49.67 sat=7
2025-11-20 01:00:40 [INFO] Cached datetime=2025-11-19T22:00:40+00:00 valid=A lat=60.015203N lon=30.284035E speed=0.63 dir=49.67 sat=7
2025-11-20 01:00:41 [INFO] Cached datetime=2025-11-19T22:00:41+00:00 valid=A lat=60.015200N lon=30.284035E speed=0.48 dir=49.67 sat=7
2025-11-20 01:00:42 [INFO] Cached datetime=2025-11-19T22:00:42+00:00 valid=A lat=60.015198N lon=30.284037E speed=0.39 dir=49.67 sat=7
2025-11-20 01:00:43 [INFO] Cached datetime=2025-11-19T22:00:43+00:00 valid=A lat=60.015196N lon=30.284043E speed=0.35 dir=49.67 sat=7
2025-11-20 01:00:44 [INFO] Cached datetime=2025-11-19T22:00:44+00:00 valid=A lat=60.015194N lon=30.284042E speed=0.0 dir=49.67 sat=7
2025-11-20 01:00:45 [INFO] Cached datetime=2025-11-19T22:00:45+00:00 valid=A lat=60.015193N lon=30.284046E speed=0.0 dir=49.67 sat=7
2025-11-20 01:00:46 [INFO] Cached datetime=2025-11-19T22:00:46+00:00 valid=A lat=60.015192N lon=30.284049E speed=0.0 dir=49.67 sat=7
2025-11-20 01:00:47 [INFO] Cached datetime=2025-11-19T22:00:47+00:00 valid=A lat=60.015189N lon=30.284047E speed=0.47 dir=49.67 sat=7
2025-11-20 01:00:48 [INFO] Cached datetime=2025-11-19T22:00:48+00:00 valid=A lat=60.015186N lon=30.284046E speed=0.72 dir=49.67 sat=7
2025-11-20 01:00:49 [INFO] Cached datetime=2025-11-19T22:00:49+00:00 valid=A lat=60.015182N lon=30.284043E speed=0.77 dir=49.67 sat=7
2025-11-20 01:00:50 [INFO] Cached datetime=2025-11-19T22:00:50+00:00 valid=A lat=60.015178N lon=30.284039E speed=0.97 dir=49.67 sat=7
2025-11-20 01:00:51 [INFO] Cached datetime=2025-11-19T22:00:51+00:00 valid=A lat=60.015177N lon=30.284033E speed=0.91 dir=49.67 sat=7
2025-11-20 01:00:52 [INFO] Cached datetime=2025-11-19T22:00:52+00:00 valid=A lat=60.015177N lon=30.284026E speed=1.04 dir=49.67 sat=7
2025-11-20 01:00:53 [INFO] Cached datetime=2025-11-19T22:00:53+00:00 valid=A lat=60.015177N lon=30.284021E speed=0.93 dir=49.67 sat=7
2025-11-20 01:00:54 [INFO] Cached datetime=2025-11-19T22:00:54+00:00 valid=A lat=60.015175N lon=30.284024E speed=0.0 dir=49.67 sat=7
2025-11-20 01:00:55 [INFO] Cached datetime=2025-11-19T22:00:55+00:00 valid=A lat=60.015173N lon=30.284026E speed=0.0 dir=49.67 sat=7
2025-11-20 01:00:56 [INFO] Cached datetime=2025-11-19T22:00:56+00:00 valid=A lat=60.015170N lon=30.284024E speed=0.0 dir=49.67 sat=7
2025-11-20 01:00:57 [INFO] Cached datetime=2025-11-19T22:00:57+00:00 valid=A lat=60.015167N lon=30.284021E speed=0.0 dir=49.67 sat=7
2025-11-20 01:00:58 [INFO] Cached datetime=2025-11-19T22:00:58+00:00 valid=A lat=60.015169N lon=30.284013E speed=1.17 dir=49.67 sat=7
2025-11-20 01:00:59 [INFO] Cached datetime=2025-11-19T22:00:59+00:00 valid=A lat=60.015171N lon=30.284010E speed=1.18 dir=49.67 sat=7
2025-11-20 01:01:00 [INFO] Cached datetime=2025-11-19T22:01:00+00:00 valid=A lat=60.015174N lon=30.284004E speed=1.3 dir=49.67 sat=7
2025-11-20 01:01:01 [INFO] Cached datetime=2025-11-19T22:01:01+00:00 valid=A lat=60.015177N lon=30.283998E speed=1.57 dir=49.67 sat=7
2025-11-20 01:01:02 [INFO] Cached datetime=2025-11-19T22:01:02+00:00 valid=A lat=60.015181N lon=30.283992E speed=1.65 dir=49.67 sat=7
2025-11-20 01:01:03 [INFO] Cached datetime=2025-11-19T22:01:03+00:00 valid=A lat=60.015185N lon=30.284003E speed=1.32 dir=49.67 sat=7
2025-11-20 01:01:04 [INFO] Cached datetime=2025-11-19T22:01:04+00:00 valid=A lat=60.015183N lon=30.284006E speed=0.0 dir=49.67 sat=7
2025-11-20 01:01:05 [INFO] Cached datetime=2025-11-19T22:01:05+00:00 valid=A lat=60.015181N lon=30.284009E speed=0.0 dir=49.67 sat=7
2025-11-20 01:01:06 [INFO] Cached datetime=2025-11-19T22:01:06+00:00 valid=A lat=60.015178N lon=30.284011E speed=0.0 dir=49.67 sat=7
2025-11-20 01:01:07 [INFO] Cached datetime=2025-11-19T22:01:07+00:00 valid=A lat=60.015178N lon=30.284010E speed=0.59 dir=49.67 sat=7
2025-11-20 01:01:08 [INFO] Cached datetime=2025-11-19T22:01:08+00:00 valid=A lat=60.015179N lon=30.284012E speed=0.57 dir=49.67 sat=7
2025-11-20 01:01:09 [INFO] Cached datetime=2025-11-19T22:01:09+00:00 valid=A lat=60.015178N lon=30.284018E speed=0.45 dir=49.67 sat=7
2025-11-20 01:01:10 [INFO] Cached datetime=2025-11-19T22:01:10+00:00 valid=A lat=60.015178N lon=30.284021E speed=0.46 dir=49.67 sat=7
2025-11-20 01:01:11 [INFO] Cached datetime=2025-11-19T22:01:11+00:00 valid=A lat=60.015178N lon=30.284021E speed=0.32 dir=49.67 sat=7
2025-11-20 01:01:12 [INFO] Cached datetime=2025-11-19T22:01:12+00:00 valid=A lat=60.015177N lon=30.284016E speed=0.19 dir=49.67 sat=7
2025-11-20 01:01:13 [INFO] Cache trigger reached: 100 >= 100
2025-11-20 01:01:13 [INFO] Cached datetime=2025-11-19T22:01:13+00:00 valid=A lat=60.015175N lon=30.284008E speed=0.0 dir=49.67 sat=7
2025-11-20 01:01:13 [INFO] Flushing 100 cached records (counter was 100)
2025-11-20 01:01:13 [INFO] Inserted 100 records into DB
2025-11-20 01:01:13 [WARNING] Retention: total=150100 > max_rows=150000, pruning...
2025-11-20 01:01:14 [INFO] Retention completed: kept latest 150000 rows
2025-11-20 01:01:14 [INFO] Cached datetime=2025-11-19T22:01:14+00:00 valid=A lat=60.015176N lon=30.284003E speed=0.0 dir=49.67 sat=6
2025-11-20 01:01:15 [INFO] Cached datetime=2025-11-19T22:01:15+00:00 valid=A lat=60.015180N lon=30.283988E speed=0.0 dir=49.67 sat=6
2025-11-20 01:01:15 [INFO] Received signal 2, shutting down...
2025-11-20 01:01:15 [INFO] NMEA reader task cancelled
2025-11-20 01:01:15 [INFO] DB flusher task cancelled
2025-11-20 01:01:15 [INFO] === GNRMC Unified App stopped ===
2025-11-20 01:01:40 [INFO] === GNRMC Unified App starting ===
2025-11-20 01:01:40 [INFO] Config: etc/gnrmc-provider.toml | DB=data/gnrmc.db | MaxRows=150000 | Host=0.0.0.0:7000 | CacheLen=5000 | CacheTrigger=100
2025-11-20 01:01:40 [INFO] DB initialized at data/gnrmc.db
2025-11-20 01:01:40 [INFO] Reading NMEA from serial: /dev/ttyS3 (baud=9600)
2025-11-20 01:01:41 [INFO] Cached datetime=2025-11-19T22:01:41+00:00 valid=A lat=60.014999N lon=30.283371E speed=1.43 dir=234.41 sat=7
2025-11-20 01:01:42 [INFO] Cached datetime=2025-11-19T22:01:42+00:00 valid=A lat=60.014997N lon=30.283372E speed=1.22 dir=234.41 sat=7
2025-11-20 01:01:43 [INFO] Cached datetime=2025-11-19T22:01:43+00:00 valid=A lat=60.014996N lon=30.283378E speed=1.25 dir=234.41 sat=7
2025-11-20 01:01:44 [INFO] Cached datetime=2025-11-19T22:01:44+00:00 valid=A lat=60.014996N lon=30.283386E speed=1.29 dir=234.41 sat=7
2025-11-20 01:01:45 [INFO] Cached datetime=2025-11-19T22:01:45+00:00 valid=A lat=60.014994N lon=30.283388E speed=1.04 dir=234.41 sat=7
2025-11-20 01:01:46 [INFO] Cached datetime=2025-11-19T22:01:46+00:00 valid=A lat=60.014993N lon=30.283390E speed=1.28 dir=234.41 sat=7
2025-11-20 01:01:47 [INFO] Cached datetime=2025-11-19T22:01:47+00:00 valid=A lat=60.014992N lon=30.283387E speed=1.32 dir=234.41 sat=7
2025-11-20 01:01:48 [INFO] Cached datetime=2025-11-19T22:01:48+00:00 valid=A lat=60.014992N lon=30.283385E speed=1.5 dir=234.41 sat=6
2025-11-20 01:01:49 [INFO] Cached datetime=2025-11-19T22:01:49+00:00 valid=A lat=60.014991N lon=30.283381E speed=1.77 dir=234.41 sat=6
2025-11-20 01:01:50 [INFO] Cached datetime=2025-11-19T22:01:50+00:00 valid=A lat=60.014992N lon=30.283378E speed=1.8 dir=234.41 sat=6
2025-11-20 01:01:51 [INFO] Cached datetime=2025-11-19T22:01:51+00:00 valid=A lat=60.014992N lon=30.283370E speed=1.44 dir=234.41 sat=6
2025-11-20 01:01:52 [INFO] Cached datetime=2025-11-19T22:01:52+00:00 valid=A lat=60.014991N lon=30.283360E speed=1.41 dir=234.41 sat=6
2025-11-20 01:01:53 [INFO] Cached datetime=2025-11-19T22:01:53+00:00 valid=A lat=60.014995N lon=30.283371E speed=1.89 dir=234.41 sat=6
2025-11-20 01:01:54 [INFO] Cached datetime=2025-11-19T22:01:54+00:00 valid=A lat=60.014998N lon=30.283373E speed=2.13 dir=280.77 sat=6
2025-11-20 01:01:55 [INFO] Cached datetime=2025-11-19T22:01:55+00:00 valid=A lat=60.015003N lon=30.283373E speed=1.59 dir=280.77 sat=6
2025-11-20 01:01:56 [INFO] Cached datetime=2025-11-19T22:01:56+00:00 valid=A lat=60.015010N lon=30.283389E speed=1.39 dir=280.77 sat=6
2025-11-20 01:01:57 [INFO] Cached datetime=2025-11-19T22:01:57+00:00 valid=A lat=60.015017N lon=30.283426E speed=0.0 dir=280.77 sat=6
2025-11-20 01:01:58 [INFO] Cached datetime=2025-11-19T22:01:58+00:00 valid=A lat=60.015023N lon=30.283458E speed=0.0 dir=280.77 sat=6
2025-11-20 01:01:59 [INFO] Cached datetime=2025-11-19T22:01:59+00:00 valid=A lat=60.015027N lon=30.283490E speed=0.0 dir=280.77 sat=5
2025-11-20 01:02:00 [INFO] Cached datetime=2025-11-19T22:02:00+00:00 valid=A lat=60.015028N lon=30.283501E speed=0.0 dir=280.77 sat=5
2025-11-20 01:02:01 [INFO] Cached datetime=2025-11-19T22:02:01+00:00 valid=A lat=60.015028N lon=30.283511E speed=0.0 dir=280.77 sat=5
2025-11-20 01:02:02 [INFO] Cached datetime=2025-11-19T22:02:02+00:00 valid=A lat=60.015029N lon=30.283528E speed=0.0 dir=280.77 sat=5
2025-11-20 01:02:03 [INFO] Cached datetime=2025-11-19T22:02:03+00:00 valid=A lat=60.015028N lon=30.283534E speed=0.0 dir=280.77 sat=5
2025-11-20 01:02:04 [INFO] Cached datetime=2025-11-19T22:02:04+00:00 valid=A lat=60.015023N lon=30.283540E speed=1.03 dir=280.77 sat=5
2025-11-20 01:02:05 [INFO] Cached datetime=2025-11-19T22:02:05+00:00 valid=A lat=60.015016N lon=30.283546E speed=1.08 dir=280.77 sat=5
2025-11-20 01:02:06 [INFO] Cached datetime=2025-11-19T22:02:06+00:00 valid=A lat=60.015011N lon=30.283553E speed=0.91 dir=280.77 sat=5
2025-11-20 01:02:07 [INFO] Cached datetime=2025-11-19T22:02:07+00:00 valid=A lat=60.015006N lon=30.283564E speed=0.87 dir=280.77 sat=5
2025-11-20 01:02:08 [INFO] Cached datetime=2025-11-19T22:02:08+00:00 valid=A lat=60.015001N lon=30.283572E speed=0.84 dir=280.77 sat=5
2025-11-20 01:02:09 [INFO] Cached datetime=2025-11-19T22:02:09+00:00 valid=A lat=60.014996N lon=30.283581E speed=0.66 dir=280.77 sat=5
2025-11-20 01:02:10 [INFO] Cached datetime=2025-11-19T22:02:10+00:00 valid=A lat=60.014992N lon=30.283590E speed=0.58 dir=280.77 sat=5
2025-11-20 01:02:11 [INFO] Cached datetime=2025-11-19T22:02:11+00:00 valid=A lat=60.014990N lon=30.283602E speed=0.74 dir=280.77 sat=5
2025-11-20 01:02:12 [INFO] Cached datetime=2025-11-19T22:02:12+00:00 valid=A lat=60.014989N lon=30.283614E speed=0.64 dir=280.77 sat=5
2025-11-20 01:02:13 [INFO] Cached datetime=2025-11-19T22:02:13+00:00 valid=A lat=60.014989N lon=30.283626E speed=0.65 dir=280.77 sat=5
2025-11-20 01:02:14 [INFO] Cached datetime=2025-11-19T22:02:14+00:00 valid=A lat=60.014987N lon=30.283640E speed=0.82 dir=280.77 sat=5
2025-11-20 01:02:15 [INFO] Cached datetime=2025-11-19T22:02:15+00:00 valid=A lat=60.014986N lon=30.283653E speed=0.71 dir=280.77 sat=5
2025-11-20 01:02:16 [INFO] Cached datetime=2025-11-19T22:02:16+00:00 valid=A lat=60.014985N lon=30.283671E speed=0.93 dir=280.77 sat=5
2025-11-20 01:02:17 [INFO] Cached datetime=2025-11-19T22:02:17+00:00 valid=A lat=60.014985N lon=30.283689E speed=0.78 dir=280.77 sat=5
2025-11-20 01:02:18 [INFO] Cached datetime=2025-11-19T22:02:18+00:00 valid=A lat=60.014986N lon=30.283704E speed=0.38 dir=280.77 sat=5
2025-11-20 01:02:19 [INFO] Cached datetime=2025-11-19T22:02:19+00:00 valid=A lat=60.014986N lon=30.283718E speed=0.55 dir=280.77 sat=5
2025-11-20 01:02:20 [INFO] Cached datetime=2025-11-19T22:02:20+00:00 valid=A lat=60.014988N lon=30.283726E speed=0.75 dir=280.77 sat=5
2025-11-20 01:02:21 [INFO] Cached datetime=2025-11-19T22:02:21+00:00 valid=A lat=60.014987N lon=30.283734E speed=0.8 dir=280.77 sat=5
2025-11-20 01:02:22 [INFO] Cached datetime=2025-11-19T22:02:22+00:00 valid=A lat=60.014989N lon=30.283745E speed=0.77 dir=280.77 sat=5
2025-11-20 01:02:23 [INFO] Cached datetime=2025-11-19T22:02:23+00:00 valid=A lat=60.014993N lon=30.283761E speed=0.86 dir=280.77 sat=6
2025-11-20 01:02:24 [INFO] Cached datetime=2025-11-19T22:02:24+00:00 valid=A lat=60.014989N lon=30.283776E speed=0.0 dir=280.77 sat=6
2025-11-20 01:02:25 [INFO] Cached datetime=2025-11-19T22:02:25+00:00 valid=A lat=60.014987N lon=30.283781E speed=0.0 dir=280.77 sat=6
2025-11-20 01:02:26 [INFO] Cached datetime=2025-11-19T22:02:26+00:00 valid=A lat=60.014984N lon=30.283786E speed=0.0 dir=280.77 sat=6
2025-11-20 01:02:27 [INFO] Cached datetime=2025-11-19T22:02:27+00:00 valid=A lat=60.014981N lon=30.283783E speed=0.71 dir=280.77 sat=6
2025-11-20 01:02:28 [INFO] Cached datetime=2025-11-19T22:02:28+00:00 valid=A lat=60.014972N lon=30.283764E speed=2.04 dir=243.27 sat=6
2025-11-20 01:02:29 [INFO] Cached datetime=2025-11-19T22:02:29+00:00 valid=A lat=60.014967N lon=30.283747E speed=2.14 dir=244.36 sat=6
2025-11-20 01:02:30 [INFO] Cached datetime=2025-11-19T22:02:30+00:00 valid=A lat=60.014956N lon=30.283723E speed=2.98 dir=242.69 sat=6
2025-11-20 01:02:31 [INFO] Cached datetime=2025-11-19T22:02:31+00:00 valid=A lat=60.014949N lon=30.283703E speed=3.0 dir=247.78 sat=6
2025-11-20 01:02:32 [INFO] Cached datetime=2025-11-19T22:02:32+00:00 valid=A lat=60.014926N lon=30.283748E speed=1.87 dir=247.78 sat=7
2025-11-20 01:02:33 [INFO] Cached datetime=2025-11-19T22:02:33+00:00 valid=A lat=60.014921N lon=30.283740E speed=1.78 dir=247.78 sat=7
2025-11-20 01:02:34 [INFO] Cached datetime=2025-11-19T22:02:34+00:00 valid=A lat=60.014912N lon=30.283728E speed=2.08 dir=248.55 sat=7
2025-11-20 01:02:35 [INFO] Cached datetime=2025-11-19T22:02:35+00:00 valid=A lat=60.014906N lon=30.283710E speed=2.52 dir=246.07 sat=7
2025-11-20 01:02:36 [INFO] Cached datetime=2025-11-19T22:02:36+00:00 valid=A lat=60.014900N lon=30.283691E speed=2.06 dir=248.18 sat=7
2025-11-20 01:02:37 [INFO] Cached datetime=2025-11-19T22:02:37+00:00 valid=A lat=60.014892N lon=30.283673E speed=2.05 dir=250.25 sat=7
2025-11-20 01:02:38 [INFO] Cached datetime=2025-11-19T22:02:38+00:00 valid=A lat=60.014887N lon=30.283653E speed=2.36 dir=249.64 sat=7
2025-11-20 01:02:39 [INFO] Cached datetime=2025-11-19T22:02:39+00:00 valid=A lat=60.014880N lon=30.283631E speed=2.48 dir=243.15 sat=7
2025-11-20 01:02:40 [INFO] Cached datetime=2025-11-19T22:02:40+00:00 valid=A lat=60.014872N lon=30.283610E speed=2.28 dir=232.46 sat=7
2025-11-20 01:02:41 [INFO] Cached datetime=2025-11-19T22:02:41+00:00 valid=A lat=60.014865N lon=30.283594E speed=2.2 dir=232.6 sat=7
2025-11-20 01:02:42 [INFO] Cached datetime=2025-11-19T22:02:42+00:00 valid=A lat=60.014867N lon=30.283600E speed=0.0 dir=232.6 sat=7
2025-11-20 01:02:43 [INFO] Cached datetime=2025-11-19T22:02:43+00:00 valid=A lat=60.014864N lon=30.283601E speed=0.0 dir=232.6 sat=7
2025-11-20 01:02:44 [INFO] Cached datetime=2025-11-19T22:02:44+00:00 valid=A lat=60.014862N lon=30.283604E speed=0.0 dir=232.6 sat=6
2025-11-20 01:02:45 [INFO] Cached datetime=2025-11-19T22:02:45+00:00 valid=A lat=60.014861N lon=30.283606E speed=0.0 dir=232.6 sat=6
2025-11-20 01:02:46 [INFO] Cached datetime=2025-11-19T22:02:46+00:00 valid=A lat=60.014862N lon=30.283608E speed=0.0 dir=232.6 sat=6
2025-11-20 01:02:47 [INFO] Cached datetime=2025-11-19T22:02:47+00:00 valid=A lat=60.014860N lon=30.283608E speed=0.0 dir=232.6 sat=6
2025-11-20 01:02:48 [INFO] Cached datetime=2025-11-19T22:02:48+00:00 valid=A lat=60.014859N lon=30.283608E speed=0.0 dir=232.6 sat=6
2025-11-20 01:02:49 [INFO] Cached datetime=2025-11-19T22:02:49+00:00 valid=A lat=60.014859N lon=30.283610E speed=0.0 dir=232.6 sat=6
2025-11-20 01:02:50 [INFO] Cached datetime=2025-11-19T22:02:50+00:00 valid=A lat=60.014856N lon=30.283608E speed=0.0 dir=232.6 sat=6
2025-11-20 01:02:51 [INFO] Cached datetime=2025-11-19T22:02:51+00:00 valid=A lat=60.014856N lon=30.283608E speed=0.0 dir=232.6 sat=6
2025-11-20 01:02:52 [INFO] Cached datetime=2025-11-19T22:02:52+00:00 valid=A lat=60.014852N lon=30.283602E speed=0.72 dir=232.6 sat=7
2025-11-20 01:02:53 [INFO] Cached datetime=2025-11-19T22:02:53+00:00 valid=A lat=60.014851N lon=30.283601E speed=0.0 dir=232.6 sat=7
2025-11-20 01:02:54 [INFO] Cached datetime=2025-11-19T22:02:54+00:00 valid=A lat=60.014851N lon=30.283601E speed=0.0 dir=232.6 sat=7
2025-11-20 01:02:55 [INFO] Cached datetime=2025-11-19T22:02:55+00:00 valid=A lat=60.014850N lon=30.283600E speed=0.0 dir=232.6 sat=7
2025-11-20 01:02:56 [INFO] Cached datetime=2025-11-19T22:02:56+00:00 valid=A lat=60.014847N lon=30.283588E speed=1.32 dir=232.6 sat=7
2025-11-20 01:02:57 [INFO] Cached datetime=2025-11-19T22:02:57+00:00 valid=A lat=60.014843N lon=30.283571E speed=1.83 dir=232.6 sat=7
2025-11-20 01:02:58 [INFO] Cached datetime=2025-11-19T22:02:58+00:00 valid=A lat=60.014839N lon=30.283552E speed=1.87 dir=232.6 sat=7
2025-11-20 01:02:59 [INFO] Cached datetime=2025-11-19T22:02:59+00:00 valid=A lat=60.014837N lon=30.283531E speed=1.73 dir=232.6 sat=7
2025-11-20 01:03:00 [INFO] Cached datetime=2025-11-19T22:03:00+00:00 valid=A lat=60.014835N lon=30.283508E speed=1.71 dir=232.6 sat=7
2025-11-20 01:03:01 [INFO] Cached datetime=2025-11-19T22:03:01+00:00 valid=A lat=60.014833N lon=30.283492E speed=1.53 dir=232.6 sat=7
2025-11-20 01:03:02 [INFO] Cached datetime=2025-11-19T22:03:02+00:00 valid=A lat=60.014833N lon=30.283478E speed=1.57 dir=232.6 sat=7
2025-11-20 01:03:03 [INFO] Cached datetime=2025-11-19T22:03:03+00:00 valid=A lat=60.014833N lon=30.283470E speed=1.62 dir=232.6 sat=7
2025-11-20 01:03:04 [INFO] Cached datetime=2025-11-19T22:03:04+00:00 valid=A lat=60.014830N lon=30.283470E speed=1.21 dir=232.6 sat=7
2025-11-20 01:03:05 [INFO] Cached datetime=2025-11-19T22:03:05+00:00 valid=A lat=60.014829N lon=30.283468E speed=0.62 dir=232.6 sat=7
2025-11-20 01:03:06 [INFO] Cached datetime=2025-11-19T22:03:06+00:00 valid=A lat=60.014829N lon=30.283463E speed=0.7 dir=232.6 sat=7
2025-11-20 01:03:07 [INFO] Cached datetime=2025-11-19T22:03:07+00:00 valid=A lat=60.014831N lon=30.283472E speed=0.85 dir=232.6 sat=6
2025-11-20 01:03:08 [INFO] Cached datetime=2025-11-19T22:03:08+00:00 valid=A lat=60.014836N lon=30.283490E speed=1.45 dir=232.6 sat=6
2025-11-20 01:03:09 [INFO] Cached datetime=2025-11-19T22:03:09+00:00 valid=A lat=60.014829N lon=30.283509E speed=1.14 dir=232.6 sat=6
2025-11-20 01:03:09 [INFO] Received signal 2, shutting down...
2025-11-20 01:03:09 [INFO] NMEA reader task cancelled
2025-11-20 01:03:09 [INFO] DB flusher task cancelled
2025-11-20 01:03:09 [INFO] === GNRMC Unified App stopped ===
2025-11-20 01:08:10 [INFO] === GNRMC Unified App starting ===
2025-11-20 01:08:10 [INFO] DB initialized at data/gnrmc.db
2025-11-20 01:08:10 [INFO] Reading NMEA from serial: /dev/ttyS3 (baud=9600)
2025-11-20 01:08:10 [INFO] Cached datetime=2025-11-19T22:08:10+00:00 valid=A lat=60.015128N lon=30.284159E speed=0.0 dir=263.6 sat=None
2025-11-20 01:08:11 [INFO] Cached datetime=2025-11-19T22:08:11+00:00 valid=A lat=60.015128N lon=30.284157E speed=0.0 dir=263.6 sat=6
2025-11-20 01:08:12 [INFO] Cached datetime=2025-11-19T22:08:12+00:00 valid=A lat=60.015128N lon=30.284155E speed=0.0 dir=263.6 sat=6
2025-11-20 01:08:13 [INFO] Cached datetime=2025-11-19T22:08:13+00:00 valid=A lat=60.015128N lon=30.284153E speed=0.0 dir=263.6 sat=6
2025-11-20 01:08:14 [INFO] Cached datetime=2025-11-19T22:08:14+00:00 valid=A lat=60.015128N lon=30.284151E speed=0.0 dir=263.6 sat=6
2025-11-20 01:08:15 [INFO] Cached datetime=2025-11-19T22:08:15+00:00 valid=A lat=60.015133N lon=30.284133E speed=2.19 dir=307.05 sat=6
2025-11-20 01:08:16 [INFO] Cached datetime=2025-11-19T22:08:16+00:00 valid=A lat=60.015145N lon=30.284135E speed=1.94 dir=307.05 sat=6
2025-11-20 01:08:17 [INFO] Cached datetime=2025-11-19T22:08:17+00:00 valid=A lat=60.015153N lon=30.284135E speed=1.38 dir=307.05 sat=6
2025-11-20 01:08:18 [INFO] Cached datetime=2025-11-19T22:08:18+00:00 valid=A lat=60.015155N lon=30.284124E speed=0.88 dir=307.05 sat=6
2025-11-20 01:08:19 [INFO] Cached datetime=2025-11-19T22:08:19+00:00 valid=A lat=60.015154N lon=30.284120E speed=0.34 dir=307.05 sat=6
2025-11-20 01:08:20 [INFO] Cached datetime=2025-11-19T22:08:20+00:00 valid=A lat=60.015153N lon=30.284117E speed=0.0 dir=307.05 sat=6
2025-11-20 01:08:21 [INFO] Cached datetime=2025-11-19T22:08:21+00:00 valid=A lat=60.015152N lon=30.284114E speed=0.0 dir=307.05 sat=6
2025-11-20 01:08:22 [INFO] Cached datetime=2025-11-19T22:08:22+00:00 valid=A lat=60.015152N lon=30.284112E speed=0.0 dir=307.05 sat=6
2025-11-20 01:08:23 [INFO] Cached datetime=2025-11-19T22:08:23+00:00 valid=A lat=60.015151N lon=30.284109E speed=0.0 dir=307.05 sat=6
2025-11-20 01:08:24 [INFO] Cached datetime=2025-11-19T22:08:24+00:00 valid=A lat=60.015150N lon=30.284107E speed=0.0 dir=307.05 sat=6
2025-11-20 01:08:25 [INFO] Cached datetime=2025-11-19T22:08:25+00:00 valid=A lat=60.015149N lon=30.284105E speed=0.0 dir=307.05 sat=6
2025-11-20 01:08:26 [INFO] Cached datetime=2025-11-19T22:08:26+00:00 valid=A lat=60.015147N lon=30.284104E speed=0.0 dir=307.05 sat=6
2025-11-20 01:08:27 [INFO] Cached datetime=2025-11-19T22:08:27+00:00 valid=A lat=60.015145N lon=30.284103E speed=0.0 dir=307.05 sat=6
2025-11-20 01:08:28 [INFO] Cached datetime=2025-11-19T22:08:28+00:00 valid=A lat=60.015141N lon=30.284087E speed=1.77 dir=307.05 sat=6
2025-11-20 01:08:29 [INFO] Cached datetime=2025-11-19T22:08:29+00:00 valid=A lat=60.015132N lon=30.284049E speed=3.34 dir=246.38 sat=6
2025-11-20 01:08:30 [INFO] Cached datetime=2025-11-19T22:08:30+00:00 valid=A lat=60.015124N lon=30.284029E speed=3.04 dir=238.56 sat=6
2025-11-20 01:08:31 [INFO] Cached datetime=2025-11-19T22:08:31+00:00 valid=A lat=60.015113N lon=30.284009E speed=3.22 dir=229.71 sat=6
2025-11-20 01:08:32 [INFO] Cached datetime=2025-11-19T22:08:32+00:00 valid=A lat=60.015102N lon=30.284000E speed=2.54 dir=215.24 sat=6
2025-11-20 01:08:33 [INFO] Cached datetime=2025-11-19T22:08:33+00:00 valid=A lat=60.015094N lon=30.283996E speed=1.14 dir=215.24 sat=6
2025-11-20 01:08:34 [INFO] Cached datetime=2025-11-19T22:08:34+00:00 valid=A lat=60.015092N lon=30.284004E speed=0.4 dir=215.24 sat=6
2025-11-20 01:08:35 [INFO] Cached datetime=2025-11-19T22:08:35+00:00 valid=A lat=60.015089N lon=30.284009E speed=0.97 dir=215.24 sat=6
2025-11-20 01:08:36 [INFO] Cached datetime=2025-11-19T22:08:36+00:00 valid=A lat=60.015085N lon=30.284015E speed=1.02 dir=215.24 sat=6
2025-11-20 01:08:37 [INFO] Cached datetime=2025-11-19T22:08:37+00:00 valid=A lat=60.015085N lon=30.284024E speed=0.92 dir=215.24 sat=6
2025-11-20 01:08:38 [INFO] Cached datetime=2025-11-19T22:08:38+00:00 valid=A lat=60.015084N lon=30.284031E speed=0.51 dir=215.24 sat=6
2025-11-20 01:08:39 [INFO] Cached datetime=2025-11-19T22:08:39+00:00 valid=A lat=60.015083N lon=30.284035E speed=0.26 dir=215.24 sat=6
2025-11-20 01:08:40 [INFO] Cached datetime=2025-11-19T22:08:40+00:00 valid=A lat=60.015084N lon=30.284038E speed=0.64 dir=215.24 sat=6
2025-11-20 01:08:41 [INFO] Cached datetime=2025-11-19T22:08:41+00:00 valid=A lat=60.015086N lon=30.284044E speed=1.0 dir=215.24 sat=6
2025-11-20 01:08:42 [INFO] Cached datetime=2025-11-19T22:08:42+00:00 valid=A lat=60.015084N lon=30.284045E speed=0.48 dir=215.24 sat=6
2025-11-20 01:08:43 [INFO] Cached datetime=2025-11-19T22:08:43+00:00 valid=A lat=60.015079N lon=30.284042E speed=0.67 dir=215.24 sat=6
2025-11-20 01:08:44 [INFO] Cached datetime=2025-11-19T22:08:44+00:00 valid=A lat=60.015073N lon=30.284010E speed=1.38 dir=215.24 sat=6
2025-11-20 01:08:45 [INFO] Cached datetime=2025-11-19T22:08:45+00:00 valid=A lat=60.015067N lon=30.284000E speed=1.37 dir=215.24 sat=6
2025-11-20 01:08:46 [INFO] Cached datetime=2025-11-19T22:08:46+00:00 valid=A lat=60.015059N lon=30.283995E speed=1.38 dir=215.24 sat=6
2025-11-20 01:08:47 [INFO] Cached datetime=2025-11-19T22:08:47+00:00 valid=A lat=60.015060N lon=30.283997E speed=0.0 dir=215.24 sat=6
2025-11-20 01:08:48 [INFO] Cached datetime=2025-11-19T22:08:48+00:00 valid=A lat=60.015059N lon=30.283997E speed=0.0 dir=215.24 sat=6
2025-11-20 01:08:49 [INFO] Cached datetime=2025-11-19T22:08:49+00:00 valid=A lat=60.015057N lon=30.283995E speed=0.0 dir=215.24 sat=6
2025-11-20 01:08:50 [INFO] Cached datetime=2025-11-19T22:08:50+00:00 valid=A lat=60.015056N lon=30.283994E speed=0.0 dir=215.24 sat=6
2025-11-20 01:08:51 [INFO] Cached datetime=2025-11-19T22:08:51+00:00 valid=A lat=60.015054N lon=30.283992E speed=0.0 dir=215.24 sat=6
2025-11-20 01:08:52 [INFO] Cached datetime=2025-11-19T22:08:52+00:00 valid=A lat=60.015053N lon=30.283990E speed=0.0 dir=215.24 sat=6
2025-11-20 01:08:53 [INFO] Cached datetime=2025-11-19T22:08:53+00:00 valid=A lat=60.015052N lon=30.283989E speed=0.0 dir=215.24 sat=6
2025-11-20 01:08:54 [INFO] Cached datetime=2025-11-19T22:08:54+00:00 valid=A lat=60.015049N lon=30.283989E speed=0.3 dir=215.24 sat=6
2025-11-20 01:08:55 [INFO] Cached datetime=2025-11-19T22:08:55+00:00 valid=A lat=60.015046N lon=30.283988E speed=0.35 dir=215.24 sat=6
2025-11-20 01:08:56 [INFO] Cached datetime=2025-11-19T22:08:56+00:00 valid=A lat=60.015045N lon=30.283988E speed=0.22 dir=215.24 sat=6
2025-11-20 01:08:57 [INFO] Cached datetime=2025-11-19T22:08:57+00:00 valid=A lat=60.015044N lon=30.283989E speed=0.15 dir=215.24 sat=6
2025-11-20 01:08:58 [INFO] Cached datetime=2025-11-19T22:08:58+00:00 valid=A lat=60.015043N lon=30.283990E speed=0.08 dir=215.24 sat=6
2025-11-20 01:08:59 [INFO] Cached datetime=2025-11-19T22:08:59+00:00 valid=A lat=60.015045N lon=30.283990E speed=0.35 dir=215.24 sat=6
2025-11-20 01:09:00 [INFO] Cached datetime=2025-11-19T22:09:00+00:00 valid=A lat=60.015043N lon=30.283990E speed=0.0 dir=215.24 sat=6
2025-11-20 01:09:01 [INFO] Cached datetime=2025-11-19T22:09:01+00:00 valid=A lat=60.015042N lon=30.283990E speed=0.0 dir=215.24 sat=6
2025-11-20 01:09:02 [INFO] Cached datetime=2025-11-19T22:09:02+00:00 valid=A lat=60.015040N lon=30.283989E speed=0.0 dir=215.24 sat=6
2025-11-20 01:09:03 [INFO] Cached datetime=2025-11-19T22:09:03+00:00 valid=A lat=60.015039N lon=30.283989E speed=0.0 dir=215.24 sat=6
2025-11-20 01:09:04 [INFO] Cached datetime=2025-11-19T22:09:04+00:00 valid=A lat=60.015037N lon=30.283988E speed=0.0 dir=215.24 sat=6
2025-11-20 01:09:05 [INFO] Cached datetime=2025-11-19T22:09:05+00:00 valid=A lat=60.015036N lon=30.283988E speed=0.0 dir=215.24 sat=6
2025-11-20 01:09:06 [INFO] Cached datetime=2025-11-19T22:09:06+00:00 valid=A lat=60.015035N lon=30.283987E speed=0.0 dir=215.24 sat=6
2025-11-20 01:09:07 [INFO] Cached datetime=2025-11-19T22:09:07+00:00 valid=A lat=60.015037N lon=30.283984E speed=0.52 dir=215.24 sat=6
2025-11-20 01:09:08 [INFO] Cached datetime=2025-11-19T22:09:08+00:00 valid=A lat=60.015039N lon=30.283979E speed=0.68 dir=215.24 sat=6
2025-11-20 01:09:09 [INFO] Cached datetime=2025-11-19T22:09:09+00:00 valid=A lat=60.015038N lon=30.283977E speed=0.0 dir=215.24 sat=6
2025-11-20 01:09:10 [INFO] Cached datetime=2025-11-19T22:09:10+00:00 valid=A lat=60.015037N lon=30.283973E speed=0.0 dir=215.24 sat=6
2025-11-20 01:09:11 [INFO] Cached datetime=2025-11-19T22:09:11+00:00 valid=A lat=60.015037N lon=30.283970E speed=0.0 dir=215.24 sat=6
2025-11-20 01:09:12 [INFO] Cached datetime=2025-11-19T22:09:12+00:00 valid=A lat=60.015040N lon=30.283969E speed=0.59 dir=215.24 sat=6
2025-11-20 01:09:13 [INFO] Cached datetime=2025-11-19T22:09:13+00:00 valid=A lat=60.015042N lon=30.283967E speed=0.42 dir=215.24 sat=6
2025-11-20 01:09:14 [INFO] Cached datetime=2025-11-19T22:09:14+00:00 valid=A lat=60.015042N lon=30.283966E speed=0.0 dir=215.24 sat=6
2025-11-20 01:09:15 [INFO] Cached datetime=2025-11-19T22:09:15+00:00 valid=A lat=60.015042N lon=30.283964E speed=0.0 dir=215.24 sat=6
2025-11-20 01:09:16 [INFO] Cached datetime=2025-11-19T22:09:16+00:00 valid=A lat=60.015040N lon=30.283960E speed=0.0 dir=215.24 sat=5
2025-11-20 01:09:17 [INFO] Cached datetime=2025-11-19T22:09:17+00:00 valid=A lat=60.015040N lon=30.283959E speed=0.0 dir=215.24 sat=5
2025-11-20 01:09:18 [INFO] Cached datetime=2025-11-19T22:09:18+00:00 valid=A lat=60.015039N lon=30.283957E speed=0.0 dir=215.24 sat=5
2025-11-20 01:09:19 [INFO] Cached datetime=2025-11-19T22:09:19+00:00 valid=A lat=60.015039N lon=30.283957E speed=0.0 dir=215.24 sat=5
2025-11-20 01:09:20 [INFO] Cached datetime=2025-11-19T22:09:20+00:00 valid=A lat=60.015037N lon=30.283960E speed=0.71 dir=215.24 sat=5
2025-11-20 01:09:21 [INFO] Cached datetime=2025-11-19T22:09:21+00:00 valid=A lat=60.015035N lon=30.283963E speed=0.81 dir=215.24 sat=5
2025-11-20 01:09:22 [INFO] Cached datetime=2025-11-19T22:09:22+00:00 valid=A lat=60.015029N lon=30.283958E speed=1.18 dir=215.24 sat=5
2025-11-20 01:09:23 [INFO] Cached datetime=2025-11-19T22:09:23+00:00 valid=A lat=60.015023N lon=30.283952E speed=0.88 dir=215.24 sat=5
2025-11-20 01:09:24 [INFO] Cached datetime=2025-11-19T22:09:24+00:00 valid=A lat=60.015024N lon=30.283951E speed=0.0 dir=215.24 sat=5
2025-11-20 01:09:25 [INFO] Cached datetime=2025-11-19T22:09:25+00:00 valid=A lat=60.015023N lon=30.283946E speed=0.0 dir=215.24 sat=5
2025-11-20 01:09:26 [INFO] Cached datetime=2025-11-19T22:09:26+00:00 valid=A lat=60.015022N lon=30.283945E speed=0.0 dir=215.24 sat=5
2025-11-20 01:09:27 [INFO] Cached datetime=2025-11-19T22:09:27+00:00 valid=A lat=60.015022N lon=30.283944E speed=0.0 dir=215.24 sat=5
2025-11-20 01:09:28 [INFO] Cached datetime=2025-11-19T22:09:28+00:00 valid=A lat=60.015023N lon=30.283943E speed=0.0 dir=215.24 sat=5
2025-11-20 01:09:29 [INFO] Cached datetime=2025-11-19T22:09:29+00:00 valid=A lat=60.015023N lon=30.283942E speed=0.0 dir=215.24 sat=5
2025-11-20 01:09:30 [INFO] Cached datetime=2025-11-19T22:09:30+00:00 valid=A lat=60.015024N lon=30.283941E speed=0.0 dir=215.24 sat=5
2025-11-20 01:09:31 [INFO] Cached datetime=2025-11-19T22:09:31+00:00 valid=A lat=60.015018N lon=30.283930E speed=1.93 dir=215.24 sat=5
2025-11-20 01:09:32 [INFO] Cached datetime=2025-11-19T22:09:32+00:00 valid=A lat=60.015010N lon=30.283900E speed=2.97 dir=233.72 sat=5
2025-11-20 01:09:33 [INFO] Cached datetime=2025-11-19T22:09:33+00:00 valid=A lat=60.015003N lon=30.283878E speed=2.91 dir=234.4 sat=5
2025-11-20 01:09:34 [INFO] Cached datetime=2025-11-19T22:09:34+00:00 valid=A lat=60.015003N lon=30.283880E speed=0.0 dir=234.4 sat=5
2025-11-20 01:09:35 [INFO] Cached datetime=2025-11-19T22:09:35+00:00 valid=A lat=60.015005N lon=30.283883E speed=0.0 dir=234.4 sat=5
2025-11-20 01:09:36 [INFO] Cached datetime=2025-11-19T22:09:36+00:00 valid=A lat=60.015005N lon=30.283884E speed=0.0 dir=234.4 sat=5
2025-11-20 01:09:37 [INFO] Cached datetime=2025-11-19T22:09:37+00:00 valid=A lat=60.015008N lon=30.283888E speed=0.0 dir=234.4 sat=5
2025-11-20 01:09:38 [INFO] Cached datetime=2025-11-19T22:09:38+00:00 valid=A lat=60.015008N lon=30.283888E speed=0.0 dir=234.4 sat=5
2025-11-20 01:09:39 [INFO] Cached datetime=2025-11-19T22:09:39+00:00 valid=A lat=60.015009N lon=30.283888E speed=0.0 dir=234.4 sat=5
2025-11-20 01:09:40 [INFO] Cached datetime=2025-11-19T22:09:40+00:00 valid=A lat=60.015009N lon=30.283888E speed=0.0 dir=234.4 sat=5
2025-11-20 01:09:41 [INFO] Cached datetime=2025-11-19T22:09:41+00:00 valid=A lat=60.015006N lon=30.283874E speed=0.0 dir=234.4 sat=5
2025-11-20 01:09:42 [INFO] Cached datetime=2025-11-19T22:09:42+00:00 valid=A lat=60.015005N lon=30.283866E speed=0.0 dir=234.4 sat=5
2025-11-20 01:09:43 [INFO] Cached datetime=2025-11-19T22:09:43+00:00 valid=A lat=60.015005N lon=30.283863E speed=0.0 dir=234.4 sat=5
2025-11-20 01:09:44 [INFO] Cached datetime=2025-11-19T22:09:44+00:00 valid=A lat=60.015005N lon=30.283861E speed=0.0 dir=234.4 sat=6
2025-11-20 01:09:45 [INFO] Cached datetime=2025-11-19T22:09:45+00:00 valid=A lat=60.015006N lon=30.283860E speed=0.0 dir=234.4 sat=6
2025-11-20 01:09:46 [INFO] Cached datetime=2025-11-19T22:09:46+00:00 valid=A lat=60.015007N lon=30.283860E speed=0.0 dir=234.4 sat=6
2025-11-20 01:09:47 [INFO] Cached datetime=2025-11-19T22:09:47+00:00 valid=A lat=60.015007N lon=30.283859E speed=0.0 dir=234.4 sat=6
2025-11-20 01:09:48 [INFO] Cached datetime=2025-11-19T22:09:48+00:00 valid=A lat=60.015008N lon=30.283859E speed=0.0 dir=234.4 sat=6
2025-11-20 01:09:49 [INFO] Cache trigger reached: 100 >= 100
2025-11-20 01:09:49 [INFO] Cached datetime=2025-11-19T22:09:49+00:00 valid=A lat=60.015008N lon=30.283858E speed=0.0 dir=234.4 sat=6
2025-11-20 01:09:49 [INFO] Flushing 100 cached records (counter was 100)
2025-11-20 01:09:49 [INFO] Inserted 100 records into DB
2025-11-20 01:09:49 [WARNING] Retention: total=150100 > max_rows=150000, pruning...
2025-11-20 01:09:50 [INFO] Retention completed: kept latest 150000 rows
2025-11-20 01:09:50 [INFO] Cached datetime=2025-11-19T22:09:50+00:00 valid=A lat=60.015008N lon=30.283857E speed=0.0 dir=234.4 sat=6
2025-11-20 01:09:51 [INFO] Cached datetime=2025-11-19T22:09:51+00:00 valid=A lat=60.015008N lon=30.283856E speed=0.0 dir=234.4 sat=6
2025-11-20 01:09:52 [INFO] Cached datetime=2025-11-19T22:09:52+00:00 valid=A lat=60.015009N lon=30.283855E speed=0.0 dir=234.4 sat=6
2025-11-20 01:09:53 [INFO] Cached datetime=2025-11-19T22:09:53+00:00 valid=A lat=60.015009N lon=30.283854E speed=0.0 dir=234.4 sat=6
2025-11-20 01:09:54 [INFO] Cached datetime=2025-11-19T22:09:54+00:00 valid=A lat=60.015009N lon=30.283853E speed=0.0 dir=234.4 sat=6
2025-11-20 01:09:55 [INFO] Cached datetime=2025-11-19T22:09:55+00:00 valid=A lat=60.015008N lon=30.283848E speed=0.76 dir=234.4 sat=6
2025-11-20 01:09:56 [INFO] Cached datetime=2025-11-19T22:09:56+00:00 valid=A lat=60.015009N lon=30.283849E speed=0.0 dir=234.4 sat=5
2025-11-20 01:09:57 [INFO] Cached datetime=2025-11-19T22:09:57+00:00 valid=A lat=60.015009N lon=30.283849E speed=0.0 dir=234.4 sat=5
2025-11-20 01:09:58 [INFO] Cached datetime=2025-11-19T22:09:58+00:00 valid=A lat=60.015010N lon=30.283849E speed=0.0 dir=234.4 sat=5
2025-11-20 01:09:59 [INFO] Cached datetime=2025-11-19T22:09:59+00:00 valid=A lat=60.015011N lon=30.283850E speed=0.25 dir=234.4 sat=5
2025-11-20 01:10:00 [INFO] Cached datetime=2025-11-19T22:10:00+00:00 valid=A lat=60.015013N lon=30.283855E speed=0.74 dir=234.4 sat=5
2025-11-20 01:10:01 [INFO] Cached datetime=2025-11-19T22:10:01+00:00 valid=A lat=60.015016N lon=30.283861E speed=0.91 dir=234.4 sat=5
2025-11-20 01:10:02 [INFO] Cached datetime=2025-11-19T22:10:02+00:00 valid=A lat=60.015017N lon=30.283864E speed=0.0 dir=234.4 sat=5
2025-11-20 01:10:03 [INFO] Cached datetime=2025-11-19T22:10:03+00:00 valid=A lat=60.015018N lon=30.283865E speed=0.0 dir=234.4 sat=5
2025-11-20 01:10:04 [INFO] Cached datetime=2025-11-19T22:10:04+00:00 valid=A lat=60.015018N lon=30.283867E speed=0.0 dir=234.4 sat=6
2025-11-20 01:10:05 [INFO] Cached datetime=2025-11-19T22:10:05+00:00 valid=A lat=60.015018N lon=30.283868E speed=0.17 dir=234.4 sat=6
2025-11-20 01:10:06 [INFO] Cached datetime=2025-11-19T22:10:06+00:00 valid=A lat=60.015018N lon=30.283867E speed=0.34 dir=234.4 sat=6
2025-11-20 01:10:07 [INFO] Cached datetime=2025-11-19T22:10:07+00:00 valid=A lat=60.015020N lon=30.283864E speed=0.63 dir=234.4 sat=6
2025-11-20 01:10:08 [INFO] Cached datetime=2025-11-19T22:10:08+00:00 valid=A lat=60.015022N lon=30.283860E speed=0.65 dir=234.4 sat=6
2025-11-20 01:10:09 [INFO] Cached datetime=2025-11-19T22:10:09+00:00 valid=A lat=60.015024N lon=30.283856E speed=0.44 dir=234.4 sat=6
2025-11-20 01:10:10 [INFO] Cached datetime=2025-11-19T22:10:10+00:00 valid=A lat=60.015026N lon=30.283849E speed=0.72 dir=234.4 sat=6
2025-11-20 01:10:11 [INFO] Cached datetime=2025-11-19T22:10:11+00:00 valid=A lat=60.015027N lon=30.283839E speed=1.01 dir=234.4 sat=6
2025-11-20 01:10:12 [INFO] Cached datetime=2025-11-19T22:10:12+00:00 valid=A lat=60.015030N lon=30.283829E speed=1.06 dir=234.4 sat=6
2025-11-20 01:10:13 [INFO] Cached datetime=2025-11-19T22:10:13+00:00 valid=A lat=60.015032N lon=30.283813E speed=1.5 dir=234.4 sat=6
2025-11-20 01:10:14 [INFO] Cached datetime=2025-11-19T22:10:14+00:00 valid=A lat=60.015038N lon=30.283806E speed=1.52 dir=234.4 sat=6
2025-11-20 01:10:15 [INFO] Cached datetime=2025-11-19T22:10:15+00:00 valid=A lat=60.015042N lon=30.283796E speed=0.83 dir=234.4 sat=6
2025-11-20 01:10:16 [INFO] Cached datetime=2025-11-19T22:10:16+00:00 valid=A lat=60.015042N lon=30.283791E speed=0.0 dir=234.4 sat=5
2025-11-20 01:10:17 [INFO] Cached datetime=2025-11-19T22:10:17+00:00 valid=A lat=60.015042N lon=30.283787E speed=0.0 dir=234.4 sat=5
2025-11-20 01:10:18 [INFO] Cached datetime=2025-11-19T22:10:18+00:00 valid=A lat=60.015044N lon=30.283790E speed=0.0 dir=234.4 sat=5
2025-11-20 01:10:19 [INFO] Cached datetime=2025-11-19T22:10:19+00:00 valid=A lat=60.015053N lon=30.283801E speed=1.49 dir=234.4 sat=5
2025-11-20 01:10:20 [INFO] Cached datetime=2025-11-19T22:10:20+00:00 valid=A lat=60.015066N lon=30.283829E speed=2.55 dir=42.09 sat=5
2025-11-20 01:10:21 [INFO] Cached datetime=2025-11-19T22:10:21+00:00 valid=A lat=60.015078N lon=30.283857E speed=2.93 dir=47.45 sat=5
2025-11-20 01:10:22 [INFO] Cached datetime=2025-11-19T22:10:22+00:00 valid=A lat=60.015079N lon=30.283860E speed=0.0 dir=47.45 sat=5
2025-11-20 01:10:23 [INFO] Cached datetime=2025-11-19T22:10:23+00:00 valid=A lat=60.015080N lon=30.283861E speed=0.0 dir=47.45 sat=5
2025-11-20 01:10:24 [INFO] Cached datetime=2025-11-19T22:10:24+00:00 valid=A lat=60.015081N lon=30.283864E speed=0.0 dir=47.45 sat=5
2025-11-20 01:10:25 [INFO] Cached datetime=2025-11-19T22:10:25+00:00 valid=A lat=60.015082N lon=30.283866E speed=0.0 dir=47.45 sat=5
2025-11-20 01:10:26 [INFO] Cached datetime=2025-11-19T22:10:26+00:00 valid=A lat=60.015083N lon=30.283870E speed=0.0 dir=47.45 sat=5
2025-11-20 01:10:27 [INFO] Cached datetime=2025-11-19T22:10:27+00:00 valid=A lat=60.015082N lon=30.283882E speed=0.6 dir=47.45 sat=5
2025-11-20 01:10:28 [INFO] Cached datetime=2025-11-19T22:10:28+00:00 valid=A lat=60.015083N lon=30.283887E speed=0.0 dir=47.45 sat=5
2025-11-20 01:10:29 [INFO] Cached datetime=2025-11-19T22:10:29+00:00 valid=A lat=60.015085N lon=30.283894E speed=0.0 dir=47.45 sat=5
2025-11-20 01:10:30 [INFO] Cached datetime=2025-11-19T22:10:30+00:00 valid=A lat=60.015086N lon=30.283899E speed=0.0 dir=47.45 sat=5
2025-11-20 01:10:31 [INFO] Cached datetime=2025-11-19T22:10:31+00:00 valid=A lat=60.015088N lon=30.283905E speed=0.0 dir=47.45 sat=5
2025-11-20 01:10:32 [INFO] Cached datetime=2025-11-19T22:10:32+00:00 valid=A lat=60.015089N lon=30.283909E speed=0.0 dir=47.45 sat=5
2025-11-20 01:10:33 [INFO] Cached datetime=2025-11-19T22:10:33+00:00 valid=A lat=60.015091N lon=30.283915E speed=0.0 dir=47.45 sat=5
2025-11-20 01:10:34 [INFO] Cached datetime=2025-11-19T22:10:34+00:00 valid=A lat=60.015093N lon=30.283919E speed=0.0 dir=47.45 sat=5
2025-11-20 01:10:35 [INFO] Cached datetime=2025-11-19T22:10:35+00:00 valid=A lat=60.015090N lon=30.283931E speed=1.24 dir=47.45 sat=5
2025-11-20 01:10:36 [INFO] Cached datetime=2025-11-19T22:10:36+00:00 valid=A lat=60.015084N lon=30.283945E speed=1.91 dir=47.45 sat=6
2025-11-20 01:10:37 [INFO] Cached datetime=2025-11-19T22:10:37+00:00 valid=A lat=60.015074N lon=30.283954E speed=2.38 dir=148.11 sat=6
2025-11-20 01:10:38 [INFO] Cached datetime=2025-11-19T22:10:38+00:00 valid=A lat=60.015062N lon=30.283963E speed=2.69 dir=152.05 sat=5
2025-11-20 01:10:39 [INFO] Cached datetime=2025-11-19T22:10:39+00:00 valid=A lat=60.015049N lon=30.283975E speed=2.92 dir=154.28 sat=5
2025-11-20 01:10:40 [INFO] Cached datetime=2025-11-19T22:10:40+00:00 valid=A lat=60.015037N lon=30.283991E speed=3.0 dir=149.74 sat=5
2025-11-20 01:10:41 [INFO] Cached datetime=2025-11-19T22:10:41+00:00 valid=A lat=60.015030N lon=30.284012E speed=2.66 dir=149.24 sat=5
2025-11-20 01:10:42 [INFO] Cached datetime=2025-11-19T22:10:42+00:00 valid=A lat=60.015025N lon=30.284033E speed=2.18 dir=148.81 sat=5
2025-11-20 01:10:43 [INFO] Cached datetime=2025-11-19T22:10:43+00:00 valid=A lat=60.015024N lon=30.284054E speed=1.66 dir=148.81 sat=5
2025-11-20 01:10:44 [INFO] Cached datetime=2025-11-19T22:10:44+00:00 valid=A lat=60.015030N lon=30.284078E speed=0.96 dir=148.81 sat=5
2025-11-20 01:10:45 [INFO] Cached datetime=2025-11-19T22:10:45+00:00 valid=A lat=60.015047N lon=30.284111E speed=1.11 dir=148.81 sat=5
2025-11-20 01:10:46 [INFO] Cached datetime=2025-11-19T22:10:46+00:00 valid=A lat=60.015075N lon=30.284154E speed=1.47 dir=148.81 sat=5
2025-11-20 01:10:47 [INFO] Cached datetime=2025-11-19T22:10:47+00:00 valid=A lat=60.015107N lon=30.284200E speed=1.83 dir=148.81 sat=5
2025-11-20 01:10:48 [INFO] Cached datetime=2025-11-19T22:10:48+00:00 valid=A lat=60.015113N lon=30.284218E speed=1.78 dir=148.81 sat=5
2025-11-20 01:10:49 [INFO] Cached datetime=2025-11-19T22:10:49+00:00 valid=A lat=60.015116N lon=30.284233E speed=1.92 dir=148.81 sat=5
2025-11-20 01:10:50 [INFO] Cached datetime=2025-11-19T22:10:50+00:00 valid=A lat=60.015121N lon=30.284253E speed=1.91 dir=148.81 sat=5
2025-11-20 01:10:51 [INFO] Cached datetime=2025-11-19T22:10:51+00:00 valid=A lat=60.015127N lon=30.284276E speed=2.41 dir=64.56 sat=5
2025-11-20 01:10:52 [INFO] Cached datetime=2025-11-19T22:10:52+00:00 valid=A lat=60.015132N lon=30.284301E speed=2.43 dir=62.0 sat=5
2025-11-20 01:10:53 [INFO] Cached datetime=2025-11-19T22:10:53+00:00 valid=A lat=60.015136N lon=30.284321E speed=1.96 dir=66.12 sat=5
2025-11-20 01:10:54 [INFO] Cached datetime=2025-11-19T22:10:54+00:00 valid=A lat=60.015140N lon=30.284341E speed=1.95 dir=66.96 sat=5
2025-11-20 01:10:55 [INFO] Cached datetime=2025-11-19T22:10:55+00:00 valid=A lat=60.015143N lon=30.284362E speed=1.99 dir=68.05 sat=5
2025-11-20 01:10:56 [INFO] Cached datetime=2025-11-19T22:10:56+00:00 valid=A lat=60.015145N lon=30.284381E speed=1.92 dir=68.05 sat=5
2025-11-20 01:10:57 [INFO] Cached datetime=2025-11-19T22:10:57+00:00 valid=A lat=60.015141N lon=30.284398E speed=1.79 dir=68.05 sat=4
2025-11-20 01:10:58 [INFO] Cached datetime=2025-11-19T22:10:58+00:00 valid=A lat=60.015138N lon=30.284413E speed=2.05 dir=90.53 sat=5
2025-11-20 01:10:59 [INFO] Cached datetime=2025-11-19T22:10:59+00:00 valid=A lat=60.015136N lon=30.284428E speed=2.28 dir=83.94 sat=5
2025-11-20 01:11:00 [INFO] Cached datetime=2025-11-19T22:11:00+00:00 valid=A lat=60.015136N lon=30.284450E speed=2.55 dir=79.32 sat=5
2025-11-20 01:11:01 [INFO] Cached datetime=2025-11-19T22:11:01+00:00 valid=A lat=60.015138N lon=30.284472E speed=2.44 dir=75.74 sat=5
2025-11-20 01:11:02 [INFO] Cached datetime=2025-11-19T22:11:02+00:00 valid=A lat=60.015139N lon=30.284498E speed=2.75 dir=73.29 sat=5
2025-11-20 01:11:03 [INFO] Cached datetime=2025-11-19T22:11:03+00:00 valid=A lat=60.015143N lon=30.284526E speed=3.15 dir=73.32 sat=5
2025-11-20 01:11:04 [INFO] Cached datetime=2025-11-19T22:11:04+00:00 valid=A lat=60.015145N lon=30.284554E speed=3.0 dir=78.81 sat=5
2025-11-20 01:11:05 [INFO] Cached datetime=2025-11-19T22:11:05+00:00 valid=A lat=60.015147N lon=30.284579E speed=2.74 dir=80.61 sat=5
2025-11-20 01:11:06 [INFO] Cached datetime=2025-11-19T22:11:06+00:00 valid=A lat=60.015149N lon=30.284601E speed=2.37 dir=78.93 sat=5
2025-11-20 01:11:07 [INFO] Cached datetime=2025-11-19T22:11:07+00:00 valid=A lat=60.015152N lon=30.284619E speed=1.84 dir=78.93 sat=5
2025-11-20 01:11:08 [INFO] Cached datetime=2025-11-19T22:11:08+00:00 valid=A lat=60.015165N lon=30.284638E speed=2.37 dir=47.03 sat=4
2025-11-20 01:11:09 [INFO] Cached datetime=2025-11-19T22:11:09+00:00 valid=A lat=60.015176N lon=30.284660E speed=2.7 dir=41.95 sat=4
2025-11-20 01:11:10 [INFO] Cached datetime=2025-11-19T22:11:10+00:00 valid=A lat=60.015186N lon=30.284682E speed=2.81 dir=44.84 sat=4
2025-11-20 01:11:11 [INFO] Cached datetime=2025-11-19T22:11:11+00:00 valid=A lat=60.015198N lon=30.284706E speed=3.17 dir=40.38 sat=4
2025-11-20 01:11:12 [INFO] Cached datetime=2025-11-19T22:11:12+00:00 valid=A lat=60.015210N lon=30.284729E speed=3.22 dir=32.31 sat=4
2025-11-20 01:11:13 [INFO] Cached datetime=2025-11-19T22:11:13+00:00 valid=A lat=60.015218N lon=30.284748E speed=2.61 dir=49.34 sat=4
2025-11-20 01:11:14 [INFO] Cached datetime=2025-11-19T22:11:14+00:00 valid=A lat=60.015220N lon=30.284763E speed=2.48 dir=63.17 sat=4
2025-11-20 01:11:15 [INFO] Cached datetime=2025-11-19T22:11:15+00:00 valid=A lat=60.015222N lon=30.284779E speed=2.06 dir=64.61 sat=4
2025-11-20 01:11:16 [INFO] Cached datetime=2025-11-19T22:11:16+00:00 valid=A lat=60.015220N lon=30.284786E speed=1.35 dir=64.61 sat=4
2025-11-20 01:11:17 [INFO] Cached datetime=2025-11-19T22:11:17+00:00 valid=A lat=60.015223N lon=30.284795E speed=1.39 dir=64.61 sat=4
2025-11-20 01:11:18 [INFO] Cached datetime=2025-11-19T22:11:18+00:00 valid=A lat=60.015226N lon=30.284802E speed=1.43 dir=64.61 sat=4
2025-11-20 01:11:19 [INFO] Cached datetime=2025-11-19T22:11:19+00:00 valid=A lat=60.015226N lon=30.284809E speed=1.24 dir=64.61 sat=4
2025-11-20 01:11:20 [INFO] Cached datetime=2025-11-19T22:11:20+00:00 valid=A lat=60.015221N lon=30.284812E speed=0.93 dir=64.61 sat=4
2025-11-20 01:11:21 [INFO] Cached datetime=2025-11-19T22:11:21+00:00 valid=A lat=60.015212N lon=30.284813E speed=1.02 dir=64.61 sat=4
2025-11-20 01:11:22 [INFO] Cached datetime=2025-11-19T22:11:22+00:00 valid=A lat=60.015200N lon=30.284817E speed=1.58 dir=64.61 sat=4
2025-11-20 01:11:23 [INFO] Cached datetime=2025-11-19T22:11:23+00:00 valid=A lat=60.015193N lon=30.284826E speed=1.63 dir=64.61 sat=4
2025-11-20 01:11:24 [INFO] Cached datetime=2025-11-19T22:11:24+00:00 valid=A lat=60.015190N lon=30.284844E speed=1.28 dir=64.61 sat=4
2025-11-20 01:11:25 [INFO] Cached datetime=2025-11-19T22:11:25+00:00 valid=A lat=60.015192N lon=30.284865E speed=1.05 dir=64.61 sat=4
2025-11-20 01:11:26 [INFO] Cached datetime=2025-11-19T22:11:26+00:00 valid=A lat=60.015190N lon=30.284876E speed=0.89 dir=64.61 sat=4
2025-11-20 01:11:27 [INFO] Cached datetime=2025-11-19T22:11:27+00:00 valid=A lat=60.015187N lon=30.284888E speed=1.34 dir=64.61 sat=4
2025-11-20 01:11:28 [INFO] Cached datetime=2025-11-19T22:11:28+00:00 valid=A lat=60.015181N lon=30.284906E speed=1.94 dir=64.61 sat=4
2025-11-20 01:11:29 [INFO] Cache trigger reached: 100 >= 100
2025-11-20 01:11:29 [INFO] Cached datetime=2025-11-19T22:11:29+00:00 valid=A lat=60.015178N lon=30.284929E speed=2.2 dir=108.55 sat=4
2025-11-20 01:11:29 [INFO] Flushing 100 cached records (counter was 100)
2025-11-20 01:11:29 [INFO] Inserted 100 records into DB
2025-11-20 01:11:29 [WARNING] Retention: total=150100 > max_rows=150000, pruning...
2025-11-20 01:11:30 [INFO] Retention completed: kept latest 150000 rows
2025-11-20 01:11:30 [INFO] Cached datetime=2025-11-19T22:11:30+00:00 valid=A lat=60.015175N lon=30.284959E speed=2.87 dir=104.19 sat=4
2025-11-20 01:11:31 [INFO] Cached datetime=2025-11-19T22:11:31+00:00 valid=A lat=60.015171N lon=30.284989E speed=3.04 dir=102.48 sat=4
2025-11-20 01:11:32 [INFO] Cached datetime=2025-11-19T22:11:32+00:00 valid=A lat=60.015169N lon=30.285017E speed=2.68 dir=98.64 sat=4
2025-11-20 01:11:33 [INFO] Cached datetime=2025-11-19T22:11:33+00:00 valid=A lat=60.015167N lon=30.285046E speed=2.7 dir=98.8 sat=4
2025-11-20 01:11:34 [INFO] Cached datetime=2025-11-19T22:11:34+00:00 valid=A lat=60.015167N lon=30.285076E speed=2.65 dir=94.08 sat=4
2025-11-20 01:11:35 [INFO] Cached datetime=2025-11-19T22:11:35+00:00 valid=A lat=60.015169N lon=30.285105E speed=2.57 dir=91.53 sat=5
2025-11-20 01:11:36 [INFO] Cached datetime=2025-11-19T22:11:36+00:00 valid=A lat=60.015172N lon=30.285129E speed=2.41 dir=77.56 sat=5
2025-11-20 01:11:37 [INFO] Cached datetime=2025-11-19T22:11:37+00:00 valid=A lat=60.015178N lon=30.285154E speed=2.5 dir=71.57 sat=5
2025-11-20 01:11:38 [INFO] Cached datetime=2025-11-19T22:11:38+00:00 valid=A lat=60.015184N lon=30.285183E speed=2.63 dir=72.98 sat=5
2025-11-20 01:11:39 [INFO] Cached datetime=2025-11-19T22:11:39+00:00 valid=A lat=60.015190N lon=30.285214E speed=2.81 dir=73.36 sat=5
2025-11-20 01:11:40 [INFO] Cached datetime=2025-11-19T22:11:40+00:00 valid=A lat=60.015195N lon=30.285246E speed=2.85 dir=76.02 sat=5
2025-11-20 01:11:41 [INFO] Cached datetime=2025-11-19T22:11:41+00:00 valid=A lat=60.015199N lon=30.285277E speed=2.83 dir=80.64 sat=5
2025-11-20 01:11:42 [INFO] Cached datetime=2025-11-19T22:11:42+00:00 valid=A lat=60.015204N lon=30.285315E speed=2.8 dir=80.73 sat=5
2025-11-20 01:11:43 [INFO] Cached datetime=2025-11-19T22:11:43+00:00 valid=A lat=60.015210N lon=30.285353E speed=2.94 dir=82.22 sat=5
2025-11-20 01:11:44 [INFO] Cached datetime=2025-11-19T22:11:44+00:00 valid=A lat=60.015215N lon=30.285393E speed=3.41 dir=85.98 sat=5
2025-11-20 01:11:45 [INFO] Cached datetime=2025-11-19T22:11:45+00:00 valid=A lat=60.015219N lon=30.285432E speed=3.31 dir=85.83 sat=6
2025-11-20 01:11:46 [INFO] Cached datetime=2025-11-19T22:11:46+00:00 valid=A lat=60.015222N lon=30.285474E speed=3.24 dir=90.52 sat=6
2025-11-20 01:11:47 [INFO] Cached datetime=2025-11-19T22:11:47+00:00 valid=A lat=60.015225N lon=30.285521E speed=3.27 dir=96.58 sat=6
2025-11-20 01:11:48 [INFO] Cached datetime=2025-11-19T22:11:48+00:00 valid=A lat=60.015226N lon=30.285565E speed=3.24 dir=101.79 sat=6
2025-11-20 01:11:49 [INFO] Cached datetime=2025-11-19T22:11:49+00:00 valid=A lat=60.015227N lon=30.285597E speed=2.7 dir=96.82 sat=6
2025-11-20 01:11:50 [INFO] Cached datetime=2025-11-19T22:11:50+00:00 valid=A lat=60.015230N lon=30.285633E speed=2.91 dir=93.15 sat=6
2025-11-20 01:11:51 [INFO] Cached datetime=2025-11-19T22:11:51+00:00 valid=A lat=60.015231N lon=30.285658E speed=3.0 dir=93.4 sat=6
2025-11-20 01:11:52 [INFO] Cached datetime=2025-11-19T22:11:52+00:00 valid=A lat=60.015226N lon=30.285662E speed=2.85 dir=103.9 sat=6
2025-11-20 01:11:53 [INFO] Cached datetime=2025-11-19T22:11:53+00:00 valid=A lat=60.015206N lon=30.285589E speed=2.01 dir=213.86 sat=6
2025-11-20 01:11:54 [INFO] Cached datetime=2025-11-19T22:11:54+00:00 valid=A lat=60.015200N lon=30.285580E speed=1.89 dir=213.86 sat=6
2025-11-20 01:11:55 [INFO] Cached datetime=2025-11-19T22:11:55+00:00 valid=A lat=60.015207N lon=30.285601E speed=0.0 dir=213.86 sat=6
2025-11-20 01:11:56 [INFO] Cached datetime=2025-11-19T22:11:56+00:00 valid=A lat=60.015208N lon=30.285598E speed=0.0 dir=213.86 sat=6
2025-11-20 01:11:57 [INFO] Cached datetime=2025-11-19T22:11:57+00:00 valid=A lat=60.015208N lon=30.285595E speed=0.0 dir=213.86 sat=6
2025-11-20 01:11:58 [INFO] Cached datetime=2025-11-19T22:11:58+00:00 valid=A lat=60.015215N lon=30.285596E speed=1.9 dir=213.86 sat=6
2025-11-20 01:11:59 [INFO] Cached datetime=2025-11-19T22:11:59+00:00 valid=A lat=60.015227N lon=30.285608E speed=2.79 dir=34.23 sat=6
2025-11-20 01:12:00 [INFO] Cached datetime=2025-11-19T22:12:00+00:00 valid=A lat=60.015242N lon=30.285622E speed=3.57 dir=35.69 sat=6
2025-11-20 01:12:01 [INFO] Cached datetime=2025-11-19T22:12:01+00:00 valid=A lat=60.015258N lon=30.285641E speed=4.32 dir=31.92 sat=6
2025-11-20 01:12:02 [INFO] Cached datetime=2025-11-19T22:12:02+00:00 valid=A lat=60.015274N lon=30.285660E speed=4.39 dir=36.0 sat=6
2025-11-20 01:12:03 [INFO] Cached datetime=2025-11-19T22:12:03+00:00 valid=A lat=60.015286N lon=30.285677E speed=3.86 dir=45.0 sat=6
2025-11-20 01:12:04 [INFO] Cached datetime=2025-11-19T22:12:04+00:00 valid=A lat=60.015297N lon=30.285695E speed=3.81 dir=49.09 sat=6
2025-11-20 01:12:05 [INFO] Cached datetime=2025-11-19T22:12:05+00:00 valid=A lat=60.015310N lon=30.285721E speed=4.25 dir=45.31 sat=6
2025-11-20 01:12:06 [INFO] Cached datetime=2025-11-19T22:12:06+00:00 valid=A lat=60.015325N lon=30.285751E speed=4.47 dir=44.53 sat=6
2025-11-20 01:12:07 [INFO] Cached datetime=2025-11-19T22:12:07+00:00 valid=A lat=60.015341N lon=30.285791E speed=4.83 dir=49.13 sat=6
2025-11-20 01:12:08 [INFO] Cached datetime=2025-11-19T22:12:08+00:00 valid=A lat=60.015353N lon=30.285805E speed=4.58 dir=49.17 sat=6
2025-11-20 01:12:09 [INFO] Received signal 2, shutting down...
2025-11-20 01:12:09 [INFO] NMEA reader task cancelled
2025-11-20 01:12:09 [INFO] DB flusher task cancelled
2025-11-20 01:12:09 [INFO] === GNRMC Unified App stopped ===
2025-11-20 01:12:55 [INFO] === GNRMC Unified App starting ===
2025-11-20 01:12:55 [INFO] DB initialized at data/gnrmc.db
2025-11-20 01:12:55 [INFO] Reading NMEA from serial: /dev/ttyS3 (baud=9600)
2025-11-20 01:12:55 [INFO] Cached datetime=2025-11-19T22:12:55+00:00 valid=A lat=60.015332N lon=30.285619E speed=0.0 dir=85.55 sat=None
2025-11-20 01:12:56 [INFO] Cached datetime=2025-11-19T22:12:56+00:00 valid=A lat=60.015332N lon=30.285618E speed=0.0 dir=85.55 sat=7
2025-11-20 01:12:57 [INFO] Received signal 2, shutting down...
2025-11-20 01:12:57 [INFO] NMEA reader task cancelled
2025-11-20 01:12:57 [INFO] DB flusher task cancelled
2025-11-20 01:12:57 [INFO] === GNRMC Unified App stopped ===
2025-11-20 01:15:23 [INFO] === GNRMC Unified App starting ===
2025-11-20 01:15:23 [INFO] Config: etc/gnrmc-provider.toml | DB=data/gnrmc.db | MaxRows=150000 | Host=0.0.0.0:7000 | Workers=5 | CacheLen=5000 | CacheTrigger=100
2025-11-20 01:15:23 [INFO] DB initialized at data/gnrmc.db
2025-11-20 01:15:23 [INFO] Reading NMEA from serial: /dev/ttyS3 (baud=9600)
2025-11-20 01:15:24 [INFO] Cached datetime=2025-11-19T22:15:24+00:00 valid=A lat=60.015084N lon=30.284168E speed=0.5 dir=239.69 sat=6
2025-11-20 01:15:25 [INFO] Cached datetime=2025-11-19T22:15:25+00:00 valid=A lat=60.015083N lon=30.284160E speed=0.44 dir=239.69 sat=6
2025-11-20 01:15:26 [INFO] Cached datetime=2025-11-19T22:15:26+00:00 valid=A lat=60.015083N lon=30.284155E speed=0.49 dir=239.69 sat=6
2025-11-20 01:15:27 [INFO] Cached datetime=2025-11-19T22:15:27+00:00 valid=A lat=60.015081N lon=30.284146E speed=0.0 dir=239.69 sat=6
2025-11-20 01:15:28 [INFO] Cached datetime=2025-11-19T22:15:28+00:00 valid=A lat=60.015079N lon=30.284136E speed=0.0 dir=239.69 sat=6
2025-11-20 01:15:29 [INFO] Cached datetime=2025-11-19T22:15:29+00:00 valid=A lat=60.015077N lon=30.284132E speed=0.0 dir=239.69 sat=6
2025-11-20 01:15:30 [INFO] Cached datetime=2025-11-19T22:15:30+00:00 valid=A lat=60.015076N lon=30.284124E speed=0.46 dir=239.69 sat=6
2025-11-20 01:15:31 [INFO] Cached datetime=2025-11-19T22:15:31+00:00 valid=A lat=60.015075N lon=30.284119E speed=0.0 dir=239.69 sat=6
2025-11-20 01:15:32 [INFO] Cached datetime=2025-11-19T22:15:32+00:00 valid=A lat=60.015074N lon=30.284111E speed=0.0 dir=239.69 sat=6
2025-11-20 01:15:33 [INFO] Cached datetime=2025-11-19T22:15:33+00:00 valid=A lat=60.015071N lon=30.284095E speed=0.0 dir=239.69 sat=6
2025-11-20 01:15:34 [INFO] Cached datetime=2025-11-19T22:15:34+00:00 valid=A lat=60.015069N lon=30.284084E speed=0.0 dir=239.69 sat=6
2025-11-20 01:15:35 [INFO] Cached datetime=2025-11-19T22:15:35+00:00 valid=A lat=60.015069N lon=30.284086E speed=0.57 dir=239.69 sat=5
2025-11-20 01:15:36 [INFO] Cached datetime=2025-11-19T22:15:36+00:00 valid=A lat=60.015071N lon=30.284108E speed=2.12 dir=73.72 sat=5
2025-11-20 01:15:37 [INFO] Cached datetime=2025-11-19T22:15:37+00:00 valid=A lat=60.015070N lon=30.284129E speed=1.69 dir=73.72 sat=5
2025-11-20 01:15:38 [INFO] Cached datetime=2025-11-19T22:15:38+00:00 valid=A lat=60.015088N lon=30.284089E speed=2.02 dir=48.28 sat=5
2025-11-20 01:15:39 [INFO] Cached datetime=2025-11-19T22:15:39+00:00 valid=A lat=60.015096N lon=30.284101E speed=2.52 dir=34.76 sat=6
2025-11-20 01:15:40 [INFO] Cached datetime=2025-11-19T22:15:40+00:00 valid=A lat=60.015107N lon=30.284107E speed=2.81 dir=19.94 sat=7
2025-11-20 01:15:41 [INFO] Cached datetime=2025-11-19T22:15:41+00:00 valid=A lat=60.015117N lon=30.284116E speed=2.34 dir=30.32 sat=6
2025-11-20 01:15:42 [INFO] Cached datetime=2025-11-19T22:15:42+00:00 valid=A lat=60.015124N lon=30.284125E speed=1.98 dir=32.63 sat=6
2025-11-20 01:15:43 [INFO] Cached datetime=2025-11-19T22:15:43+00:00 valid=A lat=60.015132N lon=30.284135E speed=2.09 dir=31.61 sat=6
2025-11-20 01:15:44 [INFO] Cached datetime=2025-11-19T22:15:44+00:00 valid=A lat=60.015140N lon=30.284143E speed=2.06 dir=28.58 sat=6
2025-11-20 01:15:45 [INFO] Cached datetime=2025-11-19T22:15:45+00:00 valid=A lat=60.015136N lon=30.284108E speed=1.12 dir=28.58 sat=6
2025-11-20 01:15:46 [INFO] Cached datetime=2025-11-19T22:15:46+00:00 valid=A lat=60.015135N lon=30.284101E speed=0.0 dir=28.58 sat=6
2025-11-20 01:15:47 [INFO] Cached datetime=2025-11-19T22:15:47+00:00 valid=A lat=60.015134N lon=30.284097E speed=0.0 dir=28.58 sat=6
2025-11-20 01:15:48 [INFO] Cached datetime=2025-11-19T22:15:48+00:00 valid=A lat=60.015133N lon=30.284093E speed=0.0 dir=28.58 sat=6
2025-11-20 01:15:49 [INFO] Cached datetime=2025-11-19T22:15:49+00:00 valid=A lat=60.015132N lon=30.284091E speed=0.0 dir=28.58 sat=6
2025-11-20 01:15:50 [INFO] Cached datetime=2025-11-19T22:15:50+00:00 valid=A lat=60.015132N lon=30.284091E speed=0.0 dir=28.58 sat=6
2025-11-20 01:15:51 [INFO] Cached datetime=2025-11-19T22:15:51+00:00 valid=A lat=60.015125N lon=30.284088E speed=1.56 dir=28.58 sat=6
2025-11-20 01:15:52 [INFO] Cached datetime=2025-11-19T22:15:52+00:00 valid=A lat=60.015115N lon=30.284084E speed=1.58 dir=28.58 sat=6
2025-11-20 01:15:53 [INFO] Cached datetime=2025-11-19T22:15:53+00:00 valid=A lat=60.015108N lon=30.284086E speed=1.42 dir=28.58 sat=6
2025-11-20 01:15:54 [INFO] Cached datetime=2025-11-19T22:15:54+00:00 valid=A lat=60.015101N lon=30.284081E speed=0.96 dir=28.58 sat=6
2025-11-20 01:15:55 [INFO] Cached datetime=2025-11-19T22:15:55+00:00 valid=A lat=60.015096N lon=30.284079E speed=0.93 dir=28.58 sat=6
2025-11-20 01:15:56 [INFO] Cached datetime=2025-11-19T22:15:56+00:00 valid=A lat=60.015086N lon=30.284061E speed=1.69 dir=28.58 sat=6
2025-11-20 01:15:57 [INFO] Cached datetime=2025-11-19T22:15:57+00:00 valid=A lat=60.015084N lon=30.284069E speed=1.26 dir=28.58 sat=6
2025-11-20 01:15:58 [INFO] Cached datetime=2025-11-19T22:15:58+00:00 valid=A lat=60.015080N lon=30.284061E speed=1.29 dir=28.58 sat=6
2025-11-20 01:15:59 [INFO] Cached datetime=2025-11-19T22:15:59+00:00 valid=A lat=60.015080N lon=30.284052E speed=0.95 dir=28.58 sat=6
2025-11-20 01:16:00 [INFO] Cached datetime=2025-11-19T22:16:00+00:00 valid=A lat=60.015079N lon=30.284045E speed=0.6 dir=28.58 sat=6
2025-11-20 01:16:01 [INFO] Cached datetime=2025-11-19T22:16:01+00:00 valid=A lat=60.015081N lon=30.284040E speed=0.59 dir=28.58 sat=6
2025-11-20 01:16:02 [INFO] Cached datetime=2025-11-19T22:16:02+00:00 valid=A lat=60.015081N lon=30.284038E speed=0.0 dir=28.58 sat=6
2025-11-20 01:16:03 [INFO] Cached datetime=2025-11-19T22:16:03+00:00 valid=A lat=60.015081N lon=30.284036E speed=0.0 dir=28.58 sat=6
2025-11-20 01:16:04 [INFO] Cached datetime=2025-11-19T22:16:04+00:00 valid=A lat=60.015079N lon=30.284033E speed=0.0 dir=28.58 sat=6
2025-11-20 01:16:05 [INFO] Cached datetime=2025-11-19T22:16:05+00:00 valid=A lat=60.015077N lon=30.284030E speed=0.0 dir=28.58 sat=6
2025-11-20 01:16:06 [INFO] Cached datetime=2025-11-19T22:16:06+00:00 valid=A lat=60.015077N lon=30.284025E speed=0.0 dir=28.58 sat=6
2025-11-20 01:16:07 [INFO] Cached datetime=2025-11-19T22:16:07+00:00 valid=A lat=60.015074N lon=30.284006E speed=1.24 dir=28.58 sat=6
2025-11-20 01:16:08 [INFO] Cached datetime=2025-11-19T22:16:08+00:00 valid=A lat=60.015073N lon=30.283999E speed=0.0 dir=28.58 sat=6
2025-11-20 01:16:09 [INFO] Cached datetime=2025-11-19T22:16:09+00:00 valid=A lat=60.015072N lon=30.283993E speed=0.0 dir=28.58 sat=6
2025-11-20 01:16:10 [INFO] Cached datetime=2025-11-19T22:16:10+00:00 valid=A lat=60.015070N lon=30.283994E speed=0.0 dir=28.58 sat=5
2025-11-20 01:16:11 [INFO] Cached datetime=2025-11-19T22:16:11+00:00 valid=A lat=60.015067N lon=30.284006E speed=1.47 dir=28.58 sat=5
2025-11-20 01:16:12 [INFO] Cached datetime=2025-11-19T22:16:12+00:00 valid=A lat=60.015062N lon=30.284025E speed=1.95 dir=116.77 sat=5
2025-11-20 01:16:13 [INFO] Cached datetime=2025-11-19T22:16:13+00:00 valid=A lat=60.015058N lon=30.284041E speed=1.43 dir=116.77 sat=5
2025-11-20 01:16:14 [INFO] Cached datetime=2025-11-19T22:16:14+00:00 valid=A lat=60.015053N lon=30.284057E speed=1.75 dir=116.77 sat=5
2025-11-20 01:16:15 [INFO] Cached datetime=2025-11-19T22:16:15+00:00 valid=A lat=60.015048N lon=30.284068E speed=0.82 dir=116.77 sat=5
2025-11-20 01:16:16 [INFO] Cached datetime=2025-11-19T22:16:16+00:00 valid=A lat=60.015044N lon=30.284079E speed=1.18 dir=116.77 sat=5
2025-11-20 01:16:17 [INFO] Cached datetime=2025-11-19T22:16:17+00:00 valid=A lat=60.015037N lon=30.284094E speed=2.36 dir=127.66 sat=5
2025-11-20 01:16:18 [INFO] Cached datetime=2025-11-19T22:16:18+00:00 valid=A lat=60.015029N lon=30.284120E speed=3.57 dir=118.91 sat=5
2025-11-20 01:16:19 [INFO] Cached datetime=2025-11-19T22:16:19+00:00 valid=A lat=60.015019N lon=30.284153E speed=4.08 dir=122.78 sat=5
2025-11-20 01:16:20 [INFO] Cached datetime=2025-11-19T22:16:20+00:00 valid=A lat=60.015009N lon=30.284187E speed=4.53 dir=122.11 sat=5
2025-11-20 01:16:21 [INFO] Cached datetime=2025-11-19T22:16:21+00:00 valid=A lat=60.014999N lon=30.284222E speed=4.47 dir=122.39 sat=5
2025-11-20 01:16:22 [INFO] Cached datetime=2025-11-19T22:16:22+00:00 valid=A lat=60.014989N lon=30.284253E speed=3.88 dir=127.46 sat=5
2025-11-20 01:16:23 [INFO] Cached datetime=2025-11-19T22:16:23+00:00 valid=A lat=60.014986N lon=30.284260E speed=2.01 dir=128.54 sat=6
2025-11-20 01:16:24 [INFO] Cached datetime=2025-11-19T22:16:24+00:00 valid=A lat=60.014994N lon=30.284253E speed=1.64 dir=128.54 sat=6
2025-11-20 01:16:25 [INFO] Cached datetime=2025-11-19T22:16:25+00:00 valid=A lat=60.015006N lon=30.284245E speed=2.38 dir=355.08 sat=6
2025-11-20 01:16:26 [INFO] Cached datetime=2025-11-19T22:16:26+00:00 valid=A lat=60.015006N lon=30.284240E speed=0.0 dir=355.08 sat=6
2025-11-20 01:16:27 [INFO] Cached datetime=2025-11-19T22:16:27+00:00 valid=A lat=60.015006N lon=30.284235E speed=0.0 dir=355.08 sat=6
2025-11-20 01:16:28 [INFO] Cached datetime=2025-11-19T22:16:28+00:00 valid=A lat=60.015006N lon=30.284233E speed=0.0 dir=355.08 sat=6
2025-11-20 01:16:29 [INFO] Cached datetime=2025-11-19T22:16:29+00:00 valid=A lat=60.015017N lon=30.284233E speed=1.85 dir=355.08 sat=6
2025-11-20 01:16:30 [INFO] Cached datetime=2025-11-19T22:16:30+00:00 valid=A lat=60.015032N lon=30.284237E speed=2.04 dir=352.18 sat=5
2025-11-20 01:16:31 [INFO] Cached datetime=2025-11-19T22:16:31+00:00 valid=A lat=60.015051N lon=30.284247E speed=1.82 dir=352.18 sat=5
2025-11-20 01:16:32 [INFO] Cached datetime=2025-11-19T22:16:32+00:00 valid=A lat=60.015064N lon=30.284246E speed=1.66 dir=352.18 sat=5
2025-11-20 01:16:33 [INFO] Cached datetime=2025-11-19T22:16:33+00:00 valid=A lat=60.015081N lon=30.284255E speed=2.65 dir=22.91 sat=5
2025-11-20 01:16:34 [INFO] Cached datetime=2025-11-19T22:16:34+00:00 valid=A lat=60.015100N lon=30.284273E speed=2.92 dir=30.58 sat=5
2025-11-20 01:16:35 [INFO] Cached datetime=2025-11-19T22:16:35+00:00 valid=A lat=60.015116N lon=30.284292E speed=3.09 dir=39.83 sat=5
2025-11-20 01:16:36 [INFO] Cached datetime=2025-11-19T22:16:36+00:00 valid=A lat=60.015133N lon=30.284311E speed=3.51 dir=34.63 sat=5
2025-11-20 01:16:37 [INFO] Cached datetime=2025-11-19T22:16:37+00:00 valid=A lat=60.015152N lon=30.284327E speed=3.77 dir=27.6 sat=5
2025-11-20 01:16:38 [INFO] Cached datetime=2025-11-19T22:16:38+00:00 valid=A lat=60.015167N lon=30.284339E speed=2.7 dir=27.32 sat=5
2025-11-20 01:16:39 [INFO] Cached datetime=2025-11-19T22:16:39+00:00 valid=A lat=60.015177N lon=30.284350E speed=1.97 dir=36.19 sat=4
2025-11-20 01:16:40 [INFO] Cached datetime=2025-11-19T22:16:40+00:00 valid=A lat=60.015180N lon=30.284346E speed=1.47 dir=36.19 sat=4
2025-11-20 01:16:41 [INFO] Cached datetime=2025-11-19T22:16:41+00:00 valid=A lat=60.015187N lon=30.284349E speed=1.71 dir=36.19 sat=4
2025-11-20 01:16:42 [INFO] Cached datetime=2025-11-19T22:16:42+00:00 valid=A lat=60.015195N lon=30.284357E speed=1.77 dir=36.19 sat=4
2025-11-20 01:16:43 [INFO] Cached datetime=2025-11-19T22:16:43+00:00 valid=A lat=60.015203N lon=30.284366E speed=2.0 dir=34.66 sat=4
2025-11-20 01:16:44 [INFO] Cached datetime=2025-11-19T22:16:44+00:00 valid=A lat=60.015210N lon=30.284378E speed=1.73 dir=34.66 sat=4
2025-11-20 01:16:45 [INFO] Cached datetime=2025-11-19T22:16:45+00:00 valid=A lat=60.015216N lon=30.284391E speed=1.83 dir=34.66 sat=4
2025-11-20 01:16:46 [INFO] Cached datetime=2025-11-19T22:16:46+00:00 valid=A lat=60.015222N lon=30.284405E speed=1.74 dir=34.66 sat=4
2025-11-20 01:16:47 [INFO] Cached datetime=2025-11-19T22:16:47+00:00 valid=A lat=60.015223N lon=30.284393E speed=0.0 dir=34.66 sat=5
2025-11-20 01:16:48 [INFO] Cached datetime=2025-11-19T22:16:48+00:00 valid=A lat=60.015224N lon=30.284380E speed=0.0 dir=34.66 sat=5
2025-11-20 01:16:49 [INFO] Cached datetime=2025-11-19T22:16:49+00:00 valid=A lat=60.015226N lon=30.284372E speed=0.0 dir=34.66 sat=5
2025-11-20 01:16:50 [INFO] Cached datetime=2025-11-19T22:16:50+00:00 valid=A lat=60.015228N lon=30.284364E speed=0.0 dir=34.66 sat=5
2025-11-20 01:16:51 [INFO] Cached datetime=2025-11-19T22:16:51+00:00 valid=A lat=60.015234N lon=30.284365E speed=1.44 dir=34.66 sat=5
2025-11-20 01:16:52 [INFO] Cached datetime=2025-11-19T22:16:52+00:00 valid=A lat=60.015240N lon=30.284365E speed=1.18 dir=34.66 sat=5
2025-11-20 01:16:53 [INFO] Cached datetime=2025-11-19T22:16:53+00:00 valid=A lat=60.015247N lon=30.284365E speed=1.28 dir=34.66 sat=5
2025-11-20 01:16:54 [INFO] Cached datetime=2025-11-19T22:16:54+00:00 valid=A lat=60.015253N lon=30.284367E speed=1.35 dir=34.66 sat=5
2025-11-20 01:16:55 [INFO] Cached datetime=2025-11-19T22:16:55+00:00 valid=A lat=60.015255N lon=30.284356E speed=0.0 dir=34.66 sat=5
2025-11-20 01:16:56 [INFO] Cached datetime=2025-11-19T22:16:56+00:00 valid=A lat=60.015257N lon=30.284352E speed=0.0 dir=34.66 sat=5
2025-11-20 01:16:57 [INFO] Cached datetime=2025-11-19T22:16:57+00:00 valid=A lat=60.015260N lon=30.284347E speed=0.0 dir=34.66 sat=5
2025-11-20 01:16:58 [INFO] Cached datetime=2025-11-19T22:16:58+00:00 valid=A lat=60.015263N lon=30.284343E speed=0.0 dir=34.66 sat=5
2025-11-20 01:16:59 [INFO] Cached datetime=2025-11-19T22:16:59+00:00 valid=A lat=60.015265N lon=30.284338E speed=0.0 dir=34.66 sat=5
2025-11-20 01:17:00 [INFO] Cached datetime=2025-11-19T22:17:00+00:00 valid=A lat=60.015268N lon=30.284333E speed=0.0 dir=34.66 sat=5
2025-11-20 01:17:01 [INFO] Cached datetime=2025-11-19T22:17:01+00:00 valid=A lat=60.015270N lon=30.284329E speed=0.0 dir=34.66 sat=5
2025-11-20 01:17:02 [INFO] Cached datetime=2025-11-19T22:17:02+00:00 valid=A lat=60.015273N lon=30.284325E speed=0.0 dir=34.66 sat=5
2025-11-20 01:17:03 [INFO] Cache trigger reached: 100 >= 100
2025-11-20 01:17:03 [INFO] Cached datetime=2025-11-19T22:17:03+00:00 valid=A lat=60.015275N lon=30.284320E speed=0.0 dir=34.66 sat=5
2025-11-20 01:17:03 [INFO] Flushing 100 cached records (counter was 100)
2025-11-20 01:17:03 [INFO] Inserted 100 records into DB
2025-11-20 01:17:03 [WARNING] Retention: total=150100 > max_rows=150000, pruning...
2025-11-20 01:17:04 [INFO] Retention completed: kept latest 150000 rows
2025-11-20 01:17:04 [INFO] Cached datetime=2025-11-19T22:17:04+00:00 valid=A lat=60.015277N lon=30.284316E speed=0.0 dir=34.66 sat=5
2025-11-20 01:17:05 [INFO] Cached datetime=2025-11-19T22:17:05+00:00 valid=A lat=60.015278N lon=30.284304E speed=1.26 dir=34.66 sat=4
2025-11-20 01:17:06 [INFO] Cached datetime=2025-11-19T22:17:06+00:00 valid=A lat=60.015276N lon=30.284298E speed=1.01 dir=34.66 sat=4
2025-11-20 01:17:07 [INFO] Cached datetime=2025-11-19T22:17:07+00:00 valid=A lat=60.015273N lon=30.284297E speed=0.45 dir=34.66 sat=4
2025-11-20 01:17:08 [INFO] Cached datetime=2025-11-19T22:17:08+00:00 valid=A lat=60.015274N lon=30.284298E speed=0.3 dir=34.66 sat=4
2025-11-20 01:17:09 [INFO] Cached datetime=2025-11-19T22:17:09+00:00 valid=A lat=60.015276N lon=30.284305E speed=0.43 dir=34.66 sat=4
2025-11-20 01:17:10 [INFO] Cached datetime=2025-11-19T22:17:10+00:00 valid=A lat=60.015278N lon=30.284297E speed=0.0 dir=34.66 sat=5
2025-11-20 01:17:11 [INFO] Cached datetime=2025-11-19T22:17:11+00:00 valid=A lat=60.015281N lon=30.284290E speed=0.0 dir=34.66 sat=5
2025-11-20 01:17:12 [INFO] Cached datetime=2025-11-19T22:17:12+00:00 valid=A lat=60.015284N lon=30.284284E speed=0.0 dir=34.66 sat=5
2025-11-20 01:17:13 [INFO] Cached datetime=2025-11-19T22:17:13+00:00 valid=A lat=60.015283N lon=30.284288E speed=1.39 dir=34.66 sat=5
2025-11-20 01:17:14 [INFO] Cached datetime=2025-11-19T22:17:14+00:00 valid=A lat=60.015284N lon=30.284292E speed=1.18 dir=34.66 sat=5
2025-11-20 01:17:15 [INFO] Cached datetime=2025-11-19T22:17:15+00:00 valid=A lat=60.015285N lon=30.284299E speed=1.48 dir=34.66 sat=5
2025-11-20 01:17:16 [INFO] Cached datetime=2025-11-19T22:17:16+00:00 valid=A lat=60.015284N lon=30.284307E speed=1.82 dir=34.66 sat=5
2025-11-20 01:17:17 [INFO] Cached datetime=2025-11-19T22:17:17+00:00 valid=A lat=60.015283N lon=30.284316E speed=1.78 dir=34.66 sat=5
2025-11-20 01:17:18 [INFO] Cached datetime=2025-11-19T22:17:18+00:00 valid=A lat=60.015281N lon=30.284325E speed=2.07 dir=130.54 sat=5
2025-11-20 01:17:19 [INFO] Cached datetime=2025-11-19T22:17:19+00:00 valid=A lat=60.015280N lon=30.284334E speed=1.98 dir=117.66 sat=5
2025-11-20 01:17:20 [INFO] Cached datetime=2025-11-19T22:17:20+00:00 valid=A lat=60.015281N lon=30.284346E speed=2.14 dir=105.75 sat=5
2025-11-20 01:17:21 [INFO] Cached datetime=2025-11-19T22:17:21+00:00 valid=A lat=60.015281N lon=30.284357E speed=2.05 dir=112.99 sat=5
2025-11-20 01:17:22 [INFO] Cached datetime=2025-11-19T22:17:22+00:00 valid=A lat=60.015281N lon=30.284368E speed=2.14 dir=112.68 sat=5
2025-11-20 01:17:23 [INFO] Cached datetime=2025-11-19T22:17:23+00:00 valid=A lat=60.015283N lon=30.284378E speed=2.01 dir=104.53 sat=5
2025-11-20 01:17:24 [INFO] Cached datetime=2025-11-19T22:17:24+00:00 valid=A lat=60.015287N lon=30.284386E speed=1.76 dir=104.53 sat=5
2025-11-20 01:17:25 [INFO] Cached datetime=2025-11-19T22:17:25+00:00 valid=A lat=60.015291N lon=30.284391E speed=1.57 dir=104.53 sat=5
2025-11-20 01:17:26 [INFO] Cached datetime=2025-11-19T22:17:26+00:00 valid=A lat=60.015296N lon=30.284392E speed=1.37 dir=104.53 sat=5
2025-11-20 01:17:27 [INFO] Cached datetime=2025-11-19T22:17:27+00:00 valid=A lat=60.015299N lon=30.284392E speed=1.28 dir=104.53 sat=5
2025-11-20 01:17:28 [INFO] Cached datetime=2025-11-19T22:17:28+00:00 valid=A lat=60.015301N lon=30.284394E speed=1.32 dir=104.53 sat=5
2025-11-20 01:17:29 [INFO] Cached datetime=2025-11-19T22:17:29+00:00 valid=A lat=60.015300N lon=30.284394E speed=1.28 dir=104.53 sat=5
2025-11-20 01:17:30 [INFO] Cached datetime=2025-11-19T22:17:30+00:00 valid=A lat=60.015298N lon=30.284394E speed=1.37 dir=104.53 sat=5
2025-11-20 01:17:31 [INFO] Cached datetime=2025-11-19T22:17:31+00:00 valid=A lat=60.015295N lon=30.284392E speed=1.37 dir=104.53 sat=5
2025-11-20 01:17:32 [INFO] Cached datetime=2025-11-19T22:17:32+00:00 valid=A lat=60.015292N lon=30.284390E speed=1.37 dir=104.53 sat=5
2025-11-20 01:17:33 [INFO] Cached datetime=2025-11-19T22:17:33+00:00 valid=A lat=60.015288N lon=30.284389E speed=1.43 dir=104.53 sat=5
2025-11-20 01:17:34 [INFO] Cached datetime=2025-11-19T22:17:34+00:00 valid=A lat=60.015283N lon=30.284385E speed=1.4 dir=104.53 sat=5
2025-11-20 01:17:35 [INFO] Cached datetime=2025-11-19T22:17:35+00:00 valid=A lat=60.015277N lon=30.284381E speed=1.47 dir=104.53 sat=5
2025-11-20 01:17:36 [INFO] Cached datetime=2025-11-19T22:17:36+00:00 valid=A lat=60.015270N lon=30.284375E speed=1.57 dir=104.53 sat=5
2025-11-20 01:17:37 [INFO] Cached datetime=2025-11-19T22:17:37+00:00 valid=A lat=60.015267N lon=30.284375E speed=1.23 dir=104.53 sat=5
2025-11-20 01:17:38 [INFO] Cached datetime=2025-11-19T22:17:38+00:00 valid=A lat=60.015265N lon=30.284378E speed=1.15 dir=104.53 sat=5
2025-11-20 01:17:39 [INFO] Cached datetime=2025-11-19T22:17:39+00:00 valid=A lat=60.015275N lon=30.284401E speed=1.04 dir=104.53 sat=5
2025-11-20 01:17:40 [INFO] Cached datetime=2025-11-19T22:17:40+00:00 valid=A lat=60.015283N lon=30.284419E speed=1.07 dir=104.53 sat=5
2025-11-20 01:17:41 [INFO] Cached datetime=2025-11-19T22:17:41+00:00 valid=A lat=60.015270N lon=30.284392E speed=0.0 dir=104.53 sat=5
2025-11-20 01:17:42 [INFO] Cached datetime=2025-11-19T22:17:42+00:00 valid=A lat=60.015271N lon=30.284391E speed=0.0 dir=104.53 sat=5
2025-11-20 01:17:43 [INFO] Cached datetime=2025-11-19T22:17:43+00:00 valid=A lat=60.015271N lon=30.284391E speed=0.0 dir=104.53 sat=5
2025-11-20 01:17:44 [INFO] Cached datetime=2025-11-19T22:17:44+00:00 valid=A lat=60.015272N lon=30.284392E speed=0.0 dir=104.53 sat=5
2025-11-20 01:17:45 [INFO] Cached datetime=2025-11-19T22:17:45+00:00 valid=A lat=60.015272N lon=30.284393E speed=0.0 dir=104.53 sat=5
2025-11-20 01:17:46 [INFO] Cached datetime=2025-11-19T22:17:46+00:00 valid=A lat=60.015271N lon=30.284395E speed=0.0 dir=104.53 sat=5
2025-11-20 01:17:47 [INFO] Cached datetime=2025-11-19T22:17:47+00:00 valid=A lat=60.015271N lon=30.284397E speed=0.0 dir=104.53 sat=5
2025-11-20 01:17:48 [INFO] Cached datetime=2025-11-19T22:17:48+00:00 valid=A lat=60.015277N lon=30.284394E speed=1.82 dir=104.53 sat=5
2025-11-20 01:17:49 [INFO] Cached datetime=2025-11-19T22:17:49+00:00 valid=A lat=60.015281N lon=30.284401E speed=1.62 dir=104.53 sat=5
2025-11-20 01:17:50 [INFO] Cached datetime=2025-11-19T22:17:50+00:00 valid=A lat=60.015285N lon=30.284404E speed=1.23 dir=104.53 sat=5
2025-11-20 01:17:51 [INFO] Cached datetime=2025-11-19T22:17:51+00:00 valid=A lat=60.015282N lon=30.284411E speed=0.37 dir=104.53 sat=5
2025-11-20 01:17:52 [INFO] Cached datetime=2025-11-19T22:17:52+00:00 valid=A lat=60.015274N lon=30.284415E speed=0.2 dir=104.53 sat=5
2025-11-20 01:17:53 [INFO] Cached datetime=2025-11-19T22:17:53+00:00 valid=A lat=60.015267N lon=30.284422E speed=0.69 dir=104.53 sat=5
2025-11-20 01:17:54 [INFO] Cached datetime=2025-11-19T22:17:54+00:00 valid=A lat=60.015260N lon=30.284450E speed=1.06 dir=104.53 sat=5
2025-11-20 01:17:55 [INFO] Cached datetime=2025-11-19T22:17:55+00:00 valid=A lat=60.015253N lon=30.284461E speed=1.02 dir=104.53 sat=5
2025-11-20 01:17:56 [INFO] Cached datetime=2025-11-19T22:17:56+00:00 valid=A lat=60.015250N lon=30.284459E speed=0.0 dir=104.53 sat=6
2025-11-20 01:17:57 [INFO] Cached datetime=2025-11-19T22:17:57+00:00 valid=A lat=60.015246N lon=30.284457E speed=0.0 dir=104.53 sat=6
2025-11-20 01:17:58 [INFO] Cached datetime=2025-11-19T22:17:58+00:00 valid=A lat=60.015242N lon=30.284455E speed=0.0 dir=104.53 sat=6
2025-11-20 01:17:59 [INFO] Cached datetime=2025-11-19T22:17:59+00:00 valid=A lat=60.015233N lon=30.284449E speed=0.0 dir=104.53 sat=6
2025-11-20 01:18:00 [INFO] Cached datetime=2025-11-19T22:18:00+00:00 valid=A lat=60.015229N lon=30.284447E speed=0.0 dir=104.53 sat=6
2025-11-20 01:18:01 [INFO] Cached datetime=2025-11-19T22:18:01+00:00 valid=A lat=60.015226N lon=30.284446E speed=0.0 dir=104.53 sat=6
2025-11-20 01:18:02 [INFO] Cached datetime=2025-11-19T22:18:02+00:00 valid=A lat=60.015229N lon=30.284445E speed=1.46 dir=104.53 sat=6
2025-11-20 01:18:03 [INFO] Cached datetime=2025-11-19T22:18:03+00:00 valid=A lat=60.015225N lon=30.284440E speed=1.19 dir=104.53 sat=6
2025-11-20 01:18:04 [INFO] Cached datetime=2025-11-19T22:18:04+00:00 valid=A lat=60.015218N lon=30.284440E speed=0.69 dir=104.53 sat=6
2025-11-20 01:18:05 [INFO] Cached datetime=2025-11-19T22:18:05+00:00 valid=A lat=60.015208N lon=30.284432E speed=0.0 dir=104.53 sat=6
2025-11-20 01:18:06 [INFO] Cached datetime=2025-11-19T22:18:06+00:00 valid=A lat=60.015199N lon=30.284426E speed=0.0 dir=104.53 sat=6
2025-11-20 01:18:07 [INFO] Cached datetime=2025-11-19T22:18:07+00:00 valid=A lat=60.015197N lon=30.284424E speed=0.0 dir=104.53 sat=6
2025-11-20 01:18:08 [INFO] Cached datetime=2025-11-19T22:18:08+00:00 valid=A lat=60.015193N lon=30.284421E speed=0.0 dir=104.53 sat=6
2025-11-20 01:18:09 [INFO] Cached datetime=2025-11-19T22:18:09+00:00 valid=A lat=60.015192N lon=30.284420E speed=0.0 dir=104.53 sat=6
2025-11-20 01:18:10 [INFO] Cached datetime=2025-11-19T22:18:10+00:00 valid=A lat=60.015183N lon=30.284413E speed=0.0 dir=104.53 sat=6
2025-11-20 01:18:11 [INFO] Cached datetime=2025-11-19T22:18:11+00:00 valid=A lat=60.015180N lon=30.284410E speed=0.0 dir=104.53 sat=6
2025-11-20 01:18:12 [INFO] Cached datetime=2025-11-19T22:18:12+00:00 valid=A lat=60.015171N lon=30.284404E speed=0.0 dir=104.53 sat=6
2025-11-20 01:18:13 [INFO] Cached datetime=2025-11-19T22:18:13+00:00 valid=A lat=60.015169N lon=30.284402E speed=0.0 dir=104.53 sat=6
2025-11-20 01:18:14 [INFO] Cached datetime=2025-11-19T22:18:14+00:00 valid=A lat=60.015166N lon=30.284400E speed=0.0 dir=104.53 sat=6
2025-11-20 01:18:15 [INFO] Cached datetime=2025-11-19T22:18:15+00:00 valid=A lat=60.015164N lon=30.284398E speed=0.0 dir=104.53 sat=6
2025-11-20 01:18:16 [INFO] Cached datetime=2025-11-19T22:18:16+00:00 valid=A lat=60.015161N lon=30.284396E speed=0.0 dir=104.53 sat=6
2025-11-20 01:18:17 [INFO] Cached datetime=2025-11-19T22:18:17+00:00 valid=A lat=60.015157N lon=30.284392E speed=0.0 dir=104.53 sat=6
2025-11-20 01:18:18 [INFO] Cached datetime=2025-11-19T22:18:18+00:00 valid=A lat=60.015154N lon=30.284390E speed=0.0 dir=104.53 sat=6
2025-11-20 01:18:19 [INFO] Cached datetime=2025-11-19T22:18:19+00:00 valid=A lat=60.015151N lon=30.284388E speed=0.0 dir=104.53 sat=6
2025-11-20 01:18:20 [INFO] Cached datetime=2025-11-19T22:18:20+00:00 valid=A lat=60.015148N lon=30.284385E speed=0.0 dir=104.53 sat=6
2025-11-20 01:18:21 [INFO] Cached datetime=2025-11-19T22:18:21+00:00 valid=A lat=60.015146N lon=30.284384E speed=0.0 dir=104.53 sat=6
2025-11-20 01:18:22 [INFO] Cached datetime=2025-11-19T22:18:22+00:00 valid=A lat=60.015143N lon=30.284381E speed=0.0 dir=104.53 sat=6
2025-11-20 01:18:23 [INFO] Cached datetime=2025-11-19T22:18:23+00:00 valid=A lat=60.015139N lon=30.284380E speed=0.0 dir=104.53 sat=6
2025-11-20 01:18:24 [INFO] Cached datetime=2025-11-19T22:18:24+00:00 valid=A lat=60.015132N lon=30.284375E speed=0.0 dir=104.53 sat=6
2025-11-20 01:18:25 [INFO] Cached datetime=2025-11-19T22:18:25+00:00 valid=A lat=60.015129N lon=30.284374E speed=0.0 dir=104.53 sat=6
2025-11-20 01:18:26 [INFO] Cached datetime=2025-11-19T22:18:26+00:00 valid=A lat=60.015127N lon=30.284373E speed=0.0 dir=104.53 sat=6
2025-11-20 01:18:27 [INFO] Cached datetime=2025-11-19T22:18:27+00:00 valid=A lat=60.015124N lon=30.284372E speed=0.0 dir=104.53 sat=6
2025-11-20 01:18:28 [INFO] Cached datetime=2025-11-19T22:18:28+00:00 valid=A lat=60.015118N lon=30.284368E speed=0.0 dir=104.53 sat=6
2025-11-20 01:18:29 [INFO] Cached datetime=2025-11-19T22:18:29+00:00 valid=A lat=60.015116N lon=30.284367E speed=0.0 dir=104.53 sat=6
2025-11-20 01:18:30 [INFO] Cached datetime=2025-11-19T22:18:30+00:00 valid=A lat=60.015110N lon=30.284363E speed=0.0 dir=104.53 sat=6
2025-11-20 01:18:31 [INFO] Cached datetime=2025-11-19T22:18:31+00:00 valid=A lat=60.015105N lon=30.284360E speed=0.0 dir=104.53 sat=5
2025-11-20 01:18:32 [INFO] Cached datetime=2025-11-19T22:18:32+00:00 valid=A lat=60.015101N lon=30.284357E speed=0.0 dir=104.53 sat=5
2025-11-20 01:18:33 [INFO] Cached datetime=2025-11-19T22:18:33+00:00 valid=A lat=60.015097N lon=30.284354E speed=0.0 dir=104.53 sat=5
2025-11-20 01:18:34 [INFO] Cached datetime=2025-11-19T22:18:34+00:00 valid=A lat=60.015093N lon=30.284352E speed=0.0 dir=104.53 sat=5
2025-11-20 01:18:35 [INFO] Cached datetime=2025-11-19T22:18:35+00:00 valid=A lat=60.015090N lon=30.284349E speed=0.0 dir=104.53 sat=5
2025-11-20 01:18:36 [INFO] Cached datetime=2025-11-19T22:18:36+00:00 valid=A lat=60.015090N lon=30.284350E speed=0.0 dir=104.53 sat=4
2025-11-20 01:18:37 [INFO] Cached datetime=2025-11-19T22:18:37+00:00 valid=A lat=60.015089N lon=30.284350E speed=0.0 dir=104.53 sat=4
2025-11-20 01:18:38 [INFO] Cached datetime=2025-11-19T22:18:38+00:00 valid=A lat=60.015088N lon=30.284350E speed=0.0 dir=104.53 sat=4
2025-11-20 01:18:39 [INFO] Cached datetime=2025-11-19T22:18:39+00:00 valid=A lat=60.015087N lon=30.284349E speed=0.0 dir=104.53 sat=4
2025-11-20 01:18:40 [INFO] Cached datetime=2025-11-19T22:18:40+00:00 valid=A lat=60.015085N lon=30.284348E speed=0.0 dir=104.53 sat=4
2025-11-20 01:18:41 [INFO] Cached datetime=2025-11-19T22:18:41+00:00 valid=A lat=60.015083N lon=30.284347E speed=0.0 dir=104.53 sat=4
2025-11-20 01:18:42 [INFO] Cached datetime=2025-11-19T22:18:42+00:00 valid=A lat=60.015082N lon=30.284345E speed=0.0 dir=104.53 sat=4
2025-11-20 01:18:43 [INFO] Cache trigger reached: 100 >= 100
2025-11-20 01:18:43 [INFO] Cached datetime=2025-11-19T22:18:43+00:00 valid=A lat=60.015082N lon=30.284346E speed=0.0 dir=104.53 sat=4
2025-11-20 01:18:43 [INFO] Flushing 100 cached records (counter was 100)
2025-11-20 01:18:43 [INFO] Inserted 100 records into DB
2025-11-20 01:18:43 [WARNING] Retention: total=150100 > max_rows=150000, pruning...
2025-11-20 01:18:44 [INFO] Retention completed: kept latest 150000 rows
2025-11-20 01:18:44 [INFO] Cached datetime=2025-11-19T22:18:44+00:00 valid=A lat=60.015082N lon=30.284345E speed=0.0 dir=104.53 sat=4
2025-11-20 01:18:45 [INFO] Cached datetime=2025-11-19T22:18:45+00:00 valid=A lat=60.015082N lon=30.284345E speed=0.0 dir=104.53 sat=4
2025-11-20 01:18:46 [INFO] Cached datetime=2025-11-19T22:18:46+00:00 valid=A lat=60.015086N lon=30.284329E speed=1.95 dir=295.45 sat=4
2025-11-20 01:18:47 [INFO] Cached datetime=2025-11-19T22:18:47+00:00 valid=A lat=60.015089N lon=30.284318E speed=1.75 dir=295.45 sat=4
2025-11-20 01:18:48 [INFO] Cached datetime=2025-11-19T22:18:48+00:00 valid=A lat=60.015095N lon=30.284306E speed=1.9 dir=295.45 sat=4
2025-11-20 01:18:49 [INFO] Cached datetime=2025-11-19T22:18:49+00:00 valid=A lat=60.015104N lon=30.284292E speed=2.47 dir=315.75 sat=4
2025-11-20 01:18:50 [INFO] Cached datetime=2025-11-19T22:18:50+00:00 valid=A lat=60.015112N lon=30.284279E speed=2.34 dir=320.62 sat=4
2025-11-20 01:18:51 [INFO] Cached datetime=2025-11-19T22:18:51+00:00 valid=A lat=60.015118N lon=30.284261E speed=1.54 dir=320.62 sat=4
2025-11-20 01:18:52 [INFO] Cached datetime=2025-11-19T22:18:52+00:00 valid=A lat=60.015117N lon=30.284255E speed=0.81 dir=320.62 sat=4
2025-11-20 01:18:53 [INFO] Cached datetime=2025-11-19T22:18:53+00:00 valid=A lat=60.015114N lon=30.284264E speed=0.13 dir=320.62 sat=4
2025-11-20 01:18:54 [INFO] Cached datetime=2025-11-19T22:18:54+00:00 valid=A lat=60.015113N lon=30.284263E speed=0.17 dir=320.62 sat=4
2025-11-20 01:18:55 [INFO] Cached datetime=2025-11-19T22:18:55+00:00 valid=A lat=60.015113N lon=30.284263E speed=0.55 dir=320.62 sat=4
2025-11-20 01:18:56 [INFO] Cached datetime=2025-11-19T22:18:56+00:00 valid=A lat=60.015111N lon=30.284269E speed=0.98 dir=320.62 sat=4
2025-11-20 01:18:57 [INFO] Cached datetime=2025-11-19T22:18:57+00:00 valid=A lat=60.015107N lon=30.284273E speed=0.83 dir=320.62 sat=4
2025-11-20 01:18:58 [INFO] Cached datetime=2025-11-19T22:18:58+00:00 valid=A lat=60.015104N lon=30.284279E speed=0.97 dir=320.62 sat=4
2025-11-20 01:18:59 [INFO] Cached datetime=2025-11-19T22:18:59+00:00 valid=A lat=60.015100N lon=30.284286E speed=1.17 dir=320.62 sat=4
2025-11-20 01:19:00 [INFO] Cached datetime=2025-11-19T22:19:00+00:00 valid=A lat=60.015096N lon=30.284298E speed=1.64 dir=320.62 sat=4
2025-11-20 01:19:01 [INFO] Cached datetime=2025-11-19T22:19:01+00:00 valid=A lat=60.015092N lon=30.284311E speed=1.72 dir=320.62 sat=4
2025-11-20 01:19:02 [INFO] Cached datetime=2025-11-19T22:19:02+00:00 valid=A lat=60.015088N lon=30.284325E speed=1.67 dir=320.62 sat=4
2025-11-20 01:19:03 [INFO] Cached datetime=2025-11-19T22:19:03+00:00 valid=A lat=60.015084N lon=30.284339E speed=1.79 dir=320.62 sat=4
2025-11-20 01:19:04 [INFO] Cached datetime=2025-11-19T22:19:04+00:00 valid=A lat=60.015079N lon=30.284352E speed=1.79 dir=320.62 sat=4
2025-11-20 01:19:05 [INFO] Cached datetime=2025-11-19T22:19:05+00:00 valid=A lat=60.015077N lon=30.284355E speed=1.6 dir=320.62 sat=4
2025-11-20 01:19:06 [INFO] Cached datetime=2025-11-19T22:19:06+00:00 valid=A lat=60.015073N lon=30.284363E speed=1.48 dir=320.62 sat=4
2025-11-20 01:19:07 [INFO] Cached datetime=2025-11-19T22:19:07+00:00 valid=A lat=60.015071N lon=30.284368E speed=0.94 dir=320.62 sat=4
2025-11-20 01:19:08 [INFO] Cached datetime=2025-11-19T22:19:08+00:00 valid=A lat=60.015074N lon=30.284363E speed=0.26 dir=320.62 sat=4
2025-11-20 01:19:09 [INFO] Cached datetime=2025-11-19T22:19:09+00:00 valid=A lat=60.015077N lon=30.284371E speed=0.67 dir=320.62 sat=4
2025-11-20 01:19:10 [INFO] Cached datetime=2025-11-19T22:19:10+00:00 valid=A lat=60.015080N lon=30.284381E speed=0.95 dir=320.62 sat=4
2025-11-20 01:19:11 [INFO] Cached datetime=2025-11-19T22:19:11+00:00 valid=A lat=60.015085N lon=30.284392E speed=1.28 dir=320.62 sat=4
2025-11-20 01:19:12 [INFO] Cached datetime=2025-11-19T22:19:12+00:00 valid=A lat=60.015087N lon=30.284412E speed=1.75 dir=320.62 sat=4
2025-11-20 01:19:13 [INFO] Cached datetime=2025-11-19T22:19:13+00:00 valid=A lat=60.015091N lon=30.284423E speed=1.5 dir=320.62 sat=4
2025-11-20 01:19:14 [INFO] Cached datetime=2025-11-19T22:19:14+00:00 valid=A lat=60.015097N lon=30.284423E speed=1.27 dir=320.62 sat=4
2025-11-20 01:19:15 [INFO] Cached datetime=2025-11-19T22:19:15+00:00 valid=A lat=60.015097N lon=30.284430E speed=1.11 dir=320.62 sat=4
2025-11-20 01:19:16 [INFO] Cached datetime=2025-11-19T22:19:16+00:00 valid=A lat=60.015098N lon=30.284429E speed=0.52 dir=320.62 sat=4
2025-11-20 01:19:17 [INFO] Cached datetime=2025-11-19T22:19:17+00:00 valid=A lat=60.015099N lon=30.284430E speed=0.43 dir=320.62 sat=4
2025-11-20 01:19:18 [INFO] Cached datetime=2025-11-19T22:19:18+00:00 valid=A lat=60.015101N lon=30.284421E speed=0.06 dir=320.62 sat=4
2025-11-20 01:19:19 [INFO] Cached datetime=2025-11-19T22:19:19+00:00 valid=A lat=60.015103N lon=30.284405E speed=0.71 dir=320.62 sat=4
2025-11-20 01:19:20 [INFO] Cached datetime=2025-11-19T22:19:20+00:00 valid=A lat=60.015105N lon=30.284390E speed=0.93 dir=320.62 sat=4
2025-11-20 01:19:21 [INFO] Cached datetime=2025-11-19T22:19:21+00:00 valid=A lat=60.015107N lon=30.284375E speed=1.18 dir=320.62 sat=4
2025-11-20 01:19:22 [INFO] Cached datetime=2025-11-19T22:19:22+00:00 valid=A lat=60.015109N lon=30.284365E speed=1.17 dir=320.62 sat=4
2025-11-20 01:19:23 [INFO] Cached datetime=2025-11-19T22:19:23+00:00 valid=A lat=60.015110N lon=30.284358E speed=0.91 dir=320.62 sat=4
2025-11-20 01:19:24 [INFO] Cached datetime=2025-11-19T22:19:24+00:00 valid=A lat=60.015108N lon=30.284355E speed=0.24 dir=320.62 sat=4
2025-11-20 01:19:25 [INFO] Cached datetime=2025-11-19T22:19:25+00:00 valid=A lat=60.015104N lon=30.284356E speed=0.62 dir=320.62 sat=4
2025-11-20 01:19:26 [INFO] Cached datetime=2025-11-19T22:19:26+00:00 valid=A lat=60.015102N lon=30.284355E speed=0.54 dir=320.62 sat=4
2025-11-20 01:19:27 [INFO] Cached datetime=2025-11-19T22:19:27+00:00 valid=A lat=60.015101N lon=30.284358E speed=0.28 dir=320.62 sat=4
2025-11-20 01:19:28 [INFO] Cached datetime=2025-11-19T22:19:28+00:00 valid=A lat=60.015100N lon=30.284366E speed=0.58 dir=320.62 sat=4
2025-11-20 01:19:29 [INFO] Cached datetime=2025-11-19T22:19:29+00:00 valid=A lat=60.015098N lon=30.284378E speed=1.1 dir=320.62 sat=4
2025-11-20 01:19:30 [INFO] Cached datetime=2025-11-19T22:19:30+00:00 valid=A lat=60.015096N lon=30.284392E speed=1.15 dir=320.62 sat=4
2025-11-20 01:19:31 [INFO] Cached datetime=2025-11-19T22:19:31+00:00 valid=A lat=60.015099N lon=30.284404E speed=1.58 dir=320.62 sat=5
2025-11-20 01:19:32 [INFO] Cached datetime=2025-11-19T22:19:32+00:00 valid=A lat=60.015091N lon=30.284393E speed=1.9 dir=320.62 sat=5
2025-11-20 01:19:33 [INFO] Cached datetime=2025-11-19T22:19:33+00:00 valid=A lat=60.015088N lon=30.284389E speed=1.28 dir=320.62 sat=5
2025-11-20 01:19:34 [INFO] Cached datetime=2025-11-19T22:19:34+00:00 valid=A lat=60.015087N lon=30.284381E speed=0.0 dir=320.62 sat=5
2025-11-20 01:19:35 [INFO] Cached datetime=2025-11-19T22:19:35+00:00 valid=A lat=60.015086N lon=30.284378E speed=0.0 dir=320.62 sat=5
2025-11-20 01:19:36 [INFO] Cached datetime=2025-11-19T22:19:36+00:00 valid=A lat=60.015086N lon=30.284381E speed=0.0 dir=320.62 sat=5
2025-11-20 01:19:37 [INFO] Cached datetime=2025-11-19T22:19:37+00:00 valid=A lat=60.015085N lon=30.284379E speed=0.39 dir=320.62 sat=5
2025-11-20 01:19:38 [INFO] Cached datetime=2025-11-19T22:19:38+00:00 valid=A lat=60.015085N lon=30.284382E speed=0.31 dir=320.62 sat=5
2025-11-20 01:19:39 [INFO] Cached datetime=2025-11-19T22:19:39+00:00 valid=A lat=60.015083N lon=30.284381E speed=0.0 dir=320.62 sat=5
2025-11-20 01:19:40 [INFO] Cached datetime=2025-11-19T22:19:40+00:00 valid=A lat=60.015082N lon=30.284380E speed=0.0 dir=320.62 sat=5
2025-11-20 01:19:41 [INFO] Cached datetime=2025-11-19T22:19:41+00:00 valid=A lat=60.015080N lon=30.284379E speed=0.0 dir=320.62 sat=5
2025-11-20 01:19:42 [INFO] Cached datetime=2025-11-19T22:19:42+00:00 valid=A lat=60.015081N lon=30.284391E speed=1.0 dir=320.62 sat=5
2025-11-20 01:19:43 [INFO] Cached datetime=2025-11-19T22:19:43+00:00 valid=A lat=60.015084N lon=30.284390E speed=0.82 dir=320.62 sat=5
2025-11-20 01:19:44 [INFO] Cached datetime=2025-11-19T22:19:44+00:00 valid=A lat=60.015082N lon=30.284385E speed=0.0 dir=320.62 sat=5
2025-11-20 01:19:45 [INFO] Cached datetime=2025-11-19T22:19:45+00:00 valid=A lat=60.015080N lon=30.284385E speed=0.0 dir=320.62 sat=5
2025-11-20 01:19:46 [INFO] Cached datetime=2025-11-19T22:19:46+00:00 valid=A lat=60.015079N lon=30.284385E speed=0.0 dir=320.62 sat=5
2025-11-20 01:19:47 [INFO] Cached datetime=2025-11-19T22:19:47+00:00 valid=A lat=60.015079N lon=30.284388E speed=0.45 dir=320.62 sat=5
2025-11-20 01:19:48 [INFO] Cached datetime=2025-11-19T22:19:48+00:00 valid=A lat=60.015078N lon=30.284419E speed=3.76 dir=88.15 sat=5
2025-11-20 01:19:49 [INFO] Cached datetime=2025-11-19T22:19:49+00:00 valid=A lat=60.015077N lon=30.284451E speed=3.12 dir=91.88 sat=5
2025-11-20 01:19:50 [INFO] Cached datetime=2025-11-19T22:19:50+00:00 valid=A lat=60.015077N lon=30.284479E speed=3.09 dir=84.73 sat=5
2025-11-20 01:19:51 [INFO] Cached datetime=2025-11-19T22:19:51+00:00 valid=A lat=60.015079N lon=30.284508E speed=3.19 dir=78.62 sat=5
2025-11-20 01:19:51 [INFO] Received signal 2, shutting down...
2025-11-20 01:19:51 [INFO] NMEA reader task cancelled
2025-11-20 01:19:51 [INFO] DB flusher task cancelled
2025-11-20 01:19:51 [INFO] === GNRMC Unified App stopped ===
2025-11-20 01:40:09 [INFO] === GNRMC Unified App starting ===
2025-11-20 01:40:09 [INFO] Config: etc/gnrmc-provider.toml | DB=data/gnrmc.db | MaxRows=150000 | Host=0.0.0.0:7000 | Workers=5 | CacheLen=5000 | CacheTrigger=100
2025-11-20 01:40:09 [INFO] DB initialized at data/gnrmc.db
2025-11-20 01:40:09 [INFO] Reading NMEA from serial: /dev/ttyS3 (baud=9600)
2025-11-20 01:40:10 [INFO] Cached datetime=2025-11-19T22:40:10+00:00 valid=V lat= lon= speed=None dir=None sat=0
2025-11-20 01:40:11 [INFO] Cached datetime=2025-11-19T22:40:11+00:00 valid=V lat= lon= speed=None dir=None sat=0
2025-11-20 01:40:12 [INFO] Returned last cached record
2025-11-20 01:40:12 [INFO] Cached datetime=2025-11-19T22:40:12+00:00 valid=V lat= lon= speed=None dir=None sat=0
2025-11-20 01:40:13 [INFO] Cached datetime=2025-11-19T22:40:13+00:00 valid=V lat= lon= speed=None dir=None sat=0
2025-11-20 01:40:14 [INFO] Cached datetime=2025-11-19T22:40:14+00:00 valid=V lat= lon= speed=None dir=None sat=0
2025-11-20 01:40:15 [INFO] Cached datetime=2025-11-19T22:40:15+00:00 valid=V lat= lon= speed=None dir=None sat=0
2025-11-20 01:40:16 [INFO] Cached datetime=2025-11-19T22:40:16+00:00 valid=V lat= lon= speed=None dir=None sat=0
2025-11-20 01:40:17 [INFO] Cached datetime=2025-11-19T22:40:17+00:00 valid=V lat= lon= speed=None dir=None sat=0
2025-11-20 01:40:18 [INFO] Cached datetime=2025-11-19T22:40:18+00:00 valid=V lat= lon= speed=None dir=None sat=0
2025-11-20 01:40:19 [INFO] Cached datetime=2025-11-19T22:40:19+00:00 valid=V lat= lon= speed=None dir=None sat=0
2025-11-20 01:40:20 [INFO] Cached datetime=2025-11-19T22:40:20+00:00 valid=V lat= lon= speed=None dir=None sat=0
2025-11-20 01:40:21 [INFO] Cached datetime=2025-11-19T22:40:21+00:00 valid=V lat= lon= speed=None dir=None sat=0
2025-11-20 01:40:22 [INFO] Cached datetime=2025-11-19T22:40:22+00:00 valid=V lat= lon= speed=None dir=None sat=0
2025-11-20 01:40:23 [INFO] Cached datetime=2025-11-19T22:40:23+00:00 valid=V lat= lon= speed=None dir=None sat=0
2025-11-20 01:40:24 [INFO] Cached datetime=2025-11-19T22:40:24+00:00 valid=V lat= lon= speed=None dir=None sat=0
2025-11-20 01:40:25 [INFO] Cached datetime=2025-11-19T22:40:25+00:00 valid=V lat= lon= speed=None dir=None sat=0
2025-11-20 01:40:26 [INFO] Cached datetime=2025-11-19T22:40:26+00:00 valid=V lat= lon= speed=None dir=None sat=0
2025-11-20 01:40:27 [INFO] Cached datetime=2025-11-19T22:40:27+00:00 valid=V lat= lon= speed=None dir=None sat=0
2025-11-20 01:40:28 [INFO] Cached datetime=2025-11-19T22:40:28+00:00 valid=V lat= lon= speed=None dir=None sat=0
2025-11-20 01:40:29 [INFO] Cached datetime=2025-11-19T22:40:29+00:00 valid=V lat= lon= speed=None dir=None sat=0
2025-11-20 01:40:30 [INFO] Cached datetime=2025-11-19T22:40:30+00:00 valid=V lat= lon= speed=None dir=None sat=0
2025-11-20 01:40:31 [INFO] Cached datetime=2025-11-19T22:40:31+00:00 valid=V lat= lon= speed=None dir=None sat=0
2025-11-20 01:40:32 [INFO] Cached datetime=2025-11-19T22:40:32+00:00 valid=V lat= lon= speed=None dir=None sat=0
2025-11-20 01:40:33 [INFO] Cached datetime=2025-11-19T22:40:33+00:00 valid=V lat= lon= speed=None dir=None sat=0
2025-11-20 01:40:34 [INFO] Cached datetime=2025-11-19T22:40:34+00:00 valid=V lat= lon= speed=None dir=None sat=0
2025-11-20 01:40:35 [INFO] Cached datetime=2025-11-19T22:40:35+00:00 valid=V lat= lon= speed=None dir=None sat=0
2025-11-20 01:40:36 [INFO] Cached datetime=2025-11-19T22:40:36+00:00 valid=V lat= lon= speed=None dir=None sat=0
2025-11-20 01:40:37 [INFO] Cached datetime=2025-11-19T22:40:37+00:00 valid=V lat= lon= speed=None dir=None sat=0
2025-11-20 01:40:38 [INFO] Returned last cached record
2025-11-20 01:40:38 [INFO] Cached datetime=2025-11-19T22:40:38+00:00 valid=V lat= lon= speed=None dir=None sat=0
2025-11-20 01:40:38 [INFO] Returned last cached record
2025-11-20 01:40:38 [INFO] Returned last cached record
2025-11-20 01:40:39 [INFO] Returned last cached record
2025-11-20 01:40:39 [INFO] Returned last cached record
2025-11-20 01:40:39 [INFO] Cached datetime=2025-11-19T22:40:39+00:00 valid=V lat= lon= speed=None dir=None sat=0
2025-11-20 01:40:39 [INFO] Returned last cached record
2025-11-20 01:40:39 [INFO] Returned last cached record
2025-11-20 01:40:40 [INFO] Returned last cached record
2025-11-20 01:40:40 [INFO] Returned last cached record
2025-11-20 01:40:40 [INFO] Cached datetime=2025-11-19T22:40:40+00:00 valid=V lat= lon= speed=None dir=None sat=0
2025-11-20 01:40:40 [INFO] Returned last cached record
2025-11-20 01:40:40 [INFO] Returned last cached record
2025-11-20 01:40:40 [INFO] Returned last cached record
2025-11-20 01:40:41 [INFO] Returned last cached record
2025-11-20 01:40:41 [INFO] Returned last cached record
2025-11-20 01:40:41 [INFO] Cached datetime=2025-11-19T22:40:41+00:00 valid=V lat= lon= speed=None dir=None sat=0
2025-11-20 01:40:41 [INFO] Returned last cached record
2025-11-20 01:40:41 [INFO] Returned last cached record
2025-11-20 01:40:42 [INFO] Returned last cached record
2025-11-20 01:40:42 [INFO] Returned last cached record
2025-11-20 01:40:42 [INFO] Cached datetime=2025-11-19T22:40:42+00:00 valid=V lat= lon= speed=None dir=None sat=0
2025-11-20 01:40:42 [INFO] Returned last cached record
2025-11-20 01:40:42 [INFO] Returned last cached record
2025-11-20 01:40:43 [INFO] Returned last cached record
2025-11-20 01:40:43 [INFO] Returned last cached record
2025-11-20 01:40:43 [INFO] Cached datetime=2025-11-19T22:40:43+00:00 valid=V lat= lon= speed=None dir=None sat=0
2025-11-20 01:40:43 [INFO] Returned last cached record
2025-11-20 01:40:43 [INFO] Returned last cached record
2025-11-20 01:40:43 [INFO] Returned last cached record
2025-11-20 01:40:44 [INFO] Returned last cached record
2025-11-20 01:40:44 [INFO] Returned last cached record
2025-11-20 01:40:44 [INFO] Cached datetime=2025-11-19T22:40:44+00:00 valid=V lat= lon= speed=None dir=None sat=0
2025-11-20 01:40:44 [INFO] Returned last cached record
2025-11-20 01:40:44 [INFO] Returned last cached record
2025-11-20 01:40:45 [INFO] Returned last cached record
2025-11-20 01:40:45 [INFO] Returned last cached record
2025-11-20 01:40:45 [INFO] Cached datetime=2025-11-19T22:40:45+00:00 valid=V lat= lon= speed=None dir=None sat=0
2025-11-20 01:40:45 [INFO] Returned last cached record
2025-11-20 01:40:45 [INFO] Returned last cached record
2025-11-20 01:40:46 [INFO] Returned last cached record
2025-11-20 01:40:46 [INFO] Returned last cached record
2025-11-20 01:40:46 [INFO] Cached datetime=2025-11-19T22:40:46+00:00 valid=V lat= lon= speed=None dir=None sat=0
2025-11-20 01:40:46 [INFO] Returned last cached record
2025-11-20 01:40:46 [INFO] Returned last cached record
2025-11-20 01:40:47 [INFO] Returned last cached record
2025-11-20 01:40:47 [INFO] Returned last cached record
2025-11-20 01:40:47 [INFO] Cached datetime=2025-11-19T22:40:47+00:00 valid=V lat= lon= speed=None dir=None sat=0
2025-11-20 01:40:47 [INFO] Returned last cached record
2025-11-20 01:40:47 [INFO] Returned last cached record
2025-11-20 01:40:48 [INFO] Returned last cached record
2025-11-20 01:40:48 [INFO] Returned last cached record
2025-11-20 01:40:48 [INFO] Cached datetime=2025-11-19T22:40:48+00:00 valid=V lat= lon= speed=None dir=None sat=0
2025-11-20 01:40:48 [INFO] Returned last cached record
2025-11-20 01:40:48 [INFO] Returned last cached record
2025-11-20 01:40:49 [INFO] Returned last cached record
2025-11-20 01:40:49 [INFO] Returned last cached record
2025-11-20 01:40:49 [INFO] Cached datetime=2025-11-19T22:40:49+00:00 valid=V lat= lon= speed=None dir=None sat=0
2025-11-20 01:40:49 [INFO] Returned last cached record
2025-11-20 01:40:49 [INFO] Returned last cached record
2025-11-20 01:40:49 [INFO] Returned last cached record
2025-11-20 01:40:50 [INFO] Returned last cached record
2025-11-20 01:40:50 [INFO] Returned last cached record
2025-11-20 01:40:50 [INFO] Cached datetime=2025-11-19T22:40:50+00:00 valid=V lat= lon= speed=None dir=None sat=0
2025-11-20 01:40:50 [INFO] Returned last cached record
2025-11-20 01:40:50 [INFO] Returned last cached record
2025-11-20 01:40:51 [INFO] Returned last cached record
2025-11-20 01:40:51 [INFO] Returned last cached record
2025-11-20 01:40:51 [INFO] Cached datetime=2025-11-19T22:40:51+00:00 valid=V lat= lon= speed=None dir=None sat=0
2025-11-20 01:40:51 [INFO] Returned last cached record
2025-11-20 01:40:51 [INFO] Returned last cached record
2025-11-20 01:40:52 [INFO] Returned last cached record
2025-11-20 01:40:52 [INFO] Returned last cached record
2025-11-20 01:40:52 [INFO] Cached datetime=2025-11-19T22:40:52+00:00 valid=V lat= lon= speed=None dir=None sat=0
2025-11-20 01:40:52 [INFO] Returned last cached record
2025-11-20 01:40:52 [INFO] Returned last cached record
2025-11-20 01:40:53 [INFO] Returned last cached record
2025-11-20 01:40:53 [INFO] Returned last cached record
2025-11-20 01:40:53 [INFO] Cached datetime=2025-11-19T22:40:53+00:00 valid=V lat= lon= speed=None dir=None sat=0
2025-11-20 01:40:53 [INFO] Returned last cached record
2025-11-20 01:40:53 [INFO] Returned last cached record
2025-11-20 01:40:54 [INFO] Returned last cached record
2025-11-20 01:40:54 [INFO] Returned last cached record
2025-11-20 01:40:54 [INFO] Cached datetime=2025-11-19T22:40:54+00:00 valid=V lat= lon= speed=None dir=None sat=0
2025-11-20 01:40:54 [INFO] Returned last cached record
2025-11-20 01:40:54 [INFO] Returned last cached record
2025-11-20 01:40:55 [INFO] Returned last cached record
2025-11-20 01:40:55 [INFO] Returned last cached record
2025-11-20 01:40:55 [INFO] Returned last cached record
2025-11-20 01:40:55 [INFO] Cached datetime=2025-11-19T22:40:55+00:00 valid=V lat= lon= speed=None dir=None sat=0
2025-11-20 01:40:55 [INFO] Returned last cached record
2025-11-20 01:40:55 [INFO] Returned last cached record
2025-11-20 01:40:56 [INFO] Returned last cached record
2025-11-20 01:40:56 [INFO] Returned last cached record
2025-11-20 01:40:56 [INFO] Cached datetime=2025-11-19T22:40:56+00:00 valid=V lat= lon= speed=None dir=None sat=0
2025-11-20 01:40:56 [INFO] Returned last cached record
2025-11-20 01:40:56 [INFO] Returned last cached record
2025-11-20 01:40:57 [INFO] Returned last cached record
2025-11-20 01:40:57 [INFO] Returned last cached record
2025-11-20 01:40:57 [INFO] Cached datetime=2025-11-19T22:40:57+00:00 valid=V lat= lon= speed=None dir=None sat=0
2025-11-20 01:40:57 [INFO] Returned last cached record
2025-11-20 01:40:57 [INFO] Returned last cached record
2025-11-20 01:40:58 [INFO] Returned last cached record
2025-11-20 01:40:58 [INFO] Returned last cached record
2025-11-20 01:40:58 [INFO] Cached datetime=2025-11-19T22:40:58+00:00 valid=V lat= lon= speed=None dir=None sat=0
2025-11-20 01:40:58 [INFO] Returned last cached record
2025-11-20 01:40:58 [INFO] Returned last cached record
2025-11-20 01:40:59 [INFO] Returned last cached record
2025-11-20 01:40:59 [INFO] Returned last cached record
2025-11-20 01:40:59 [INFO] Cached datetime=2025-11-19T22:40:59+00:00 valid=V lat= lon= speed=None dir=None sat=0
2025-11-20 01:40:59 [INFO] Returned last cached record
2025-11-20 01:40:59 [INFO] Returned last cached record
2025-11-20 01:41:00 [INFO] Returned last cached record
2025-11-20 01:41:00 [INFO] Returned last cached record
2025-11-20 01:41:00 [INFO] Cached datetime=2025-11-19T22:41:00+00:00 valid=V lat= lon= speed=None dir=None sat=0
2025-11-20 01:41:00 [INFO] Returned last cached record
2025-11-20 01:41:00 [INFO] Returned last cached record
2025-11-20 01:41:01 [INFO] Returned last cached record
2025-11-20 01:41:01 [INFO] Returned last cached record
2025-11-20 01:41:01 [INFO] Cached datetime=2025-11-19T22:41:01+00:00 valid=V lat= lon= speed=None dir=None sat=0
2025-11-20 01:41:01 [INFO] Returned last cached record
2025-11-20 01:41:01 [INFO] Returned last cached record
2025-11-20 01:41:02 [INFO] Returned last cached record
2025-11-20 01:41:02 [INFO] Returned last cached record
2025-11-20 01:41:02 [INFO] Cached datetime=2025-11-19T22:41:02+00:00 valid=V lat= lon= speed=None dir=None sat=0
2025-11-20 01:41:02 [INFO] Returned last cached record
2025-11-20 01:41:02 [INFO] Returned last cached record
2025-11-20 01:41:02 [INFO] Returned last cached record
2025-11-20 01:41:03 [INFO] Returned last cached record
2025-11-20 01:41:03 [INFO] Returned last cached record
2025-11-20 01:41:03 [INFO] Cached datetime=2025-11-19T22:41:03+00:00 valid=V lat= lon= speed=None dir=None sat=0
2025-11-20 01:41:03 [INFO] Returned last cached record
2025-11-20 01:41:03 [INFO] Returned last cached record
2025-11-20 01:41:04 [INFO] Returned last cached record
2025-11-20 01:41:04 [INFO] Returned last cached record
2025-11-20 01:41:04 [INFO] Cached datetime=2025-11-19T22:41:04+00:00 valid=V lat= lon= speed=None dir=None sat=0
2025-11-20 01:41:04 [INFO] Returned last cached record
2025-11-20 01:41:04 [INFO] Returned last cached record
2025-11-20 01:41:05 [INFO] Returned last cached record
2025-11-20 01:41:05 [INFO] Returned last cached record
2025-11-20 01:41:05 [INFO] Cached datetime=2025-11-19T22:41:05+00:00 valid=V lat= lon= speed=None dir=None sat=0
2025-11-20 01:41:05 [INFO] Returned last cached record
2025-11-20 01:41:05 [INFO] Returned last cached record
2025-11-20 01:41:06 [INFO] Returned last cached record
2025-11-20 01:41:06 [INFO] Returned last cached record
2025-11-20 01:41:06 [INFO] Cached datetime=2025-11-19T22:41:06+00:00 valid=V lat= lon= speed=None dir=None sat=0
2025-11-20 01:41:06 [INFO] Returned last cached record
2025-11-20 01:41:06 [INFO] Returned last cached record
2025-11-20 01:41:07 [INFO] Returned last cached record
2025-11-20 01:41:07 [INFO] Returned last cached record
2025-11-20 01:41:07 [INFO] Cached datetime=2025-11-19T22:41:07+00:00 valid=V lat= lon= speed=None dir=None sat=0
2025-11-20 01:41:07 [INFO] Returned last cached record
2025-11-20 01:41:07 [INFO] Returned last cached record
2025-11-20 01:41:08 [INFO] Returned last cached record
2025-11-20 01:41:08 [INFO] Returned last cached record
2025-11-20 01:41:08 [INFO] Cached datetime=2025-11-19T22:41:08+00:00 valid=V lat= lon= speed=None dir=None sat=0
2025-11-20 01:41:08 [INFO] Returned last cached record
2025-11-20 01:41:08 [INFO] Returned last cached record
2025-11-20 01:41:09 [INFO] Returned last cached record
2025-11-20 01:41:09 [INFO] Returned last cached record
2025-11-20 01:41:09 [INFO] Cached datetime=2025-11-19T22:41:09+00:00 valid=V lat= lon= speed=None dir=None sat=0
2025-11-20 01:41:09 [INFO] Returned last cached record
2025-11-20 01:41:09 [INFO] Returned last cached record
2025-11-20 01:41:10 [INFO] Returned last cached record
2025-11-20 01:41:10 [INFO] Returned last cached record
2025-11-20 01:41:10 [INFO] Returned last cached record
2025-11-20 01:41:10 [INFO] Cached datetime=2025-11-19T22:41:10+00:00 valid=V lat= lon= speed=None dir=None sat=0
2025-11-20 01:41:10 [INFO] Returned last cached record
2025-11-20 01:41:11 [INFO] Cached datetime=2025-11-19T22:41:11+00:00 valid=V lat= lon= speed=None dir=None sat=0
2025-11-20 01:41:12 [INFO] Cached datetime=2025-11-19T22:41:12+00:00 valid=V lat= lon= speed=None dir=None sat=0
2025-11-20 01:41:13 [INFO] Cached datetime=2025-11-19T22:41:13+00:00 valid=V lat= lon= speed=None dir=None sat=0
2025-11-20 01:41:14 [INFO] Cached datetime=2025-11-19T22:41:14+00:00 valid=V lat= lon= speed=None dir=None sat=0
2025-11-20 01:41:15 [INFO] Cached datetime=2025-11-19T22:41:15+00:00 valid=V lat= lon= speed=None dir=None sat=0
2025-11-20 01:41:16 [INFO] Cached datetime=2025-11-19T22:41:16+00:00 valid=V lat= lon= speed=None dir=None sat=0
2025-11-20 01:41:17 [INFO] Cached datetime=2025-11-19T22:41:17+00:00 valid=V lat= lon= speed=None dir=None sat=0
2025-11-20 01:41:18 [INFO] Cached datetime=2025-11-19T22:41:18+00:00 valid=V lat= lon= speed=None dir=None sat=0
2025-11-20 01:41:19 [INFO] Cached datetime=2025-11-19T22:41:19+00:00 valid=V lat= lon= speed=None dir=None sat=0
2025-11-20 01:41:20 [INFO] Cached datetime=2025-11-19T22:41:20+00:00 valid=V lat= lon= speed=None dir=None sat=0
2025-11-20 01:41:21 [INFO] Returned last cached record
2025-11-20 01:41:21 [INFO] Returned last cached record
2025-11-20 01:41:21 [INFO] Cached datetime=2025-11-19T22:41:21+00:00 valid=V lat= lon= speed=None dir=None sat=0
2025-11-20 01:41:21 [INFO] Returned last cached record
2025-11-20 01:41:21 [INFO] Returned last cached record
2025-11-20 01:41:21 [INFO] Returned last cached record
2025-11-20 01:41:21 [INFO] Returned last cached record
2025-11-20 01:41:22 [INFO] Returned last cached record
2025-11-20 01:41:22 [INFO] Returned last cached record
2025-11-20 01:41:22 [INFO] Returned last cached record
2025-11-20 01:41:22 [INFO] Cached datetime=2025-11-19T22:41:22+00:00 valid=V lat= lon= speed=None dir=None sat=0
2025-11-20 01:41:22 [INFO] Returned last cached record
2025-11-20 01:41:22 [INFO] Returned last cached record
2025-11-20 01:41:22 [INFO] Returned last cached record
2025-11-20 01:41:22 [INFO] Returned last cached record
2025-11-20 01:41:23 [INFO] Returned last cached record
2025-11-20 01:41:23 [INFO] Returned last cached record
2025-11-20 01:41:23 [INFO] Returned last cached record
2025-11-20 01:41:23 [INFO] Cached datetime=2025-11-19T22:41:23+00:00 valid=V lat= lon= speed=None dir=None sat=0
2025-11-20 01:41:23 [INFO] Returned last cached record
2025-11-20 01:41:23 [INFO] Returned last cached record
2025-11-20 01:41:23 [INFO] Returned last cached record
2025-11-20 01:41:23 [INFO] Returned last cached record
2025-11-20 01:41:24 [INFO] Returned last cached record
2025-11-20 01:41:24 [INFO] Returned last cached record
2025-11-20 01:41:24 [INFO] Returned last cached record
2025-11-20 01:41:24 [INFO] Returned last cached record
2025-11-20 01:41:24 [INFO] Cached datetime=2025-11-19T22:41:24+00:00 valid=V lat= lon= speed=None dir=None sat=0
2025-11-20 01:41:24 [INFO] Returned last cached record
2025-11-20 01:41:24 [INFO] Returned last cached record
2025-11-20 01:41:24 [INFO] Returned last cached record
2025-11-20 01:41:25 [INFO] Returned last cached record
2025-11-20 01:41:25 [INFO] Returned last cached record
2025-11-20 01:41:25 [INFO] Returned last cached record
2025-11-20 01:41:25 [INFO] Returned last cached record
2025-11-20 01:41:25 [INFO] Cached datetime=2025-11-19T22:41:25+00:00 valid=V lat= lon= speed=None dir=None sat=0
2025-11-20 01:41:25 [INFO] Returned last cached record
2025-11-20 01:41:25 [INFO] Returned last cached record
2025-11-20 01:41:25 [INFO] Returned last cached record
2025-11-20 01:41:26 [INFO] Returned last cached record
2025-11-20 01:41:26 [INFO] Returned last cached record
2025-11-20 01:41:26 [INFO] Returned last cached record
2025-11-20 01:41:26 [INFO] Returned last cached record
2025-11-20 01:41:26 [INFO] Cached datetime=2025-11-19T22:41:26+00:00 valid=V lat= lon= speed=None dir=None sat=0
2025-11-20 01:41:26 [INFO] Returned last cached record
2025-11-20 01:41:26 [INFO] Returned last cached record
2025-11-20 01:41:26 [INFO] Returned last cached record
2025-11-20 01:41:27 [INFO] Returned last cached record
2025-11-20 01:41:27 [INFO] Returned last cached record
2025-11-20 01:41:27 [INFO] Returned last cached record
2025-11-20 01:41:27 [INFO] Returned last cached record
2025-11-20 01:41:27 [INFO] Cached datetime=2025-11-19T22:41:27+00:00 valid=V lat= lon= speed=None dir=None sat=0
2025-11-20 01:41:27 [INFO] Returned last cached record
2025-11-20 01:41:27 [INFO] Returned last cached record
2025-11-20 01:41:27 [INFO] Returned last cached record
2025-11-20 01:41:28 [INFO] Returned last cached record
2025-11-20 01:41:28 [INFO] Returned last cached record
2025-11-20 01:41:28 [INFO] Returned last cached record
2025-11-20 01:41:28 [INFO] Cached datetime=2025-11-19T22:41:28+00:00 valid=V lat= lon= speed=None dir=None sat=0
2025-11-20 01:41:28 [INFO] Returned last cached record
2025-11-20 01:41:28 [INFO] Returned last cached record
2025-11-20 01:41:28 [INFO] Returned last cached record
2025-11-20 01:41:28 [INFO] Returned last cached record
2025-11-20 01:41:29 [INFO] Returned last cached record
2025-11-20 01:41:29 [INFO] Returned last cached record
2025-11-20 01:41:29 [INFO] Returned last cached record
2025-11-20 01:41:29 [INFO] Cached datetime=2025-11-19T22:41:29+00:00 valid=V lat= lon= speed=None dir=None sat=0
2025-11-20 01:41:29 [INFO] Returned last cached record
2025-11-20 01:41:29 [INFO] Returned last cached record
2025-11-20 01:41:29 [INFO] Returned last cached record
2025-11-20 01:41:29 [INFO] Returned last cached record
2025-11-20 01:41:30 [INFO] Returned last cached record
2025-11-20 01:41:30 [INFO] Returned last cached record
2025-11-20 01:41:30 [INFO] Returned last cached record
2025-11-20 01:41:30 [INFO] Returned last cached record
2025-11-20 01:41:30 [INFO] Cached datetime=2025-11-19T22:41:30+00:00 valid=V lat= lon= speed=None dir=None sat=0
2025-11-20 01:41:30 [INFO] Returned last cached record
2025-11-20 01:41:30 [INFO] Returned last cached record
2025-11-20 01:41:30 [INFO] Returned last cached record
2025-11-20 01:41:31 [INFO] Returned last cached record
2025-11-20 01:41:31 [INFO] Returned last cached record
2025-11-20 01:41:31 [INFO] Returned last cached record
2025-11-20 01:41:31 [INFO] Returned last cached record
2025-11-20 01:41:31 [INFO] Cached datetime=2025-11-19T22:41:31+00:00 valid=V lat= lon= speed=None dir=None sat=0
2025-11-20 01:41:31 [INFO] Returned last cached record
2025-11-20 01:41:31 [INFO] Returned last cached record
2025-11-20 01:41:31 [INFO] Returned last cached record
2025-11-20 01:41:32 [INFO] Returned last cached record
2025-11-20 01:41:32 [INFO] Returned last cached record
2025-11-20 01:41:32 [INFO] Returned last cached record
2025-11-20 01:41:32 [INFO] Cached datetime=2025-11-19T22:41:32+00:00 valid=V lat= lon= speed=None dir=None sat=0
2025-11-20 01:41:32 [INFO] Returned last cached record
2025-11-20 01:41:32 [INFO] Returned last cached record
2025-11-20 01:41:32 [INFO] Returned last cached record
2025-11-20 01:41:32 [INFO] Returned last cached record
2025-11-20 01:41:33 [INFO] Returned last cached record
2025-11-20 01:41:33 [INFO] Returned last cached record
2025-11-20 01:41:33 [INFO] Returned last cached record
2025-11-20 01:41:33 [INFO] Cached datetime=2025-11-19T22:41:33+00:00 valid=V lat= lon= speed=None dir=None sat=0
2025-11-20 01:41:33 [INFO] Returned last cached record
2025-11-20 01:41:33 [INFO] Returned last cached record
2025-11-20 01:41:33 [INFO] Returned last cached record
2025-11-20 01:41:33 [INFO] Returned last cached record
2025-11-20 01:41:34 [INFO] Returned last cached record
2025-11-20 01:41:34 [INFO] Returned last cached record
2025-11-20 01:41:34 [INFO] Returned last cached record
2025-11-20 01:41:34 [INFO] Cached datetime=2025-11-19T22:41:34+00:00 valid=V lat= lon= speed=None dir=None sat=0
2025-11-20 01:41:34 [INFO] Returned last cached record
2025-11-20 01:41:34 [INFO] Returned last cached record
2025-11-20 01:41:34 [INFO] Returned last cached record
2025-11-20 01:41:34 [INFO] Returned last cached record
2025-11-20 01:41:35 [INFO] Returned last cached record
2025-11-20 01:41:35 [INFO] Returned last cached record
2025-11-20 01:41:35 [INFO] Returned last cached record
2025-11-20 01:41:35 [INFO] Cached datetime=2025-11-19T22:41:35+00:00 valid=V lat= lon= speed=None dir=None sat=0
2025-11-20 01:41:35 [INFO] Returned last cached record
2025-11-20 01:41:35 [INFO] Returned last cached record
2025-11-20 01:41:35 [INFO] Returned last cached record
2025-11-20 01:41:35 [INFO] Returned last cached record
2025-11-20 01:41:36 [INFO] Returned last cached record
2025-11-20 01:41:36 [INFO] Returned last cached record
2025-11-20 01:41:36 [INFO] Returned last cached record
2025-11-20 01:41:36 [INFO] Cached datetime=2025-11-19T22:41:36+00:00 valid=V lat= lon= speed=None dir=None sat=0
2025-11-20 01:41:36 [INFO] Returned last cached record
2025-11-20 01:41:36 [INFO] Returned last cached record
2025-11-20 01:41:36 [INFO] Returned last cached record
2025-11-20 01:41:36 [INFO] Returned last cached record
2025-11-20 01:41:37 [INFO] Returned last cached record
2025-11-20 01:41:37 [INFO] Returned last cached record
2025-11-20 01:41:37 [INFO] Returned last cached record
2025-11-20 01:41:37 [INFO] Cached datetime=2025-11-19T22:41:37+00:00 valid=V lat= lon= speed=None dir=None sat=0
2025-11-20 01:41:37 [INFO] Returned last cached record
2025-11-20 01:41:37 [INFO] Returned last cached record
2025-11-20 01:41:37 [INFO] Returned last cached record
2025-11-20 01:41:37 [INFO] Returned last cached record
2025-11-20 01:41:38 [INFO] Returned last cached record
2025-11-20 01:41:38 [INFO] Returned last cached record
2025-11-20 01:41:38 [INFO] Returned last cached record
2025-11-20 01:41:38 [INFO] Returned last cached record
2025-11-20 01:41:38 [INFO] Returned last cached record
2025-11-20 01:41:38 [INFO] Cached datetime=2025-11-19T22:41:38+00:00 valid=V lat= lon= speed=None dir=None sat=0
2025-11-20 01:41:38 [INFO] Returned last cached record
2025-11-20 01:41:38 [INFO] Returned last cached record
2025-11-20 01:41:38 [INFO] Returned last cached record
2025-11-20 01:41:39 [INFO] Returned last cached record
2025-11-20 01:41:39 [INFO] Returned last cached record
2025-11-20 01:41:39 [INFO] Returned last cached record
2025-11-20 01:41:39 [INFO] Returned last cached record
2025-11-20 01:41:39 [INFO] Cached datetime=2025-11-19T22:41:39+00:00 valid=V lat= lon= speed=None dir=None sat=0
2025-11-20 01:41:39 [INFO] Returned last cached record
2025-11-20 01:41:39 [INFO] Returned last cached record
2025-11-20 01:41:39 [INFO] Returned last cached record
2025-11-20 01:41:39 [INFO] Returned last cached record
2025-11-20 01:41:40 [INFO] Returned last cached record
2025-11-20 01:41:40 [INFO] Returned last cached record
2025-11-20 01:41:40 [INFO] Returned last cached record
2025-11-20 01:41:40 [INFO] Returned last cached record
2025-11-20 01:41:40 [INFO] Cached datetime=2025-11-19T22:41:40+00:00 valid=V lat= lon= speed=None dir=None sat=0
2025-11-20 01:41:40 [INFO] Returned last cached record
2025-11-20 01:41:40 [INFO] Returned last cached record
2025-11-20 01:41:40 [INFO] Returned last cached record
2025-11-20 01:41:40 [INFO] Returned last cached record
2025-11-20 01:41:41 [INFO] Returned last cached record
2025-11-20 01:41:41 [INFO] Returned last cached record
2025-11-20 01:41:41 [INFO] Returned last cached record
2025-11-20 01:41:41 [INFO] Cached datetime=2025-11-19T22:41:41+00:00 valid=V lat= lon= speed=None dir=None sat=0
2025-11-20 01:41:41 [INFO] Returned last cached record
2025-11-20 01:41:41 [INFO] Returned last cached record
2025-11-20 01:41:41 [INFO] Returned last cached record
2025-11-20 01:41:42 [INFO] Returned last cached record
2025-11-20 01:41:42 [INFO] Returned last cached record
2025-11-20 01:41:42 [INFO] Returned last cached record
2025-11-20 01:41:42 [INFO] Cached datetime=2025-11-19T22:41:42+00:00 valid=V lat= lon= speed=None dir=None sat=0
2025-11-20 01:41:42 [INFO] Returned last cached record
2025-11-20 01:41:42 [INFO] Returned last cached record
2025-11-20 01:41:42 [INFO] Returned last cached record
2025-11-20 01:41:42 [INFO] Returned last cached record
2025-11-20 01:41:43 [INFO] Returned last cached record
2025-11-20 01:41:43 [INFO] Returned last cached record
2025-11-20 01:41:43 [INFO] Returned last cached record
2025-11-20 01:41:43 [INFO] Cached datetime=2025-11-19T22:41:43+00:00 valid=V lat= lon= speed=None dir=None sat=0
2025-11-20 01:41:43 [INFO] Returned last cached record
2025-11-20 01:41:43 [INFO] Returned last cached record
2025-11-20 01:41:43 [INFO] Returned last cached record
2025-11-20 01:41:43 [INFO] Returned last cached record
2025-11-20 01:41:44 [INFO] Returned last cached record
2025-11-20 01:41:44 [INFO] Returned last cached record
2025-11-20 01:41:44 [INFO] Returned last cached record
2025-11-20 01:41:44 [INFO] Cached datetime=2025-11-19T22:41:44+00:00 valid=V lat= lon= speed=None dir=None sat=0
2025-11-20 01:41:44 [INFO] Returned last cached record
2025-11-20 01:41:44 [INFO] Returned last cached record
2025-11-20 01:41:44 [INFO] Returned last cached record
2025-11-20 01:41:44 [INFO] Returned last cached record
2025-11-20 01:41:45 [INFO] Returned last cached record
2025-11-20 01:41:45 [INFO] Returned last cached record
2025-11-20 01:41:45 [INFO] Returned last cached record
2025-11-20 01:41:45 [INFO] Cached datetime=2025-11-19T22:41:45+00:00 valid=V lat= lon= speed=None dir=None sat=0
2025-11-20 01:41:45 [INFO] Returned last cached record
2025-11-20 01:41:45 [INFO] Returned last cached record
2025-11-20 01:41:45 [INFO] Returned last cached record
2025-11-20 01:41:45 [INFO] Returned last cached record
2025-11-20 01:41:46 [INFO] Returned last cached record
2025-11-20 01:41:46 [INFO] Returned last cached record
2025-11-20 01:41:46 [INFO] Returned last cached record
2025-11-20 01:41:46 [INFO] Cached datetime=2025-11-19T22:41:46+00:00 valid=V lat= lon= speed=None dir=None sat=0
2025-11-20 01:41:46 [INFO] Returned last cached record
2025-11-20 01:41:46 [INFO] Returned last cached record
2025-11-20 01:41:46 [INFO] Returned last cached record
2025-11-20 01:41:46 [INFO] Returned last cached record
2025-11-20 01:41:47 [INFO] Returned last cached record
2025-11-20 01:41:47 [INFO] Returned last cached record
2025-11-20 01:41:47 [INFO] Returned last cached record
2025-11-20 01:41:47 [INFO] Cached datetime=2025-11-19T22:41:47+00:00 valid=V lat= lon= speed=None dir=None sat=0
2025-11-20 01:41:47 [INFO] Returned last cached record
2025-11-20 01:41:47 [INFO] Returned last cached record
2025-11-20 01:41:47 [INFO] Returned last cached record
2025-11-20 01:41:47 [INFO] Returned last cached record
2025-11-20 01:41:48 [INFO] Returned last cached record
2025-11-20 01:41:48 [INFO] Returned last cached record
2025-11-20 01:41:48 [INFO] Returned last cached record
2025-11-20 01:41:48 [INFO] Cached datetime=2025-11-19T22:41:48+00:00 valid=V lat= lon= speed=None dir=None sat=0
2025-11-20 01:41:48 [INFO] Returned last cached record
2025-11-20 01:41:48 [INFO] Returned last cached record
2025-11-20 01:41:48 [INFO] Returned last cached record
2025-11-20 01:41:49 [INFO] Returned last cached record
2025-11-20 01:41:49 [INFO] Returned last cached record
2025-11-20 01:41:49 [INFO] Returned last cached record
2025-11-20 01:41:49 [INFO] Cache trigger reached: 100 >= 100
2025-11-20 01:41:49 [INFO] Cached datetime=2025-11-19T22:41:49+00:00 valid=V lat= lon= speed=None dir=None sat=0
2025-11-20 01:41:49 [INFO] Flushing 100 cached records (counter was 100)
2025-11-20 01:41:49 [INFO] Inserted 100 records into DB
2025-11-20 01:41:49 [WARNING] Retention: total=150100 > max_rows=150000, pruning...
2025-11-20 01:41:50 [INFO] Retention completed: kept latest 150000 rows
2025-11-20 01:41:50 [INFO] Cached datetime=2025-11-19T22:41:50+00:00 valid=V lat= lon= speed=None dir=None sat=0
2025-11-20 01:41:50 [INFO] Returned last cached record
2025-11-20 01:41:50 [INFO] Returned last cached record
2025-11-20 01:41:50 [INFO] Returned last cached record
2025-11-20 01:41:51 [INFO] Returned last cached record
2025-11-20 01:41:51 [INFO] Returned last cached record
2025-11-20 01:41:51 [INFO] Returned last cached record
2025-11-20 01:41:51 [INFO] Returned last cached record
2025-11-20 01:41:51 [INFO] Cached datetime=2025-11-19T22:41:51+00:00 valid=V lat= lon= speed=None dir=None sat=0
2025-11-20 01:41:51 [INFO] Returned last cached record
2025-11-20 01:41:51 [INFO] Returned last cached record
2025-11-20 01:41:51 [INFO] Returned last cached record
2025-11-20 01:41:51 [INFO] Returned last cached record
2025-11-20 01:41:52 [INFO] Returned last cached record
2025-11-20 01:41:52 [INFO] Returned last cached record
2025-11-20 01:41:52 [INFO] Returned last cached record
2025-11-20 01:41:52 [INFO] Cached datetime=2025-11-19T22:41:52+00:00 valid=V lat= lon= speed=None dir=None sat=0
2025-11-20 01:41:52 [INFO] Returned last cached record
2025-11-20 01:41:52 [INFO] Returned last cached record
2025-11-20 01:41:52 [INFO] Returned last cached record
2025-11-20 01:41:53 [INFO] Returned last cached record
2025-11-20 01:41:53 [INFO] Returned last cached record
2025-11-20 01:41:53 [INFO] Returned last cached record
2025-11-20 01:41:53 [INFO] Returned last cached record
2025-11-20 01:41:53 [INFO] Cached datetime=2025-11-19T22:41:53+00:00 valid=V lat= lon= speed=None dir=None sat=0
2025-11-20 01:41:53 [INFO] Returned last cached record
2025-11-20 01:41:53 [INFO] Returned last cached record
2025-11-20 01:41:53 [INFO] Returned last cached record
2025-11-20 01:41:54 [INFO] Returned last cached record
2025-11-20 01:41:54 [INFO] Returned last cached record
2025-11-20 01:41:54 [INFO] Returned last cached record
2025-11-20 01:41:54 [INFO] Cached datetime=2025-11-19T22:41:54+00:00 valid=V lat= lon= speed=None dir=None sat=0
2025-11-20 01:41:54 [INFO] Returned last cached record
2025-11-20 01:41:54 [INFO] Returned last cached record
2025-11-20 01:41:54 [INFO] Returned last cached record
2025-11-20 01:41:54 [INFO] Returned last cached record
2025-11-20 01:41:55 [INFO] Returned last cached record
2025-11-20 01:41:55 [INFO] Returned last cached record
2025-11-20 01:41:55 [INFO] Returned last cached record
2025-11-20 01:41:55 [INFO] Returned last cached record
2025-11-20 01:41:55 [INFO] Cached datetime=2025-11-19T22:41:55+00:00 valid=V lat= lon= speed=None dir=None sat=0
2025-11-20 01:41:55 [INFO] Returned last cached record
2025-11-20 01:41:55 [INFO] Returned last cached record
2025-11-20 01:41:55 [INFO] Returned last cached record
2025-11-20 01:41:55 [INFO] Returned last cached record
2025-11-20 01:41:56 [INFO] Returned last cached record
2025-11-20 01:41:56 [INFO] Returned last cached record
2025-11-20 01:41:56 [INFO] Returned last cached record
2025-11-20 01:41:56 [INFO] Cached datetime=2025-11-19T22:41:56+00:00 valid=V lat= lon= speed=None dir=None sat=0
2025-11-20 01:41:56 [INFO] Returned last cached record
2025-11-20 01:41:56 [INFO] Returned last cached record
2025-11-20 01:41:56 [INFO] Returned last cached record
2025-11-20 01:41:56 [INFO] Returned last cached record
2025-11-20 01:41:57 [INFO] Returned last cached record
2025-11-20 01:41:57 [INFO] Returned last cached record
2025-11-20 01:41:57 [INFO] Returned last cached record
2025-11-20 01:41:57 [INFO] Returned last cached record
2025-11-20 01:41:57 [INFO] Cached datetime=2025-11-19T22:41:57+00:00 valid=V lat= lon= speed=None dir=None sat=0
2025-11-20 01:41:57 [INFO] Returned last cached record
2025-11-20 01:41:57 [INFO] Returned last cached record
2025-11-20 01:41:57 [INFO] Returned last cached record
2025-11-20 01:41:58 [INFO] Returned last cached record
2025-11-20 01:41:58 [INFO] Returned last cached record
2025-11-20 01:41:58 [INFO] Returned last cached record
2025-11-20 01:41:58 [INFO] Returned last cached record
2025-11-20 01:41:58 [INFO] Cached datetime=2025-11-19T22:41:58+00:00 valid=V lat= lon= speed=None dir=None sat=0
2025-11-20 01:41:58 [INFO] Returned last cached record
2025-11-20 01:41:58 [INFO] Returned last cached record
2025-11-20 01:41:58 [INFO] Returned last cached record
2025-11-20 01:41:58 [INFO] Returned last cached record
2025-11-20 01:41:59 [INFO] Returned last cached record
2025-11-20 01:41:59 [INFO] Returned last cached record
2025-11-20 01:41:59 [INFO] Returned last cached record
2025-11-20 01:41:59 [INFO] Cached datetime=2025-11-19T22:41:59+00:00 valid=V lat= lon= speed=None dir=None sat=0
2025-11-20 01:41:59 [INFO] Returned last cached record
2025-11-20 01:41:59 [INFO] Returned last cached record
2025-11-20 01:41:59 [INFO] Returned last cached record
2025-11-20 01:41:59 [INFO] Returned last cached record
2025-11-20 01:42:00 [INFO] Returned last cached record
2025-11-20 01:42:00 [INFO] Returned last cached record
2025-11-20 01:42:00 [INFO] Returned last cached record
2025-11-20 01:42:00 [INFO] Cached datetime=2025-11-19T22:42:00+00:00 valid=V lat= lon= speed=None dir=None sat=0
2025-11-20 01:42:00 [INFO] Returned last cached record
2025-11-20 01:42:00 [INFO] Returned last cached record
2025-11-20 01:42:00 [INFO] Returned last cached record
2025-11-20 01:42:00 [INFO] Returned last cached record
2025-11-20 01:42:01 [INFO] Returned last cached record
2025-11-20 01:42:01 [INFO] Returned last cached record
2025-11-20 01:42:01 [INFO] Returned last cached record
2025-11-20 01:42:01 [INFO] Cached datetime=2025-11-19T22:42:01+00:00 valid=V lat= lon= speed=None dir=None sat=0
2025-11-20 01:42:01 [INFO] Returned last cached record
2025-11-20 01:42:01 [INFO] Returned last cached record
2025-11-20 01:42:01 [INFO] Returned last cached record
2025-11-20 01:42:01 [INFO] Returned last cached record
2025-11-20 01:42:02 [INFO] Returned last cached record
2025-11-20 01:42:02 [INFO] Returned last cached record
2025-11-20 01:42:02 [INFO] Returned last cached record
2025-11-20 01:42:02 [INFO] Returned last cached record
2025-11-20 01:42:02 [INFO] Cached datetime=2025-11-19T22:42:02+00:00 valid=V lat= lon= speed=None dir=None sat=0
2025-11-20 01:42:02 [INFO] Returned last cached record
2025-11-20 01:42:02 [INFO] Returned last cached record
2025-11-20 01:42:02 [INFO] Returned last cached record
2025-11-20 01:42:02 [INFO] Returned last cached record
2025-11-20 01:42:03 [INFO] Returned last cached record
2025-11-20 01:42:03 [INFO] Returned last cached record
2025-11-20 01:42:03 [INFO] Returned last cached record
2025-11-20 01:42:03 [INFO] Cached datetime=2025-11-19T22:42:03+00:00 valid=V lat= lon= speed=None dir=None sat=0
2025-11-20 01:42:03 [INFO] Returned last cached record
2025-11-20 01:42:03 [INFO] Returned last cached record
2025-11-20 01:42:03 [INFO] Returned last cached record
2025-11-20 01:42:03 [INFO] Returned last cached record
2025-11-20 01:42:04 [INFO] Returned last cached record
2025-11-20 01:42:04 [INFO] Returned last cached record
2025-11-20 01:42:04 [INFO] Returned last cached record
2025-11-20 01:42:04 [INFO] Returned last cached record
2025-11-20 01:42:04 [INFO] Cached datetime=2025-11-19T22:42:04+00:00 valid=V lat= lon= speed=None dir=None sat=0
2025-11-20 01:42:04 [INFO] Returned last cached record
2025-11-20 01:42:04 [INFO] Returned last cached record
2025-11-20 01:42:04 [INFO] Returned last cached record
2025-11-20 01:42:05 [INFO] Returned last cached record
2025-11-20 01:42:05 [INFO] Returned last cached record
2025-11-20 01:42:05 [INFO] Returned last cached record
2025-11-20 01:42:05 [INFO] Cached datetime=2025-11-19T22:42:05+00:00 valid=V lat= lon= speed=None dir=None sat=0
2025-11-20 01:42:05 [INFO] Returned last cached record
2025-11-20 01:42:05 [INFO] Returned last cached record
2025-11-20 01:42:05 [INFO] Returned last cached record
2025-11-20 01:42:05 [INFO] Returned last cached record
2025-11-20 01:42:06 [INFO] Returned last cached record
2025-11-20 01:42:06 [INFO] Returned last cached record
2025-11-20 01:42:06 [INFO] Returned last cached record
2025-11-20 01:42:06 [INFO] Cached datetime=2025-11-19T22:42:06+00:00 valid=V lat= lon= speed=None dir=None sat=0
2025-11-20 01:42:06 [INFO] Returned last cached record
2025-11-20 01:42:06 [INFO] Returned last cached record
2025-11-20 01:42:06 [INFO] Returned last cached record
2025-11-20 01:42:06 [INFO] Returned last cached record
2025-11-20 01:42:07 [INFO] Returned last cached record
2025-11-20 01:42:07 [INFO] Returned last cached record
2025-11-20 01:42:07 [INFO] Returned last cached record
2025-11-20 01:42:07 [INFO] Cached datetime=2025-11-19T22:42:07+00:00 valid=V lat= lon= speed=None dir=None sat=0
2025-11-20 01:42:07 [INFO] Returned last cached record
2025-11-20 01:42:07 [INFO] Returned last cached record
2025-11-20 01:42:07 [INFO] Returned last cached record
2025-11-20 01:42:08 [INFO] Returned last cached record
2025-11-20 01:42:08 [INFO] Returned last cached record
2025-11-20 01:42:08 [INFO] Returned last cached record
2025-11-20 01:42:08 [INFO] Returned last cached record
2025-11-20 01:42:08 [INFO] Cached datetime=2025-11-19T22:42:08+00:00 valid=V lat= lon= speed=None dir=None sat=0
2025-11-20 01:42:08 [INFO] Returned last cached record
2025-11-20 01:42:08 [INFO] Returned last cached record
2025-11-20 01:42:08 [INFO] Returned last cached record
2025-11-20 01:42:09 [INFO] Returned last cached record
2025-11-20 01:42:09 [INFO] Returned last cached record
2025-11-20 01:42:09 [INFO] Returned last cached record
2025-11-20 01:42:09 [INFO] Returned last cached record
2025-11-20 01:42:09 [INFO] Cached datetime=2025-11-19T22:42:09+00:00 valid=V lat= lon= speed=None dir=None sat=0
2025-11-20 01:42:09 [INFO] Returned last cached record
2025-11-20 01:42:09 [INFO] Returned last cached record
2025-11-20 01:42:09 [INFO] Returned last cached record
2025-11-20 01:42:09 [INFO] Returned last cached record
2025-11-20 01:42:10 [INFO] Returned last cached record
2025-11-20 01:42:10 [INFO] Returned last cached record
2025-11-20 01:42:10 [INFO] Returned last cached record
2025-11-20 01:42:10 [INFO] Cached datetime=2025-11-19T22:42:10+00:00 valid=V lat= lon= speed=None dir=None sat=0
2025-11-20 01:42:10 [INFO] Returned last cached record
2025-11-20 01:42:10 [INFO] Returned last cached record
2025-11-20 01:42:10 [INFO] Returned last cached record
2025-11-20 01:42:11 [INFO] Returned last cached record
2025-11-20 01:42:11 [INFO] Returned last cached record
2025-11-20 01:42:11 [INFO] Returned last cached record
2025-11-20 01:42:11 [INFO] Returned last cached record
2025-11-20 01:42:11 [INFO] Cached datetime=2025-11-19T22:42:11+00:00 valid=V lat= lon= speed=None dir=None sat=0
2025-11-20 01:42:11 [INFO] Returned last cached record
2025-11-20 01:42:11 [INFO] Returned last cached record
2025-11-20 01:42:11 [INFO] Returned last cached record
2025-11-20 01:42:12 [INFO] Returned last cached record
2025-11-20 01:42:12 [INFO] Returned last cached record
2025-11-20 01:42:12 [INFO] Returned last cached record
2025-11-20 01:42:12 [INFO] Returned last cached record
2025-11-20 01:42:12 [INFO] Cached datetime=2025-11-19T22:42:12+00:00 valid=V lat= lon= speed=None dir=None sat=0
2025-11-20 01:42:12 [INFO] Returned last cached record
2025-11-20 01:42:12 [INFO] Returned last cached record
2025-11-20 01:42:12 [INFO] Returned last cached record
2025-11-20 01:42:13 [INFO] Returned last cached record
2025-11-20 01:42:13 [INFO] Returned last cached record
2025-11-20 01:42:13 [INFO] Returned last cached record
2025-11-20 01:42:13 [INFO] Returned last cached record
2025-11-20 01:42:13 [INFO] Cached datetime=2025-11-19T22:42:13+00:00 valid=V lat= lon= speed=None dir=None sat=0
2025-11-20 01:42:13 [INFO] Returned last cached record
2025-11-20 01:42:13 [INFO] Returned last cached record
2025-11-20 01:42:13 [INFO] Returned last cached record
2025-11-20 01:42:14 [INFO] Returned last cached record
2025-11-20 01:42:14 [INFO] Returned last cached record
2025-11-20 01:42:14 [INFO] Returned last cached record
2025-11-20 01:42:14 [INFO] Returned last cached record
2025-11-20 01:42:14 [INFO] Cached datetime=2025-11-19T22:42:14+00:00 valid=V lat= lon= speed=None dir=None sat=0
2025-11-20 01:42:14 [INFO] Returned last cached record
2025-11-20 01:42:14 [INFO] Returned last cached record
2025-11-20 01:42:14 [INFO] Returned last cached record
2025-11-20 01:42:15 [INFO] Returned last cached record
2025-11-20 01:42:15 [INFO] Returned last cached record
2025-11-20 01:42:15 [INFO] Returned last cached record
2025-11-20 01:42:15 [INFO] Returned last cached record
2025-11-20 01:42:15 [INFO] Cached datetime=2025-11-19T22:42:15+00:00 valid=V lat= lon= speed=None dir=None sat=0
2025-11-20 01:42:15 [INFO] Returned last cached record
2025-11-20 01:42:15 [INFO] Returned last cached record
2025-11-20 01:42:15 [INFO] Returned last cached record
2025-11-20 01:42:16 [INFO] Returned last cached record
2025-11-20 01:42:16 [INFO] Returned last cached record
2025-11-20 01:42:16 [INFO] Returned last cached record
2025-11-20 01:42:16 [INFO] Cached datetime=2025-11-19T22:42:16+00:00 valid=V lat= lon= speed=None dir=None sat=0
2025-11-20 01:42:16 [INFO] Returned last cached record
2025-11-20 01:42:16 [INFO] Returned last cached record
2025-11-20 01:42:16 [INFO] Returned last cached record
2025-11-20 01:42:16 [INFO] Returned last cached record
2025-11-20 01:42:16 [INFO] Returned last cached record
2025-11-20 01:42:17 [INFO] Returned last cached record
2025-11-20 01:42:17 [INFO] Returned last cached record
2025-11-20 01:42:17 [INFO] Returned last cached record
2025-11-20 01:42:17 [INFO] Cached datetime=2025-11-19T22:42:17+00:00 valid=V lat= lon= speed=None dir=None sat=0
2025-11-20 01:42:17 [INFO] Returned last cached record
2025-11-20 01:42:17 [INFO] Returned last cached record
2025-11-20 01:42:17 [INFO] Returned last cached record
2025-11-20 01:42:18 [INFO] Returned last cached record
2025-11-20 01:42:18 [INFO] Returned last cached record
2025-11-20 01:42:18 [INFO] Returned last cached record
2025-11-20 01:42:18 [INFO] Cached datetime=2025-11-19T22:42:18+00:00 valid=V lat= lon= speed=None dir=None sat=0
2025-11-20 01:42:18 [INFO] Returned last cached record
2025-11-20 01:42:18 [INFO] Returned last cached record
2025-11-20 01:42:18 [INFO] Returned last cached record
2025-11-20 01:42:18 [INFO] Returned last cached record
2025-11-20 01:42:19 [INFO] Returned last cached record
2025-11-20 01:42:19 [INFO] Returned last cached record
2025-11-20 01:42:19 [INFO] Returned last cached record
2025-11-20 01:42:19 [INFO] Cached datetime=2025-11-19T22:42:19+00:00 valid=V lat= lon= speed=None dir=None sat=0
2025-11-20 01:42:19 [INFO] Returned last cached record
2025-11-20 01:42:19 [INFO] Returned last cached record
2025-11-20 01:42:19 [INFO] Returned last cached record
2025-11-20 01:42:19 [INFO] Returned last cached record
2025-11-20 01:42:20 [INFO] Returned last cached record
2025-11-20 01:42:20 [INFO] Returned last cached record
2025-11-20 01:42:20 [INFO] Returned last cached record
2025-11-20 01:42:20 [INFO] Cached datetime=2025-11-19T22:42:20+00:00 valid=V lat= lon= speed=None dir=None sat=0
2025-11-20 01:42:20 [INFO] Returned last cached record
2025-11-20 01:42:20 [INFO] Returned last cached record
2025-11-20 01:42:20 [INFO] Returned last cached record
2025-11-20 01:42:20 [INFO] Returned last cached record
2025-11-20 01:42:21 [INFO] Returned last cached record
2025-11-20 01:42:21 [INFO] Returned last cached record
2025-11-20 01:42:21 [INFO] Returned last cached record
2025-11-20 01:42:21 [INFO] Cached datetime=2025-11-19T22:42:21+00:00 valid=V lat= lon= speed=None dir=None sat=0
2025-11-20 01:42:21 [INFO] Returned last cached record
2025-11-20 01:42:21 [INFO] Returned last cached record
2025-11-20 01:42:21 [INFO] Returned last cached record
2025-11-20 01:42:21 [INFO] Returned last cached record
2025-11-20 01:42:22 [INFO] Returned last cached record
2025-11-20 01:42:22 [INFO] Returned last cached record
2025-11-20 01:42:22 [INFO] Returned last cached record
2025-11-20 01:42:22 [INFO] Cached datetime=2025-11-19T22:42:22+00:00 valid=V lat= lon= speed=None dir=None sat=0
2025-11-20 01:42:22 [INFO] Returned last cached record
2025-11-20 01:42:22 [INFO] Returned last cached record
2025-11-20 01:42:22 [INFO] Returned last cached record
2025-11-20 01:42:22 [INFO] Returned last cached record
2025-11-20 01:42:23 [INFO] Returned last cached record
2025-11-20 01:42:23 [INFO] Returned last cached record
2025-11-20 01:42:23 [INFO] Returned last cached record
2025-11-20 01:42:23 [INFO] Cached datetime=2025-11-19T22:42:23+00:00 valid=V lat= lon= speed=None dir=None sat=0
2025-11-20 01:42:23 [INFO] Returned last cached record
2025-11-20 01:42:23 [INFO] Returned last cached record
2025-11-20 01:42:23 [INFO] Returned last cached record
2025-11-20 01:42:23 [INFO] Returned last cached record
2025-11-20 01:42:24 [INFO] Returned last cached record
2025-11-20 01:42:24 [INFO] Returned last cached record
2025-11-20 01:42:24 [INFO] Returned last cached record
2025-11-20 01:42:24 [INFO] Cached datetime=2025-11-19T22:42:24+00:00 valid=V lat= lon= speed=None dir=None sat=0
2025-11-20 01:42:24 [INFO] Returned last cached record
2025-11-20 01:42:24 [INFO] Returned last cached record
2025-11-20 01:42:24 [INFO] Returned last cached record
2025-11-20 01:42:24 [INFO] Returned last cached record
2025-11-20 01:42:25 [INFO] Returned last cached record
2025-11-20 01:42:25 [INFO] Returned last cached record
2025-11-20 01:42:25 [INFO] Returned last cached record
2025-11-20 01:42:25 [INFO] Cached datetime=2025-11-19T22:42:25+00:00 valid=V lat= lon= speed=None dir=None sat=0
2025-11-20 01:42:25 [INFO] Returned last cached record
2025-11-20 01:42:25 [INFO] Returned last cached record
2025-11-20 01:42:25 [INFO] Returned last cached record
2025-11-20 01:42:25 [INFO] Returned last cached record
2025-11-20 01:42:26 [INFO] Returned last cached record
2025-11-20 01:42:26 [INFO] Returned last cached record
2025-11-20 01:42:26 [INFO] Returned last cached record
2025-11-20 01:42:26 [INFO] Cached datetime=2025-11-19T22:42:26+00:00 valid=V lat= lon= speed=None dir=None sat=0
2025-11-20 01:42:26 [INFO] Returned last cached record
2025-11-20 01:42:26 [INFO] Returned last cached record
2025-11-20 01:42:26 [INFO] Returned last cached record
2025-11-20 01:42:27 [INFO] Returned last cached record
2025-11-20 01:42:27 [INFO] Returned last cached record
2025-11-20 01:42:27 [INFO] Returned last cached record
2025-11-20 01:42:27 [INFO] Returned last cached record
2025-11-20 01:42:27 [INFO] Cached datetime=2025-11-19T22:42:27+00:00 valid=V lat= lon= speed=None dir=None sat=0
2025-11-20 01:42:27 [INFO] Returned last cached record
2025-11-20 01:42:27 [INFO] Returned last cached record
2025-11-20 01:42:27 [INFO] Returned last cached record
2025-11-20 01:42:28 [INFO] Returned last cached record
2025-11-20 01:42:28 [INFO] Returned last cached record
2025-11-20 01:42:28 [INFO] Returned last cached record
2025-11-20 01:42:28 [INFO] Returned last cached record
2025-11-20 01:42:28 [INFO] Cached datetime=2025-11-19T22:42:28+00:00 valid=V lat= lon= speed=None dir=None sat=0
2025-11-20 01:42:28 [INFO] Returned last cached record
2025-11-20 01:42:28 [INFO] Returned last cached record
2025-11-20 01:42:28 [INFO] Returned last cached record
2025-11-20 01:42:29 [INFO] Returned last cached record
2025-11-20 01:42:29 [INFO] Returned last cached record
2025-11-20 01:42:29 [INFO] Returned last cached record
2025-11-20 01:42:29 [INFO] Cached datetime=2025-11-19T22:42:29+00:00 valid=V lat= lon= speed=None dir=None sat=0
2025-11-20 01:42:29 [INFO] Returned last cached record
2025-11-20 01:42:29 [INFO] Returned last cached record
2025-11-20 01:42:29 [INFO] Returned last cached record
2025-11-20 01:42:29 [INFO] Returned last cached record
2025-11-20 01:42:30 [INFO] Returned last cached record
2025-11-20 01:42:30 [INFO] Returned last cached record
2025-11-20 01:42:30 [INFO] Returned last cached record
2025-11-20 01:42:30 [INFO] Cached datetime=2025-11-19T22:42:30+00:00 valid=V lat= lon= speed=None dir=None sat=0
2025-11-20 01:42:30 [INFO] Returned last cached record
2025-11-20 01:42:30 [INFO] Returned last cached record
2025-11-20 01:42:30 [INFO] Returned last cached record
2025-11-20 01:42:30 [INFO] Returned last cached record
2025-11-20 01:42:31 [INFO] Returned last cached record
2025-11-20 01:42:31 [INFO] Returned last cached record
2025-11-20 01:42:31 [INFO] Returned last cached record
2025-11-20 01:42:31 [INFO] Cached datetime=2025-11-19T22:42:31+00:00 valid=V lat= lon= speed=None dir=None sat=0
2025-11-20 01:42:31 [INFO] Returned last cached record
2025-11-20 01:42:31 [INFO] Returned last cached record
2025-11-20 01:42:31 [INFO] Returned last cached record
2025-11-20 01:42:31 [INFO] Returned last cached record
2025-11-20 01:42:32 [INFO] Returned last cached record
2025-11-20 01:42:32 [INFO] Returned last cached record
2025-11-20 01:42:32 [INFO] Returned last cached record
2025-11-20 01:42:32 [INFO] Cached datetime=2025-11-19T22:42:32+00:00 valid=V lat= lon= speed=None dir=None sat=0
2025-11-20 01:42:32 [INFO] Returned last cached record
2025-11-20 01:42:32 [INFO] Returned last cached record
2025-11-20 01:42:32 [INFO] Returned last cached record
2025-11-20 01:42:33 [INFO] Returned last cached record
2025-11-20 01:42:33 [INFO] Returned last cached record
2025-11-20 01:42:33 [INFO] Returned last cached record
2025-11-20 01:42:33 [INFO] Returned last cached record
2025-11-20 01:42:33 [INFO] Cached datetime=2025-11-19T22:42:33+00:00 valid=V lat= lon= speed=None dir=None sat=0
2025-11-20 01:42:33 [INFO] Returned last cached record
2025-11-20 01:42:33 [INFO] Returned last cached record
2025-11-20 01:42:33 [INFO] Returned last cached record
2025-11-20 01:42:34 [INFO] Returned last cached record
2025-11-20 01:42:34 [INFO] Returned last cached record
2025-11-20 01:42:34 [INFO] Returned last cached record
2025-11-20 01:42:34 [INFO] Returned last cached record
2025-11-20 01:42:34 [INFO] Cached datetime=2025-11-19T22:42:34+00:00 valid=V lat= lon= speed=None dir=None sat=0
2025-11-20 01:42:34 [INFO] Returned last cached record
2025-11-20 01:42:34 [INFO] Returned last cached record
2025-11-20 01:42:34 [INFO] Returned last cached record
2025-11-20 01:42:35 [INFO] Returned last cached record
2025-11-20 01:42:35 [INFO] Returned last cached record
2025-11-20 01:42:35 [INFO] Returned last cached record
2025-11-20 01:42:35 [INFO] Returned last cached record
2025-11-20 01:42:35 [INFO] Cached datetime=2025-11-19T22:42:35+00:00 valid=V lat= lon= speed=None dir=None sat=0
2025-11-20 01:42:35 [INFO] Returned last cached record
2025-11-20 01:42:35 [INFO] Returned last cached record
2025-11-20 01:42:35 [INFO] Returned last cached record
2025-11-20 01:42:36 [INFO] Returned last cached record
2025-11-20 01:42:36 [INFO] Returned last cached record
2025-11-20 01:42:36 [INFO] Returned last cached record
2025-11-20 01:42:36 [INFO] Returned last cached record
2025-11-20 01:42:36 [INFO] Cached datetime=2025-11-19T22:42:36+00:00 valid=V lat= lon= speed=None dir=None sat=0
2025-11-20 01:42:36 [INFO] Returned last cached record
2025-11-20 01:42:36 [INFO] Returned last cached record
2025-11-20 01:42:36 [INFO] Returned last cached record
2025-11-20 01:42:37 [INFO] Returned last cached record
2025-11-20 01:42:37 [INFO] Returned last cached record
2025-11-20 01:42:37 [INFO] Returned last cached record
2025-11-20 01:42:37 [INFO] Returned last cached record
2025-11-20 01:42:37 [INFO] Cached datetime=2025-11-19T22:42:37+00:00 valid=V lat= lon= speed=None dir=None sat=0
2025-11-20 01:42:37 [INFO] Returned last cached record
2025-11-20 01:42:37 [INFO] Returned last cached record
2025-11-20 01:42:37 [INFO] Returned last cached record
2025-11-20 01:42:37 [INFO] Returned last cached record
2025-11-20 01:42:38 [INFO] Returned last cached record
2025-11-20 01:42:38 [INFO] Returned last cached record
2025-11-20 01:42:38 [INFO] Returned last cached record
2025-11-20 01:42:38 [INFO] Cached datetime=2025-11-19T22:42:38+00:00 valid=V lat= lon= speed=None dir=None sat=0
2025-11-20 01:42:38 [INFO] Returned last cached record
2025-11-20 01:42:38 [INFO] Returned last cached record
2025-11-20 01:42:38 [INFO] Returned last cached record
2025-11-20 01:42:38 [INFO] Returned last cached record
2025-11-20 01:42:39 [INFO] Returned last cached record
2025-11-20 01:42:39 [INFO] Returned last cached record
2025-11-20 01:42:39 [INFO] Returned last cached record
2025-11-20 01:42:39 [INFO] Cached datetime=2025-11-19T22:42:39+00:00 valid=V lat= lon= speed=None dir=None sat=0
2025-11-20 01:42:39 [INFO] Returned last cached record
2025-11-20 01:42:39 [INFO] Returned last cached record
2025-11-20 01:42:39 [INFO] Returned last cached record
2025-11-20 01:42:39 [INFO] Returned last cached record
2025-11-20 01:42:40 [INFO] Returned last cached record
2025-11-20 01:42:40 [INFO] Returned last cached record
2025-11-20 01:42:40 [INFO] Returned last cached record
2025-11-20 01:42:40 [INFO] Cached datetime=2025-11-19T22:42:40+00:00 valid=V lat= lon= speed=None dir=None sat=0
2025-11-20 01:42:40 [INFO] Returned last cached record
2025-11-20 01:42:40 [INFO] Returned last cached record
2025-11-20 01:42:40 [INFO] Returned last cached record
2025-11-20 01:42:40 [INFO] Returned last cached record
2025-11-20 01:42:41 [INFO] Returned last cached record
2025-11-20 01:42:41 [INFO] Returned last cached record
2025-11-20 01:42:41 [INFO] Returned last cached record
2025-11-20 01:42:41 [INFO] Cached datetime=2025-11-19T22:42:41+00:00 valid=V lat= lon= speed=None dir=None sat=0
2025-11-20 01:42:41 [INFO] Returned last cached record
2025-11-20 01:42:41 [INFO] Returned last cached record
2025-11-20 01:42:41 [INFO] Returned last cached record
2025-11-20 01:42:42 [INFO] Returned last cached record
2025-11-20 01:42:42 [INFO] Returned last cached record
2025-11-20 01:42:42 [INFO] Returned last cached record
2025-11-20 01:42:42 [INFO] Returned last cached record
2025-11-20 01:42:42 [INFO] Cached datetime=2025-11-19T22:42:42+00:00 valid=V lat= lon= speed=None dir=None sat=0
2025-11-20 01:42:42 [INFO] Returned last cached record
2025-11-20 01:42:42 [INFO] Returned last cached record
2025-11-20 01:42:42 [INFO] Returned last cached record
2025-11-20 01:42:43 [INFO] Returned last cached record
2025-11-20 01:42:43 [INFO] Returned last cached record
2025-11-20 01:42:43 [INFO] Returned last cached record
2025-11-20 01:42:43 [INFO] Returned last cached record
2025-11-20 01:42:43 [INFO] Cached datetime=2025-11-19T22:42:43+00:00 valid=V lat= lon= speed=None dir=None sat=0
2025-11-20 01:42:43 [INFO] Returned last cached record
2025-11-20 01:42:43 [INFO] Returned last cached record
2025-11-20 01:42:43 [INFO] Returned last cached record
2025-11-20 01:42:44 [INFO] Returned last cached record
2025-11-20 01:42:44 [INFO] Returned last cached record
2025-11-20 01:42:44 [INFO] Returned last cached record
2025-11-20 01:42:44 [INFO] Returned last cached record
2025-11-20 01:42:44 [INFO] Cached datetime=2025-11-19T22:42:44+00:00 valid=V lat= lon= speed=None dir=None sat=0
2025-11-20 01:42:44 [INFO] Returned last cached record
2025-11-20 01:42:44 [INFO] Returned last cached record
2025-11-20 01:42:44 [INFO] Returned last cached record
2025-11-20 01:42:45 [INFO] Returned last cached record
2025-11-20 01:42:45 [INFO] Returned last cached record
2025-11-20 01:42:45 [INFO] Returned last cached record
2025-11-20 01:42:45 [INFO] Returned last cached record
2025-11-20 01:42:45 [INFO] Cached datetime=2025-11-19T22:42:45+00:00 valid=V lat= lon= speed=None dir=None sat=0
2025-11-20 01:42:45 [INFO] Returned last cached record
2025-11-20 01:42:45 [INFO] Returned last cached record
2025-11-20 01:42:45 [INFO] Returned last cached record
2025-11-20 01:42:46 [INFO] Returned last cached record
2025-11-20 01:42:46 [INFO] Returned last cached record
2025-11-20 01:42:46 [INFO] Returned last cached record
2025-11-20 01:42:46 [INFO] Returned last cached record
2025-11-20 01:42:46 [INFO] Cached datetime=2025-11-19T22:42:46+00:00 valid=V lat= lon= speed=None dir=None sat=0
2025-11-20 01:42:46 [INFO] Returned last cached record
2025-11-20 01:42:46 [INFO] Returned last cached record
2025-11-20 01:42:46 [INFO] Returned last cached record
2025-11-20 01:42:47 [INFO] Returned last cached record
2025-11-20 01:42:47 [INFO] Returned last cached record
2025-11-20 01:42:47 [INFO] Returned last cached record
2025-11-20 01:42:47 [INFO] Returned last cached record
2025-11-20 01:42:47 [INFO] Cached datetime=2025-11-19T22:42:47+00:00 valid=V lat= lon= speed=None dir=None sat=0
2025-11-20 01:42:47 [INFO] Returned last cached record
2025-11-20 01:42:47 [INFO] Returned last cached record
2025-11-20 01:42:47 [INFO] Returned last cached record
2025-11-20 01:42:48 [INFO] Returned last cached record
2025-11-20 01:42:48 [INFO] Returned last cached record
2025-11-20 01:42:48 [INFO] Returned last cached record
2025-11-20 01:42:48 [INFO] Cached datetime=2025-11-19T22:42:48+00:00 valid=V lat= lon= speed=None dir=None sat=0
2025-11-20 01:42:48 [INFO] Returned last cached record
2025-11-20 01:42:48 [INFO] Returned last cached record
2025-11-20 01:42:48 [INFO] Returned last cached record
2025-11-20 01:42:48 [INFO] Returned last cached record
2025-11-20 01:42:49 [INFO] Returned last cached record
2025-11-20 01:42:49 [INFO] Returned last cached record
2025-11-20 01:42:49 [INFO] Returned last cached record
2025-11-20 01:42:49 [INFO] Cached datetime=2025-11-19T22:42:49+00:00 valid=V lat= lon= speed=None dir=None sat=0
2025-11-20 01:42:49 [INFO] Returned last cached record
2025-11-20 01:42:49 [INFO] Returned last cached record
2025-11-20 01:42:49 [INFO] Returned last cached record
2025-11-20 01:42:49 [INFO] Returned last cached record
2025-11-20 01:42:50 [INFO] Returned last cached record
2025-11-20 01:42:50 [INFO] Returned last cached record
2025-11-20 01:42:50 [INFO] Returned last cached record
2025-11-20 01:42:50 [INFO] Cached datetime=2025-11-19T22:42:50+00:00 valid=V lat= lon= speed=None dir=None sat=0
2025-11-20 01:42:50 [INFO] Returned last cached record
2025-11-20 01:42:50 [INFO] Returned last cached record
2025-11-20 01:42:50 [INFO] Returned last cached record
2025-11-20 01:42:50 [INFO] Returned last cached record
2025-11-20 01:42:51 [INFO] Returned last cached record
2025-11-20 01:42:51 [INFO] Returned last cached record
2025-11-20 01:42:51 [INFO] Returned last cached record
2025-11-20 01:42:51 [INFO] Cached datetime=2025-11-19T22:42:51+00:00 valid=V lat= lon= speed=None dir=None sat=0
2025-11-20 01:42:51 [INFO] Returned last cached record
2025-11-20 01:42:51 [INFO] Returned last cached record
2025-11-20 01:42:51 [INFO] Returned last cached record
2025-11-20 01:42:51 [INFO] Returned last cached record
2025-11-20 01:42:52 [INFO] Returned last cached record
2025-11-20 01:42:52 [INFO] Returned last cached record
2025-11-20 01:42:52 [INFO] Returned last cached record
2025-11-20 01:42:52 [INFO] Cached datetime=2025-11-19T22:42:52+00:00 valid=V lat= lon= speed=None dir=None sat=0
2025-11-20 01:42:52 [INFO] Returned last cached record
2025-11-20 01:42:52 [INFO] Returned last cached record
2025-11-20 01:42:52 [INFO] Returned last cached record
2025-11-20 01:42:52 [INFO] Returned last cached record
2025-11-20 01:42:53 [INFO] Returned last cached record
2025-11-20 01:42:53 [INFO] Returned last cached record
2025-11-20 01:42:53 [INFO] Returned last cached record
2025-11-20 01:42:53 [INFO] Cached datetime=2025-11-19T22:42:53+00:00 valid=V lat= lon= speed=None dir=None sat=0
2025-11-20 01:42:53 [INFO] Returned last cached record
2025-11-20 01:42:53 [INFO] Returned last cached record
2025-11-20 01:42:53 [INFO] Returned last cached record
2025-11-20 01:42:54 [INFO] Returned last cached record
2025-11-20 01:42:54 [INFO] Returned last cached record
2025-11-20 01:42:54 [INFO] Returned last cached record
2025-11-20 01:42:54 [INFO] Returned last cached record
2025-11-20 01:42:54 [INFO] Cached datetime=2025-11-19T22:42:54+00:00 valid=V lat= lon= speed=None dir=None sat=0
2025-11-20 01:42:54 [INFO] Returned last cached record
2025-11-20 01:42:54 [INFO] Returned last cached record
2025-11-20 01:42:54 [INFO] Returned last cached record
2025-11-20 01:42:55 [INFO] Returned last cached record
2025-11-20 01:42:55 [INFO] Returned last cached record
2025-11-20 01:42:55 [INFO] Returned last cached record
2025-11-20 01:42:55 [INFO] Returned last cached record
2025-11-20 01:42:55 [INFO] Cached datetime=2025-11-19T22:42:55+00:00 valid=V lat= lon= speed=None dir=None sat=0
2025-11-20 01:42:55 [INFO] Returned last cached record
2025-11-20 01:42:55 [INFO] Returned last cached record
2025-11-20 01:42:55 [INFO] Returned last cached record
2025-11-20 01:42:55 [INFO] Returned last cached record
2025-11-20 01:42:56 [INFO] Returned last cached record
2025-11-20 01:42:56 [INFO] Returned last cached record
2025-11-20 01:42:56 [INFO] Returned last cached record
2025-11-20 01:42:56 [INFO] Cached datetime=2025-11-19T22:42:56+00:00 valid=V lat= lon= speed=None dir=None sat=0
2025-11-20 01:42:56 [INFO] Returned last cached record
2025-11-20 01:42:56 [INFO] Returned last cached record
2025-11-20 01:42:56 [INFO] Returned last cached record
2025-11-20 01:42:56 [INFO] Returned last cached record
2025-11-20 01:42:57 [INFO] Returned last cached record
2025-11-20 01:42:57 [INFO] Returned last cached record
2025-11-20 01:42:57 [INFO] Returned last cached record
2025-11-20 01:42:57 [INFO] Cached datetime=2025-11-19T22:42:57+00:00 valid=V lat= lon= speed=None dir=None sat=0
2025-11-20 01:42:57 [INFO] Returned last cached record
2025-11-20 01:42:57 [INFO] Returned last cached record
2025-11-20 01:42:57 [INFO] Returned last cached record
2025-11-20 01:42:57 [INFO] Returned last cached record
2025-11-20 01:42:58 [INFO] Returned last cached record
2025-11-20 01:42:58 [INFO] Returned last cached record
2025-11-20 01:42:58 [INFO] Returned last cached record
2025-11-20 01:42:58 [INFO] Returned last cached record
2025-11-20 01:42:58 [INFO] Cached datetime=2025-11-19T22:42:58+00:00 valid=V lat= lon= speed=None dir=None sat=0
2025-11-20 01:42:58 [INFO] Returned last cached record
2025-11-20 01:42:58 [INFO] Returned last cached record
2025-11-20 01:42:58 [INFO] Returned last cached record
2025-11-20 01:42:59 [INFO] Returned last cached record
2025-11-20 01:42:59 [INFO] Returned last cached record
2025-11-20 01:42:59 [INFO] Returned last cached record
2025-11-20 01:42:59 [INFO] Cached datetime=2025-11-19T22:42:59+00:00 valid=V lat= lon= speed=None dir=None sat=0
2025-11-20 01:42:59 [INFO] Returned last cached record
2025-11-20 01:42:59 [INFO] Returned last cached record
2025-11-20 01:42:59 [INFO] Returned last cached record
2025-11-20 01:42:59 [INFO] Returned last cached record
2025-11-20 01:43:00 [INFO] Returned last cached record
2025-11-20 01:43:00 [INFO] Returned last cached record
2025-11-20 01:43:00 [INFO] Returned last cached record
2025-11-20 01:43:00 [INFO] Cached datetime=2025-11-19T22:43:00+00:00 valid=V lat= lon= speed=None dir=None sat=0
2025-11-20 01:43:00 [INFO] Returned last cached record
2025-11-20 01:43:00 [INFO] Returned last cached record
2025-11-20 01:43:00 [INFO] Returned last cached record
2025-11-20 01:43:00 [INFO] Returned last cached record
2025-11-20 01:43:01 [INFO] Returned last cached record
2025-11-20 01:43:01 [INFO] Returned last cached record
2025-11-20 01:43:01 [INFO] Returned last cached record
2025-11-20 01:43:01 [INFO] Cached datetime=2025-11-19T22:43:01+00:00 valid=V lat= lon= speed=None dir=None sat=0
2025-11-20 01:43:01 [INFO] Returned last cached record
2025-11-20 01:43:01 [INFO] Returned last cached record
2025-11-20 01:43:01 [INFO] Returned last cached record
2025-11-20 01:43:01 [INFO] Returned last cached record
2025-11-20 01:43:02 [INFO] Returned last cached record
2025-11-20 01:43:02 [INFO] Returned last cached record
2025-11-20 01:43:02 [INFO] Returned last cached record
2025-11-20 01:43:02 [INFO] Cached datetime=2025-11-19T22:43:02+00:00 valid=V lat= lon= speed=None dir=None sat=0
2025-11-20 01:43:02 [INFO] Returned last cached record
2025-11-20 01:43:02 [INFO] Returned last cached record
2025-11-20 01:43:02 [INFO] Returned last cached record
2025-11-20 01:43:02 [INFO] Returned last cached record
2025-11-20 01:43:03 [INFO] Returned last cached record
2025-11-20 01:43:03 [INFO] Returned last cached record
2025-11-20 01:43:03 [INFO] Returned last cached record
2025-11-20 01:43:03 [INFO] Cached datetime=2025-11-19T22:43:03+00:00 valid=V lat= lon= speed=None dir=None sat=0
2025-11-20 01:43:03 [INFO] Returned last cached record
2025-11-20 01:43:03 [INFO] Returned last cached record
2025-11-20 01:43:03 [INFO] Returned last cached record
2025-11-20 01:43:04 [INFO] Returned last cached record
2025-11-20 01:43:04 [INFO] Returned last cached record
2025-11-20 01:43:04 [INFO] Returned last cached record
2025-11-20 01:43:04 [INFO] Returned last cached record
2025-11-20 01:43:04 [INFO] Cached datetime=2025-11-19T22:43:04+00:00 valid=V lat= lon= speed=None dir=None sat=0
2025-11-20 01:43:04 [INFO] Returned last cached record
2025-11-20 01:43:04 [INFO] Returned last cached record
2025-11-20 01:43:04 [INFO] Returned last cached record
2025-11-20 01:43:05 [INFO] Returned last cached record
2025-11-20 01:43:05 [INFO] Returned last cached record
2025-11-20 01:43:05 [INFO] Returned last cached record
2025-11-20 01:43:05 [INFO] Returned last cached record
2025-11-20 01:43:05 [INFO] Cached datetime=2025-11-19T22:43:05+00:00 valid=V lat= lon= speed=None dir=None sat=0
2025-11-20 01:43:05 [INFO] Returned last cached record
2025-11-20 01:43:05 [INFO] Returned last cached record
2025-11-20 01:43:05 [INFO] Returned last cached record
2025-11-20 01:43:06 [INFO] Returned last cached record
2025-11-20 01:43:06 [INFO] Returned last cached record
2025-11-20 01:43:06 [INFO] Returned last cached record
2025-11-20 01:43:06 [INFO] Returned last cached record
2025-11-20 01:43:06 [INFO] Cached datetime=2025-11-19T22:43:06+00:00 valid=V lat= lon= speed=None dir=None sat=0
2025-11-20 01:43:06 [INFO] Returned last cached record
2025-11-20 01:43:06 [INFO] Returned last cached record
2025-11-20 01:43:06 [INFO] Returned last cached record
2025-11-20 01:43:07 [INFO] Returned last cached record
2025-11-20 01:43:07 [INFO] Returned last cached record
2025-11-20 01:43:07 [INFO] Returned last cached record
2025-11-20 01:43:07 [INFO] Returned last cached record
2025-11-20 01:43:07 [INFO] Cached datetime=2025-11-19T22:43:07+00:00 valid=V lat= lon= speed=None dir=None sat=0
2025-11-20 01:43:07 [INFO] Returned last cached record
2025-11-20 01:43:07 [INFO] Returned last cached record
2025-11-20 01:43:07 [INFO] Returned last cached record
2025-11-20 01:43:08 [INFO] Returned last cached record
2025-11-20 01:43:08 [INFO] Returned last cached record
2025-11-20 01:43:08 [INFO] Returned last cached record
2025-11-20 01:43:08 [INFO] Returned last cached record
2025-11-20 01:43:08 [INFO] Cached datetime=2025-11-19T22:43:08+00:00 valid=V lat= lon= speed=None dir=None sat=0
2025-11-20 01:43:08 [INFO] Returned last cached record
2025-11-20 01:43:08 [INFO] Returned last cached record
2025-11-20 01:43:08 [INFO] Returned last cached record
2025-11-20 01:43:09 [INFO] Returned last cached record
2025-11-20 01:43:09 [INFO] Returned last cached record
2025-11-20 01:43:09 [INFO] Returned last cached record
2025-11-20 01:43:09 [INFO] Returned last cached record
2025-11-20 01:43:09 [INFO] Cached datetime=2025-11-19T22:43:09+00:00 valid=V lat= lon= speed=None dir=None sat=0
2025-11-20 01:43:09 [INFO] Returned last cached record
2025-11-20 01:43:09 [INFO] Returned last cached record
2025-11-20 01:43:09 [INFO] Returned last cached record
2025-11-20 01:43:09 [INFO] Returned last cached record
2025-11-20 01:43:10 [INFO] Returned last cached record
2025-11-20 01:43:10 [INFO] Returned last cached record
2025-11-20 01:43:10 [INFO] Returned last cached record
2025-11-20 01:43:10 [INFO] Cached datetime=2025-11-19T22:43:10+00:00 valid=V lat= lon= speed=None dir=None sat=0
2025-11-20 01:43:10 [INFO] Returned last cached record
2025-11-20 01:43:10 [INFO] Returned last cached record
2025-11-20 01:43:10 [INFO] Returned last cached record
2025-11-20 01:43:10 [INFO] Returned last cached record
2025-11-20 01:43:11 [INFO] Returned last cached record
2025-11-20 01:43:11 [INFO] Returned last cached record
2025-11-20 01:43:11 [INFO] Returned last cached record
2025-11-20 01:43:11 [INFO] Returned last cached record
2025-11-20 01:43:11 [INFO] Cached datetime=2025-11-19T22:43:11+00:00 valid=V lat= lon= speed=None dir=None sat=0
2025-11-20 01:43:11 [INFO] Returned last cached record
2025-11-20 01:43:11 [INFO] Returned last cached record
2025-11-20 01:43:11 [INFO] Returned last cached record
2025-11-20 01:43:11 [INFO] Returned last cached record
2025-11-20 01:43:12 [INFO] Returned last cached record
2025-11-20 01:43:12 [INFO] Returned last cached record
2025-11-20 01:43:12 [INFO] Returned last cached record
2025-11-20 01:43:12 [INFO] Cached datetime=2025-11-19T22:43:12+00:00 valid=V lat= lon= speed=None dir=None sat=0
2025-11-20 01:43:12 [INFO] Returned last cached record
2025-11-20 01:43:12 [INFO] Returned last cached record
2025-11-20 01:43:12 [INFO] Returned last cached record
2025-11-20 01:43:12 [INFO] Returned last cached record
2025-11-20 01:43:13 [INFO] Returned last cached record
2025-11-20 01:43:13 [INFO] Returned last cached record
2025-11-20 01:43:13 [INFO] Returned last cached record
2025-11-20 01:43:13 [INFO] Returned last cached record
2025-11-20 01:43:13 [INFO] Cached datetime=2025-11-19T22:43:13+00:00 valid=V lat= lon= speed=None dir=None sat=0
2025-11-20 01:43:13 [INFO] Returned last cached record
2025-11-20 01:43:13 [INFO] Returned last cached record
2025-11-20 01:43:13 [INFO] Returned last cached record
2025-11-20 01:43:13 [INFO] Returned last cached record
2025-11-20 01:43:14 [INFO] Returned last cached record
2025-11-20 01:43:14 [INFO] Returned last cached record
2025-11-20 01:43:14 [INFO] Returned last cached record
2025-11-20 01:43:14 [INFO] Returned last cached record
2025-11-20 01:43:14 [INFO] Cached datetime=2025-11-19T22:43:14+00:00 valid=V lat= lon= speed=None dir=None sat=0
2025-11-20 01:43:14 [INFO] Returned last cached record
2025-11-20 01:43:14 [INFO] Returned last cached record
2025-11-20 01:43:14 [INFO] Returned last cached record
2025-11-20 01:43:14 [INFO] Returned last cached record
2025-11-20 01:43:15 [INFO] Returned last cached record
2025-11-20 01:43:15 [INFO] Returned last cached record
2025-11-20 01:43:15 [INFO] Returned last cached record
2025-11-20 01:43:15 [INFO] Cached datetime=2025-11-19T22:43:15+00:00 valid=V lat= lon= speed=None dir=None sat=0
2025-11-20 01:43:15 [INFO] Returned last cached record
2025-11-20 01:43:15 [INFO] Returned last cached record
2025-11-20 01:43:15 [INFO] Returned last cached record
2025-11-20 01:43:15 [INFO] Returned last cached record
2025-11-20 01:43:16 [INFO] Returned last cached record
2025-11-20 01:43:16 [INFO] Returned last cached record
2025-11-20 01:43:16 [INFO] Returned last cached record
2025-11-20 01:43:16 [INFO] Returned last cached record
2025-11-20 01:43:16 [INFO] Cached datetime=2025-11-19T22:43:16+00:00 valid=V lat= lon= speed=None dir=None sat=0
2025-11-20 01:43:16 [INFO] Returned last cached record
2025-11-20 01:43:16 [INFO] Returned last cached record
2025-11-20 01:43:16 [INFO] Returned last cached record
2025-11-20 01:43:17 [INFO] Returned last cached record
2025-11-20 01:43:17 [INFO] Returned last cached record
2025-11-20 01:43:17 [INFO] Returned last cached record
2025-11-20 01:43:17 [INFO] Returned last cached record
2025-11-20 01:43:17 [INFO] Cached datetime=2025-11-19T22:43:17+00:00 valid=V lat= lon= speed=None dir=None sat=0
2025-11-20 01:43:17 [INFO] Returned last cached record
2025-11-20 01:43:17 [INFO] Returned last cached record
2025-11-20 01:43:17 [INFO] Returned last cached record
2025-11-20 01:43:18 [INFO] Returned last cached record
2025-11-20 01:43:18 [INFO] Returned last cached record
2025-11-20 01:43:18 [INFO] Returned last cached record
2025-11-20 01:43:18 [INFO] Returned last cached record
2025-11-20 01:43:18 [INFO] Cached datetime=2025-11-19T22:43:18+00:00 valid=V lat= lon= speed=None dir=None sat=0
2025-11-20 01:43:18 [INFO] Returned last cached record
2025-11-20 01:43:18 [INFO] Returned last cached record
2025-11-20 01:43:18 [INFO] Returned last cached record
2025-11-20 01:43:19 [INFO] Returned last cached record
2025-11-20 01:43:19 [INFO] Returned last cached record
2025-11-20 01:43:19 [INFO] Returned last cached record
2025-11-20 01:43:19 [INFO] Returned last cached record
2025-11-20 01:43:19 [INFO] Cached datetime=2025-11-19T22:43:19+00:00 valid=V lat= lon= speed=None dir=None sat=0
2025-11-20 01:43:19 [INFO] Returned last cached record
2025-11-20 01:43:19 [INFO] Returned last cached record
2025-11-20 01:43:19 [INFO] Returned last cached record
2025-11-20 01:43:20 [INFO] Returned last cached record
2025-11-20 01:43:20 [INFO] Returned last cached record
2025-11-20 01:43:20 [INFO] Returned last cached record
2025-11-20 01:43:20 [INFO] Cached datetime=2025-11-19T22:43:20+00:00 valid=V lat= lon= speed=None dir=None sat=0
2025-11-20 01:43:20 [INFO] Returned last cached record
2025-11-20 01:43:20 [INFO] Returned last cached record
2025-11-20 01:43:20 [INFO] Returned last cached record
2025-11-20 01:43:20 [INFO] Returned last cached record
2025-11-20 01:43:21 [INFO] Returned last cached record
2025-11-20 01:43:21 [INFO] Returned last cached record
2025-11-20 01:43:21 [INFO] Returned last cached record
2025-11-20 01:43:21 [INFO] Cached datetime=2025-11-19T22:43:21+00:00 valid=V lat= lon= speed=None dir=None sat=0
2025-11-20 01:43:21 [INFO] Returned last cached record
2025-11-20 01:43:21 [INFO] Returned last cached record
2025-11-20 01:43:21 [INFO] Returned last cached record
2025-11-20 01:43:21 [INFO] Returned last cached record
2025-11-20 01:43:22 [INFO] Returned last cached record
2025-11-20 01:43:22 [INFO] Returned last cached record
2025-11-20 01:43:22 [INFO] Returned last cached record
2025-11-20 01:43:22 [INFO] Cached datetime=2025-11-19T22:43:22+00:00 valid=V lat= lon= speed=None dir=None sat=0
2025-11-20 01:43:22 [INFO] Returned last cached record
2025-11-20 01:43:22 [INFO] Returned last cached record
2025-11-20 01:43:22 [INFO] Returned last cached record
2025-11-20 01:43:22 [INFO] Returned last cached record
2025-11-20 01:43:23 [INFO] Returned last cached record
2025-11-20 01:43:23 [INFO] Returned last cached record
2025-11-20 01:43:23 [INFO] Returned last cached record
2025-11-20 01:43:23 [INFO] Returned last cached record
2025-11-20 01:43:23 [INFO] Cached datetime=2025-11-19T22:43:23+00:00 valid=V lat= lon= speed=None dir=None sat=0
2025-11-20 01:43:23 [INFO] Returned last cached record
2025-11-20 01:43:23 [INFO] Returned last cached record
2025-11-20 01:43:23 [INFO] Returned last cached record
2025-11-20 01:43:24 [INFO] Returned last cached record
2025-11-20 01:43:24 [INFO] Returned last cached record
2025-11-20 01:43:24 [INFO] Returned last cached record
2025-11-20 01:43:24 [INFO] Cached datetime=2025-11-19T22:43:24+00:00 valid=V lat= lon= speed=None dir=None sat=0
2025-11-20 01:43:24 [INFO] Returned last cached record
2025-11-20 01:43:24 [INFO] Returned last cached record
2025-11-20 01:43:24 [INFO] Returned last cached record
2025-11-20 01:43:24 [INFO] Returned last cached record
2025-11-20 01:43:25 [INFO] Returned last cached record
2025-11-20 01:43:25 [INFO] Returned last cached record
2025-11-20 01:43:25 [INFO] Returned last cached record
2025-11-20 01:43:25 [INFO] Cached datetime=2025-11-19T22:43:25+00:00 valid=V lat= lon= speed=None dir=None sat=0
2025-11-20 01:43:25 [INFO] Returned last cached record
2025-11-20 01:43:25 [INFO] Returned last cached record
2025-11-20 01:43:25 [INFO] Returned last cached record
2025-11-20 01:43:26 [INFO] Returned last cached record
2025-11-20 01:43:26 [INFO] Returned last cached record
2025-11-20 01:43:26 [INFO] Returned last cached record
2025-11-20 01:43:26 [INFO] Returned last cached record
2025-11-20 01:43:26 [INFO] Returned last cached record
2025-11-20 01:43:26 [INFO] Cached datetime=2025-11-19T22:43:26+00:00 valid=V lat= lon= speed=None dir=None sat=0
2025-11-20 01:43:26 [INFO] Returned last cached record
2025-11-20 01:43:26 [INFO] Returned last cached record
2025-11-20 01:43:26 [INFO] Returned last cached record
2025-11-20 01:43:27 [INFO] Returned last cached record
2025-11-20 01:43:27 [INFO] Returned last cached record
2025-11-20 01:43:27 [INFO] Returned last cached record
2025-11-20 01:43:27 [INFO] Returned last cached record
2025-11-20 01:43:27 [INFO] Cached datetime=2025-11-19T22:43:27+00:00 valid=V lat= lon= speed=None dir=None sat=0
2025-11-20 01:43:27 [INFO] Returned last cached record
2025-11-20 01:43:27 [INFO] Returned last cached record
2025-11-20 01:43:27 [INFO] Returned last cached record
2025-11-20 01:43:27 [INFO] Returned last cached record
2025-11-20 01:43:28 [INFO] Returned last cached record
2025-11-20 01:43:28 [INFO] Returned last cached record
2025-11-20 01:43:28 [INFO] Returned last cached record
2025-11-20 01:43:28 [INFO] Returned last cached record
2025-11-20 01:43:28 [INFO] Cached datetime=2025-11-19T22:43:28+00:00 valid=V lat= lon= speed=None dir=None sat=0
2025-11-20 01:43:28 [INFO] Returned last cached record
2025-11-20 01:43:28 [INFO] Returned last cached record
2025-11-20 01:43:28 [INFO] Returned last cached record
2025-11-20 01:43:29 [INFO] Returned last cached record
2025-11-20 01:43:29 [INFO] Returned last cached record
2025-11-20 01:43:29 [INFO] Returned last cached record
2025-11-20 01:43:29 [INFO] Returned last cached record
2025-11-20 01:43:29 [INFO] Cache trigger reached: 100 >= 100
2025-11-20 01:43:29 [INFO] Cached datetime=2025-11-19T22:43:29+00:00 valid=V lat= lon= speed=None dir=None sat=0
2025-11-20 01:43:29 [INFO] Flushing 100 cached records (counter was 100)
2025-11-20 01:43:29 [INFO] Inserted 100 records into DB
2025-11-20 01:43:29 [WARNING] Retention: total=150100 > max_rows=150000, pruning...
2025-11-20 01:43:30 [INFO] Retention completed: kept latest 150000 rows
2025-11-20 01:43:30 [INFO] Cached datetime=2025-11-19T22:43:30+00:00 valid=V lat= lon= speed=None dir=None sat=0
2025-11-20 01:43:30 [INFO] Returned last cached record
2025-11-20 01:43:30 [INFO] Returned last cached record
2025-11-20 01:43:30 [INFO] Returned last cached record
2025-11-20 01:43:30 [INFO] Returned last cached record
2025-11-20 01:43:31 [INFO] Returned last cached record
2025-11-20 01:43:31 [INFO] Returned last cached record
2025-11-20 01:43:31 [INFO] Returned last cached record
2025-11-20 01:43:31 [INFO] Cached datetime=2025-11-19T22:43:31+00:00 valid=V lat= lon= speed=None dir=None sat=0
2025-11-20 01:43:31 [INFO] Returned last cached record
2025-11-20 01:43:31 [INFO] Returned last cached record
2025-11-20 01:43:31 [INFO] Returned last cached record
2025-11-20 01:43:31 [INFO] Returned last cached record
2025-11-20 01:43:32 [INFO] Returned last cached record
2025-11-20 01:43:32 [INFO] Returned last cached record
2025-11-20 01:43:32 [INFO] Returned last cached record
2025-11-20 01:43:32 [INFO] Returned last cached record
2025-11-20 01:43:32 [INFO] Cached datetime=2025-11-19T22:43:32+00:00 valid=V lat= lon= speed=None dir=None sat=0
2025-11-20 01:43:32 [INFO] Returned last cached record
2025-11-20 01:43:32 [INFO] Returned last cached record
2025-11-20 01:43:32 [INFO] Returned last cached record
2025-11-20 01:43:32 [INFO] Returned last cached record
2025-11-20 01:43:33 [INFO] Returned last cached record
2025-11-20 01:43:33 [INFO] Returned last cached record
2025-11-20 01:43:33 [INFO] Returned last cached record
2025-11-20 01:43:33 [INFO] Cached datetime=2025-11-19T22:43:33+00:00 valid=V lat= lon= speed=None dir=None sat=0
2025-11-20 01:43:33 [INFO] Returned last cached record
2025-11-20 01:43:33 [INFO] Returned last cached record
2025-11-20 01:43:33 [INFO] Returned last cached record
2025-11-20 01:43:33 [INFO] Returned last cached record
2025-11-20 01:43:34 [INFO] Returned last cached record
2025-11-20 01:43:34 [INFO] Returned last cached record
2025-11-20 01:43:34 [INFO] Returned last cached record
2025-11-20 01:43:34 [INFO] Cached datetime=2025-11-19T22:43:34+00:00 valid=V lat= lon= speed=None dir=None sat=0
2025-11-20 01:43:34 [INFO] Returned last cached record
2025-11-20 01:43:34 [INFO] Returned last cached record
2025-11-20 01:43:34 [INFO] Returned last cached record
2025-11-20 01:43:35 [INFO] Returned last cached record
2025-11-20 01:43:35 [INFO] Returned last cached record
2025-11-20 01:43:35 [INFO] Returned last cached record
2025-11-20 01:43:35 [INFO] Cached datetime=2025-11-19T22:43:35+00:00 valid=V lat= lon= speed=None dir=None sat=0
2025-11-20 01:43:35 [INFO] Returned last cached record
2025-11-20 01:43:35 [INFO] Returned last cached record
2025-11-20 01:43:35 [INFO] Returned last cached record
2025-11-20 01:43:35 [INFO] Returned last cached record
2025-11-20 01:43:36 [INFO] Returned last cached record
2025-11-20 01:43:36 [INFO] Returned last cached record
2025-11-20 01:43:36 [INFO] Returned last cached record
2025-11-20 01:43:36 [INFO] Cached datetime=2025-11-19T22:43:36+00:00 valid=V lat= lon= speed=None dir=None sat=0
2025-11-20 01:43:36 [INFO] Returned last cached record
2025-11-20 01:43:36 [INFO] Returned last cached record
2025-11-20 01:43:36 [INFO] Returned last cached record
2025-11-20 01:43:37 [INFO] Returned last cached record
2025-11-20 01:43:37 [INFO] Returned last cached record
2025-11-20 01:43:37 [INFO] Returned last cached record
2025-11-20 01:43:37 [INFO] Returned last cached record
2025-11-20 01:43:37 [INFO] Cached datetime=2025-11-19T22:43:37+00:00 valid=V lat= lon= speed=None dir=None sat=0
2025-11-20 01:43:37 [INFO] Returned last cached record
2025-11-20 01:43:37 [INFO] Returned last cached record
2025-11-20 01:43:37 [INFO] Returned last cached record
2025-11-20 01:43:38 [INFO] Returned last cached record
2025-11-20 01:43:38 [INFO] Returned last cached record
2025-11-20 01:43:38 [INFO] Returned last cached record
2025-11-20 01:43:38 [INFO] Returned last cached record
2025-11-20 01:43:38 [INFO] Cached datetime=2025-11-19T22:43:38+00:00 valid=V lat= lon= speed=None dir=None sat=0
2025-11-20 01:43:38 [INFO] Returned last cached record
2025-11-20 01:43:38 [INFO] Returned last cached record
2025-11-20 01:43:38 [INFO] Returned last cached record
2025-11-20 01:43:38 [INFO] Returned last cached record
2025-11-20 01:43:39 [INFO] Returned last cached record
2025-11-20 01:43:39 [INFO] Returned last cached record
2025-11-20 01:43:39 [INFO] Returned last cached record
2025-11-20 01:43:39 [INFO] Cached datetime=2025-11-19T22:43:39+00:00 valid=V lat= lon= speed=None dir=None sat=0
2025-11-20 01:43:39 [INFO] Returned last cached record
2025-11-20 01:43:39 [INFO] Returned last cached record
2025-11-20 01:43:39 [INFO] Returned last cached record
2025-11-20 01:43:39 [INFO] Returned last cached record
2025-11-20 01:43:40 [INFO] Returned last cached record
2025-11-20 01:43:40 [INFO] Returned last cached record
2025-11-20 01:43:40 [INFO] Returned last cached record
2025-11-20 01:43:40 [INFO] Cached datetime=2025-11-19T22:43:40+00:00 valid=V lat= lon= speed=None dir=None sat=0
2025-11-20 01:43:40 [INFO] Returned last cached record
2025-11-20 01:43:40 [INFO] Returned last cached record
2025-11-20 01:43:40 [INFO] Returned last cached record
2025-11-20 01:43:41 [INFO] Returned last cached record
2025-11-20 01:43:41 [INFO] Returned last cached record
2025-11-20 01:43:41 [INFO] Returned last cached record
2025-11-20 01:43:41 [INFO] Returned last cached record
2025-11-20 01:43:41 [INFO] Cached datetime=2025-11-19T22:43:41+00:00 valid=V lat= lon= speed=None dir=None sat=0
2025-11-20 01:43:41 [INFO] Returned last cached record
2025-11-20 01:43:41 [INFO] Returned last cached record
2025-11-20 01:43:41 [INFO] Returned last cached record
2025-11-20 01:43:42 [INFO] Returned last cached record
2025-11-20 01:43:42 [INFO] Returned last cached record
2025-11-20 01:43:42 [INFO] Returned last cached record
2025-11-20 01:43:42 [INFO] Returned last cached record
2025-11-20 01:43:42 [INFO] Cached datetime=2025-11-19T22:43:42+00:00 valid=V lat= lon= speed=None dir=None sat=0
2025-11-20 01:43:42 [INFO] Returned last cached record
2025-11-20 01:43:42 [INFO] Returned last cached record
2025-11-20 01:43:42 [INFO] Returned last cached record
2025-11-20 01:43:43 [INFO] Returned last cached record
2025-11-20 01:43:43 [INFO] Returned last cached record
2025-11-20 01:43:43 [INFO] Returned last cached record
2025-11-20 01:43:43 [INFO] Returned last cached record
2025-11-20 01:43:43 [INFO] Cached datetime=2025-11-19T22:43:43+00:00 valid=V lat= lon= speed=None dir=None sat=0
2025-11-20 01:43:43 [INFO] Returned last cached record
2025-11-20 01:43:43 [INFO] Returned last cached record
2025-11-20 01:43:43 [INFO] Returned last cached record
2025-11-20 01:43:44 [INFO] Returned last cached record
2025-11-20 01:43:44 [INFO] Returned last cached record
2025-11-20 01:43:44 [INFO] Returned last cached record
2025-11-20 01:43:44 [INFO] Returned last cached record
2025-11-20 01:43:44 [INFO] Cached datetime=2025-11-19T22:43:44+00:00 valid=V lat= lon= speed=None dir=None sat=0
2025-11-20 01:43:44 [INFO] Returned last cached record
2025-11-20 01:43:44 [INFO] Returned last cached record
2025-11-20 01:43:44 [INFO] Returned last cached record
2025-11-20 01:43:44 [INFO] Returned last cached record
2025-11-20 01:43:45 [INFO] Returned last cached record
2025-11-20 01:43:45 [INFO] Returned last cached record
2025-11-20 01:43:45 [INFO] Returned last cached record
2025-11-20 01:43:45 [INFO] Cached datetime=2025-11-19T22:43:45+00:00 valid=V lat= lon= speed=None dir=None sat=0
2025-11-20 01:43:45 [INFO] Returned last cached record
2025-11-20 01:43:45 [INFO] Returned last cached record
2025-11-20 01:43:45 [INFO] Returned last cached record
2025-11-20 01:43:46 [INFO] Returned last cached record
2025-11-20 01:43:46 [INFO] Returned last cached record
2025-11-20 01:43:46 [INFO] Returned last cached record
2025-11-20 01:43:46 [INFO] Cached datetime=2025-11-19T22:43:46+00:00 valid=V lat= lon= speed=None dir=None sat=0
2025-11-20 01:43:46 [INFO] Returned last cached record
2025-11-20 01:43:46 [INFO] Returned last cached record
2025-11-20 01:43:46 [INFO] Returned last cached record
2025-11-20 01:43:46 [INFO] Returned last cached record
2025-11-20 01:43:47 [INFO] Returned last cached record
2025-11-20 01:43:47 [INFO] Returned last cached record
2025-11-20 01:43:47 [INFO] Returned last cached record
2025-11-20 01:43:47 [INFO] Cached datetime=2025-11-19T22:43:47+00:00 valid=V lat= lon= speed=None dir=None sat=0
2025-11-20 01:43:47 [INFO] Returned last cached record
2025-11-20 01:43:47 [INFO] Returned last cached record
2025-11-20 01:43:47 [INFO] Returned last cached record
2025-11-20 01:43:47 [INFO] Returned last cached record
2025-11-20 01:43:48 [INFO] Returned last cached record
2025-11-20 01:43:48 [INFO] Returned last cached record
2025-11-20 01:43:48 [INFO] Returned last cached record
2025-11-20 01:43:48 [INFO] Returned last cached record
2025-11-20 01:43:48 [INFO] Cached datetime=2025-11-19T22:43:48+00:00 valid=V lat= lon= speed=None dir=None sat=0
2025-11-20 01:43:48 [INFO] Returned last cached record
2025-11-20 01:43:48 [INFO] Returned last cached record
2025-11-20 01:43:48 [INFO] Returned last cached record
2025-11-20 01:43:48 [INFO] Returned last cached record
2025-11-20 01:43:49 [INFO] Returned last cached record
2025-11-20 01:43:49 [INFO] Returned last cached record
2025-11-20 01:43:49 [INFO] Returned last cached record
2025-11-20 01:43:49 [INFO] Cached datetime=2025-11-19T22:43:49+00:00 valid=V lat= lon= speed=None dir=None sat=0
2025-11-20 01:43:49 [INFO] Returned last cached record
2025-11-20 01:43:49 [INFO] Returned last cached record
2025-11-20 01:43:49 [INFO] Returned last cached record
2025-11-20 01:43:50 [INFO] Returned last cached record
2025-11-20 01:43:50 [INFO] Returned last cached record
2025-11-20 01:43:50 [INFO] Returned last cached record
2025-11-20 01:43:50 [INFO] Returned last cached record
2025-11-20 01:43:50 [INFO] Cached datetime=2025-11-19T22:43:50+00:00 valid=V lat= lon= speed=None dir=None sat=0
2025-11-20 01:43:50 [INFO] Returned last cached record
2025-11-20 01:43:50 [INFO] Returned last cached record
2025-11-20 01:43:50 [INFO] Returned last cached record
2025-11-20 01:43:51 [INFO] Returned last cached record
2025-11-20 01:43:51 [INFO] Returned last cached record
2025-11-20 01:43:51 [INFO] Returned last cached record
2025-11-20 01:43:51 [INFO] Returned last cached record
2025-11-20 01:43:51 [INFO] Cached datetime=2025-11-19T22:43:51+00:00 valid=V lat= lon= speed=None dir=None sat=0
2025-11-20 01:43:51 [INFO] Returned last cached record
2025-11-20 01:43:51 [INFO] Returned last cached record
2025-11-20 01:43:51 [INFO] Returned last cached record
2025-11-20 01:43:52 [INFO] Returned last cached record
2025-11-20 01:43:52 [INFO] Returned last cached record
2025-11-20 01:43:52 [INFO] Returned last cached record
2025-11-20 01:43:52 [INFO] Returned last cached record
2025-11-20 01:43:52 [INFO] Cached datetime=2025-11-19T22:43:52+00:00 valid=V lat= lon= speed=None dir=None sat=0
2025-11-20 01:43:52 [INFO] Returned last cached record
2025-11-20 01:43:52 [INFO] Returned last cached record
2025-11-20 01:43:52 [INFO] Returned last cached record
2025-11-20 01:43:53 [INFO] Returned last cached record
2025-11-20 01:43:53 [INFO] Returned last cached record
2025-11-20 01:43:53 [INFO] Returned last cached record
2025-11-20 01:43:53 [INFO] Cached datetime=2025-11-19T22:43:53+00:00 valid=V lat= lon= speed=None dir=None sat=0
2025-11-20 01:43:53 [INFO] Returned last cached record
2025-11-20 01:43:53 [INFO] Returned last cached record
2025-11-20 01:43:53 [INFO] Returned last cached record
2025-11-20 01:43:53 [INFO] Returned last cached record
2025-11-20 01:43:54 [INFO] Returned last cached record
2025-11-20 01:43:54 [INFO] Returned last cached record
2025-11-20 01:43:54 [INFO] Returned last cached record
2025-11-20 01:43:54 [INFO] Cached datetime=2025-11-19T22:43:54+00:00 valid=V lat= lon= speed=None dir=None sat=0
2025-11-20 01:43:54 [INFO] Returned last cached record
2025-11-20 01:43:54 [INFO] Returned last cached record
2025-11-20 01:43:54 [INFO] Returned last cached record
2025-11-20 01:43:54 [INFO] Returned last cached record
2025-11-20 01:43:55 [INFO] Returned last cached record
2025-11-20 01:43:55 [INFO] Returned last cached record
2025-11-20 01:43:55 [INFO] Returned last cached record
2025-11-20 01:43:55 [INFO] Cached datetime=2025-11-19T22:43:55+00:00 valid=V lat= lon= speed=None dir=None sat=0
2025-11-20 01:43:55 [INFO] Returned last cached record
2025-11-20 01:43:55 [INFO] Returned last cached record
2025-11-20 01:43:55 [INFO] Returned last cached record
2025-11-20 01:43:55 [INFO] Returned last cached record
2025-11-20 01:43:56 [INFO] Returned last cached record
2025-11-20 01:43:56 [INFO] Returned last cached record
2025-11-20 01:43:56 [INFO] Returned last cached record
2025-11-20 01:43:56 [INFO] Cached datetime=2025-11-19T22:43:56+00:00 valid=V lat= lon= speed=None dir=None sat=0
2025-11-20 01:43:56 [INFO] Returned last cached record
2025-11-20 01:43:56 [INFO] Returned last cached record
2025-11-20 01:43:56 [INFO] Returned last cached record
2025-11-20 01:43:56 [INFO] Returned last cached record
2025-11-20 01:43:56 [INFO] Returned last cached record
2025-11-20 01:43:57 [INFO] Returned last cached record
2025-11-20 01:43:57 [INFO] Returned last cached record
2025-11-20 01:43:57 [INFO] Returned last cached record
2025-11-20 01:43:57 [INFO] Returned last cached record
2025-11-20 01:43:57 [INFO] Returned last cached record
2025-11-20 01:43:57 [INFO] Cached datetime=2025-11-19T22:43:57+00:00 valid=V lat= lon= speed=None dir=None sat=0
2025-11-20 01:43:57 [INFO] Returned last cached record
2025-11-20 01:43:57 [INFO] Returned last cached record
2025-11-20 01:43:57 [INFO] Returned last cached record
2025-11-20 01:43:58 [INFO] Returned last cached record
2025-11-20 01:43:58 [INFO] Returned last cached record
2025-11-20 01:43:58 [INFO] Returned last cached record
2025-11-20 01:43:58 [INFO] Returned last cached record
2025-11-20 01:43:58 [INFO] Cached datetime=2025-11-19T22:43:58+00:00 valid=V lat= lon= speed=None dir=None sat=0
2025-11-20 01:43:58 [INFO] Returned last cached record
2025-11-20 01:43:58 [INFO] Returned last cached record
2025-11-20 01:43:58 [INFO] Returned last cached record
2025-11-20 01:43:59 [INFO] Returned last cached record
2025-11-20 01:43:59 [INFO] Returned last cached record
2025-11-20 01:43:59 [INFO] Returned last cached record
2025-11-20 01:43:59 [INFO] Returned last cached record
2025-11-20 01:43:59 [INFO] Cached datetime=2025-11-19T22:43:59+00:00 valid=V lat= lon= speed=None dir=None sat=0
2025-11-20 01:43:59 [INFO] Returned last cached record
2025-11-20 01:43:59 [INFO] Returned last cached record
2025-11-20 01:43:59 [INFO] Returned last cached record
2025-11-20 01:44:00 [INFO] Returned last cached record
2025-11-20 01:44:00 [INFO] Returned last cached record
2025-11-20 01:44:00 [INFO] Returned last cached record
2025-11-20 01:44:00 [INFO] Returned last cached record
2025-11-20 01:44:00 [INFO] Cached datetime=2025-11-19T22:44:00+00:00 valid=V lat= lon= speed=None dir=None sat=0
2025-11-20 01:44:00 [INFO] Returned last cached record
2025-11-20 01:44:00 [INFO] Returned last cached record
2025-11-20 01:44:00 [INFO] Returned last cached record
2025-11-20 01:44:00 [INFO] Returned last cached record
2025-11-20 01:44:01 [INFO] Returned last cached record
2025-11-20 01:44:01 [INFO] Returned last cached record
2025-11-20 01:44:01 [INFO] Returned last cached record
2025-11-20 01:44:01 [INFO] Returned last cached record
2025-11-20 01:44:01 [INFO] Cached datetime=2025-11-19T22:44:01+00:00 valid=V lat= lon= speed=None dir=None sat=0
2025-11-20 01:44:01 [INFO] Returned last cached record
2025-11-20 01:44:01 [INFO] Returned last cached record
2025-11-20 01:44:01 [INFO] Returned last cached record
2025-11-20 01:44:02 [INFO] Returned last cached record
2025-11-20 01:44:02 [INFO] Returned last cached record
2025-11-20 01:44:02 [INFO] Returned last cached record
2025-11-20 01:44:02 [INFO] Returned last cached record
2025-11-20 01:44:02 [INFO] Cached datetime=2025-11-19T22:44:02+00:00 valid=V lat= lon= speed=None dir=None sat=0
2025-11-20 01:44:02 [INFO] Returned last cached record
2025-11-20 01:44:02 [INFO] Returned last cached record
2025-11-20 01:44:02 [INFO] Returned last cached record
2025-11-20 01:44:02 [INFO] Returned last cached record
2025-11-20 01:44:03 [INFO] Returned last cached record
2025-11-20 01:44:03 [INFO] Returned last cached record
2025-11-20 01:44:03 [INFO] Returned last cached record
2025-11-20 01:44:03 [INFO] Cached datetime=2025-11-19T22:44:03+00:00 valid=V lat= lon= speed=None dir=None sat=0
2025-11-20 01:44:03 [INFO] Returned last cached record
2025-11-20 01:44:03 [INFO] Returned last cached record
2025-11-20 01:44:03 [INFO] Returned last cached record
2025-11-20 01:44:03 [INFO] Returned last cached record
2025-11-20 01:44:04 [INFO] Returned last cached record
2025-11-20 01:44:04 [INFO] Returned last cached record
2025-11-20 01:44:04 [INFO] Returned last cached record
2025-11-20 01:44:04 [INFO] Returned last cached record
2025-11-20 01:44:04 [INFO] Cached datetime=2025-11-19T22:44:04+00:00 valid=V lat= lon= speed=None dir=None sat=0
2025-11-20 01:44:04 [INFO] Returned last cached record
2025-11-20 01:44:04 [INFO] Returned last cached record
2025-11-20 01:44:04 [INFO] Returned last cached record
2025-11-20 01:44:04 [INFO] Returned last cached record
2025-11-20 01:44:05 [INFO] Returned last cached record
2025-11-20 01:44:05 [INFO] Returned last cached record
2025-11-20 01:44:05 [INFO] Returned last cached record
2025-11-20 01:44:05 [INFO] Cached datetime=2025-11-19T22:44:05+00:00 valid=V lat= lon= speed=None dir=None sat=0
2025-11-20 01:44:05 [INFO] Returned last cached record
2025-11-20 01:44:05 [INFO] Returned last cached record
2025-11-20 01:44:05 [INFO] Returned last cached record
2025-11-20 01:44:05 [INFO] Returned last cached record
2025-11-20 01:44:06 [INFO] Returned last cached record
2025-11-20 01:44:06 [INFO] Returned last cached record
2025-11-20 01:44:06 [INFO] Returned last cached record
2025-11-20 01:44:06 [INFO] Cached datetime=2025-11-19T22:44:06+00:00 valid=V lat= lon= speed=None dir=None sat=0
2025-11-20 01:44:06 [INFO] Returned last cached record
2025-11-20 01:44:06 [INFO] Returned last cached record
2025-11-20 01:44:06 [INFO] Returned last cached record
2025-11-20 01:44:06 [INFO] Returned last cached record
2025-11-20 01:44:07 [INFO] Returned last cached record
2025-11-20 01:44:07 [INFO] Returned last cached record
2025-11-20 01:44:07 [INFO] Returned last cached record
2025-11-20 01:44:07 [INFO] Cached datetime=2025-11-19T22:44:07+00:00 valid=V lat= lon= speed=None dir=None sat=0
2025-11-20 01:44:07 [INFO] Returned last cached record
2025-11-20 01:44:07 [INFO] Returned last cached record
2025-11-20 01:44:07 [INFO] Returned last cached record
2025-11-20 01:44:07 [INFO] Returned last cached record
2025-11-20 01:44:08 [INFO] Returned last cached record
2025-11-20 01:44:08 [INFO] Returned last cached record
2025-11-20 01:44:08 [INFO] Returned last cached record
2025-11-20 01:44:08 [INFO] Cached datetime=2025-11-19T22:44:08+00:00 valid=V lat= lon= speed=None dir=None sat=0
2025-11-20 01:44:08 [INFO] Returned last cached record
2025-11-20 01:44:08 [INFO] Returned last cached record
2025-11-20 01:44:08 [INFO] Returned last cached record
2025-11-20 01:44:09 [INFO] Returned last cached record
2025-11-20 01:44:09 [INFO] Returned last cached record
2025-11-20 01:44:09 [INFO] Returned last cached record
2025-11-20 01:44:09 [INFO] Returned last cached record
2025-11-20 01:44:09 [INFO] Cached datetime=2025-11-19T22:44:09+00:00 valid=V lat= lon= speed=None dir=None sat=0
2025-11-20 01:44:09 [INFO] Returned last cached record
2025-11-20 01:44:09 [INFO] Returned last cached record
2025-11-20 01:44:09 [INFO] Returned last cached record
2025-11-20 01:44:10 [INFO] Returned last cached record
2025-11-20 01:44:10 [INFO] Returned last cached record
2025-11-20 01:44:10 [INFO] Returned last cached record
2025-11-20 01:44:10 [INFO] Cached datetime=2025-11-19T22:44:10+00:00 valid=V lat= lon= speed=None dir=None sat=0
2025-11-20 01:44:10 [INFO] Returned last cached record
2025-11-20 01:44:10 [INFO] Returned last cached record
2025-11-20 01:44:10 [INFO] Returned last cached record
2025-11-20 01:44:10 [INFO] Returned last cached record
2025-11-20 01:44:11 [INFO] Returned last cached record
2025-11-20 01:44:11 [INFO] Returned last cached record
2025-11-20 01:44:11 [INFO] Returned last cached record
2025-11-20 01:44:11 [INFO] Cached datetime=2025-11-19T22:44:11+00:00 valid=V lat= lon= speed=None dir=None sat=0
2025-11-20 01:44:11 [INFO] Returned last cached record
2025-11-20 01:44:11 [INFO] Returned last cached record
2025-11-20 01:44:11 [INFO] Returned last cached record
2025-11-20 01:44:11 [INFO] Returned last cached record
2025-11-20 01:44:12 [INFO] Returned last cached record
2025-11-20 01:44:12 [INFO] Returned last cached record
2025-11-20 01:44:12 [INFO] Returned last cached record
2025-11-20 01:44:12 [INFO] Cached datetime=2025-11-19T22:44:12+00:00 valid=V lat= lon= speed=None dir=None sat=0
2025-11-20 01:44:12 [INFO] Returned last cached record
2025-11-20 01:44:12 [INFO] Returned last cached record
2025-11-20 01:44:12 [INFO] Returned last cached record
2025-11-20 01:44:12 [INFO] Returned last cached record
2025-11-20 01:44:13 [INFO] Returned last cached record
2025-11-20 01:44:13 [INFO] Returned last cached record
2025-11-20 01:44:13 [INFO] Returned last cached record
2025-11-20 01:44:13 [INFO] Cached datetime=2025-11-19T22:44:13+00:00 valid=V lat= lon= speed=None dir=None sat=0
2025-11-20 01:44:13 [INFO] Returned last cached record
2025-11-20 01:44:13 [INFO] Returned last cached record
2025-11-20 01:44:13 [INFO] Returned last cached record
2025-11-20 01:44:14 [INFO] Returned last cached record
2025-11-20 01:44:14 [INFO] Returned last cached record
2025-11-20 01:44:14 [INFO] Returned last cached record
2025-11-20 01:44:14 [INFO] Returned last cached record
2025-11-20 01:44:14 [INFO] Cached datetime=2025-11-19T22:44:14+00:00 valid=V lat= lon= speed=None dir=None sat=0
2025-11-20 01:44:14 [INFO] Returned last cached record
2025-11-20 01:44:14 [INFO] Returned last cached record
2025-11-20 01:44:14 [INFO] Returned last cached record
2025-11-20 01:44:14 [INFO] Returned last cached record
2025-11-20 01:44:15 [INFO] Returned last cached record
2025-11-20 01:44:15 [INFO] Returned last cached record
2025-11-20 01:44:15 [INFO] Returned last cached record
2025-11-20 01:44:15 [INFO] Cached datetime=2025-11-19T22:44:15+00:00 valid=V lat= lon= speed=None dir=None sat=0
2025-11-20 01:44:15 [INFO] Returned last cached record
2025-11-20 01:44:15 [INFO] Returned last cached record
2025-11-20 01:44:15 [INFO] Returned last cached record
2025-11-20 01:44:15 [INFO] Returned last cached record
2025-11-20 01:44:16 [INFO] Returned last cached record
2025-11-20 01:44:16 [INFO] Returned last cached record
2025-11-20 01:44:16 [INFO] Returned last cached record
2025-11-20 01:44:16 [INFO] Returned last cached record
2025-11-20 01:44:16 [INFO] Cached datetime=2025-11-19T22:44:16+00:00 valid=V lat= lon= speed=None dir=None sat=0
2025-11-20 01:44:16 [INFO] Returned last cached record
2025-11-20 01:44:16 [INFO] Returned last cached record
2025-11-20 01:44:16 [INFO] Returned last cached record
2025-11-20 01:44:17 [INFO] Returned last cached record
2025-11-20 01:44:17 [INFO] Returned last cached record
2025-11-20 01:44:17 [INFO] Returned last cached record
2025-11-20 01:44:17 [INFO] Returned last cached record
2025-11-20 01:44:17 [INFO] Cached datetime=2025-11-19T22:44:17+00:00 valid=V lat= lon= speed=None dir=None sat=0
2025-11-20 01:44:17 [INFO] Returned last cached record
2025-11-20 01:44:17 [INFO] Returned last cached record
2025-11-20 01:44:17 [INFO] Returned last cached record
2025-11-20 01:44:18 [INFO] Returned last cached record
2025-11-20 01:44:18 [INFO] Returned last cached record
2025-11-20 01:44:18 [INFO] Returned last cached record
2025-11-20 01:44:18 [INFO] Returned last cached record
2025-11-20 01:44:18 [INFO] Cached datetime=2025-11-19T22:44:18+00:00 valid=V lat= lon= speed=None dir=None sat=0
2025-11-20 01:44:18 [INFO] Returned last cached record
2025-11-20 01:44:18 [INFO] Returned last cached record
2025-11-20 01:44:18 [INFO] Returned last cached record
2025-11-20 01:44:18 [INFO] Returned last cached record
2025-11-20 01:44:19 [INFO] Returned last cached record
2025-11-20 01:44:19 [INFO] Returned last cached record
2025-11-20 01:44:19 [INFO] Returned last cached record
2025-11-20 01:44:19 [INFO] Returned last cached record
2025-11-20 01:44:19 [INFO] Cached datetime=2025-11-19T22:44:19+00:00 valid=V lat= lon= speed=None dir=None sat=0
2025-11-20 01:44:19 [INFO] Returned last cached record
2025-11-20 01:44:19 [INFO] Returned last cached record
2025-11-20 01:44:19 [INFO] Returned last cached record
2025-11-20 01:44:20 [INFO] Returned last cached record
2025-11-20 01:44:20 [INFO] Returned last cached record
2025-11-20 01:44:20 [INFO] Returned last cached record
2025-11-20 01:44:20 [INFO] Returned last cached record
2025-11-20 01:44:20 [INFO] Cached datetime=2025-11-19T22:44:20+00:00 valid=V lat= lon= speed=None dir=None sat=0
2025-11-20 01:44:20 [INFO] Returned last cached record
2025-11-20 01:44:20 [INFO] Returned last cached record
2025-11-20 01:44:20 [INFO] Returned last cached record
2025-11-20 01:44:21 [INFO] Returned last cached record
2025-11-20 01:44:21 [INFO] Returned last cached record
2025-11-20 01:44:21 [INFO] Returned last cached record
2025-11-20 01:44:21 [INFO] Cached datetime=2025-11-19T22:44:21+00:00 valid=V lat= lon= speed=None dir=None sat=0
2025-11-20 01:44:21 [INFO] Returned last cached record
2025-11-20 01:44:21 [INFO] Returned last cached record
2025-11-20 01:44:21 [INFO] Returned last cached record
2025-11-20 01:44:21 [INFO] Returned last cached record
2025-11-20 01:44:22 [INFO] Returned last cached record
2025-11-20 01:44:22 [INFO] Returned last cached record
2025-11-20 01:44:22 [INFO] Returned last cached record
2025-11-20 01:44:22 [INFO] Cached datetime=2025-11-19T22:44:22+00:00 valid=V lat= lon= speed=None dir=None sat=0
2025-11-20 01:44:22 [INFO] Returned last cached record
2025-11-20 01:44:22 [INFO] Returned last cached record
2025-11-20 01:44:22 [INFO] Returned last cached record
2025-11-20 01:44:23 [INFO] Returned last cached record
2025-11-20 01:44:23 [INFO] Returned last cached record
2025-11-20 01:44:23 [INFO] Returned last cached record
2025-11-20 01:44:23 [INFO] Returned last cached record
2025-11-20 01:44:23 [INFO] Cached datetime=2025-11-19T22:44:23+00:00 valid=V lat= lon= speed=None dir=None sat=0
2025-11-20 01:44:23 [INFO] Returned last cached record
2025-11-20 01:44:23 [INFO] Returned last cached record
2025-11-20 01:44:23 [INFO] Returned last cached record
2025-11-20 01:44:23 [INFO] Returned last cached record
2025-11-20 01:44:24 [INFO] Returned last cached record
2025-11-20 01:44:24 [INFO] Returned last cached record
2025-11-20 01:44:24 [INFO] Returned last cached record
2025-11-20 01:44:24 [INFO] Cached datetime=2025-11-19T22:44:24+00:00 valid=V lat= lon= speed=None dir=None sat=0
2025-11-20 01:44:24 [INFO] Returned last cached record
2025-11-20 01:44:24 [INFO] Returned last cached record
2025-11-20 01:44:24 [INFO] Returned last cached record
2025-11-20 01:44:25 [INFO] Returned last cached record
2025-11-20 01:44:25 [INFO] Returned last cached record
2025-11-20 01:44:25 [INFO] Returned last cached record
2025-11-20 01:44:25 [INFO] Returned last cached record
2025-11-20 01:44:25 [INFO] Cached datetime=2025-11-19T22:44:25+00:00 valid=V lat= lon= speed=None dir=None sat=0
2025-11-20 01:44:25 [INFO] Returned last cached record
2025-11-20 01:44:25 [INFO] Returned last cached record
2025-11-20 01:44:25 [INFO] Returned last cached record
2025-11-20 01:44:26 [INFO] Returned last cached record
2025-11-20 01:44:26 [INFO] Returned last cached record
2025-11-20 01:44:26 [INFO] Returned last cached record
2025-11-20 01:44:26 [INFO] Cached datetime=2025-11-19T22:44:26+00:00 valid=V lat= lon= speed=None dir=None sat=0
2025-11-20 01:44:26 [INFO] Returned last cached record
2025-11-20 01:44:26 [INFO] Returned last cached record
2025-11-20 01:44:26 [INFO] Returned last cached record
2025-11-20 01:44:26 [INFO] Returned last cached record
2025-11-20 01:44:27 [INFO] Returned last cached record
2025-11-20 01:44:27 [INFO] Returned last cached record
2025-11-20 01:44:27 [INFO] Returned last cached record
2025-11-20 01:44:27 [INFO] Cached datetime=2025-11-19T22:44:27+00:00 valid=V lat= lon= speed=None dir=None sat=0
2025-11-20 01:44:27 [INFO] Returned last cached record
2025-11-20 01:44:27 [INFO] Returned last cached record
2025-11-20 01:44:27 [INFO] Returned last cached record
2025-11-20 01:44:27 [INFO] Returned last cached record
2025-11-20 01:44:28 [INFO] Returned last cached record
2025-11-20 01:44:28 [INFO] Returned last cached record
2025-11-20 01:44:28 [INFO] Returned last cached record
2025-11-20 01:44:28 [INFO] Returned last cached record
2025-11-20 01:44:28 [INFO] Cached datetime=2025-11-19T22:44:28+00:00 valid=V lat= lon= speed=None dir=None sat=0
2025-11-20 01:44:28 [INFO] Returned last cached record
2025-11-20 01:44:28 [INFO] Returned last cached record
2025-11-20 01:44:28 [INFO] Returned last cached record
2025-11-20 01:44:29 [INFO] Returned last cached record
2025-11-20 01:44:29 [INFO] Returned last cached record
2025-11-20 01:44:29 [INFO] Returned last cached record
2025-11-20 01:44:29 [INFO] Returned last cached record
2025-11-20 01:44:29 [INFO] Cached datetime=2025-11-19T22:44:29+00:00 valid=V lat= lon= speed=None dir=None sat=0
2025-11-20 01:44:29 [INFO] Returned last cached record
2025-11-20 01:44:29 [INFO] Returned last cached record
2025-11-20 01:44:29 [INFO] Returned last cached record
2025-11-20 01:44:29 [INFO] Returned last cached record
2025-11-20 01:44:30 [INFO] Returned last cached record
2025-11-20 01:44:30 [INFO] Returned last cached record
2025-11-20 01:44:30 [INFO] Returned last cached record
2025-11-20 01:44:30 [INFO] Returned last cached record
2025-11-20 01:44:30 [INFO] Cached datetime=2025-11-19T22:44:30+00:00 valid=V lat= lon= speed=None dir=None sat=0
2025-11-20 01:44:30 [INFO] Returned last cached record
2025-11-20 01:44:30 [INFO] Returned last cached record
2025-11-20 01:44:30 [INFO] Returned last cached record
2025-11-20 01:44:31 [INFO] Returned last cached record
2025-11-20 01:44:31 [INFO] Returned last cached record
2025-11-20 01:44:31 [INFO] Returned last cached record
2025-11-20 01:44:31 [INFO] Returned last cached record
2025-11-20 01:44:31 [INFO] Cached datetime=2025-11-19T22:44:31+00:00 valid=V lat= lon= speed=None dir=None sat=0
2025-11-20 01:44:31 [INFO] Returned last cached record
2025-11-20 01:44:31 [INFO] Returned last cached record
2025-11-20 01:44:31 [INFO] Returned last cached record
2025-11-20 01:44:31 [INFO] Returned last cached record
2025-11-20 01:44:32 [INFO] Returned last cached record
2025-11-20 01:44:32 [INFO] Returned last cached record
2025-11-20 01:44:32 [INFO] Returned last cached record
2025-11-20 01:44:32 [INFO] Cached datetime=2025-11-19T22:44:32+00:00 valid=V lat= lon= speed=None dir=None sat=0
2025-11-20 01:44:32 [INFO] Returned last cached record
2025-11-20 01:44:32 [INFO] Returned last cached record
2025-11-20 01:44:32 [INFO] Returned last cached record
2025-11-20 01:44:32 [INFO] Returned last cached record
2025-11-20 01:44:33 [INFO] Returned last cached record
2025-11-20 01:44:33 [INFO] Returned last cached record
2025-11-20 01:44:33 [INFO] Returned last cached record
2025-11-20 01:44:33 [INFO] Cached datetime=2025-11-19T22:44:33+00:00 valid=V lat= lon= speed=None dir=None sat=0
2025-11-20 01:44:33 [INFO] Returned last cached record
2025-11-20 01:44:33 [INFO] Returned last cached record
2025-11-20 01:44:33 [INFO] Returned last cached record
2025-11-20 01:44:33 [INFO] Returned last cached record
2025-11-20 01:44:34 [INFO] Returned last cached record
2025-11-20 01:44:34 [INFO] Returned last cached record
2025-11-20 01:44:34 [INFO] Returned last cached record
2025-11-20 01:44:34 [INFO] Cached datetime=2025-11-19T22:44:34+00:00 valid=V lat= lon= speed=None dir=None sat=0
2025-11-20 01:44:34 [INFO] Returned last cached record
2025-11-20 01:44:34 [INFO] Returned last cached record
2025-11-20 01:44:34 [INFO] Returned last cached record
2025-11-20 01:44:35 [INFO] Returned last cached record
2025-11-20 01:44:35 [INFO] Returned last cached record
2025-11-20 01:44:35 [INFO] Returned last cached record
2025-11-20 01:44:35 [INFO] Returned last cached record
2025-11-20 01:44:35 [INFO] Cached datetime=2025-11-19T22:44:35+00:00 valid=V lat= lon= speed=None dir=None sat=0
2025-11-20 01:44:35 [INFO] Returned last cached record
2025-11-20 01:44:35 [INFO] Returned last cached record
2025-11-20 01:44:35 [INFO] Returned last cached record
2025-11-20 01:44:36 [INFO] Returned last cached record
2025-11-20 01:44:36 [INFO] Returned last cached record
2025-11-20 01:44:36 [INFO] Returned last cached record
2025-11-20 01:44:36 [INFO] Returned last cached record
2025-11-20 01:44:36 [INFO] Cached datetime=2025-11-19T22:44:36+00:00 valid=V lat= lon= speed=None dir=None sat=0
2025-11-20 01:44:36 [INFO] Returned last cached record
2025-11-20 01:44:36 [INFO] Returned last cached record
2025-11-20 01:44:36 [INFO] Returned last cached record
2025-11-20 01:44:37 [INFO] Returned last cached record
2025-11-20 01:44:37 [INFO] Returned last cached record
2025-11-20 01:44:37 [INFO] Returned last cached record
2025-11-20 01:44:37 [INFO] Returned last cached record
2025-11-20 01:44:37 [INFO] Cached datetime=2025-11-19T22:44:37+00:00 valid=V lat= lon= speed=None dir=None sat=0
2025-11-20 01:44:37 [INFO] Returned last cached record
2025-11-20 01:44:37 [INFO] Returned last cached record
2025-11-20 01:44:37 [INFO] Returned last cached record
2025-11-20 01:44:38 [INFO] Returned last cached record
2025-11-20 01:44:38 [INFO] Returned last cached record
2025-11-20 01:44:38 [INFO] Returned last cached record
2025-11-20 01:44:38 [INFO] Returned last cached record
2025-11-20 01:44:38 [INFO] Cached datetime=2025-11-19T22:44:38+00:00 valid=V lat= lon= speed=None dir=None sat=0
2025-11-20 01:44:38 [INFO] Returned last cached record
2025-11-20 01:44:38 [INFO] Returned last cached record
2025-11-20 01:44:38 [INFO] Returned last cached record
2025-11-20 01:44:38 [INFO] Returned last cached record
2025-11-20 01:44:39 [INFO] Returned last cached record
2025-11-20 01:44:39 [INFO] Returned last cached record
2025-11-20 01:44:39 [INFO] Returned last cached record
2025-11-20 01:44:39 [INFO] Cached datetime=2025-11-19T22:44:39+00:00 valid=V lat= lon= speed=None dir=None sat=0
2025-11-20 01:44:39 [INFO] Returned last cached record
2025-11-20 01:44:39 [INFO] Returned last cached record
2025-11-20 01:44:39 [INFO] Returned last cached record
2025-11-20 01:44:39 [INFO] Returned last cached record
2025-11-20 01:44:40 [INFO] Returned last cached record
2025-11-20 01:44:40 [INFO] Returned last cached record
2025-11-20 01:44:40 [INFO] Returned last cached record
2025-11-20 01:44:40 [INFO] Cached datetime=2025-11-19T22:44:40+00:00 valid=V lat= lon= speed=None dir=None sat=0
2025-11-20 01:44:40 [INFO] Returned last cached record
2025-11-20 01:44:40 [INFO] Returned last cached record
2025-11-20 01:44:40 [INFO] Returned last cached record
2025-11-20 01:44:40 [INFO] Returned last cached record
2025-11-20 01:44:41 [INFO] Returned last cached record
2025-11-20 01:44:41 [INFO] Returned last cached record
2025-11-20 01:44:41 [INFO] Returned last cached record
2025-11-20 01:44:41 [INFO] Cached datetime=2025-11-19T22:44:41+00:00 valid=V lat= lon= speed=None dir=None sat=0
2025-11-20 01:44:41 [INFO] Returned last cached record
2025-11-20 01:44:41 [INFO] Returned last cached record
2025-11-20 01:44:41 [INFO] Returned last cached record
2025-11-20 01:44:42 [INFO] Returned last cached record
2025-11-20 01:44:42 [INFO] Returned last cached record
2025-11-20 01:44:42 [INFO] Returned last cached record
2025-11-20 01:44:42 [INFO] Cached datetime=2025-11-19T22:44:42+00:00 valid=V lat= lon= speed=None dir=None sat=0
2025-11-20 01:44:42 [INFO] Returned last cached record
2025-11-20 01:44:42 [INFO] Returned last cached record
2025-11-20 01:44:42 [INFO] Returned last cached record
2025-11-20 01:44:42 [INFO] Returned last cached record
2025-11-20 01:44:43 [INFO] Returned last cached record
2025-11-20 01:44:43 [INFO] Returned last cached record
2025-11-20 01:44:43 [INFO] Returned last cached record
2025-11-20 01:44:43 [INFO] Cached datetime=2025-11-19T22:44:43+00:00 valid=V lat= lon= speed=None dir=None sat=0
2025-11-20 01:44:43 [INFO] Returned last cached record
2025-11-20 01:44:43 [INFO] Returned last cached record
2025-11-20 01:44:43 [INFO] Returned last cached record
2025-11-20 01:44:43 [INFO] Returned last cached record
2025-11-20 01:44:44 [INFO] Returned last cached record
2025-11-20 01:44:44 [INFO] Returned last cached record
2025-11-20 01:44:44 [INFO] Returned last cached record
2025-11-20 01:44:44 [INFO] Cached datetime=2025-11-19T22:44:44+00:00 valid=V lat= lon= speed=None dir=None sat=0
2025-11-20 01:44:44 [INFO] Returned last cached record
2025-11-20 01:44:44 [INFO] Returned last cached record
2025-11-20 01:44:44 [INFO] Returned last cached record
2025-11-20 01:44:44 [INFO] Returned last cached record
2025-11-20 01:44:45 [INFO] Returned last cached record
2025-11-20 01:44:45 [INFO] Returned last cached record
2025-11-20 01:44:45 [INFO] Returned last cached record
2025-11-20 01:44:45 [INFO] Cached datetime=2025-11-19T22:44:45+00:00 valid=V lat= lon= speed=None dir=None sat=0
2025-11-20 01:44:45 [INFO] Returned last cached record
2025-11-20 01:44:45 [INFO] Returned last cached record
2025-11-20 01:44:45 [INFO] Returned last cached record
2025-11-20 01:44:45 [INFO] Returned last cached record
2025-11-20 01:44:46 [INFO] Returned last cached record
2025-11-20 01:44:46 [INFO] Returned last cached record
2025-11-20 01:44:46 [INFO] Returned last cached record
2025-11-20 01:44:46 [INFO] Cached datetime=2025-11-19T22:44:46+00:00 valid=V lat= lon= speed=None dir=None sat=0
2025-11-20 01:44:46 [INFO] Returned last cached record
2025-11-20 01:44:46 [INFO] Returned last cached record
2025-11-20 01:44:46 [INFO] Returned last cached record
2025-11-20 01:44:47 [INFO] Returned last cached record
2025-11-20 01:44:47 [INFO] Returned last cached record
2025-11-20 01:44:47 [INFO] Returned last cached record
2025-11-20 01:44:47 [INFO] Returned last cached record
2025-11-20 01:44:47 [INFO] Cached datetime=2025-11-19T22:44:47+00:00 valid=V lat= lon= speed=None dir=None sat=0
2025-11-20 01:44:47 [INFO] Returned last cached record
2025-11-20 01:44:47 [INFO] Returned last cached record
2025-11-20 01:44:47 [INFO] Returned last cached record
2025-11-20 01:44:48 [INFO] Returned last cached record
2025-11-20 01:44:48 [INFO] Returned last cached record
2025-11-20 01:44:48 [INFO] Returned last cached record
2025-11-20 01:44:48 [INFO] Returned last cached record
2025-11-20 01:44:48 [INFO] Cached datetime=2025-11-19T22:44:48+00:00 valid=V lat= lon= speed=None dir=None sat=0
2025-11-20 01:44:48 [INFO] Returned last cached record
2025-11-20 01:44:48 [INFO] Returned last cached record
2025-11-20 01:44:48 [INFO] Returned last cached record
2025-11-20 01:44:48 [INFO] Returned last cached record
2025-11-20 01:44:49 [INFO] Returned last cached record
2025-11-20 01:44:49 [INFO] Returned last cached record
2025-11-20 01:44:49 [INFO] Returned last cached record
2025-11-20 01:44:49 [INFO] Cached datetime=2025-11-19T22:44:49+00:00 valid=V lat= lon= speed=None dir=None sat=0
2025-11-20 01:44:49 [INFO] Returned last cached record
2025-11-20 01:44:49 [INFO] Returned last cached record
2025-11-20 01:44:49 [INFO] Returned last cached record
2025-11-20 01:44:50 [INFO] Returned last cached record
2025-11-20 01:44:50 [INFO] Returned last cached record
2025-11-20 01:44:50 [INFO] Returned last cached record
2025-11-20 01:44:50 [INFO] Returned last cached record
2025-11-20 01:44:50 [INFO] Cached datetime=2025-11-19T22:44:50+00:00 valid=V lat= lon= speed=None dir=None sat=0
2025-11-20 01:44:50 [INFO] Returned last cached record
2025-11-20 01:44:50 [INFO] Returned last cached record
2025-11-20 01:44:50 [INFO] Returned last cached record
2025-11-20 01:44:51 [INFO] Returned last cached record
2025-11-20 01:44:51 [INFO] Returned last cached record
2025-11-20 01:44:51 [INFO] Returned last cached record
2025-11-20 01:44:51 [INFO] Returned last cached record
2025-11-20 01:44:51 [INFO] Cached datetime=2025-11-19T22:44:51+00:00 valid=V lat= lon= speed=None dir=None sat=0
2025-11-20 01:44:51 [INFO] Returned last cached record
2025-11-20 01:44:51 [INFO] Returned last cached record
2025-11-20 01:44:51 [INFO] Returned last cached record
2025-11-20 01:44:51 [INFO] Returned last cached record
2025-11-20 01:44:52 [INFO] Returned last cached record
2025-11-20 01:44:52 [INFO] Returned last cached record
2025-11-20 01:44:52 [INFO] Returned last cached record
2025-11-20 01:44:52 [INFO] Cached datetime=2025-11-19T22:44:52+00:00 valid=V lat= lon= speed=None dir=None sat=0
2025-11-20 01:44:52 [INFO] Returned last cached record
2025-11-20 01:44:52 [INFO] Returned last cached record
2025-11-20 01:44:52 [INFO] Returned last cached record
2025-11-20 01:44:52 [INFO] Returned last cached record
2025-11-20 01:44:53 [INFO] Returned last cached record
2025-11-20 01:44:53 [INFO] Returned last cached record
2025-11-20 01:44:53 [INFO] Returned last cached record
2025-11-20 01:44:53 [INFO] Cached datetime=2025-11-19T22:44:53+00:00 valid=V lat= lon= speed=None dir=None sat=0
2025-11-20 01:44:53 [INFO] Returned last cached record
2025-11-20 01:44:53 [INFO] Returned last cached record
2025-11-20 01:44:53 [INFO] Returned last cached record
2025-11-20 01:44:53 [INFO] Returned last cached record
2025-11-20 01:44:54 [INFO] Returned last cached record
2025-11-20 01:44:54 [INFO] Returned last cached record
2025-11-20 01:44:54 [INFO] Returned last cached record
2025-11-20 01:44:54 [INFO] Returned last cached record
2025-11-20 01:44:54 [INFO] Cached datetime=2025-11-19T22:44:54+00:00 valid=V lat= lon= speed=None dir=None sat=0
2025-11-20 01:44:54 [INFO] Returned last cached record
2025-11-20 01:44:54 [INFO] Returned last cached record
2025-11-20 01:44:54 [INFO] Returned last cached record
2025-11-20 01:44:55 [INFO] Returned last cached record
2025-11-20 01:44:55 [INFO] Returned last cached record
2025-11-20 01:44:55 [INFO] Returned last cached record
2025-11-20 01:44:55 [INFO] Returned last cached record
2025-11-20 01:44:55 [INFO] Cached datetime=2025-11-19T22:44:55+00:00 valid=V lat= lon= speed=None dir=None sat=0
2025-11-20 01:44:55 [INFO] Returned last cached record
2025-11-20 01:44:55 [INFO] Returned last cached record
2025-11-20 01:44:55 [INFO] Returned last cached record
2025-11-20 01:44:56 [INFO] Returned last cached record
2025-11-20 01:44:56 [INFO] Returned last cached record
2025-11-20 01:44:56 [INFO] Returned last cached record
2025-11-20 01:44:56 [INFO] Returned last cached record
2025-11-20 01:44:56 [INFO] Cached datetime=2025-11-19T22:44:56+00:00 valid=V lat= lon= speed=None dir=None sat=0
2025-11-20 01:44:56 [INFO] Returned last cached record
2025-11-20 01:44:56 [INFO] Returned last cached record
2025-11-20 01:44:56 [INFO] Returned last cached record
2025-11-20 01:44:57 [INFO] Returned last cached record
2025-11-20 01:44:57 [INFO] Returned last cached record
2025-11-20 01:44:57 [INFO] Returned last cached record
2025-11-20 01:44:57 [INFO] Returned last cached record
2025-11-20 01:44:57 [INFO] Cached datetime=2025-11-19T22:44:57+00:00 valid=V lat= lon= speed=None dir=None sat=0
2025-11-20 01:44:57 [INFO] Returned last cached record
2025-11-20 01:44:57 [INFO] Returned last cached record
2025-11-20 01:44:57 [INFO] Returned last cached record
2025-11-20 01:44:58 [INFO] Returned last cached record
2025-11-20 01:44:58 [INFO] Returned last cached record
2025-11-20 01:44:58 [INFO] Returned last cached record
2025-11-20 01:44:58 [INFO] Returned last cached record
2025-11-20 01:44:58 [INFO] Cached datetime=2025-11-19T22:44:58+00:00 valid=V lat= lon= speed=None dir=None sat=0
2025-11-20 01:44:58 [INFO] Returned last cached record
2025-11-20 01:44:58 [INFO] Returned last cached record
2025-11-20 01:44:58 [INFO] Returned last cached record
2025-11-20 01:44:58 [INFO] Returned last cached record
2025-11-20 01:44:59 [INFO] Returned last cached record
2025-11-20 01:44:59 [INFO] Returned last cached record
2025-11-20 01:44:59 [INFO] Returned last cached record
2025-11-20 01:44:59 [INFO] Cached datetime=2025-11-19T22:44:59+00:00 valid=V lat= lon= speed=None dir=None sat=0
2025-11-20 01:44:59 [INFO] Returned last cached record
2025-11-20 01:44:59 [INFO] Returned last cached record
2025-11-20 01:44:59 [INFO] Returned last cached record
2025-11-20 01:44:59 [INFO] Returned last cached record
2025-11-20 01:45:00 [INFO] Returned last cached record
2025-11-20 01:45:00 [INFO] Returned last cached record
2025-11-20 01:45:00 [INFO] Returned last cached record
2025-11-20 01:45:00 [INFO] Cached datetime=2025-11-19T22:45:00+00:00 valid=V lat= lon= speed=None dir=None sat=0
2025-11-20 01:45:00 [INFO] Returned last cached record
2025-11-20 01:45:00 [INFO] Returned last cached record
2025-11-20 01:45:00 [INFO] Returned last cached record
2025-11-20 01:45:00 [INFO] Returned last cached record
2025-11-20 01:45:01 [INFO] Returned last cached record
2025-11-20 01:45:01 [INFO] Returned last cached record
2025-11-20 01:45:01 [INFO] Returned last cached record
2025-11-20 01:45:01 [INFO] Cached datetime=2025-11-19T22:45:01+00:00 valid=V lat= lon= speed=None dir=None sat=0
2025-11-20 01:45:01 [INFO] Returned last cached record
2025-11-20 01:45:01 [INFO] Returned last cached record
2025-11-20 01:45:01 [INFO] Returned last cached record
2025-11-20 01:45:01 [INFO] Returned last cached record
2025-11-20 01:45:02 [INFO] Returned last cached record
2025-11-20 01:45:02 [INFO] Returned last cached record
2025-11-20 01:45:02 [INFO] Returned last cached record
2025-11-20 01:45:02 [INFO] Returned last cached record
2025-11-20 01:45:02 [INFO] Cached datetime=2025-11-19T22:45:02+00:00 valid=V lat= lon= speed=None dir=None sat=0
2025-11-20 01:45:02 [INFO] Returned last cached record
2025-11-20 01:45:02 [INFO] Returned last cached record
2025-11-20 01:45:02 [INFO] Returned last cached record
2025-11-20 01:45:03 [INFO] Returned last cached record
2025-11-20 01:45:03 [INFO] Returned last cached record
2025-11-20 01:45:03 [INFO] Returned last cached record
2025-11-20 01:45:03 [INFO] Returned last cached record
2025-11-20 01:45:03 [INFO] Cached datetime=2025-11-19T22:45:03+00:00 valid=V lat= lon= speed=None dir=None sat=0
2025-11-20 01:45:03 [INFO] Returned last cached record
2025-11-20 01:45:03 [INFO] Returned last cached record
2025-11-20 01:45:03 [INFO] Returned last cached record
2025-11-20 01:45:04 [INFO] Returned last cached record
2025-11-20 01:45:04 [INFO] Returned last cached record
2025-11-20 01:45:04 [INFO] Returned last cached record
2025-11-20 01:45:04 [INFO] Cached datetime=2025-11-19T22:45:04+00:00 valid=V lat= lon= speed=None dir=None sat=0
2025-11-20 01:45:04 [INFO] Returned last cached record
2025-11-20 01:45:04 [INFO] Returned last cached record
2025-11-20 01:45:04 [INFO] Returned last cached record
2025-11-20 01:45:04 [INFO] Returned last cached record
2025-11-20 01:45:05 [INFO] Returned last cached record
2025-11-20 01:45:05 [INFO] Returned last cached record
2025-11-20 01:45:05 [INFO] Returned last cached record
2025-11-20 01:45:05 [INFO] Returned last cached record
2025-11-20 01:45:05 [INFO] Cached datetime=2025-11-19T22:45:05+00:00 valid=V lat= lon= speed=None dir=None sat=0
2025-11-20 01:45:05 [INFO] Returned last cached record
2025-11-20 01:45:05 [INFO] Returned last cached record
2025-11-20 01:45:05 [INFO] Returned last cached record
2025-11-20 01:45:06 [INFO] Returned last cached record
2025-11-20 01:45:06 [INFO] Returned last cached record
2025-11-20 01:45:06 [INFO] Returned last cached record
2025-11-20 01:45:06 [INFO] Cached datetime=2025-11-19T22:45:06+00:00 valid=V lat= lon= speed=None dir=None sat=0
2025-11-20 01:45:06 [INFO] Returned last cached record
2025-11-20 01:45:06 [INFO] Returned last cached record
2025-11-20 01:45:06 [INFO] Returned last cached record
2025-11-20 01:45:06 [INFO] Returned last cached record
2025-11-20 01:45:07 [INFO] Returned last cached record
2025-11-20 01:45:07 [INFO] Returned last cached record
2025-11-20 01:45:07 [INFO] Returned last cached record
2025-11-20 01:45:07 [INFO] Cached datetime=2025-11-19T22:45:07+00:00 valid=V lat= lon= speed=None dir=None sat=0
2025-11-20 01:45:07 [INFO] Returned last cached record
2025-11-20 01:45:07 [INFO] Returned last cached record
2025-11-20 01:45:07 [INFO] Returned last cached record
2025-11-20 01:45:07 [INFO] Returned last cached record
2025-11-20 01:45:08 [INFO] Returned last cached record
2025-11-20 01:45:08 [INFO] Returned last cached record
2025-11-20 01:45:08 [INFO] Returned last cached record
2025-11-20 01:45:08 [INFO] Cached datetime=2025-11-19T22:45:08+00:00 valid=V lat= lon= speed=None dir=None sat=0
2025-11-20 01:45:08 [INFO] Returned last cached record
2025-11-20 01:45:08 [INFO] Returned last cached record
2025-11-20 01:45:08 [INFO] Returned last cached record
2025-11-20 01:45:08 [INFO] Returned last cached record
2025-11-20 01:45:09 [INFO] Returned last cached record
2025-11-20 01:45:09 [INFO] Returned last cached record
2025-11-20 01:45:09 [INFO] Returned last cached record
2025-11-20 01:45:09 [INFO] Cache trigger reached: 100 >= 100
2025-11-20 01:45:09 [INFO] Cached datetime=2025-11-19T22:45:09+00:00 valid=V lat= lon= speed=None dir=None sat=0
2025-11-20 01:45:09 [INFO] Flushing 100 cached records (counter was 100)
2025-11-20 01:45:09 [INFO] Inserted 100 records into DB
2025-11-20 01:45:09 [WARNING] Retention: total=150100 > max_rows=150000, pruning...
2025-11-20 01:45:10 [INFO] Retention completed: kept latest 150000 rows
2025-11-20 01:45:10 [INFO] Cached datetime=2025-11-19T22:45:10+00:00 valid=V lat= lon= speed=None dir=None sat=0
2025-11-20 01:45:10 [INFO] Returned last cached record
2025-11-20 01:45:10 [INFO] Returned last cached record
2025-11-20 01:45:10 [INFO] Returned last cached record
2025-11-20 01:45:10 [INFO] Returned last cached record
2025-11-20 01:45:11 [INFO] Returned last cached record
2025-11-20 01:45:11 [INFO] Returned last cached record
2025-11-20 01:45:11 [INFO] Returned last cached record
2025-11-20 01:45:11 [INFO] Returned last cached record
2025-11-20 01:45:11 [INFO] Cached datetime=2025-11-19T22:45:11+00:00 valid=V lat= lon= speed=None dir=None sat=0
2025-11-20 01:45:11 [INFO] Returned last cached record
2025-11-20 01:45:11 [INFO] Returned last cached record
2025-11-20 01:45:11 [INFO] Returned last cached record
2025-11-20 01:45:11 [INFO] Returned last cached record
2025-11-20 01:45:12 [INFO] Returned last cached record
2025-11-20 01:45:12 [INFO] Returned last cached record
2025-11-20 01:45:12 [INFO] Returned last cached record
2025-11-20 01:45:12 [INFO] Cached datetime=2025-11-19T22:45:12+00:00 valid=V lat= lon= speed=None dir=None sat=0
2025-11-20 01:45:12 [INFO] Returned last cached record
2025-11-20 01:45:12 [INFO] Returned last cached record
2025-11-20 01:45:12 [INFO] Returned last cached record
2025-11-20 01:45:12 [INFO] Returned last cached record
2025-11-20 01:45:13 [INFO] Returned last cached record
2025-11-20 01:45:13 [INFO] Returned last cached record
2025-11-20 01:45:13 [INFO] Returned last cached record
2025-11-20 01:45:13 [INFO] Returned last cached record
2025-11-20 01:45:13 [INFO] Cached datetime=2025-11-19T22:45:13+00:00 valid=V lat= lon= speed=None dir=None sat=0
2025-11-20 01:45:13 [INFO] Returned last cached record
2025-11-20 01:45:13 [INFO] Returned last cached record
2025-11-20 01:45:13 [INFO] Returned last cached record
2025-11-20 01:45:14 [INFO] Returned last cached record
2025-11-20 01:45:14 [INFO] Returned last cached record
2025-11-20 01:45:14 [INFO] Returned last cached record
2025-11-20 01:45:14 [INFO] Returned last cached record
2025-11-20 01:45:14 [INFO] Cached datetime=2025-11-19T22:45:14+00:00 valid=V lat= lon= speed=None dir=None sat=0
2025-11-20 01:45:14 [INFO] Returned last cached record
2025-11-20 01:45:14 [INFO] Returned last cached record
2025-11-20 01:45:14 [INFO] Returned last cached record
2025-11-20 01:45:15 [INFO] Returned last cached record
2025-11-20 01:45:15 [INFO] Returned last cached record
2025-11-20 01:45:15 [INFO] Returned last cached record
2025-11-20 01:45:15 [INFO] Returned last cached record
2025-11-20 01:45:15 [INFO] Returned last cached record
2025-11-20 01:45:15 [INFO] Cached datetime=2025-11-19T22:45:15+00:00 valid=A lat=60.014808N lon=30.282515E speed=4.02 dir=262.85 sat=5
2025-11-20 01:45:15 [INFO] Returned last cached record
2025-11-20 01:45:15 [INFO] Returned last cached record
2025-11-20 01:45:15 [INFO] Returned last cached record
2025-11-20 01:45:16 [INFO] Returned last cached record
2025-11-20 01:45:16 [INFO] Returned last cached record
2025-11-20 01:45:16 [INFO] Returned last cached record
2025-11-20 01:45:16 [INFO] Returned last cached record
2025-11-20 01:45:16 [INFO] Cached datetime=2025-11-19T22:45:16+00:00 valid=A lat=60.014805N lon=30.282474E speed=5.11 dir=260.71 sat=5
2025-11-20 01:45:16 [INFO] Returned last cached record
2025-11-20 01:45:16 [INFO] Returned last cached record
2025-11-20 01:45:16 [INFO] Returned last cached record
2025-11-20 01:45:17 [INFO] Returned last cached record
2025-11-20 01:45:17 [INFO] Returned last cached record
2025-11-20 01:45:17 [INFO] Returned last cached record
2025-11-20 01:45:17 [INFO] Returned last cached record
2025-11-20 01:45:17 [INFO] Cached datetime=2025-11-19T22:45:17+00:00 valid=A lat=60.014803N lon=30.282433E speed=4.96 dir=267.26 sat=5
2025-11-20 01:45:17 [INFO] Returned last cached record
2025-11-20 01:45:17 [INFO] Returned last cached record
2025-11-20 01:45:18 [INFO] Returned last cached record
2025-11-20 01:45:18 [INFO] Returned last cached record
2025-11-20 01:45:18 [INFO] Returned last cached record
2025-11-20 01:45:18 [INFO] Returned last cached record
2025-11-20 01:45:18 [INFO] Returned last cached record
2025-11-20 01:45:18 [INFO] Cached datetime=2025-11-19T22:45:18+00:00 valid=A lat=60.014801N lon=30.282394E speed=4.88 dir=265.8 sat=5
2025-11-20 01:45:18 [INFO] Returned last cached record
2025-11-20 01:45:18 [INFO] Returned last cached record
2025-11-20 01:45:19 [INFO] Returned last cached record
2025-11-20 01:45:19 [INFO] Returned last cached record
2025-11-20 01:45:19 [INFO] Returned last cached record
2025-11-20 01:45:19 [INFO] Returned last cached record
2025-11-20 01:45:19 [INFO] Returned last cached record
2025-11-20 01:45:19 [INFO] Cached datetime=2025-11-19T22:45:19+00:00 valid=A lat=60.014800N lon=30.282353E speed=5.97 dir=264.96 sat=5
2025-11-20 01:45:19 [INFO] Returned last cached record
2025-11-20 01:45:19 [INFO] Returned last cached record
2025-11-20 01:45:20 [INFO] Returned last cached record
2025-11-20 01:45:20 [INFO] Returned last cached record
2025-11-20 01:45:20 [INFO] Returned last cached record
2025-11-20 01:45:20 [INFO] Returned last cached record
2025-11-20 01:45:20 [INFO] Cached datetime=2025-11-19T22:45:20+00:00 valid=A lat=60.014796N lon=30.282297E speed=8.3 dir=259.47 sat=5
2025-11-20 01:45:20 [INFO] Returned last cached record
2025-11-20 01:45:20 [INFO] Returned last cached record
2025-11-20 01:45:20 [INFO] Returned last cached record
2025-11-20 01:45:21 [INFO] Returned last cached record
2025-11-20 01:45:21 [INFO] Returned last cached record
2025-11-20 01:45:21 [INFO] Returned last cached record
2025-11-20 01:45:21 [INFO] Returned last cached record
2025-11-20 01:45:21 [INFO] Cached datetime=2025-11-19T22:45:21+00:00 valid=A lat=60.014785N lon=30.282247E speed=10.78 dir=261.55 sat=5
2025-11-20 01:45:21 [INFO] Returned last cached record
2025-11-20 01:45:21 [INFO] Returned last cached record
2025-11-20 01:45:21 [INFO] Returned last cached record
2025-11-20 01:45:22 [INFO] Returned last cached record
2025-11-20 01:45:22 [INFO] Returned last cached record
2025-11-20 01:45:22 [INFO] Returned last cached record
2025-11-20 01:45:22 [INFO] Returned last cached record
2025-11-20 01:45:22 [INFO] Returned last cached record
2025-11-20 01:45:22 [INFO] Cached datetime=2025-11-19T22:45:22+00:00 valid=A lat=60.014777N lon=30.282160E speed=12.85 dir=260.28 sat=5
2025-11-20 01:45:22 [INFO] Returned last cached record
2025-11-20 01:45:22 [INFO] Returned last cached record
2025-11-20 01:45:23 [INFO] Returned last cached record
2025-11-20 01:45:23 [INFO] Returned last cached record
2025-11-20 01:45:23 [INFO] Returned last cached record
2025-11-20 01:45:23 [INFO] Returned last cached record
2025-11-20 01:45:23 [INFO] Cached datetime=2025-11-19T22:45:23+00:00 valid=A lat=60.014769N lon=30.282062E speed=13.99 dir=259.64 sat=5
2025-11-20 01:45:23 [INFO] Returned last cached record
2025-11-20 01:45:23 [INFO] Returned last cached record
2025-11-20 01:45:23 [INFO] Returned last cached record
2025-11-20 01:45:24 [INFO] Returned last cached record
2025-11-20 01:45:24 [INFO] Returned last cached record
2025-11-20 01:45:24 [INFO] Returned last cached record
2025-11-20 01:45:24 [INFO] Returned last cached record
2025-11-20 01:45:24 [INFO] Cached datetime=2025-11-19T22:45:24+00:00 valid=A lat=60.014757N lon=30.281950E speed=14.82 dir=259.1 sat=5
2025-11-20 01:45:24 [INFO] Returned last cached record
2025-11-20 01:45:24 [INFO] Returned last cached record
2025-11-20 01:45:24 [INFO] Returned last cached record
2025-11-20 01:45:25 [INFO] Returned last cached record
2025-11-20 01:45:25 [INFO] Returned last cached record
2025-11-20 01:45:25 [INFO] Returned last cached record
2025-11-20 01:45:25 [INFO] Returned last cached record
2025-11-20 01:45:25 [INFO] Cached datetime=2025-11-19T22:45:25+00:00 valid=A lat=60.014746N lon=30.281817E speed=15.57 dir=258.21 sat=5
2025-11-20 01:45:25 [INFO] Returned last cached record
2025-11-20 01:45:25 [INFO] Returned last cached record
2025-11-20 01:45:25 [INFO] Returned last cached record
2025-11-20 01:45:26 [INFO] Returned last cached record
2025-11-20 01:45:26 [INFO] Returned last cached record
2025-11-20 01:45:26 [INFO] Returned last cached record
2025-11-20 01:45:26 [INFO] Returned last cached record
2025-11-20 01:45:26 [INFO] Returned last cached record
2025-11-20 01:45:26 [INFO] Cached datetime=2025-11-19T22:45:26+00:00 valid=A lat=60.014724N lon=30.281690E speed=15.6 dir=255.83 sat=4
2025-11-20 01:45:26 [INFO] Returned last cached record
2025-11-20 01:45:26 [INFO] Returned last cached record
2025-11-20 01:45:27 [INFO] Returned last cached record
2025-11-20 01:45:27 [INFO] Returned last cached record
2025-11-20 01:45:27 [INFO] Returned last cached record
2025-11-20 01:45:27 [INFO] Returned last cached record
2025-11-20 01:45:27 [INFO] Returned last cached record
2025-11-20 01:45:27 [INFO] Cached datetime=2025-11-19T22:45:27+00:00 valid=A lat=60.014698N lon=30.281558E speed=15.53 dir=252.69 sat=4
2025-11-20 01:45:27 [INFO] Returned last cached record
2025-11-20 01:45:27 [INFO] Returned last cached record
2025-11-20 01:45:27 [INFO] Returned last cached record
2025-11-20 01:45:28 [INFO] Returned last cached record
2025-11-20 01:45:28 [INFO] Returned last cached record
2025-11-20 01:45:28 [INFO] Returned last cached record
2025-11-20 01:45:28 [INFO] Returned last cached record
2025-11-20 01:45:28 [INFO] Cached datetime=2025-11-19T22:45:28+00:00 valid=A lat=60.014669N lon=30.281418E speed=15.81 dir=250.98 sat=4
2025-11-20 01:45:28 [INFO] Returned last cached record
2025-11-20 01:45:28 [INFO] Returned last cached record
2025-11-20 01:45:28 [INFO] Returned last cached record
2025-11-20 01:45:29 [INFO] Returned last cached record
2025-11-20 01:45:29 [INFO] Returned last cached record
2025-11-20 01:45:29 [INFO] Returned last cached record
2025-11-20 01:45:29 [INFO] Returned last cached record
2025-11-20 01:45:29 [INFO] Returned last cached record
2025-11-20 01:45:29 [INFO] Cached datetime=2025-11-19T22:45:29+00:00 valid=A lat=60.014638N lon=30.281263E speed=16.38 dir=251.08 sat=4
2025-11-20 01:45:29 [INFO] Returned last cached record
2025-11-20 01:45:29 [INFO] Returned last cached record
2025-11-20 01:45:30 [INFO] Returned last cached record
2025-11-20 01:45:30 [INFO] Returned last cached record
2025-11-20 01:45:30 [INFO] Returned last cached record
2025-11-20 01:45:30 [INFO] Returned last cached record
2025-11-20 01:45:30 [INFO] Cached datetime=2025-11-19T22:45:30+00:00 valid=A lat=60.014601N lon=30.281100E speed=17.14 dir=249.02 sat=4
2025-11-20 01:45:30 [INFO] Returned last cached record
2025-11-20 01:45:30 [INFO] Returned last cached record
2025-11-20 01:45:30 [INFO] Returned last cached record
2025-11-20 01:45:31 [INFO] Returned last cached record
2025-11-20 01:45:31 [INFO] Returned last cached record
2025-11-20 01:45:31 [INFO] Returned last cached record
2025-11-20 01:45:31 [INFO] Returned last cached record
2025-11-20 01:45:31 [INFO] Cached datetime=2025-11-19T22:45:31+00:00 valid=A lat=60.014561N lon=30.280923E speed=18.05 dir=248.23 sat=4
2025-11-20 01:45:31 [INFO] Returned last cached record
2025-11-20 01:45:31 [INFO] Returned last cached record
2025-11-20 01:45:31 [INFO] Returned last cached record
2025-11-20 01:45:32 [INFO] Returned last cached record
2025-11-20 01:45:32 [INFO] Returned last cached record
2025-11-20 01:45:32 [INFO] Returned last cached record
2025-11-20 01:45:32 [INFO] Returned last cached record
2025-11-20 01:45:32 [INFO] Cached datetime=2025-11-19T22:45:32+00:00 valid=A lat=60.014516N lon=30.280734E speed=19.03 dir=248.17 sat=4
2025-11-20 01:45:32 [INFO] Returned last cached record
2025-11-20 01:45:32 [INFO] Returned last cached record
2025-11-20 01:45:32 [INFO] Returned last cached record
2025-11-20 01:45:33 [INFO] Returned last cached record
2025-11-20 01:45:33 [INFO] Returned last cached record
2025-11-20 01:45:33 [INFO] Returned last cached record
2025-11-20 01:45:33 [INFO] Returned last cached record
2025-11-20 01:45:33 [INFO] Returned last cached record
2025-11-20 01:45:33 [INFO] Cached datetime=2025-11-19T22:45:33+00:00 valid=A lat=60.014470N lon=30.280541E speed=19.85 dir=246.77 sat=4
2025-11-20 01:45:33 [INFO] Returned last cached record
2025-11-20 01:45:33 [INFO] Returned last cached record
2025-11-20 01:45:33 [INFO] Returned last cached record
2025-11-20 01:45:34 [INFO] Returned last cached record
2025-11-20 01:45:34 [INFO] Returned last cached record
2025-11-20 01:45:34 [INFO] Returned last cached record
2025-11-20 01:45:34 [INFO] Returned last cached record
2025-11-20 01:45:34 [INFO] Cached datetime=2025-11-19T22:45:34+00:00 valid=A lat=60.014428N lon=30.280364E speed=20.17 dir=245.51 sat=4
2025-11-20 01:45:34 [INFO] Returned last cached record
2025-11-20 01:45:34 [INFO] Returned last cached record
2025-11-20 01:45:34 [INFO] Returned last cached record
2025-11-20 01:45:35 [INFO] Returned last cached record
2025-11-20 01:45:35 [INFO] Returned last cached record
2025-11-20 01:45:35 [INFO] Returned last cached record
2025-11-20 01:45:35 [INFO] Returned last cached record
2025-11-20 01:45:35 [INFO] Cached datetime=2025-11-19T22:45:35+00:00 valid=A lat=60.014395N lon=30.280206E speed=19.9 dir=246.99 sat=4
2025-11-20 01:45:35 [INFO] Returned last cached record
2025-11-20 01:45:35 [INFO] Returned last cached record
2025-11-20 01:45:36 [INFO] Returned last cached record
2025-11-20 01:45:36 [INFO] Returned last cached record
2025-11-20 01:45:36 [INFO] Returned last cached record
2025-11-20 01:45:36 [INFO] Returned last cached record
2025-11-20 01:45:36 [INFO] Returned last cached record
2025-11-20 01:45:36 [INFO] Cached datetime=2025-11-19T22:45:36+00:00 valid=A lat=60.014364N lon=30.280055E speed=19.71 dir=246.85 sat=4
2025-11-20 01:45:36 [INFO] Returned last cached record
2025-11-20 01:45:36 [INFO] Returned last cached record
2025-11-20 01:45:36 [INFO] Returned last cached record
2025-11-20 01:45:37 [INFO] Returned last cached record
2025-11-20 01:45:37 [INFO] Returned last cached record
2025-11-20 01:45:37 [INFO] Returned last cached record
2025-11-20 01:45:37 [INFO] Returned last cached record
2025-11-20 01:45:37 [INFO] Cached datetime=2025-11-19T22:45:37+00:00 valid=A lat=60.014329N lon=30.279899E speed=19.7 dir=246.04 sat=4
2025-11-20 01:45:37 [INFO] Returned last cached record
2025-11-20 01:45:37 [INFO] Returned last cached record
2025-11-20 01:45:38 [INFO] Returned last cached record
2025-11-20 01:45:38 [INFO] Returned last cached record
2025-11-20 01:45:38 [INFO] Returned last cached record
2025-11-20 01:45:38 [INFO] Returned last cached record
2025-11-20 01:45:38 [INFO] Returned last cached record
2025-11-20 01:45:38 [INFO] Cached datetime=2025-11-19T22:45:38+00:00 valid=A lat=60.014282N lon=30.279689E speed=20.44 dir=246.3 sat=4
2025-11-20 01:45:38 [INFO] Returned last cached record
2025-11-20 01:45:38 [INFO] Returned last cached record
2025-11-20 01:45:38 [INFO] Returned last cached record
2025-11-20 01:45:39 [INFO] Returned last cached record
2025-11-20 01:45:39 [INFO] Returned last cached record
2025-11-20 01:45:39 [INFO] Returned last cached record
2025-11-20 01:45:39 [INFO] Returned last cached record
2025-11-20 01:45:39 [INFO] Cached datetime=2025-11-19T22:45:39+00:00 valid=A lat=60.014245N lon=30.279515E speed=20.6 dir=246.44 sat=4
2025-11-20 01:45:39 [INFO] Returned last cached record
2025-11-20 01:45:39 [INFO] Returned last cached record
2025-11-20 01:45:39 [INFO] Returned last cached record
2025-11-20 01:45:40 [INFO] Returned last cached record
2025-11-20 01:45:40 [INFO] Returned last cached record
2025-11-20 01:45:40 [INFO] Returned last cached record
2025-11-20 01:45:40 [INFO] Returned last cached record
2025-11-20 01:45:40 [INFO] Cached datetime=2025-11-19T22:45:40+00:00 valid=A lat=60.014209N lon=30.279350E speed=20.54 dir=246.42 sat=4
2025-11-20 01:45:40 [INFO] Returned last cached record
2025-11-20 01:45:40 [INFO] Returned last cached record
2025-11-20 01:45:40 [INFO] Returned last cached record
2025-11-20 01:45:41 [INFO] Returned last cached record
2025-11-20 01:45:41 [INFO] Returned last cached record
2025-11-20 01:45:41 [INFO] Returned last cached record
2025-11-20 01:45:41 [INFO] Returned last cached record
2025-11-20 01:45:41 [INFO] Cached datetime=2025-11-19T22:45:41+00:00 valid=A lat=60.014174N lon=30.279187E speed=20.41 dir=246.51 sat=4
2025-11-20 01:45:41 [INFO] Returned last cached record
2025-11-20 01:45:41 [INFO] Returned last cached record
2025-11-20 01:45:41 [INFO] Returned last cached record
2025-11-20 01:45:42 [INFO] Returned last cached record
2025-11-20 01:45:42 [INFO] Returned last cached record
2025-11-20 01:45:42 [INFO] Returned last cached record
2025-11-20 01:45:42 [INFO] Returned last cached record
2025-11-20 01:45:42 [INFO] Cached datetime=2025-11-19T22:45:42+00:00 valid=A lat=60.014140N lon=30.279026E speed=20.27 dir=246.83 sat=4
2025-11-20 01:45:42 [INFO] Returned last cached record
2025-11-20 01:45:42 [INFO] Returned last cached record
2025-11-20 01:45:42 [INFO] Returned last cached record
2025-11-20 01:45:43 [INFO] Returned last cached record
2025-11-20 01:45:43 [INFO] Returned last cached record
2025-11-20 01:45:43 [INFO] Returned last cached record
2025-11-20 01:45:43 [INFO] Returned last cached record
2025-11-20 01:45:43 [INFO] Cached datetime=2025-11-19T22:45:43+00:00 valid=A lat=60.014105N lon=30.278863E speed=20.14 dir=247.0 sat=4
2025-11-20 01:45:43 [INFO] Returned last cached record
2025-11-20 01:45:43 [INFO] Returned last cached record
2025-11-20 01:45:43 [INFO] Returned last cached record
2025-11-20 01:45:44 [INFO] Returned last cached record
2025-11-20 01:45:44 [INFO] Returned last cached record
2025-11-20 01:45:44 [INFO] Returned last cached record
2025-11-20 01:45:44 [INFO] Returned last cached record
2025-11-20 01:45:44 [INFO] Cached datetime=2025-11-19T22:45:44+00:00 valid=A lat=60.014071N lon=30.278700E speed=20.03 dir=247.09 sat=4
2025-11-20 01:45:44 [INFO] Returned last cached record
2025-11-20 01:45:44 [INFO] Returned last cached record
2025-11-20 01:45:44 [INFO] Returned last cached record
2025-11-20 01:45:45 [INFO] Returned last cached record
2025-11-20 01:45:45 [INFO] Returned last cached record
2025-11-20 01:45:45 [INFO] Returned last cached record
2025-11-20 01:45:45 [INFO] Returned last cached record
2025-11-20 01:45:45 [INFO] Cached datetime=2025-11-19T22:45:45+00:00 valid=A lat=60.014036N lon=30.278538E speed=19.95 dir=247.08 sat=4
2025-11-20 01:45:45 [INFO] Returned last cached record
2025-11-20 01:45:45 [INFO] Returned last cached record
2025-11-20 01:45:45 [INFO] Returned last cached record
2025-11-20 01:45:45 [INFO] Returned last cached record
2025-11-20 01:45:46 [INFO] Returned last cached record
2025-11-20 01:45:46 [INFO] Returned last cached record
2025-11-20 01:45:46 [INFO] Returned last cached record
2025-11-20 01:45:46 [INFO] Returned last cached record
2025-11-20 01:45:46 [INFO] Cached datetime=2025-11-19T22:45:46+00:00 valid=A lat=60.014002N lon=30.278378E speed=19.85 dir=247.07 sat=4
2025-11-20 01:45:46 [INFO] Returned last cached record
2025-11-20 01:45:46 [INFO] Returned last cached record
2025-11-20 01:45:46 [INFO] Returned last cached record
2025-11-20 01:45:47 [INFO] Returned last cached record
2025-11-20 01:45:47 [INFO] Returned last cached record
2025-11-20 01:45:47 [INFO] Returned last cached record
2025-11-20 01:45:47 [INFO] Returned last cached record
2025-11-20 01:45:47 [INFO] Cached datetime=2025-11-19T22:45:47+00:00 valid=A lat=60.013968N lon=30.278217E speed=19.82 dir=247.1 sat=4
2025-11-20 01:45:47 [INFO] Returned last cached record
2025-11-20 01:45:47 [INFO] Returned last cached record
2025-11-20 01:45:47 [INFO] Returned last cached record
2025-11-20 01:45:48 [INFO] Returned last cached record
2025-11-20 01:45:48 [INFO] Returned last cached record
2025-11-20 01:45:48 [INFO] Returned last cached record
2025-11-20 01:45:48 [INFO] Returned last cached record
2025-11-20 01:45:48 [INFO] Cached datetime=2025-11-19T22:45:48+00:00 valid=A lat=60.013934N lon=30.278056E speed=19.77 dir=247.03 sat=4
2025-11-20 01:45:48 [INFO] Returned last cached record
2025-11-20 01:45:48 [INFO] Returned last cached record
2025-11-20 01:45:49 [INFO] Returned last cached record
2025-11-20 01:45:49 [INFO] Returned last cached record
2025-11-20 01:45:49 [INFO] Returned last cached record
2025-11-20 01:45:49 [INFO] Returned last cached record
2025-11-20 01:45:49 [INFO] Returned last cached record
2025-11-20 01:45:49 [INFO] Cached datetime=2025-11-19T22:45:49+00:00 valid=A lat=60.013899N lon=30.277895E speed=19.73 dir=246.99 sat=4
2025-11-20 01:45:49 [INFO] Returned last cached record
2025-11-20 01:45:49 [INFO] Returned last cached record
2025-11-20 01:45:49 [INFO] Returned last cached record
2025-11-20 01:45:50 [INFO] Returned last cached record
2025-11-20 01:45:50 [INFO] Returned last cached record
2025-11-20 01:45:50 [INFO] Returned last cached record
2025-11-20 01:45:50 [INFO] Returned last cached record
2025-11-20 01:45:50 [INFO] Cached datetime=2025-11-19T22:45:50+00:00 valid=A lat=60.013864N lon=30.277746E speed=19.61 dir=246.47 sat=4
2025-11-20 01:45:50 [INFO] Returned last cached record
2025-11-20 01:45:50 [INFO] Returned last cached record
2025-11-20 01:45:50 [INFO] Returned last cached record
2025-11-20 01:45:51 [INFO] Returned last cached record
2025-11-20 01:45:51 [INFO] Returned last cached record
2025-11-20 01:45:51 [INFO] Returned last cached record
2025-11-20 01:45:51 [INFO] Returned last cached record
2025-11-20 01:45:51 [INFO] Cached datetime=2025-11-19T22:45:51+00:00 valid=A lat=60.013839N lon=30.277621E speed=19.34 dir=246.89 sat=4
2025-11-20 01:45:51 [INFO] Returned last cached record
2025-11-20 01:45:51 [INFO] Returned last cached record
2025-11-20 01:45:52 [INFO] Returned last cached record
2025-11-20 01:45:52 [INFO] Returned last cached record
2025-11-20 01:45:52 [INFO] Returned last cached record
2025-11-20 01:45:52 [INFO] Returned last cached record
2025-11-20 01:45:52 [INFO] Cached datetime=2025-11-19T22:45:52+00:00 valid=A lat=60.013810N lon=30.277479E speed=19.15 dir=248.17 sat=4
2025-11-20 01:45:52 [INFO] Returned last cached record
2025-11-20 01:45:52 [INFO] Returned last cached record
2025-11-20 01:45:52 [INFO] Returned last cached record
2025-11-20 01:45:53 [INFO] Returned last cached record
2025-11-20 01:45:53 [INFO] Returned last cached record
2025-11-20 01:45:53 [INFO] Returned last cached record
2025-11-20 01:45:53 [INFO] Returned last cached record
2025-11-20 01:45:53 [INFO] Cached datetime=2025-11-19T22:45:53+00:00 valid=A lat=60.013789N lon=30.277361E speed=18.7 dir=249.47 sat=4
2025-11-20 01:45:53 [INFO] Returned last cached record
2025-11-20 01:45:53 [INFO] Returned last cached record
2025-11-20 01:45:53 [INFO] Returned last cached record
2025-11-20 01:45:54 [INFO] Returned last cached record
2025-11-20 01:45:54 [INFO] Returned last cached record
2025-11-20 01:45:54 [INFO] Returned last cached record
2025-11-20 01:45:54 [INFO] Returned last cached record
2025-11-20 01:45:54 [INFO] Cached datetime=2025-11-19T22:45:54+00:00 valid=A lat=60.013761N lon=30.277217E speed=18.56 dir=248.53 sat=4
2025-11-20 01:45:54 [INFO] Returned last cached record
2025-11-20 01:45:54 [INFO] Returned last cached record
2025-11-20 01:45:55 [INFO] Returned last cached record
2025-11-20 01:45:55 [INFO] Returned last cached record
2025-11-20 01:45:55 [INFO] Returned last cached record
2025-11-20 01:45:55 [INFO] Returned last cached record
2025-11-20 01:45:55 [INFO] Returned last cached record
2025-11-20 01:45:55 [INFO] Cached datetime=2025-11-19T22:45:55+00:00 valid=A lat=60.013733N lon=30.277072E speed=18.46 dir=248.27 sat=4
2025-11-20 01:45:55 [INFO] Returned last cached record
2025-11-20 01:45:55 [INFO] Returned last cached record
2025-11-20 01:45:56 [INFO] Returned last cached record
2025-11-20 01:45:56 [INFO] Returned last cached record
2025-11-20 01:45:56 [INFO] Returned last cached record
2025-11-20 01:45:56 [INFO] Returned last cached record
2025-11-20 01:45:56 [INFO] Returned last cached record
2025-11-20 01:45:56 [INFO] Cached datetime=2025-11-19T22:45:56+00:00 valid=A lat=60.013704N lon=30.276928E speed=18.42 dir=248.31 sat=4
2025-11-20 01:45:56 [INFO] Returned last cached record
2025-11-20 01:45:56 [INFO] Returned last cached record
2025-11-20 01:45:56 [INFO] Returned last cached record
2025-11-20 01:45:57 [INFO] Returned last cached record
2025-11-20 01:45:57 [INFO] Returned last cached record
2025-11-20 01:45:57 [INFO] Returned last cached record
2025-11-20 01:45:57 [INFO] Returned last cached record
2025-11-20 01:45:57 [INFO] Returned last cached record
2025-11-20 01:45:57 [INFO] Cached datetime=2025-11-19T22:45:57+00:00 valid=A lat=60.013674N lon=30.276778E speed=18.33 dir=248.14 sat=4
2025-11-20 01:45:57 [INFO] Returned last cached record
2025-11-20 01:45:57 [INFO] Returned last cached record
2025-11-20 01:45:57 [INFO] Returned last cached record
2025-11-20 01:45:58 [INFO] Returned last cached record
2025-11-20 01:45:58 [INFO] Returned last cached record
2025-11-20 01:45:58 [INFO] Returned last cached record
2025-11-20 01:45:58 [INFO] Returned last cached record
2025-11-20 01:45:58 [INFO] Cached datetime=2025-11-19T22:45:58+00:00 valid=A lat=60.013643N lon=30.276629E speed=18.17 dir=248.01 sat=4
2025-11-20 01:45:58 [INFO] Returned last cached record
2025-11-20 01:45:58 [INFO] Returned last cached record
2025-11-20 01:45:58 [INFO] Returned last cached record
2025-11-20 01:45:59 [INFO] Returned last cached record
2025-11-20 01:45:59 [INFO] Returned last cached record
2025-11-20 01:45:59 [INFO] Returned last cached record
2025-11-20 01:45:59 [INFO] Returned last cached record
2025-11-20 01:45:59 [INFO] Cached datetime=2025-11-19T22:45:59+00:00 valid=A lat=60.013614N lon=30.276479E speed=18.15 dir=248.45 sat=4
2025-11-20 01:45:59 [INFO] Returned last cached record
2025-11-20 01:45:59 [INFO] Returned last cached record
2025-11-20 01:45:59 [INFO] Returned last cached record
2025-11-20 01:46:00 [INFO] Returned last cached record
2025-11-20 01:46:00 [INFO] Returned last cached record
2025-11-20 01:46:00 [INFO] Returned last cached record
2025-11-20 01:46:00 [INFO] Returned last cached record
2025-11-20 01:46:00 [INFO] Cached datetime=2025-11-19T22:46:00+00:00 valid=A lat=60.013586N lon=30.276328E speed=18.18 dir=249.41 sat=4
2025-11-20 01:46:00 [INFO] Returned last cached record
2025-11-20 01:46:00 [INFO] Returned last cached record
2025-11-20 01:46:01 [INFO] Returned last cached record
2025-11-20 01:46:01 [INFO] Returned last cached record
2025-11-20 01:46:01 [INFO] Returned last cached record
2025-11-20 01:46:01 [INFO] Returned last cached record
2025-11-20 01:46:01 [INFO] Cached datetime=2025-11-19T22:46:01+00:00 valid=A lat=60.013557N lon=30.276175E speed=18.45 dir=249.29 sat=4
2025-11-20 01:46:01 [INFO] Returned last cached record
2025-11-20 01:46:01 [INFO] Returned last cached record
2025-11-20 01:46:01 [INFO] Returned last cached record
2025-11-20 01:46:02 [INFO] Returned last cached record
2025-11-20 01:46:02 [INFO] Returned last cached record
2025-11-20 01:46:02 [INFO] Returned last cached record
2025-11-20 01:46:02 [INFO] Returned last cached record
2025-11-20 01:46:02 [INFO] Cached datetime=2025-11-19T22:46:02+00:00 valid=A lat=60.013527N lon=30.276022E speed=18.62 dir=248.44 sat=4
2025-11-20 01:46:02 [INFO] Returned last cached record
2025-11-20 01:46:02 [INFO] Returned last cached record
2025-11-20 01:46:02 [INFO] Returned last cached record
2025-11-20 01:46:03 [INFO] Returned last cached record
2025-11-20 01:46:03 [INFO] Returned last cached record
2025-11-20 01:46:03 [INFO] Returned last cached record
2025-11-20 01:46:03 [INFO] Returned last cached record
2025-11-20 01:46:03 [INFO] Cached datetime=2025-11-19T22:46:03+00:00 valid=A lat=60.013497N lon=30.275872E speed=18.51 dir=248.39 sat=4
2025-11-20 01:46:03 [INFO] Returned last cached record
2025-11-20 01:46:03 [INFO] Returned last cached record
2025-11-20 01:46:04 [INFO] Returned last cached record
2025-11-20 01:46:04 [INFO] Returned last cached record
2025-11-20 01:46:04 [INFO] Returned last cached record
2025-11-20 01:46:04 [INFO] Returned last cached record
2025-11-20 01:46:04 [INFO] Cached datetime=2025-11-19T22:46:04+00:00 valid=A lat=60.013469N lon=30.275721E speed=18.4 dir=248.99 sat=4
2025-11-20 01:46:04 [INFO] Returned last cached record
2025-11-20 01:46:04 [INFO] Returned last cached record
2025-11-20 01:46:04 [INFO] Returned last cached record
2025-11-20 01:46:05 [INFO] Returned last cached record
2025-11-20 01:46:05 [INFO] Returned last cached record
2025-11-20 01:46:05 [INFO] Returned last cached record
2025-11-20 01:46:05 [INFO] Returned last cached record
2025-11-20 01:46:05 [INFO] Returned last cached record
2025-11-20 01:46:05 [INFO] Cached datetime=2025-11-19T22:46:05+00:00 valid=A lat=60.013439N lon=30.275568E speed=18.58 dir=248.96 sat=4
2025-11-20 01:46:05 [INFO] Returned last cached record
2025-11-20 01:46:05 [INFO] Returned last cached record
2025-11-20 01:46:06 [INFO] Returned last cached record
2025-11-20 01:46:06 [INFO] Returned last cached record
2025-11-20 01:46:06 [INFO] Returned last cached record
2025-11-20 01:46:06 [INFO] Returned last cached record
2025-11-20 01:46:06 [INFO] Cached datetime=2025-11-19T22:46:06+00:00 valid=A lat=60.013413N lon=30.275416E speed=18.51 dir=249.64 sat=4
2025-11-20 01:46:06 [INFO] Returned last cached record
2025-11-20 01:46:06 [INFO] Returned last cached record
2025-11-20 01:46:06 [INFO] Returned last cached record
2025-11-20 01:46:07 [INFO] Returned last cached record
2025-11-20 01:46:07 [INFO] Returned last cached record
2025-11-20 01:46:07 [INFO] Returned last cached record
2025-11-20 01:46:07 [INFO] Returned last cached record
2025-11-20 01:46:07 [INFO] Returned last cached record
2025-11-20 01:46:07 [INFO] Cached datetime=2025-11-19T22:46:07+00:00 valid=A lat=60.013387N lon=30.275261E speed=18.5 dir=250.25 sat=4
2025-11-20 01:46:07 [INFO] Returned last cached record
2025-11-20 01:46:07 [INFO] Returned last cached record
2025-11-20 01:46:08 [INFO] Returned last cached record
2025-11-20 01:46:08 [INFO] Returned last cached record
2025-11-20 01:46:08 [INFO] Returned last cached record
2025-11-20 01:46:08 [INFO] Returned last cached record
2025-11-20 01:46:08 [INFO] Returned last cached record
2025-11-20 01:46:08 [INFO] Cached datetime=2025-11-19T22:46:08+00:00 valid=A lat=60.013362N lon=30.275107E speed=18.46 dir=250.65 sat=4
2025-11-20 01:46:08 [INFO] Returned last cached record
2025-11-20 01:46:08 [INFO] Returned last cached record
2025-11-20 01:46:09 [INFO] Returned last cached record
2025-11-20 01:46:09 [INFO] Returned last cached record
2025-11-20 01:46:09 [INFO] Returned last cached record
2025-11-20 01:46:09 [INFO] Returned last cached record
2025-11-20 01:46:09 [INFO] Cached datetime=2025-11-19T22:46:09+00:00 valid=A lat=60.013335N lon=30.274951E speed=18.61 dir=250.59 sat=4
2025-11-20 01:46:09 [INFO] Returned last cached record
2025-11-20 01:46:09 [INFO] Returned last cached record
2025-11-20 01:46:09 [INFO] Returned last cached record
2025-11-20 01:46:10 [INFO] Returned last cached record
2025-11-20 01:46:10 [INFO] Returned last cached record
2025-11-20 01:46:10 [INFO] Returned last cached record
2025-11-20 01:46:10 [INFO] Returned last cached record
2025-11-20 01:46:10 [INFO] Cached datetime=2025-11-19T22:46:10+00:00 valid=A lat=60.013307N lon=30.274797E speed=18.71 dir=250.14 sat=4
2025-11-20 01:46:10 [INFO] Returned last cached record
2025-11-20 01:46:10 [INFO] Returned last cached record
2025-11-20 01:46:10 [INFO] Returned last cached record
2025-11-20 01:46:11 [INFO] Returned last cached record
2025-11-20 01:46:11 [INFO] Returned last cached record
2025-11-20 01:46:11 [INFO] Returned last cached record
2025-11-20 01:46:11 [INFO] Returned last cached record
2025-11-20 01:46:11 [INFO] Cached datetime=2025-11-19T22:46:11+00:00 valid=A lat=60.013279N lon=30.274648E speed=18.5 dir=249.85 sat=4
2025-11-20 01:46:11 [INFO] Returned last cached record
2025-11-20 01:46:11 [INFO] Returned last cached record
2025-11-20 01:46:11 [INFO] Returned last cached record
2025-11-20 01:46:12 [INFO] Returned last cached record
2025-11-20 01:46:12 [INFO] Returned last cached record
2025-11-20 01:46:12 [INFO] Returned last cached record
2025-11-20 01:46:12 [INFO] Returned last cached record
2025-11-20 01:46:12 [INFO] Cached datetime=2025-11-19T22:46:12+00:00 valid=A lat=60.013250N lon=30.274501E speed=18.32 dir=249.38 sat=4
2025-11-20 01:46:12 [INFO] Returned last cached record
2025-11-20 01:46:12 [INFO] Returned last cached record
2025-11-20 01:46:12 [INFO] Returned last cached record
2025-11-20 01:46:13 [INFO] Returned last cached record
2025-11-20 01:46:13 [INFO] Returned last cached record
2025-11-20 01:46:13 [INFO] Returned last cached record
2025-11-20 01:46:13 [INFO] Returned last cached record
2025-11-20 01:46:13 [INFO] Cached datetime=2025-11-19T22:46:13+00:00 valid=A lat=60.013222N lon=30.274354E speed=18.13 dir=249.4 sat=4
2025-11-20 01:46:13 [INFO] Returned last cached record
2025-11-20 01:46:13 [INFO] Returned last cached record
2025-11-20 01:46:13 [INFO] Returned last cached record
2025-11-20 01:46:14 [INFO] Returned last cached record
2025-11-20 01:46:14 [INFO] Returned last cached record
2025-11-20 01:46:14 [INFO] Returned last cached record
2025-11-20 01:46:14 [INFO] Returned last cached record
2025-11-20 01:46:14 [INFO] Returned last cached record
2025-11-20 01:46:14 [INFO] Cached datetime=2025-11-19T22:46:14+00:00 valid=A lat=60.013193N lon=30.274207E speed=18.06 dir=249.11 sat=4
2025-11-20 01:46:14 [INFO] Returned last cached record
2025-11-20 01:46:14 [INFO] Returned last cached record
2025-11-20 01:46:15 [INFO] Returned last cached record
2025-11-20 01:46:15 [INFO] Returned last cached record
2025-11-20 01:46:15 [INFO] Returned last cached record
2025-11-20 01:46:15 [INFO] Returned last cached record
2025-11-20 01:46:15 [INFO] Cached datetime=2025-11-19T22:46:15+00:00 valid=A lat=60.013166N lon=30.274062E speed=17.81 dir=249.4 sat=4
2025-11-20 01:46:15 [INFO] Returned last cached record
2025-11-20 01:46:15 [INFO] Returned last cached record
2025-11-20 01:46:15 [INFO] Returned last cached record
2025-11-20 01:46:16 [INFO] Returned last cached record
2025-11-20 01:46:16 [INFO] Returned last cached record
2025-11-20 01:46:16 [INFO] Returned last cached record
2025-11-20 01:46:16 [INFO] Returned last cached record
2025-11-20 01:46:16 [INFO] Cached datetime=2025-11-19T22:46:16+00:00 valid=A lat=60.013143N lon=30.273918E speed=17.71 dir=250.23 sat=5
2025-11-20 01:46:16 [INFO] Returned last cached record
2025-11-20 01:46:16 [INFO] Returned last cached record
2025-11-20 01:46:16 [INFO] Returned last cached record
2025-11-20 01:46:17 [INFO] Returned last cached record
2025-11-20 01:46:17 [INFO] Returned last cached record
2025-11-20 01:46:17 [INFO] Returned last cached record
2025-11-20 01:46:17 [INFO] Returned last cached record
2025-11-20 01:46:17 [INFO] Returned last cached record
2025-11-20 01:46:17 [INFO] Cached datetime=2025-11-19T22:46:17+00:00 valid=A lat=60.013121N lon=30.273777E speed=17.57 dir=250.96 sat=5
2025-11-20 01:46:17 [INFO] Returned last cached record
2025-11-20 01:46:17 [INFO] Returned last cached record
2025-11-20 01:46:18 [INFO] Returned last cached record
2025-11-20 01:46:18 [INFO] Returned last cached record
2025-11-20 01:46:18 [INFO] Returned last cached record
2025-11-20 01:46:18 [INFO] Returned last cached record
2025-11-20 01:46:18 [INFO] Returned last cached record
2025-11-20 01:46:18 [INFO] Cached datetime=2025-11-19T22:46:18+00:00 valid=A lat=60.013100N lon=30.273637E speed=17.39 dir=251.52 sat=5
2025-11-20 01:46:18 [INFO] Returned last cached record
2025-11-20 01:46:18 [INFO] Returned last cached record
2025-11-20 01:46:19 [INFO] Returned last cached record
2025-11-20 01:46:19 [INFO] Returned last cached record
2025-11-20 01:46:19 [INFO] Returned last cached record
2025-11-20 01:46:19 [INFO] Returned last cached record
2025-11-20 01:46:19 [INFO] Returned last cached record
2025-11-20 01:46:19 [INFO] Cached datetime=2025-11-19T22:46:19+00:00 valid=A lat=60.013078N lon=30.273496E speed=17.38 dir=251.72 sat=5
2025-11-20 01:46:19 [INFO] Returned last cached record
2025-11-20 01:46:19 [INFO] Returned last cached record
2025-11-20 01:46:20 [INFO] Returned last cached record
2025-11-20 01:46:20 [INFO] Returned last cached record
2025-11-20 01:46:20 [INFO] Returned last cached record
2025-11-20 01:46:20 [INFO] Returned last cached record
2025-11-20 01:46:20 [INFO] Cached datetime=2025-11-19T22:46:20+00:00 valid=A lat=60.013058N lon=30.273353E speed=17.44 dir=252.37 sat=5
2025-11-20 01:46:20 [INFO] Returned last cached record
2025-11-20 01:46:20 [INFO] Returned last cached record
2025-11-20 01:46:20 [INFO] Returned last cached record
2025-11-20 01:46:21 [INFO] Returned last cached record
2025-11-20 01:46:21 [INFO] Returned last cached record
2025-11-20 01:46:21 [INFO] Returned last cached record
2025-11-20 01:46:21 [INFO] Returned last cached record
2025-11-20 01:46:21 [INFO] Cached datetime=2025-11-19T22:46:21+00:00 valid=A lat=60.013037N lon=30.273208E speed=17.67 dir=252.57 sat=5
2025-11-20 01:46:21 [INFO] Returned last cached record
2025-11-20 01:46:21 [INFO] Returned last cached record
2025-11-20 01:46:21 [INFO] Returned last cached record
2025-11-20 01:46:22 [INFO] Returned last cached record
2025-11-20 01:46:22 [INFO] Returned last cached record
2025-11-20 01:46:22 [INFO] Returned last cached record
2025-11-20 01:46:22 [INFO] Returned last cached record
2025-11-20 01:46:22 [INFO] Cached datetime=2025-11-19T22:46:22+00:00 valid=A lat=60.013015N lon=30.273067E speed=17.59 dir=252.39 sat=5
2025-11-20 01:46:22 [INFO] Returned last cached record
2025-11-20 01:46:22 [INFO] Returned last cached record
2025-11-20 01:46:22 [INFO] Returned last cached record
2025-11-20 01:46:23 [INFO] Returned last cached record
2025-11-20 01:46:23 [INFO] Returned last cached record
2025-11-20 01:46:23 [INFO] Returned last cached record
2025-11-20 01:46:23 [INFO] Returned last cached record
2025-11-20 01:46:23 [INFO] Cached datetime=2025-11-19T22:46:23+00:00 valid=A lat=60.012993N lon=30.272927E speed=17.64 dir=252.05 sat=5
2025-11-20 01:46:23 [INFO] Returned last cached record
2025-11-20 01:46:23 [INFO] Returned last cached record
2025-11-20 01:46:23 [INFO] Returned last cached record
2025-11-20 01:46:24 [INFO] Returned last cached record
2025-11-20 01:46:24 [INFO] Returned last cached record
2025-11-20 01:46:24 [INFO] Returned last cached record
2025-11-20 01:46:24 [INFO] Returned last cached record
2025-11-20 01:46:24 [INFO] Cached datetime=2025-11-19T22:46:24+00:00 valid=A lat=60.012971N lon=30.272795E speed=17.34 dir=251.78 sat=5
2025-11-20 01:46:24 [INFO] Returned last cached record
2025-11-20 01:46:24 [INFO] Returned last cached record
2025-11-20 01:46:25 [INFO] Returned last cached record
2025-11-20 01:46:25 [INFO] Returned last cached record
2025-11-20 01:46:25 [INFO] Returned last cached record
2025-11-20 01:46:25 [INFO] Returned last cached record
2025-11-20 01:46:25 [INFO] Returned last cached record
2025-11-20 01:46:25 [INFO] Cached datetime=2025-11-19T22:46:25+00:00 valid=A lat=60.012950N lon=30.272672E speed=17.22 dir=250.27 sat=5
2025-11-20 01:46:25 [INFO] Returned last cached record
2025-11-20 01:46:25 [INFO] Returned last cached record
2025-11-20 01:46:26 [INFO] Returned last cached record
2025-11-20 01:46:26 [INFO] Returned last cached record
2025-11-20 01:46:26 [INFO] Returned last cached record
2025-11-20 01:46:26 [INFO] Returned last cached record
2025-11-20 01:46:26 [INFO] Cached datetime=2025-11-19T22:46:26+00:00 valid=A lat=60.012928N lon=30.272567E speed=17.17 dir=247.21 sat=5
2025-11-20 01:46:26 [INFO] Returned last cached record
2025-11-20 01:46:26 [INFO] Returned last cached record
2025-11-20 01:46:26 [INFO] Returned last cached record
2025-11-20 01:46:27 [INFO] Returned last cached record
2025-11-20 01:46:27 [INFO] Returned last cached record
2025-11-20 01:46:27 [INFO] Returned last cached record
2025-11-20 01:46:27 [INFO] Returned last cached record
2025-11-20 01:46:27 [INFO] Returned last cached record
2025-11-20 01:46:27 [INFO] Cached datetime=2025-11-19T22:46:27+00:00 valid=A lat=60.012910N lon=30.272488E speed=16.39 dir=246.53 sat=5
2025-11-20 01:46:27 [INFO] Returned last cached record
2025-11-20 01:46:27 [INFO] Returned last cached record
2025-11-20 01:46:28 [INFO] Returned last cached record
2025-11-20 01:46:28 [INFO] Returned last cached record
2025-11-20 01:46:28 [INFO] Returned last cached record
2025-11-20 01:46:28 [INFO] Returned last cached record
2025-11-20 01:46:28 [INFO] Cached datetime=2025-11-19T22:46:28+00:00 valid=A lat=60.012902N lon=30.272503E speed=15.86 dir=239.36 sat=5
2025-11-20 01:46:28 [INFO] Returned last cached record
2025-11-20 01:46:28 [INFO] Returned last cached record
2025-11-20 01:46:28 [INFO] Returned last cached record
2025-11-20 01:46:29 [INFO] Returned last cached record
2025-11-20 01:46:29 [INFO] Returned last cached record
2025-11-20 01:46:29 [INFO] Returned last cached record
2025-11-20 01:46:29 [INFO] Returned last cached record
2025-11-20 01:46:29 [INFO] Cached datetime=2025-11-19T22:46:29+00:00 valid=A lat=60.012876N lon=30.272447E speed=15.55 dir=237.24 sat=5
2025-11-20 01:46:29 [INFO] Returned last cached record
2025-11-20 01:46:29 [INFO] Returned last cached record
2025-11-20 01:46:29 [INFO] Returned last cached record
2025-11-20 01:46:30 [INFO] Returned last cached record
2025-11-20 01:46:30 [INFO] Returned last cached record
2025-11-20 01:46:30 [INFO] Returned last cached record
2025-11-20 01:46:30 [INFO] Returned last cached record
2025-11-20 01:46:30 [INFO] Cached datetime=2025-11-19T22:46:30+00:00 valid=A lat=60.012847N lon=30.272383E speed=15.24 dir=235.82 sat=5
2025-11-20 01:46:30 [INFO] Returned last cached record
2025-11-20 01:46:30 [INFO] Returned last cached record
2025-11-20 01:46:30 [INFO] Returned last cached record
2025-11-20 01:46:31 [INFO] Returned last cached record
2025-11-20 01:46:31 [INFO] Returned last cached record
2025-11-20 01:46:31 [INFO] Returned last cached record
2025-11-20 01:46:31 [INFO] Returned last cached record
2025-11-20 01:46:31 [INFO] Returned last cached record
2025-11-20 01:46:31 [INFO] Cached datetime=2025-11-19T22:46:31+00:00 valid=A lat=60.012829N lon=30.272368E speed=14.65 dir=235.88 sat=5
2025-11-20 01:46:31 [INFO] Returned last cached record
2025-11-20 01:46:31 [INFO] Returned last cached record
2025-11-20 01:46:31 [INFO] Returned last cached record
2025-11-20 01:46:32 [INFO] Returned last cached record
2025-11-20 01:46:32 [INFO] Returned last cached record
2025-11-20 01:46:32 [INFO] Returned last cached record
2025-11-20 01:46:32 [INFO] Returned last cached record
2025-11-20 01:46:32 [INFO] Cached datetime=2025-11-19T22:46:32+00:00 valid=A lat=60.012801N lon=30.272315E speed=14.42 dir=235.14 sat=5
2025-11-20 01:46:32 [INFO] Returned last cached record
2025-11-20 01:46:32 [INFO] Returned last cached record
2025-11-20 01:46:32 [INFO] Returned last cached record
2025-11-20 01:46:33 [INFO] Returned last cached record
2025-11-20 01:46:33 [INFO] Returned last cached record
2025-11-20 01:46:33 [INFO] Returned last cached record
2025-11-20 01:46:33 [INFO] Returned last cached record
2025-11-20 01:46:33 [INFO] Returned last cached record
2025-11-20 01:46:33 [INFO] Cached datetime=2025-11-19T22:46:33+00:00 valid=A lat=60.012774N lon=30.272267E speed=14.29 dir=234.41 sat=5
2025-11-20 01:46:33 [INFO] Returned last cached record
2025-11-20 01:46:33 [INFO] Returned last cached record
2025-11-20 01:46:33 [INFO] Returned last cached record
2025-11-20 01:46:34 [INFO] Returned last cached record
2025-11-20 01:46:34 [INFO] Returned last cached record
2025-11-20 01:46:34 [INFO] Returned last cached record
2025-11-20 01:46:34 [INFO] Returned last cached record
2025-11-20 01:46:34 [INFO] Returned last cached record
2025-11-20 01:46:34 [INFO] Cached datetime=2025-11-19T22:46:34+00:00 valid=A lat=60.012784N lon=30.272388E speed=12.45 dir=233.92 sat=5
2025-11-20 01:46:34 [INFO] Returned last cached record
2025-11-20 01:46:34 [INFO] Returned last cached record
2025-11-20 01:46:34 [INFO] Returned last cached record
2025-11-20 01:46:35 [INFO] Returned last cached record
2025-11-20 01:46:35 [INFO] Returned last cached record
2025-11-20 01:46:35 [INFO] Returned last cached record
2025-11-20 01:46:35 [INFO] Returned last cached record
2025-11-20 01:46:35 [INFO] Cached datetime=2025-11-19T22:46:35+00:00 valid=A lat=60.012790N lon=30.272478E speed=11.05 dir=234.03 sat=5
2025-11-20 01:46:35 [INFO] Returned last cached record
2025-11-20 01:46:35 [INFO] Returned last cached record
2025-11-20 01:46:35 [INFO] Returned last cached record
2025-11-20 01:46:36 [INFO] Returned last cached record
2025-11-20 01:46:36 [INFO] Returned last cached record
2025-11-20 01:46:36 [INFO] Returned last cached record
2025-11-20 01:46:36 [INFO] Returned last cached record
2025-11-20 01:46:36 [INFO] Returned last cached record
2025-11-20 01:46:36 [INFO] Cached datetime=2025-11-19T22:46:36+00:00 valid=A lat=60.012894N lon=30.272926E speed=5.89 dir=238.14 sat=5
2025-11-20 01:46:36 [INFO] Returned last cached record
2025-11-20 01:46:36 [INFO] Returned last cached record
2025-11-20 01:46:36 [INFO] Returned last cached record
2025-11-20 01:46:37 [INFO] Returned last cached record
2025-11-20 01:46:37 [INFO] Returned last cached record
2025-11-20 01:46:37 [INFO] Returned last cached record
2025-11-20 01:46:37 [INFO] Returned last cached record
2025-11-20 01:46:37 [INFO] Cached datetime=2025-11-19T22:46:37+00:00 valid=A lat=60.012899N lon=30.272953E speed=5.06 dir=239.7 sat=5
2025-11-20 01:46:37 [INFO] Returned last cached record
2025-11-20 01:46:37 [INFO] Returned last cached record
2025-11-20 01:46:37 [INFO] Returned last cached record
2025-11-20 01:46:38 [INFO] Returned last cached record
2025-11-20 01:46:38 [INFO] Returned last cached record
2025-11-20 01:46:38 [INFO] Returned last cached record
2025-11-20 01:46:38 [INFO] Returned last cached record
2025-11-20 01:46:38 [INFO] Cached datetime=2025-11-19T22:46:38+00:00 valid=A lat=60.012906N lon=30.272981E speed=0.0 dir=239.7 sat=5
2025-11-20 01:46:38 [INFO] Returned last cached record
2025-11-20 01:46:38 [INFO] Returned last cached record
2025-11-20 01:46:38 [INFO] Returned last cached record
2025-11-20 01:46:39 [INFO] Returned last cached record
2025-11-20 01:46:39 [INFO] Returned last cached record
2025-11-20 01:46:39 [INFO] Returned last cached record
2025-11-20 01:46:39 [INFO] Returned last cached record
2025-11-20 01:46:39 [INFO] Cached datetime=2025-11-19T22:46:39+00:00 valid=A lat=60.012901N lon=30.272964E speed=0.0 dir=239.7 sat=5
2025-11-20 01:46:39 [INFO] Returned last cached record
2025-11-20 01:46:39 [INFO] Returned last cached record
2025-11-20 01:46:39 [INFO] Returned last cached record
2025-11-20 01:46:40 [INFO] Returned last cached record
2025-11-20 01:46:40 [INFO] Returned last cached record
2025-11-20 01:46:40 [INFO] Returned last cached record
2025-11-20 01:46:40 [INFO] Returned last cached record
2025-11-20 01:46:40 [INFO] Cached datetime=2025-11-19T22:46:40+00:00 valid=A lat=60.012908N lon=30.272977E speed=0.0 dir=239.7 sat=5
2025-11-20 01:46:40 [INFO] Returned last cached record
2025-11-20 01:46:40 [INFO] Returned last cached record
2025-11-20 01:46:40 [INFO] Returned last cached record
2025-11-20 01:46:41 [INFO] Returned last cached record
2025-11-20 01:46:41 [INFO] Returned last cached record
2025-11-20 01:46:41 [INFO] Returned last cached record
2025-11-20 01:46:41 [INFO] Returned last cached record
2025-11-20 01:46:41 [INFO] Cached datetime=2025-11-19T22:46:41+00:00 valid=A lat=60.012931N lon=30.273044E speed=6.23 dir=54.11 sat=5
2025-11-20 01:46:41 [INFO] Returned last cached record
2025-11-20 01:46:41 [INFO] Returned last cached record
2025-11-20 01:46:41 [INFO] Returned last cached record
2025-11-20 01:46:42 [INFO] Returned last cached record
2025-11-20 01:46:42 [INFO] Returned last cached record
2025-11-20 01:46:42 [INFO] Returned last cached record
2025-11-20 01:46:42 [INFO] Returned last cached record
2025-11-20 01:46:42 [INFO] Cached datetime=2025-11-19T22:46:42+00:00 valid=A lat=60.012950N lon=30.273098E speed=5.41 dir=55.35 sat=5
2025-11-20 01:46:42 [INFO] Returned last cached record
2025-11-20 01:46:42 [INFO] Returned last cached record
2025-11-20 01:46:42 [INFO] Returned last cached record
2025-11-20 01:46:43 [INFO] Returned last cached record
2025-11-20 01:46:43 [INFO] Returned last cached record
2025-11-20 01:46:43 [INFO] Returned last cached record
2025-11-20 01:46:43 [INFO] Returned last cached record
2025-11-20 01:46:43 [INFO] Cached datetime=2025-11-19T22:46:43+00:00 valid=A lat=60.012965N lon=30.273145E speed=4.47 dir=54.28 sat=5
2025-11-20 01:46:43 [INFO] Returned last cached record
2025-11-20 01:46:43 [INFO] Returned last cached record
2025-11-20 01:46:43 [INFO] Returned last cached record
2025-11-20 01:46:44 [INFO] Returned last cached record
2025-11-20 01:46:44 [INFO] Returned last cached record
2025-11-20 01:46:44 [INFO] Returned last cached record
2025-11-20 01:46:44 [INFO] Returned last cached record
2025-11-20 01:46:44 [INFO] Cached datetime=2025-11-19T22:46:44+00:00 valid=A lat=60.012981N lon=30.273205E speed=4.13 dir=63.16 sat=5
2025-11-20 01:46:44 [INFO] Returned last cached record
2025-11-20 01:46:44 [INFO] Returned last cached record
2025-11-20 01:46:44 [INFO] Returned last cached record
2025-11-20 01:46:45 [INFO] Returned last cached record
2025-11-20 01:46:45 [INFO] Returned last cached record
2025-11-20 01:46:45 [INFO] Returned last cached record
2025-11-20 01:46:45 [INFO] Returned last cached record
2025-11-20 01:46:45 [INFO] Cached datetime=2025-11-19T22:46:45+00:00 valid=A lat=60.012993N lon=30.273256E speed=3.13 dir=62.56 sat=5
2025-11-20 01:46:45 [INFO] Returned last cached record
2025-11-20 01:46:45 [INFO] Returned last cached record
2025-11-20 01:46:45 [INFO] Returned last cached record
2025-11-20 01:46:46 [INFO] Returned last cached record
2025-11-20 01:46:46 [INFO] Returned last cached record
2025-11-20 01:46:46 [INFO] Returned last cached record
2025-11-20 01:46:46 [INFO] Returned last cached record
2025-11-20 01:46:46 [INFO] Cached datetime=2025-11-19T22:46:46+00:00 valid=A lat=60.013006N lon=30.273296E speed=2.31 dir=42.37 sat=5
2025-11-20 01:46:46 [INFO] Returned last cached record
2025-11-20 01:46:46 [INFO] Returned last cached record
2025-11-20 01:46:46 [INFO] Returned last cached record
2025-11-20 01:46:47 [INFO] Returned last cached record
2025-11-20 01:46:47 [INFO] Returned last cached record
2025-11-20 01:46:47 [INFO] Returned last cached record
2025-11-20 01:46:47 [INFO] Returned last cached record
2025-11-20 01:46:47 [INFO] Cached datetime=2025-11-19T22:46:47+00:00 valid=A lat=60.013019N lon=30.273337E speed=1.66 dir=42.37 sat=5
2025-11-20 01:46:47 [INFO] Returned last cached record
2025-11-20 01:46:47 [INFO] Returned last cached record
2025-11-20 01:46:47 [INFO] Returned last cached record
2025-11-20 01:46:48 [INFO] Returned last cached record
2025-11-20 01:46:48 [INFO] Returned last cached record
2025-11-20 01:46:48 [INFO] Returned last cached record
2025-11-20 01:46:48 [INFO] Returned last cached record
2025-11-20 01:46:48 [INFO] Returned last cached record
2025-11-20 01:46:48 [INFO] Cached datetime=2025-11-19T22:46:48+00:00 valid=A lat=60.013035N lon=30.273380E speed=1.56 dir=42.37 sat=5
2025-11-20 01:46:48 [INFO] Returned last cached record
2025-11-20 01:46:48 [INFO] Returned last cached record
2025-11-20 01:46:48 [INFO] Returned last cached record
2025-11-20 01:46:49 [INFO] Returned last cached record
2025-11-20 01:46:49 [INFO] Returned last cached record
2025-11-20 01:46:49 [INFO] Returned last cached record
2025-11-20 01:46:49 [INFO] Returned last cached record
2025-11-20 01:46:49 [INFO] Cache trigger reached: 100 >= 100
2025-11-20 01:46:49 [INFO] Cached datetime=2025-11-19T22:46:49+00:00 valid=A lat=60.013049N lon=30.273426E speed=1.0 dir=42.37 sat=5
2025-11-20 01:46:49 [INFO] Flushing 100 cached records (counter was 100)
2025-11-20 01:46:49 [INFO] Inserted 100 records into DB
2025-11-20 01:46:49 [WARNING] Retention: total=150100 > max_rows=150000, pruning...
2025-11-20 01:46:50 [INFO] Retention completed: kept latest 150000 rows
2025-11-20 01:46:50 [INFO] Cached datetime=2025-11-19T22:46:50+00:00 valid=A lat=60.013057N lon=30.273453E speed=1.08 dir=42.37 sat=5
2025-11-20 01:46:50 [INFO] Returned last cached record
2025-11-20 01:46:50 [INFO] Returned last cached record
2025-11-20 01:46:51 [INFO] Returned last cached record
2025-11-20 01:46:51 [INFO] Returned last cached record
2025-11-20 01:46:51 [INFO] Returned last cached record
2025-11-20 01:46:51 [INFO] Returned last cached record
2025-11-20 01:46:51 [INFO] Returned last cached record
2025-11-20 01:46:51 [INFO] Cached datetime=2025-11-19T22:46:51+00:00 valid=A lat=60.013064N lon=30.273483E speed=1.57 dir=42.37 sat=5
2025-11-20 01:46:51 [INFO] Returned last cached record
2025-11-20 01:46:51 [INFO] Returned last cached record
2025-11-20 01:46:52 [INFO] Returned last cached record
2025-11-20 01:46:52 [INFO] Returned last cached record
2025-11-20 01:46:52 [INFO] Returned last cached record
2025-11-20 01:46:52 [INFO] Returned last cached record
2025-11-20 01:46:52 [INFO] Returned last cached record
2025-11-20 01:46:52 [INFO] Cached datetime=2025-11-19T22:46:52+00:00 valid=A lat=60.013072N lon=30.273513E speed=2.36 dir=257.94 sat=5
2025-11-20 01:46:52 [INFO] Returned last cached record
2025-11-20 01:46:52 [INFO] Returned last cached record
2025-11-20 01:46:53 [INFO] Returned last cached record
2025-11-20 01:46:53 [INFO] Returned last cached record
2025-11-20 01:46:53 [INFO] Returned last cached record
2025-11-20 01:46:53 [INFO] Returned last cached record
2025-11-20 01:46:53 [INFO] Returned last cached record
2025-11-20 01:46:53 [INFO] Cached datetime=2025-11-19T22:46:53+00:00 valid=A lat=60.013072N lon=30.273517E speed=3.88 dir=248.81 sat=5
2025-11-20 01:46:53 [INFO] Returned last cached record
2025-11-20 01:46:53 [INFO] Returned last cached record
2025-11-20 01:46:54 [INFO] Returned last cached record
2025-11-20 01:46:54 [INFO] Returned last cached record
2025-11-20 01:46:54 [INFO] Returned last cached record
2025-11-20 01:46:54 [INFO] Returned last cached record
2025-11-20 01:46:54 [INFO] Cached datetime=2025-11-19T22:46:54+00:00 valid=A lat=60.013057N lon=30.273450E speed=6.72 dir=254.72 sat=5
2025-11-20 01:46:54 [INFO] Returned last cached record
2025-11-20 01:46:54 [INFO] Returned last cached record
2025-11-20 01:46:54 [INFO] Returned last cached record
2025-11-20 01:46:55 [INFO] Returned last cached record
2025-11-20 01:46:55 [INFO] Returned last cached record
2025-11-20 01:46:55 [INFO] Returned last cached record
2025-11-20 01:46:55 [INFO] Returned last cached record
2025-11-20 01:46:55 [INFO] Cached datetime=2025-11-19T22:46:55+00:00 valid=A lat=60.013055N lon=30.273435E speed=6.61 dir=254.21 sat=5
2025-11-20 01:46:55 [INFO] Returned last cached record
2025-11-20 01:46:55 [INFO] Returned last cached record
2025-11-20 01:46:55 [INFO] Returned last cached record
2025-11-20 01:46:56 [INFO] Returned last cached record
2025-11-20 01:46:56 [INFO] Returned last cached record
2025-11-20 01:46:56 [INFO] Returned last cached record
2025-11-20 01:46:56 [INFO] Returned last cached record
2025-11-20 01:46:56 [INFO] Cached datetime=2025-11-19T22:46:56+00:00 valid=A lat=60.013055N lon=30.273428E speed=7.0 dir=253.34 sat=5
2025-11-20 01:46:56 [INFO] Returned last cached record
2025-11-20 01:46:56 [INFO] Returned last cached record
2025-11-20 01:46:56 [INFO] Returned last cached record
2025-11-20 01:46:57 [INFO] Returned last cached record
2025-11-20 01:46:57 [INFO] Returned last cached record
2025-11-20 01:46:57 [INFO] Returned last cached record
2025-11-20 01:46:57 [INFO] Returned last cached record
2025-11-20 01:46:57 [INFO] Returned last cached record
2025-11-20 01:46:57 [INFO] Cached datetime=2025-11-19T22:46:57+00:00 valid=A lat=60.013055N lon=30.273422E speed=7.16 dir=252.0 sat=5
2025-11-20 01:46:57 [INFO] Returned last cached record
2025-11-20 01:46:57 [INFO] Returned last cached record
2025-11-20 01:46:57 [INFO] Returned last cached record
2025-11-20 01:46:58 [INFO] Returned last cached record
2025-11-20 01:46:58 [INFO] Returned last cached record
2025-11-20 01:46:58 [INFO] Returned last cached record
2025-11-20 01:46:58 [INFO] Returned last cached record
2025-11-20 01:46:58 [INFO] Cached datetime=2025-11-19T22:46:58+00:00 valid=A lat=60.013057N lon=30.273408E speed=7.63 dir=257.45 sat=5
2025-11-20 01:46:58 [INFO] Returned last cached record
2025-11-20 01:46:58 [INFO] Returned last cached record
2025-11-20 01:46:58 [INFO] Returned last cached record
2025-11-20 01:46:59 [INFO] Returned last cached record
2025-11-20 01:46:59 [INFO] Returned last cached record
2025-11-20 01:46:59 [INFO] Returned last cached record
2025-11-20 01:46:59 [INFO] Returned last cached record
2025-11-20 01:46:59 [INFO] Cached datetime=2025-11-19T22:46:59+00:00 valid=A lat=60.013061N lon=30.273371E speed=8.77 dir=263.41 sat=5
2025-11-20 01:46:59 [INFO] Returned last cached record
2025-11-20 01:46:59 [INFO] Returned last cached record
2025-11-20 01:47:00 [INFO] Returned last cached record
2025-11-20 01:47:00 [INFO] Returned last cached record
2025-11-20 01:47:00 [INFO] Returned last cached record
2025-11-20 01:47:00 [INFO] Returned last cached record
2025-11-20 01:47:00 [INFO] Returned last cached record
2025-11-20 01:47:00 [INFO] Cached datetime=2025-11-19T22:47:00+00:00 valid=A lat=60.013046N lon=30.273278E speed=9.7 dir=260.13 sat=5
2025-11-20 01:47:00 [INFO] Returned last cached record
2025-11-20 01:47:00 [INFO] Returned last cached record
2025-11-20 01:47:01 [INFO] Returned last cached record
2025-11-20 01:47:01 [INFO] Returned last cached record
2025-11-20 01:47:01 [INFO] Returned last cached record
2025-11-20 01:47:01 [INFO] Returned last cached record
2025-11-20 01:47:01 [INFO] Cached datetime=2025-11-19T22:47:01+00:00 valid=A lat=60.013039N lon=30.273227E speed=10.28 dir=257.81 sat=5
2025-11-20 01:47:01 [INFO] Returned last cached record
2025-11-20 01:47:01 [INFO] Returned last cached record
2025-11-20 01:47:01 [INFO] Returned last cached record
2025-11-20 01:47:02 [INFO] Returned last cached record
2025-11-20 01:47:02 [INFO] Returned last cached record
2025-11-20 01:47:02 [INFO] Returned last cached record
2025-11-20 01:47:02 [INFO] Returned last cached record
2025-11-20 01:47:02 [INFO] Cached datetime=2025-11-19T22:47:02+00:00 valid=A lat=60.012985N lon=30.273120E speed=10.06 dir=247.67 sat=5
2025-11-20 01:47:02 [INFO] Returned last cached record
2025-11-20 01:47:02 [INFO] Returned last cached record
2025-11-20 01:47:02 [INFO] Returned last cached record
2025-11-20 01:47:03 [INFO] Returned last cached record
2025-11-20 01:47:03 [INFO] Returned last cached record
2025-11-20 01:47:03 [INFO] Returned last cached record
2025-11-20 01:47:03 [INFO] Returned last cached record
2025-11-20 01:47:03 [INFO] Returned last cached record
2025-11-20 01:47:03 [INFO] Cached datetime=2025-11-19T22:47:03+00:00 valid=A lat=60.012978N lon=30.273094E speed=9.94 dir=247.87 sat=5
2025-11-20 01:47:03 [INFO] Returned last cached record
2025-11-20 01:47:03 [INFO] Returned last cached record
2025-11-20 01:47:04 [INFO] Returned last cached record
2025-11-20 01:47:04 [INFO] Returned last cached record
2025-11-20 01:47:04 [INFO] Returned last cached record
2025-11-20 01:47:04 [INFO] Returned last cached record
2025-11-20 01:47:04 [INFO] Cached datetime=2025-11-19T22:47:04+00:00 valid=A lat=60.012971N lon=30.273074E speed=9.0 dir=246.54 sat=5
2025-11-20 01:47:04 [INFO] Returned last cached record
2025-11-20 01:47:04 [INFO] Returned last cached record
2025-11-20 01:47:04 [INFO] Returned last cached record
2025-11-20 01:47:05 [INFO] Returned last cached record
2025-11-20 01:47:05 [INFO] Returned last cached record
2025-11-20 01:47:05 [INFO] Returned last cached record
2025-11-20 01:47:05 [INFO] Returned last cached record
2025-11-20 01:47:05 [INFO] Cached datetime=2025-11-19T22:47:05+00:00 valid=A lat=60.012963N lon=30.273068E speed=8.39 dir=238.17 sat=5
2025-11-20 01:47:05 [INFO] Returned last cached record
2025-11-20 01:47:05 [INFO] Returned last cached record
2025-11-20 01:47:05 [INFO] Returned last cached record
2025-11-20 01:47:06 [INFO] Returned last cached record
2025-11-20 01:47:06 [INFO] Returned last cached record
2025-11-20 01:47:06 [INFO] Returned last cached record
2025-11-20 01:47:06 [INFO] Returned last cached record
2025-11-20 01:47:06 [INFO] Cached datetime=2025-11-19T22:47:06+00:00 valid=A lat=60.012954N lon=30.273069E speed=8.16 dir=237.81 sat=5
2025-11-20 01:47:06 [INFO] Returned last cached record
2025-11-20 01:47:06 [INFO] Returned last cached record
2025-11-20 01:47:07 [INFO] Returned last cached record
2025-11-20 01:47:07 [INFO] Returned last cached record
2025-11-20 01:47:07 [INFO] Returned last cached record
2025-11-20 01:47:07 [INFO] Returned last cached record
2025-11-20 01:47:07 [INFO] Cached datetime=2025-11-19T22:47:07+00:00 valid=A lat=60.013051N lon=30.273140E speed=7.91 dir=248.66 sat=5
2025-11-20 01:47:07 [INFO] Returned last cached record
2025-11-20 01:47:07 [INFO] Returned last cached record
2025-11-20 01:47:07 [INFO] Returned last cached record
2025-11-20 01:47:08 [INFO] Returned last cached record
2025-11-20 01:47:08 [INFO] Returned last cached record
2025-11-20 01:47:08 [INFO] Returned last cached record
2025-11-20 01:47:08 [INFO] Returned last cached record
2025-11-20 01:47:08 [INFO] Returned last cached record
2025-11-20 01:47:08 [INFO] Cached datetime=2025-11-19T22:47:08+00:00 valid=A lat=60.013073N lon=30.273177E speed=7.9 dir=243.57 sat=5
2025-11-20 01:47:08 [INFO] Returned last cached record
2025-11-20 01:47:08 [INFO] Returned last cached record
2025-11-20 01:47:09 [INFO] Returned last cached record
2025-11-20 01:47:09 [INFO] Returned last cached record
2025-11-20 01:47:09 [INFO] Returned last cached record
2025-11-20 01:47:09 [INFO] Returned last cached record
2025-11-20 01:47:09 [INFO] Returned last cached record
2025-11-20 01:47:09 [INFO] Cached datetime=2025-11-19T22:47:09+00:00 valid=A lat=60.013084N lon=30.273225E speed=7.03 dir=237.03 sat=5
2025-11-20 01:47:09 [INFO] Returned last cached record
2025-11-20 01:47:09 [INFO] Returned last cached record
2025-11-20 01:47:10 [INFO] Returned last cached record
2025-11-20 01:47:10 [INFO] Returned last cached record
2025-11-20 01:47:10 [INFO] Returned last cached record
2025-11-20 01:47:10 [INFO] Returned last cached record
2025-11-20 01:47:10 [INFO] Returned last cached record
2025-11-20 01:47:10 [INFO] Cached datetime=2025-11-19T22:47:10+00:00 valid=A lat=60.013097N lon=30.273307E speed=5.56 dir=227.59 sat=5
2025-11-20 01:47:10 [INFO] Returned last cached record
2025-11-20 01:47:10 [INFO] Returned last cached record
2025-11-20 01:47:11 [INFO] Returned last cached record
2025-11-20 01:47:11 [INFO] Returned last cached record
2025-11-20 01:47:11 [INFO] Returned last cached record
2025-11-20 01:47:11 [INFO] Returned last cached record
2025-11-20 01:47:11 [INFO] Cached datetime=2025-11-19T22:47:11+00:00 valid=A lat=60.013110N lon=30.273404E speed=3.85 dir=222.42 sat=5
2025-11-20 01:47:11 [INFO] Returned last cached record
2025-11-20 01:47:11 [INFO] Returned last cached record
2025-11-20 01:47:11 [INFO] Returned last cached record
2025-11-20 01:47:12 [INFO] Returned last cached record
2025-11-20 01:47:12 [INFO] Returned last cached record
2025-11-20 01:47:12 [INFO] Returned last cached record
2025-11-20 01:47:12 [INFO] Returned last cached record
2025-11-20 01:47:12 [INFO] Returned last cached record
2025-11-20 01:47:12 [INFO] Cached datetime=2025-11-19T22:47:12+00:00 valid=A lat=60.013126N lon=30.273505E speed=2.53 dir=222.59 sat=5
2025-11-20 01:47:12 [INFO] Returned last cached record
2025-11-20 01:47:12 [INFO] Returned last cached record
2025-11-20 01:47:13 [INFO] Returned last cached record
2025-11-20 01:47:13 [INFO] Returned last cached record
2025-11-20 01:47:13 [INFO] Returned last cached record
2025-11-20 01:47:13 [INFO] Returned last cached record
2025-11-20 01:47:13 [INFO] Returned last cached record
2025-11-20 01:47:13 [INFO] Cached datetime=2025-11-19T22:47:13+00:00 valid=A lat=60.013137N lon=30.273592E speed=2.85 dir=211.69 sat=5
2025-11-20 01:47:13 [INFO] Returned last cached record
2025-11-20 01:47:13 [INFO] Returned last cached record
2025-11-20 01:47:14 [INFO] Returned last cached record
2025-11-20 01:47:14 [INFO] Returned last cached record
2025-11-20 01:47:14 [INFO] Returned last cached record
2025-11-20 01:47:14 [INFO] Returned last cached record
2025-11-20 01:47:14 [INFO] Returned last cached record
2025-11-20 01:47:14 [INFO] Cached datetime=2025-11-19T22:47:14+00:00 valid=A lat=60.013152N lon=30.273719E speed=2.44 dir=194.81 sat=5
2025-11-20 01:47:14 [INFO] Returned last cached record
2025-11-20 01:47:14 [INFO] Returned last cached record
2025-11-20 01:47:15 [INFO] Returned last cached record
2025-11-20 01:47:15 [INFO] Returned last cached record
2025-11-20 01:47:15 [INFO] Returned last cached record
2025-11-20 01:47:15 [INFO] Returned last cached record
2025-11-20 01:47:15 [INFO] Cached datetime=2025-11-19T22:47:15+00:00 valid=A lat=60.013158N lon=30.273801E speed=2.35 dir=189.8 sat=5
2025-11-20 01:47:15 [INFO] Returned last cached record
2025-11-20 01:47:15 [INFO] Returned last cached record
2025-11-20 01:47:15 [INFO] Returned last cached record
2025-11-20 01:47:16 [INFO] Returned last cached record
2025-11-20 01:47:16 [INFO] Returned last cached record
2025-11-20 01:47:16 [INFO] Returned last cached record
2025-11-20 01:47:16 [INFO] Returned last cached record
2025-11-20 01:47:16 [INFO] Returned last cached record
2025-11-20 01:47:16 [INFO] Cached datetime=2025-11-19T22:47:16+00:00 valid=A lat=60.013169N lon=30.273908E speed=2.04 dir=183.11 sat=5
2025-11-20 01:47:16 [INFO] Returned last cached record
2025-11-20 01:47:16 [INFO] Returned last cached record
2025-11-20 01:47:17 [INFO] Returned last cached record
2025-11-20 01:47:17 [INFO] Returned last cached record
2025-11-20 01:47:17 [INFO] Returned last cached record
2025-11-20 01:47:17 [INFO] Returned last cached record
2025-11-20 01:47:17 [INFO] Returned last cached record
2025-11-20 01:47:17 [INFO] Cached datetime=2025-11-19T22:47:17+00:00 valid=A lat=60.013205N lon=30.274120E speed=1.96 dir=96.56 sat=5
2025-11-20 01:47:17 [INFO] Returned last cached record
2025-11-20 01:47:17 [INFO] Returned last cached record
2025-11-20 01:47:18 [INFO] Returned last cached record
2025-11-20 01:47:18 [INFO] Returned last cached record
2025-11-20 01:47:18 [INFO] Returned last cached record
2025-11-20 01:47:18 [INFO] Returned last cached record
2025-11-20 01:47:18 [INFO] Returned last cached record
2025-11-20 01:47:18 [INFO] Cached datetime=2025-11-19T22:47:18+00:00 valid=A lat=60.013224N lon=30.274226E speed=0.0 dir=96.56 sat=5
2025-11-20 01:47:18 [INFO] Returned last cached record
2025-11-20 01:47:18 [INFO] Returned last cached record
2025-11-20 01:47:18 [INFO] Returned last cached record
2025-11-20 01:47:19 [INFO] Returned last cached record
2025-11-20 01:47:19 [INFO] Returned last cached record
2025-11-20 01:47:19 [INFO] Returned last cached record
2025-11-20 01:47:19 [INFO] Returned last cached record
2025-11-20 01:47:19 [INFO] Cached datetime=2025-11-19T22:47:19+00:00 valid=A lat=60.013242N lon=30.274327E speed=0.0 dir=96.56 sat=5
2025-11-20 01:47:19 [INFO] Returned last cached record
2025-11-20 01:47:19 [INFO] Returned last cached record
2025-11-20 01:47:19 [INFO] Returned last cached record
2025-11-20 01:47:20 [INFO] Returned last cached record
2025-11-20 01:47:20 [INFO] Returned last cached record
2025-11-20 01:47:20 [INFO] Returned last cached record
2025-11-20 01:47:20 [INFO] Returned last cached record
2025-11-20 01:47:20 [INFO] Cached datetime=2025-11-19T22:47:20+00:00 valid=A lat=60.013261N lon=30.274428E speed=0.0 dir=96.56 sat=5
2025-11-20 01:47:20 [INFO] Returned last cached record
2025-11-20 01:47:20 [INFO] Returned last cached record
2025-11-20 01:47:20 [INFO] Returned last cached record
2025-11-20 01:47:21 [INFO] Returned last cached record
2025-11-20 01:47:21 [INFO] Returned last cached record
2025-11-20 01:47:21 [INFO] Returned last cached record
2025-11-20 01:47:21 [INFO] Returned last cached record
2025-11-20 01:47:21 [INFO] Cached datetime=2025-11-19T22:47:21+00:00 valid=A lat=60.013281N lon=30.274530E speed=0.0 dir=96.56 sat=5
2025-11-20 01:47:21 [INFO] Returned last cached record
2025-11-20 01:47:21 [INFO] Returned last cached record
2025-11-20 01:47:21 [INFO] Returned last cached record
2025-11-20 01:47:22 [INFO] Returned last cached record
2025-11-20 01:47:22 [INFO] Returned last cached record
2025-11-20 01:47:22 [INFO] Returned last cached record
2025-11-20 01:47:22 [INFO] Returned last cached record
2025-11-20 01:47:22 [INFO] Cached datetime=2025-11-19T22:47:22+00:00 valid=A lat=60.013298N lon=30.274632E speed=1.0 dir=96.56 sat=5
2025-11-20 01:47:22 [INFO] Returned last cached record
2025-11-20 01:47:22 [INFO] Returned last cached record
2025-11-20 01:47:22 [INFO] Returned last cached record
2025-11-20 01:47:23 [INFO] Returned last cached record
2025-11-20 01:47:23 [INFO] Returned last cached record
2025-11-20 01:47:23 [INFO] Returned last cached record
2025-11-20 01:47:23 [INFO] Returned last cached record
2025-11-20 01:47:23 [INFO] Cached datetime=2025-11-19T22:47:23+00:00 valid=A lat=60.013315N lon=30.274736E speed=2.04 dir=262.53 sat=5
2025-11-20 01:47:23 [INFO] Returned last cached record
2025-11-20 01:47:23 [INFO] Returned last cached record
2025-11-20 01:47:23 [INFO] Returned last cached record
2025-11-20 01:47:24 [INFO] Returned last cached record
2025-11-20 01:47:24 [INFO] Returned last cached record
2025-11-20 01:47:24 [INFO] Returned last cached record
2025-11-20 01:47:24 [INFO] Returned last cached record
2025-11-20 01:47:24 [INFO] Cached datetime=2025-11-19T22:47:24+00:00 valid=A lat=60.013331N lon=30.274840E speed=2.92 dir=256.66 sat=5
2025-11-20 01:47:24 [INFO] Returned last cached record
2025-11-20 01:47:24 [INFO] Returned last cached record
2025-11-20 01:47:24 [INFO] Returned last cached record
2025-11-20 01:47:25 [INFO] Returned last cached record
2025-11-20 01:47:25 [INFO] Returned last cached record
2025-11-20 01:47:25 [INFO] Returned last cached record
2025-11-20 01:47:25 [INFO] Returned last cached record
2025-11-20 01:47:25 [INFO] Cached datetime=2025-11-19T22:47:25+00:00 valid=A lat=60.013344N lon=30.274947E speed=3.92 dir=244.09 sat=5
2025-11-20 01:47:25 [INFO] Returned last cached record
2025-11-20 01:47:25 [INFO] Returned last cached record
2025-11-20 01:47:25 [INFO] Returned last cached record
2025-11-20 01:47:26 [INFO] Returned last cached record
2025-11-20 01:47:26 [INFO] Returned last cached record
2025-11-20 01:47:26 [INFO] Returned last cached record
2025-11-20 01:47:26 [INFO] Returned last cached record
2025-11-20 01:47:26 [INFO] Cached datetime=2025-11-19T22:47:26+00:00 valid=A lat=60.013366N lon=30.275099E speed=2.91 dir=239.77 sat=5
2025-11-20 01:47:26 [INFO] Returned last cached record
2025-11-20 01:47:26 [INFO] Returned last cached record
2025-11-20 01:47:26 [INFO] Returned last cached record
2025-11-20 01:47:27 [INFO] Returned last cached record
2025-11-20 01:47:27 [INFO] Returned last cached record
2025-11-20 01:47:27 [INFO] Returned last cached record
2025-11-20 01:47:27 [INFO] Returned last cached record
2025-11-20 01:47:27 [INFO] Cached datetime=2025-11-19T22:47:27+00:00 valid=A lat=60.013392N lon=30.275264E speed=0.0 dir=239.77 sat=5
2025-11-20 01:47:27 [INFO] Returned last cached record
2025-11-20 01:47:27 [INFO] Returned last cached record
2025-11-20 01:47:27 [INFO] Returned last cached record
2025-11-20 01:47:28 [INFO] Returned last cached record
2025-11-20 01:47:28 [INFO] Returned last cached record
2025-11-20 01:47:28 [INFO] Returned last cached record
2025-11-20 01:47:28 [INFO] Returned last cached record
2025-11-20 01:47:28 [INFO] Cached datetime=2025-11-19T22:47:28+00:00 valid=A lat=60.013418N lon=30.275426E speed=0.0 dir=239.77 sat=5
2025-11-20 01:47:28 [INFO] Returned last cached record
2025-11-20 01:47:28 [INFO] Returned last cached record
2025-11-20 01:47:28 [INFO] Returned last cached record
2025-11-20 01:47:29 [INFO] Returned last cached record
2025-11-20 01:47:29 [INFO] Returned last cached record
2025-11-20 01:47:29 [INFO] Returned last cached record
2025-11-20 01:47:29 [INFO] Returned last cached record
2025-11-20 01:47:29 [INFO] Cached datetime=2025-11-19T22:47:29+00:00 valid=A lat=60.013442N lon=30.275582E speed=0.0 dir=239.77 sat=5
2025-11-20 01:47:29 [INFO] Returned last cached record
2025-11-20 01:47:29 [INFO] Returned last cached record
2025-11-20 01:47:29 [INFO] Returned last cached record
2025-11-20 01:47:30 [INFO] Returned last cached record
2025-11-20 01:47:30 [INFO] Returned last cached record
2025-11-20 01:47:30 [INFO] Returned last cached record
2025-11-20 01:47:30 [INFO] Returned last cached record
2025-11-20 01:47:30 [INFO] Returned last cached record
2025-11-20 01:47:30 [INFO] Cached datetime=2025-11-19T22:47:30+00:00 valid=A lat=60.013467N lon=30.275735E speed=0.0 dir=239.77 sat=5
2025-11-20 01:47:30 [INFO] Returned last cached record
2025-11-20 01:47:30 [INFO] Returned last cached record
2025-11-20 01:47:30 [INFO] Returned last cached record
2025-11-20 01:47:31 [INFO] Returned last cached record
2025-11-20 01:47:31 [INFO] Returned last cached record
2025-11-20 01:47:31 [INFO] Returned last cached record
2025-11-20 01:47:31 [INFO] Returned last cached record
2025-11-20 01:47:31 [INFO] Cached datetime=2025-11-19T22:47:31+00:00 valid=A lat=60.013491N lon=30.275886E speed=0.0 dir=239.77 sat=5
2025-11-20 01:47:31 [INFO] Returned last cached record
2025-11-20 01:47:31 [INFO] Returned last cached record
2025-11-20 01:47:31 [INFO] Returned last cached record
2025-11-20 01:47:32 [INFO] Returned last cached record
2025-11-20 01:47:32 [INFO] Returned last cached record
2025-11-20 01:47:32 [INFO] Returned last cached record
2025-11-20 01:47:32 [INFO] Returned last cached record
2025-11-20 01:47:32 [INFO] Cached datetime=2025-11-19T22:47:32+00:00 valid=A lat=60.013515N lon=30.276034E speed=0.0 dir=239.77 sat=5
2025-11-20 01:47:32 [INFO] Returned last cached record
2025-11-20 01:47:32 [INFO] Returned last cached record
2025-11-20 01:47:32 [INFO] Returned last cached record
2025-11-20 01:47:33 [INFO] Returned last cached record
2025-11-20 01:47:33 [INFO] Returned last cached record
2025-11-20 01:47:33 [INFO] Returned last cached record
2025-11-20 01:47:33 [INFO] Returned last cached record
2025-11-20 01:47:33 [INFO] Returned last cached record
2025-11-20 01:47:33 [INFO] Cached datetime=2025-11-19T22:47:33+00:00 valid=A lat=60.013534N lon=30.276194E speed=2.01 dir=185.88 sat=5
2025-11-20 01:47:33 [INFO] Returned last cached record
2025-11-20 01:47:33 [INFO] Returned last cached record
2025-11-20 01:47:33 [INFO] Returned last cached record
2025-11-20 01:47:34 [INFO] Returned last cached record
2025-11-20 01:47:34 [INFO] Returned last cached record
2025-11-20 01:47:34 [INFO] Returned last cached record
2025-11-20 01:47:34 [INFO] Returned last cached record
2025-11-20 01:47:34 [INFO] Cached datetime=2025-11-19T22:47:34+00:00 valid=A lat=60.013563N lon=30.276357E speed=0.0 dir=185.88 sat=5
2025-11-20 01:47:34 [INFO] Returned last cached record
2025-11-20 01:47:34 [INFO] Returned last cached record
2025-11-20 01:47:34 [INFO] Returned last cached record
2025-11-20 01:47:35 [INFO] Returned last cached record
2025-11-20 01:47:35 [INFO] Returned last cached record
2025-11-20 01:47:35 [INFO] Returned last cached record
2025-11-20 01:47:35 [INFO] Returned last cached record
2025-11-20 01:47:35 [INFO] Cached datetime=2025-11-19T22:47:35+00:00 valid=A lat=60.013591N lon=30.276517E speed=0.0 dir=185.88 sat=5
2025-11-20 01:47:35 [INFO] Returned last cached record
2025-11-20 01:47:35 [INFO] Returned last cached record
2025-11-20 01:47:35 [INFO] Returned last cached record
2025-11-20 01:47:36 [INFO] Returned last cached record
2025-11-20 01:47:36 [INFO] Returned last cached record
2025-11-20 01:47:36 [INFO] Returned last cached record
2025-11-20 01:47:36 [INFO] Returned last cached record
2025-11-20 01:47:36 [INFO] Cached datetime=2025-11-19T22:47:36+00:00 valid=A lat=60.013620N lon=30.276678E speed=0.0 dir=185.88 sat=5
2025-11-20 01:47:36 [INFO] Returned last cached record
2025-11-20 01:47:36 [INFO] Returned last cached record
2025-11-20 01:47:36 [INFO] Returned last cached record
2025-11-20 01:47:37 [INFO] Returned last cached record
2025-11-20 01:47:37 [INFO] Returned last cached record
2025-11-20 01:47:37 [INFO] Returned last cached record
2025-11-20 01:47:37 [INFO] Returned last cached record
2025-11-20 01:47:37 [INFO] Cached datetime=2025-11-19T22:47:37+00:00 valid=A lat=60.013648N lon=30.276837E speed=0.0 dir=185.88 sat=5
2025-11-20 01:47:37 [INFO] Returned last cached record
2025-11-20 01:47:37 [INFO] Returned last cached record
2025-11-20 01:47:37 [INFO] Returned last cached record
2025-11-20 01:47:38 [INFO] Returned last cached record
2025-11-20 01:47:38 [INFO] Returned last cached record
2025-11-20 01:47:38 [INFO] Returned last cached record
2025-11-20 01:47:38 [INFO] Returned last cached record
2025-11-20 01:47:38 [INFO] Cached datetime=2025-11-19T22:47:38+00:00 valid=A lat=60.013674N lon=30.276991E speed=3.02 dir=242.18 sat=5
2025-11-20 01:47:38 [INFO] Returned last cached record
2025-11-20 01:47:38 [INFO] Returned last cached record
2025-11-20 01:47:38 [INFO] Returned last cached record
2025-11-20 01:47:39 [INFO] Returned last cached record
2025-11-20 01:47:39 [INFO] Returned last cached record
2025-11-20 01:47:39 [INFO] Returned last cached record
2025-11-20 01:47:39 [INFO] Returned last cached record
2025-11-20 01:47:39 [INFO] Returned last cached record
2025-11-20 01:47:39 [INFO] Cached datetime=2025-11-19T22:47:39+00:00 valid=A lat=60.013702N lon=30.277161E speed=3.17 dir=238.8 sat=5
2025-11-20 01:47:39 [INFO] Returned last cached record
2025-11-20 01:47:39 [INFO] Returned last cached record
2025-11-20 01:47:40 [INFO] Returned last cached record
2025-11-20 01:47:40 [INFO] Returned last cached record
2025-11-20 01:47:40 [INFO] Returned last cached record
2025-11-20 01:47:40 [INFO] Returned last cached record
2025-11-20 01:47:40 [INFO] Returned last cached record
2025-11-20 01:47:40 [INFO] Cached datetime=2025-11-19T22:47:40+00:00 valid=A lat=60.013732N lon=30.277351E speed=3.6 dir=232.19 sat=5
2025-11-20 01:47:40 [INFO] Returned last cached record
2025-11-20 01:47:40 [INFO] Returned last cached record
2025-11-20 01:47:40 [INFO] Returned last cached record
2025-11-20 01:47:41 [INFO] Returned last cached record
2025-11-20 01:47:41 [INFO] Returned last cached record
2025-11-20 01:47:41 [INFO] Returned last cached record
2025-11-20 01:47:41 [INFO] Returned last cached record
2025-11-20 01:47:41 [INFO] Cached datetime=2025-11-19T22:47:41+00:00 valid=A lat=60.013767N lon=30.277565E speed=2.86 dir=243.76 sat=5
2025-11-20 01:47:41 [INFO] Returned last cached record
2025-11-20 01:47:41 [INFO] Returned last cached record
2025-11-20 01:47:41 [INFO] Returned last cached record
2025-11-20 01:47:42 [INFO] Returned last cached record
2025-11-20 01:47:42 [INFO] Returned last cached record
2025-11-20 01:47:42 [INFO] Returned last cached record
2025-11-20 01:47:42 [INFO] Returned last cached record
2025-11-20 01:47:42 [INFO] Cached datetime=2025-11-19T22:47:42+00:00 valid=A lat=60.013808N lon=30.277782E speed=4.74 dir=264.11 sat=5
2025-11-20 01:47:42 [INFO] Returned last cached record
2025-11-20 01:47:42 [INFO] Returned last cached record
2025-11-20 01:47:42 [INFO] Returned last cached record
2025-11-20 01:47:43 [INFO] Returned last cached record
2025-11-20 01:47:43 [INFO] Returned last cached record
2025-11-20 01:47:43 [INFO] Returned last cached record
2025-11-20 01:47:43 [INFO] Returned last cached record
2025-11-20 01:47:43 [INFO] Cached datetime=2025-11-19T22:47:43+00:00 valid=A lat=60.013847N lon=30.278005E speed=5.39 dir=255.32 sat=5
2025-11-20 01:47:43 [INFO] Returned last cached record
2025-11-20 01:47:43 [INFO] Returned last cached record
2025-11-20 01:47:44 [INFO] Returned last cached record
2025-11-20 01:47:44 [INFO] Returned last cached record
2025-11-20 01:47:44 [INFO] Returned last cached record
2025-11-20 01:47:44 [INFO] Returned last cached record
2025-11-20 01:47:44 [INFO] Returned last cached record
2025-11-20 01:47:44 [INFO] Cached datetime=2025-11-19T22:47:44+00:00 valid=A lat=60.013896N lon=30.278277E speed=4.95 dir=249.11 sat=5
2025-11-20 01:47:44 [INFO] Returned last cached record
2025-11-20 01:47:44 [INFO] Returned last cached record
2025-11-20 01:47:45 [INFO] Returned last cached record
2025-11-20 01:47:45 [INFO] Returned last cached record
2025-11-20 01:47:45 [INFO] Returned last cached record
2025-11-20 01:47:45 [INFO] Returned last cached record
2025-11-20 01:47:45 [INFO] Cached datetime=2025-11-19T22:47:45+00:00 valid=A lat=60.013950N lon=30.278578E speed=5.32 dir=254.53 sat=5
2025-11-20 01:47:45 [INFO] Returned last cached record
2025-11-20 01:47:45 [INFO] Returned last cached record
2025-11-20 01:47:45 [INFO] Returned last cached record
2025-11-20 01:47:46 [INFO] Returned last cached record
2025-11-20 01:47:46 [INFO] Returned last cached record
2025-11-20 01:47:46 [INFO] Returned last cached record
2025-11-20 01:47:46 [INFO] Returned last cached record
2025-11-20 01:47:46 [INFO] Cached datetime=2025-11-19T22:47:46+00:00 valid=A lat=60.013993N lon=30.278888E speed=6.28 dir=243.7 sat=5
2025-11-20 01:47:46 [INFO] Returned last cached record
2025-11-20 01:47:46 [INFO] Returned last cached record
2025-11-20 01:47:46 [INFO] Returned last cached record
2025-11-20 01:47:47 [INFO] Returned last cached record
2025-11-20 01:47:47 [INFO] Returned last cached record
2025-11-20 01:47:47 [INFO] Returned last cached record
2025-11-20 01:47:47 [INFO] Returned last cached record
2025-11-20 01:47:47 [INFO] Returned last cached record
2025-11-20 01:47:47 [INFO] Cached datetime=2025-11-19T22:47:47+00:00 valid=A lat=60.014182N lon=30.279897E speed=6.19 dir=243.33 sat=5
2025-11-20 01:47:47 [INFO] Returned last cached record
2025-11-20 01:47:47 [INFO] Returned last cached record
2025-11-20 01:47:48 [INFO] Returned last cached record
2025-11-20 01:47:48 [INFO] Returned last cached record
2025-11-20 01:47:48 [INFO] Returned last cached record
2025-11-20 01:47:48 [INFO] Returned last cached record
2025-11-20 01:47:48 [INFO] Returned last cached record
2025-11-20 01:47:48 [INFO] Cached datetime=2025-11-19T22:47:48+00:00 valid=A lat=60.014375N lon=30.280929E speed=6.0 dir=244.45 sat=5
2025-11-20 01:47:48 [INFO] Returned last cached record
2025-11-20 01:47:48 [INFO] Returned last cached record
2025-11-20 01:47:48 [INFO] Returned last cached record
2025-11-20 01:47:49 [INFO] Returned last cached record
2025-11-20 01:47:49 [INFO] Returned last cached record
2025-11-20 01:47:49 [INFO] Returned last cached record
2025-11-20 01:47:49 [INFO] Returned last cached record
2025-11-20 01:47:49 [INFO] Cached datetime=2025-11-19T22:47:49+00:00 valid=A lat=60.014564N lon=30.281912E speed=5.83 dir=245.03 sat=5
2025-11-20 01:47:49 [INFO] Returned last cached record
2025-11-20 01:47:49 [INFO] Returned last cached record
2025-11-20 01:47:49 [INFO] Returned last cached record
2025-11-20 01:47:50 [INFO] Returned last cached record
2025-11-20 01:47:50 [INFO] Returned last cached record
2025-11-20 01:47:50 [INFO] Returned last cached record
2025-11-20 01:47:50 [INFO] Returned last cached record
2025-11-20 01:47:50 [INFO] Cached datetime=2025-11-19T22:47:50+00:00 valid=A lat=60.014655N lon=30.282340E speed=5.98 dir=244.17 sat=5
2025-11-20 01:47:50 [INFO] Returned last cached record
2025-11-20 01:47:50 [INFO] Returned last cached record
2025-11-20 01:47:50 [INFO] Returned last cached record
2025-11-20 01:47:51 [INFO] Returned last cached record
2025-11-20 01:47:51 [INFO] Returned last cached record
2025-11-20 01:47:51 [INFO] Returned last cached record
2025-11-20 01:47:51 [INFO] Returned last cached record
2025-11-20 01:47:51 [INFO] Cached datetime=2025-11-19T22:47:51+00:00 valid=A lat=60.014701N lon=30.282527E speed=6.29 dir=244.54 sat=5
2025-11-20 01:47:51 [INFO] Returned last cached record
2025-11-20 01:47:51 [INFO] Returned last cached record
2025-11-20 01:47:51 [INFO] Returned last cached record
2025-11-20 01:47:52 [INFO] Returned last cached record
2025-11-20 01:47:52 [INFO] Returned last cached record
2025-11-20 01:47:52 [INFO] Returned last cached record
2025-11-20 01:47:52 [INFO] Returned last cached record
2025-11-20 01:47:52 [INFO] Cached datetime=2025-11-19T22:47:52+00:00 valid=A lat=60.014728N lon=30.282637E speed=6.32 dir=243.49 sat=5
2025-11-20 01:47:52 [INFO] Returned last cached record
2025-11-20 01:47:52 [INFO] Returned last cached record
2025-11-20 01:47:52 [INFO] Returned last cached record
2025-11-20 01:47:53 [INFO] Returned last cached record
2025-11-20 01:47:53 [INFO] Returned last cached record
2025-11-20 01:47:53 [INFO] Returned last cached record
2025-11-20 01:47:53 [INFO] Returned last cached record
2025-11-20 01:47:53 [INFO] Cached datetime=2025-11-19T22:47:53+00:00 valid=A lat=60.014741N lon=30.282699E speed=6.4 dir=238.54 sat=5
2025-11-20 01:47:53 [INFO] Returned last cached record
2025-11-20 01:47:53 [INFO] Returned last cached record
2025-11-20 01:47:53 [INFO] Returned last cached record
2025-11-20 01:47:54 [INFO] Returned last cached record
2025-11-20 01:47:54 [INFO] Returned last cached record
2025-11-20 01:47:54 [INFO] Returned last cached record
2025-11-20 01:47:54 [INFO] Returned last cached record
2025-11-20 01:47:54 [INFO] Cached datetime=2025-11-19T22:47:54+00:00 valid=A lat=60.014734N lon=30.282703E speed=6.31 dir=232.2 sat=5
2025-11-20 01:47:54 [INFO] Returned last cached record
2025-11-20 01:47:54 [INFO] Returned last cached record
2025-11-20 01:47:54 [INFO] Returned last cached record
2025-11-20 01:47:55 [INFO] Returned last cached record
2025-11-20 01:47:55 [INFO] Returned last cached record
2025-11-20 01:47:55 [INFO] Returned last cached record
2025-11-20 01:47:55 [INFO] Returned last cached record
2025-11-20 01:47:55 [INFO] Cached datetime=2025-11-19T22:47:55+00:00 valid=A lat=60.014717N lon=30.282678E speed=6.98 dir=229.51 sat=5
2025-11-20 01:47:55 [INFO] Returned last cached record
2025-11-20 01:47:55 [INFO] Returned last cached record
2025-11-20 01:47:56 [INFO] Returned last cached record
2025-11-20 01:47:56 [INFO] Returned last cached record
2025-11-20 01:47:56 [INFO] Returned last cached record
2025-11-20 01:47:56 [INFO] Returned last cached record
2025-11-20 01:47:56 [INFO] Cached datetime=2025-11-19T22:47:56+00:00 valid=A lat=60.014695N lon=30.282634E speed=7.38 dir=229.11 sat=5
2025-11-20 01:47:56 [INFO] Returned last cached record
2025-11-20 01:47:56 [INFO] Returned last cached record
2025-11-20 01:47:56 [INFO] Returned last cached record
2025-11-20 01:47:57 [INFO] Returned last cached record
2025-11-20 01:47:57 [INFO] Returned last cached record
2025-11-20 01:47:57 [INFO] Returned last cached record
2025-11-20 01:47:57 [INFO] Returned last cached record
2025-11-20 01:47:57 [INFO] Cached datetime=2025-11-19T22:47:57+00:00 valid=A lat=60.014676N lon=30.282595E speed=6.88 dir=235.68 sat=5
2025-11-20 01:47:57 [INFO] Returned last cached record
2025-11-20 01:47:57 [INFO] Returned last cached record
2025-11-20 01:47:57 [INFO] Returned last cached record
2025-11-20 01:47:58 [INFO] Returned last cached record
2025-11-20 01:47:58 [INFO] Returned last cached record
2025-11-20 01:47:58 [INFO] Returned last cached record
2025-11-20 01:47:58 [INFO] Returned last cached record
2025-11-20 01:47:58 [INFO] Cached datetime=2025-11-19T22:47:58+00:00 valid=A lat=60.014706N lon=30.282785E speed=5.7 dir=250.49 sat=5
2025-11-20 01:47:58 [INFO] Returned last cached record
2025-11-20 01:47:58 [INFO] Returned last cached record
2025-11-20 01:47:59 [INFO] Returned last cached record
2025-11-20 01:47:59 [INFO] Returned last cached record
2025-11-20 01:47:59 [INFO] Returned last cached record
2025-11-20 01:47:59 [INFO] Returned last cached record
2025-11-20 01:47:59 [INFO] Returned last cached record
2025-11-20 01:47:59 [INFO] Cached datetime=2025-11-19T22:47:59+00:00 valid=A lat=60.014715N lon=30.282852E speed=5.39 dir=252.44 sat=5
2025-11-20 01:47:59 [INFO] Returned last cached record
2025-11-20 01:47:59 [INFO] Returned last cached record
2025-11-20 01:47:59 [INFO] Returned last cached record
2025-11-20 01:48:00 [INFO] Returned last cached record
2025-11-20 01:48:00 [INFO] Returned last cached record
2025-11-20 01:48:00 [INFO] Returned last cached record
2025-11-20 01:48:00 [INFO] Cached datetime=2025-11-19T22:48:00+00:00 valid=A lat=60.014725N lon=30.282884E speed=5.31 dir=257.66 sat=5
2025-11-20 01:48:00 [INFO] Returned last cached record
2025-11-20 01:48:00 [INFO] Returned last cached record
2025-11-20 01:48:00 [INFO] Returned last cached record
2025-11-20 01:48:01 [INFO] Returned last cached record
2025-11-20 01:48:01 [INFO] Returned last cached record
2025-11-20 01:48:01 [INFO] Returned last cached record
2025-11-20 01:48:01 [INFO] Returned last cached record
2025-11-20 01:48:01 [INFO] Cached datetime=2025-11-19T22:48:01+00:00 valid=A lat=60.014734N lon=30.282876E speed=5.85 dir=270.58 sat=5
2025-11-20 01:48:01 [INFO] Returned last cached record
2025-11-20 01:48:01 [INFO] Returned last cached record
2025-11-20 01:48:01 [INFO] Returned last cached record
2025-11-20 01:48:02 [INFO] Returned last cached record
2025-11-20 01:48:02 [INFO] Returned last cached record
2025-11-20 01:48:02 [INFO] Returned last cached record
2025-11-20 01:48:02 [INFO] Returned last cached record
2025-11-20 01:48:02 [INFO] Returned last cached record
2025-11-20 01:48:02 [INFO] Cached datetime=2025-11-19T22:48:02+00:00 valid=A lat=60.014743N lon=30.282847E speed=6.35 dir=282.59 sat=5
2025-11-20 01:48:02 [INFO] Returned last cached record
2025-11-20 01:48:02 [INFO] Returned last cached record
2025-11-20 01:48:03 [INFO] Returned last cached record
2025-11-20 01:48:03 [INFO] Returned last cached record
2025-11-20 01:48:03 [INFO] Returned last cached record
2025-11-20 01:48:03 [INFO] Returned last cached record
2025-11-20 01:48:03 [INFO] Returned last cached record
2025-11-20 01:48:03 [INFO] Cached datetime=2025-11-19T22:48:03+00:00 valid=A lat=60.014753N lon=30.282811E speed=7.09 dir=285.09 sat=5
2025-11-20 01:48:03 [INFO] Returned last cached record
2025-11-20 01:48:03 [INFO] Returned last cached record
2025-11-20 01:48:03 [INFO] Returned last cached record
2025-11-20 01:48:04 [INFO] Returned last cached record
2025-11-20 01:48:04 [INFO] Returned last cached record
2025-11-20 01:48:04 [INFO] Returned last cached record
2025-11-20 01:48:04 [INFO] Returned last cached record
2025-11-20 01:48:04 [INFO] Cached datetime=2025-11-19T22:48:04+00:00 valid=A lat=60.014763N lon=30.282771E speed=6.84 dir=285.17 sat=5
2025-11-20 01:48:04 [INFO] Returned last cached record
2025-11-20 01:48:04 [INFO] Returned last cached record
2025-11-20 01:48:04 [INFO] Returned last cached record
2025-11-20 01:48:05 [INFO] Returned last cached record
2025-11-20 01:48:05 [INFO] Returned last cached record
2025-11-20 01:48:05 [INFO] Returned last cached record
2025-11-20 01:48:05 [INFO] Returned last cached record
2025-11-20 01:48:05 [INFO] Cached datetime=2025-11-19T22:48:05+00:00 valid=A lat=60.014768N lon=30.282737E speed=5.37 dir=278.76 sat=5
2025-11-20 01:48:05 [INFO] Returned last cached record
2025-11-20 01:48:05 [INFO] Returned last cached record
2025-11-20 01:48:05 [INFO] Returned last cached record
2025-11-20 01:48:05 [INFO] Returned last cached record
2025-11-20 01:48:06 [INFO] Returned last cached record
2025-11-20 01:48:06 [INFO] Returned last cached record
2025-11-20 01:48:06 [INFO] Returned last cached record
2025-11-20 01:48:06 [INFO] Returned last cached record
2025-11-20 01:48:06 [INFO] Cached datetime=2025-11-19T22:48:06+00:00 valid=A lat=60.014772N lon=30.282708E speed=5.33 dir=281.81 sat=5
2025-11-20 01:48:06 [INFO] Returned last cached record
2025-11-20 01:48:06 [INFO] Returned last cached record
2025-11-20 01:48:07 [INFO] Returned last cached record
2025-11-20 01:48:07 [INFO] Returned last cached record
2025-11-20 01:48:07 [INFO] Returned last cached record
2025-11-20 01:48:07 [INFO] Returned last cached record
2025-11-20 01:48:07 [INFO] Returned last cached record
2025-11-20 01:48:07 [INFO] Cached datetime=2025-11-19T22:48:07+00:00 valid=A lat=60.014775N lon=30.282683E speed=4.82 dir=279.75 sat=5
2025-11-20 01:48:07 [INFO] Returned last cached record
2025-11-20 01:48:07 [INFO] Returned last cached record
2025-11-20 01:48:08 [INFO] Returned last cached record
2025-11-20 01:48:08 [INFO] Returned last cached record
2025-11-20 01:48:08 [INFO] Returned last cached record
2025-11-20 01:48:08 [INFO] Returned last cached record
2025-11-20 01:48:08 [INFO] Cached datetime=2025-11-19T22:48:08+00:00 valid=A lat=60.014776N lon=30.282670E speed=4.13 dir=270.77 sat=5
2025-11-20 01:48:08 [INFO] Returned last cached record
2025-11-20 01:48:08 [INFO] Returned last cached record
2025-11-20 01:48:08 [INFO] Returned last cached record
2025-11-20 01:48:09 [INFO] Returned last cached record
2025-11-20 01:48:09 [INFO] Returned last cached record
2025-11-20 01:48:09 [INFO] Returned last cached record
2025-11-20 01:48:09 [INFO] Returned last cached record
2025-11-20 01:48:09 [INFO] Returned last cached record
2025-11-20 01:48:09 [INFO] Cached datetime=2025-11-19T22:48:09+00:00 valid=A lat=60.014773N lon=30.282701E speed=2.99 dir=259.63 sat=5
2025-11-20 01:48:09 [INFO] Returned last cached record
2025-11-20 01:48:09 [INFO] Returned last cached record
2025-11-20 01:48:10 [INFO] Returned last cached record
2025-11-20 01:48:10 [INFO] Returned last cached record
2025-11-20 01:48:10 [INFO] Returned last cached record
2025-11-20 01:48:10 [INFO] Returned last cached record
2025-11-20 01:48:10 [INFO] Returned last cached record
2025-11-20 01:48:10 [INFO] Cached datetime=2025-11-19T22:48:10+00:00 valid=A lat=60.014767N lon=30.282701E speed=2.46 dir=243.86 sat=5
2025-11-20 01:48:10 [INFO] Returned last cached record
2025-11-20 01:48:10 [INFO] Returned last cached record
2025-11-20 01:48:11 [INFO] Returned last cached record
2025-11-20 01:48:11 [INFO] Returned last cached record
2025-11-20 01:48:11 [INFO] Returned last cached record
2025-11-20 01:48:11 [INFO] Returned last cached record
2025-11-20 01:48:11 [INFO] Returned last cached record
2025-11-20 01:48:11 [INFO] Cached datetime=2025-11-19T22:48:11+00:00 valid=A lat=60.014759N lon=30.282674E speed=2.4 dir=234.07 sat=5
2025-11-20 01:48:11 [INFO] Returned last cached record
2025-11-20 01:48:11 [INFO] Returned last cached record
2025-11-20 01:48:12 [INFO] Returned last cached record
2025-11-20 01:48:12 [INFO] Returned last cached record
2025-11-20 01:48:12 [INFO] Returned last cached record
2025-11-20 01:48:12 [INFO] Returned last cached record
2025-11-20 01:48:12 [INFO] Cached datetime=2025-11-19T22:48:12+00:00 valid=A lat=60.014750N lon=30.282635E speed=2.65 dir=231.42 sat=5
2025-11-20 01:48:12 [INFO] Returned last cached record
2025-11-20 01:48:12 [INFO] Returned last cached record
2025-11-20 01:48:12 [INFO] Returned last cached record
2025-11-20 01:48:13 [INFO] Returned last cached record
2025-11-20 01:48:13 [INFO] Returned last cached record
2025-11-20 01:48:13 [INFO] Returned last cached record
2025-11-20 01:48:13 [INFO] Returned last cached record
2025-11-20 01:48:13 [INFO] Cached datetime=2025-11-19T22:48:13+00:00 valid=A lat=60.014741N lon=30.282621E speed=2.71 dir=236.61 sat=5
2025-11-20 01:48:13 [INFO] Returned last cached record
2025-11-20 01:48:13 [INFO] Returned last cached record
2025-11-20 01:48:13 [INFO] Returned last cached record
2025-11-20 01:48:14 [INFO] Returned last cached record
2025-11-20 01:48:14 [INFO] Returned last cached record
2025-11-20 01:48:14 [INFO] Returned last cached record
2025-11-20 01:48:14 [INFO] Returned last cached record
2025-11-20 01:48:14 [INFO] Returned last cached record
2025-11-20 01:48:14 [INFO] Cached datetime=2025-11-19T22:48:14+00:00 valid=A lat=60.014732N lon=30.282610E speed=2.75 dir=237.44 sat=5
2025-11-20 01:48:14 [INFO] Returned last cached record
2025-11-20 01:48:14 [INFO] Returned last cached record
2025-11-20 01:48:15 [INFO] Returned last cached record
2025-11-20 01:48:15 [INFO] Returned last cached record
2025-11-20 01:48:15 [INFO] Returned last cached record
2025-11-20 01:48:15 [INFO] Returned last cached record
2025-11-20 01:48:15 [INFO] Cached datetime=2025-11-19T22:48:15+00:00 valid=A lat=60.014723N lon=30.282598E speed=2.59 dir=239.83 sat=5
2025-11-20 01:48:15 [INFO] Returned last cached record
2025-11-20 01:48:15 [INFO] Returned last cached record
2025-11-20 01:48:15 [INFO] Returned last cached record
2025-11-20 01:48:16 [INFO] Returned last cached record
2025-11-20 01:48:16 [INFO] Returned last cached record
2025-11-20 01:48:16 [INFO] Returned last cached record
2025-11-20 01:48:16 [INFO] Returned last cached record
2025-11-20 01:48:16 [INFO] Cached datetime=2025-11-19T22:48:16+00:00 valid=A lat=60.014716N lon=30.282586E speed=2.81 dir=244.95 sat=5
2025-11-20 01:48:16 [INFO] Returned last cached record
2025-11-20 01:48:16 [INFO] Returned last cached record
2025-11-20 01:48:16 [INFO] Returned last cached record
2025-11-20 01:48:17 [INFO] Returned last cached record
2025-11-20 01:48:17 [INFO] Returned last cached record
2025-11-20 01:48:17 [INFO] Returned last cached record
2025-11-20 01:48:17 [INFO] Returned last cached record
2025-11-20 01:48:17 [INFO] Cached datetime=2025-11-19T22:48:17+00:00 valid=A lat=60.014711N lon=30.282568E speed=3.3 dir=255.87 sat=5
2025-11-20 01:48:17 [INFO] Returned last cached record
2025-11-20 01:48:17 [INFO] Returned last cached record
2025-11-20 01:48:17 [INFO] Returned last cached record
2025-11-20 01:48:18 [INFO] Returned last cached record
2025-11-20 01:48:18 [INFO] Returned last cached record
2025-11-20 01:48:18 [INFO] Returned last cached record
2025-11-20 01:48:18 [INFO] Returned last cached record
2025-11-20 01:48:18 [INFO] Cached datetime=2025-11-19T22:48:18+00:00 valid=A lat=60.014708N lon=30.282548E speed=3.25 dir=266.56 sat=5
2025-11-20 01:48:18 [INFO] Returned last cached record
2025-11-20 01:48:18 [INFO] Returned last cached record
2025-11-20 01:48:18 [INFO] Returned last cached record
2025-11-20 01:48:19 [INFO] Returned last cached record
2025-11-20 01:48:19 [INFO] Returned last cached record
2025-11-20 01:48:19 [INFO] Returned last cached record
2025-11-20 01:48:19 [INFO] Returned last cached record
2025-11-20 01:48:19 [INFO] Cached datetime=2025-11-19T22:48:19+00:00 valid=A lat=60.014707N lon=30.282542E speed=2.97 dir=273.56 sat=5
2025-11-20 01:48:19 [INFO] Returned last cached record
2025-11-20 01:48:19 [INFO] Returned last cached record
2025-11-20 01:48:19 [INFO] Returned last cached record
2025-11-20 01:48:20 [INFO] Returned last cached record
2025-11-20 01:48:20 [INFO] Returned last cached record
2025-11-20 01:48:20 [INFO] Returned last cached record
2025-11-20 01:48:20 [INFO] Returned last cached record
2025-11-20 01:48:20 [INFO] Cached datetime=2025-11-19T22:48:20+00:00 valid=A lat=60.014705N lon=30.282538E speed=2.93 dir=273.21 sat=5
2025-11-20 01:48:20 [INFO] Returned last cached record
2025-11-20 01:48:20 [INFO] Returned last cached record
2025-11-20 01:48:20 [INFO] Returned last cached record
2025-11-20 01:48:21 [INFO] Returned last cached record
2025-11-20 01:48:21 [INFO] Returned last cached record
2025-11-20 01:48:21 [INFO] Returned last cached record
2025-11-20 01:48:21 [INFO] Returned last cached record
2025-11-20 01:48:21 [INFO] Cached datetime=2025-11-19T22:48:21+00:00 valid=A lat=60.014705N lon=30.282518E speed=3.36 dir=285.22 sat=5
2025-11-20 01:48:21 [INFO] Returned last cached record
2025-11-20 01:48:21 [INFO] Returned last cached record
2025-11-20 01:48:21 [INFO] Returned last cached record
2025-11-20 01:48:22 [INFO] Returned last cached record
2025-11-20 01:48:22 [INFO] Returned last cached record
2025-11-20 01:48:22 [INFO] Returned last cached record
2025-11-20 01:48:22 [INFO] Returned last cached record
2025-11-20 01:48:22 [INFO] Returned last cached record
2025-11-20 01:48:22 [INFO] Cached datetime=2025-11-19T22:48:22+00:00 valid=A lat=60.014707N lon=30.282510E speed=2.94 dir=286.4 sat=5
2025-11-20 01:48:22 [INFO] Returned last cached record
2025-11-20 01:48:22 [INFO] Returned last cached record
2025-11-20 01:48:23 [INFO] Returned last cached record
2025-11-20 01:48:23 [INFO] Returned last cached record
2025-11-20 01:48:23 [INFO] Returned last cached record
2025-11-20 01:48:23 [INFO] Returned last cached record
2025-11-20 01:48:23 [INFO] Cached datetime=2025-11-19T22:48:23+00:00 valid=A lat=60.014709N lon=30.282494E speed=3.42 dir=295.77 sat=5
2025-11-20 01:48:23 [INFO] Returned last cached record
2025-11-20 01:48:23 [INFO] Returned last cached record
2025-11-20 01:48:23 [INFO] Returned last cached record
2025-11-20 01:48:24 [INFO] Returned last cached record
2025-11-20 01:48:24 [INFO] Returned last cached record
2025-11-20 01:48:24 [INFO] Returned last cached record
2025-11-20 01:48:24 [INFO] Returned last cached record
2025-11-20 01:48:24 [INFO] Cached datetime=2025-11-19T22:48:24+00:00 valid=A lat=60.014717N lon=30.282470E speed=4.25 dir=299.85 sat=4
2025-11-20 01:48:24 [INFO] Returned last cached record
2025-11-20 01:48:24 [INFO] Returned last cached record
2025-11-20 01:48:24 [INFO] Returned last cached record
2025-11-20 01:48:25 [INFO] Returned last cached record
2025-11-20 01:48:25 [INFO] Returned last cached record
2025-11-20 01:48:25 [INFO] Returned last cached record
2025-11-20 01:48:25 [INFO] Returned last cached record
2025-11-20 01:48:25 [INFO] Cached datetime=2025-11-19T22:48:25+00:00 valid=A lat=60.014728N lon=30.282440E speed=4.4 dir=303.91 sat=4
2025-11-20 01:48:25 [INFO] Returned last cached record
2025-11-20 01:48:25 [INFO] Returned last cached record
2025-11-20 01:48:25 [INFO] Returned last cached record
2025-11-20 01:48:26 [INFO] Returned last cached record
2025-11-20 01:48:26 [INFO] Returned last cached record
2025-11-20 01:48:26 [INFO] Returned last cached record
2025-11-20 01:48:26 [INFO] Returned last cached record
2025-11-20 01:48:26 [INFO] Cached datetime=2025-11-19T22:48:26+00:00 valid=A lat=60.014739N lon=30.282410E speed=4.43 dir=306.01 sat=4
2025-11-20 01:48:26 [INFO] Returned last cached record
2025-11-20 01:48:26 [INFO] Returned last cached record
2025-11-20 01:48:26 [INFO] Returned last cached record
2025-11-20 01:48:27 [INFO] Returned last cached record
2025-11-20 01:48:27 [INFO] Returned last cached record
2025-11-20 01:48:27 [INFO] Returned last cached record
2025-11-20 01:48:27 [INFO] Returned last cached record
2025-11-20 01:48:27 [INFO] Cached datetime=2025-11-19T22:48:27+00:00 valid=A lat=60.014751N lon=30.282380E speed=4.49 dir=307.99 sat=4
2025-11-20 01:48:27 [INFO] Returned last cached record
2025-11-20 01:48:27 [INFO] Returned last cached record
2025-11-20 01:48:27 [INFO] Returned last cached record
2025-11-20 01:48:28 [INFO] Returned last cached record
2025-11-20 01:48:28 [INFO] Returned last cached record
2025-11-20 01:48:28 [INFO] Returned last cached record
2025-11-20 01:48:28 [INFO] Returned last cached record
2025-11-20 01:48:28 [INFO] Cached datetime=2025-11-19T22:48:28+00:00 valid=A lat=60.014764N lon=30.282359E speed=4.23 dir=315.9 sat=4
2025-11-20 01:48:28 [INFO] Returned last cached record
2025-11-20 01:48:28 [INFO] Returned last cached record
2025-11-20 01:48:28 [INFO] Returned last cached record
2025-11-20 01:48:29 [INFO] Returned last cached record
2025-11-20 01:48:29 [INFO] Returned last cached record
2025-11-20 01:48:29 [INFO] Returned last cached record
2025-11-20 01:48:29 [INFO] Returned last cached record
2025-11-20 01:48:29 [INFO] Cache trigger reached: 100 >= 100
2025-11-20 01:48:29 [INFO] Cached datetime=2025-11-19T22:48:29+00:00 valid=A lat=60.014778N lon=30.282339E speed=4.4 dir=321.72 sat=4
2025-11-20 01:48:29 [INFO] Flushing 100 cached records (counter was 100)
2025-11-20 01:48:29 [INFO] Inserted 100 records into DB
2025-11-20 01:48:29 [WARNING] Retention: total=150100 > max_rows=150000, pruning...
2025-11-20 01:48:30 [INFO] Retention completed: kept latest 150000 rows
2025-11-20 01:48:30 [INFO] Cached datetime=2025-11-19T22:48:30+00:00 valid=A lat=60.014793N lon=30.282323E speed=4.03 dir=323.73 sat=4
2025-11-20 01:48:30 [INFO] Returned last cached record
2025-11-20 01:48:30 [INFO] Returned last cached record
2025-11-20 01:48:30 [INFO] Returned last cached record
2025-11-20 01:48:31 [INFO] Returned last cached record
2025-11-20 01:48:31 [INFO] Returned last cached record
2025-11-20 01:48:31 [INFO] Returned last cached record
2025-11-20 01:48:31 [INFO] Returned last cached record
2025-11-20 01:48:31 [INFO] Cached datetime=2025-11-19T22:48:31+00:00 valid=A lat=60.014808N lon=30.282311E speed=4.13 dir=321.11 sat=4
2025-11-20 01:48:31 [INFO] Returned last cached record
2025-11-20 01:48:31 [INFO] Returned last cached record
2025-11-20 01:48:31 [INFO] Returned last cached record
2025-11-20 01:48:32 [INFO] Returned last cached record
2025-11-20 01:48:32 [INFO] Returned last cached record
2025-11-20 01:48:32 [INFO] Returned last cached record
2025-11-20 01:48:32 [INFO] Returned last cached record
2025-11-20 01:48:32 [INFO] Cached datetime=2025-11-19T22:48:32+00:00 valid=A lat=60.014822N lon=30.282298E speed=3.9 dir=319.44 sat=4
2025-11-20 01:48:32 [INFO] Returned last cached record
2025-11-20 01:48:32 [INFO] Returned last cached record
2025-11-20 01:48:32 [INFO] Returned last cached record
2025-11-20 01:48:33 [INFO] Returned last cached record
2025-11-20 01:48:33 [INFO] Returned last cached record
2025-11-20 01:48:33 [INFO] Returned last cached record
2025-11-20 01:48:33 [INFO] Returned last cached record
2025-11-20 01:48:33 [INFO] Cached datetime=2025-11-19T22:48:33+00:00 valid=A lat=60.014832N lon=30.282291E speed=2.7 dir=313.07 sat=4
2025-11-20 01:48:33 [INFO] Returned last cached record
2025-11-20 01:48:33 [INFO] Returned last cached record
2025-11-20 01:48:33 [INFO] Returned last cached record
2025-11-20 01:48:34 [INFO] Returned last cached record
2025-11-20 01:48:34 [INFO] Returned last cached record
2025-11-20 01:48:34 [INFO] Returned last cached record
2025-11-20 01:48:34 [INFO] Returned last cached record
2025-11-20 01:48:34 [INFO] Cached datetime=2025-11-19T22:48:34+00:00 valid=A lat=60.014835N lon=30.282285E speed=1.93 dir=313.07 sat=3
2025-11-20 01:48:34 [INFO] Returned last cached record
2025-11-20 01:48:34 [INFO] Returned last cached record
2025-11-20 01:48:34 [INFO] Returned last cached record
2025-11-20 01:48:35 [INFO] Returned last cached record
2025-11-20 01:48:35 [INFO] Returned last cached record
2025-11-20 01:48:35 [INFO] Returned last cached record
2025-11-20 01:48:35 [INFO] Returned last cached record
2025-11-20 01:48:35 [INFO] Cached datetime=2025-11-19T22:48:35+00:00 valid=A lat=60.014831N lon=30.282260E speed=1.86 dir=313.07 sat=3
2025-11-20 01:48:35 [INFO] Returned last cached record
2025-11-20 01:48:35 [INFO] Returned last cached record
2025-11-20 01:48:36 [INFO] Returned last cached record
2025-11-20 01:48:36 [INFO] Returned last cached record
2025-11-20 01:48:36 [INFO] Returned last cached record
2025-11-20 01:48:36 [INFO] Returned last cached record
2025-11-20 01:48:36 [INFO] Cached datetime=2025-11-19T22:48:36+00:00 valid=V lat= lon= speed=None dir=None sat=0
2025-11-20 01:48:36 [INFO] Returned last cached record
2025-11-20 01:48:36 [INFO] Returned last cached record
2025-11-20 01:48:36 [INFO] Returned last cached record
2025-11-20 01:48:37 [INFO] Returned last cached record
2025-11-20 01:48:37 [INFO] Returned last cached record
2025-11-20 01:48:37 [INFO] Returned last cached record
2025-11-20 01:48:37 [INFO] Cached datetime=2025-11-19T22:48:37+00:00 valid=V lat= lon= speed=None dir=None sat=0
2025-11-20 01:48:37 [INFO] Returned last cached record
2025-11-20 01:48:37 [INFO] Returned last cached record
2025-11-20 01:48:37 [INFO] Returned last cached record
2025-11-20 01:48:37 [INFO] Returned last cached record
2025-11-20 01:48:38 [INFO] Returned last cached record
2025-11-20 01:48:38 [INFO] Returned last cached record
2025-11-20 01:48:38 [INFO] Returned last cached record
2025-11-20 01:48:38 [INFO] Cached datetime=2025-11-19T22:48:38+00:00 valid=V lat= lon= speed=None dir=None sat=0
2025-11-20 01:48:38 [INFO] Returned last cached record
2025-11-20 01:48:38 [INFO] Returned last cached record
2025-11-20 01:48:38 [INFO] Returned last cached record
2025-11-20 01:48:38 [INFO] Returned last cached record
2025-11-20 01:48:39 [INFO] Returned last cached record
2025-11-20 01:48:39 [INFO] Returned last cached record
2025-11-20 01:48:39 [INFO] Returned last cached record
2025-11-20 01:48:39 [INFO] Returned last cached record
2025-11-20 01:48:39 [INFO] Cached datetime=2025-11-19T22:48:39+00:00 valid=V lat= lon= speed=None dir=None sat=0
2025-11-20 01:48:39 [INFO] Returned last cached record
2025-11-20 01:48:39 [INFO] Returned last cached record
2025-11-20 01:48:39 [INFO] Returned last cached record
2025-11-20 01:48:39 [INFO] Returned last cached record
2025-11-20 01:48:40 [INFO] Returned last cached record
2025-11-20 01:48:40 [INFO] Returned last cached record
2025-11-20 01:48:40 [INFO] Returned last cached record
2025-11-20 01:48:40 [INFO] Cached datetime=2025-11-19T22:48:40+00:00 valid=V lat= lon= speed=None dir=None sat=0
2025-11-20 01:48:40 [INFO] Returned last cached record
2025-11-20 01:48:40 [INFO] Returned last cached record
2025-11-20 01:48:40 [INFO] Returned last cached record
2025-11-20 01:48:40 [INFO] Returned last cached record
2025-11-20 01:48:41 [INFO] Returned last cached record
2025-11-20 01:48:41 [INFO] Returned last cached record
2025-11-20 01:48:41 [INFO] Returned last cached record
2025-11-20 01:48:41 [INFO] Returned last cached record
2025-11-20 01:48:41 [INFO] Cached datetime=2025-11-19T22:48:41+00:00 valid=V lat= lon= speed=None dir=None sat=0
2025-11-20 01:48:41 [INFO] Returned last cached record
2025-11-20 01:48:41 [INFO] Returned last cached record
2025-11-20 01:48:41 [INFO] Returned last cached record
2025-11-20 01:48:42 [INFO] Returned last cached record
2025-11-20 01:48:42 [INFO] Returned last cached record
2025-11-20 01:48:42 [INFO] Returned last cached record
2025-11-20 01:48:42 [INFO] Returned last cached record
2025-11-20 01:48:42 [INFO] Cached datetime=2025-11-19T22:48:42+00:00 valid=V lat= lon= speed=None dir=None sat=0
2025-11-20 01:48:42 [INFO] Returned last cached record
2025-11-20 01:48:42 [INFO] Returned last cached record
2025-11-20 01:48:42 [INFO] Returned last cached record
2025-11-20 01:48:42 [INFO] Returned last cached record
2025-11-20 01:48:43 [INFO] Returned last cached record
2025-11-20 01:48:43 [INFO] Returned last cached record
2025-11-20 01:48:43 [INFO] Returned last cached record
2025-11-20 01:48:43 [INFO] Cached datetime=2025-11-19T22:48:43+00:00 valid=V lat= lon= speed=None dir=None sat=0
2025-11-20 01:48:43 [INFO] Returned last cached record
2025-11-20 01:48:43 [INFO] Returned last cached record
2025-11-20 01:48:43 [INFO] Returned last cached record
2025-11-20 01:48:43 [INFO] Returned last cached record
2025-11-20 01:48:44 [INFO] Returned last cached record
2025-11-20 01:48:44 [INFO] Returned last cached record
2025-11-20 01:48:44 [INFO] Returned last cached record
2025-11-20 01:48:44 [INFO] Cached datetime=2025-11-19T22:48:44+00:00 valid=V lat= lon= speed=None dir=None sat=0
2025-11-20 01:48:44 [INFO] Returned last cached record
2025-11-20 01:48:44 [INFO] Returned last cached record
2025-11-20 01:48:44 [INFO] Returned last cached record
2025-11-20 01:48:45 [INFO] Returned last cached record
2025-11-20 01:48:45 [INFO] Returned last cached record
2025-11-20 01:48:45 [INFO] Returned last cached record
2025-11-20 01:48:45 [INFO] Returned last cached record
2025-11-20 01:48:45 [INFO] Cached datetime=2025-11-19T22:48:45+00:00 valid=V lat= lon= speed=None dir=None sat=0
2025-11-20 01:48:45 [INFO] Returned last cached record
2025-11-20 01:48:45 [INFO] Returned last cached record
2025-11-20 01:48:45 [INFO] Returned last cached record
2025-11-20 01:48:46 [INFO] Returned last cached record
2025-11-20 01:48:46 [INFO] Returned last cached record
2025-11-20 01:48:46 [INFO] Returned last cached record
2025-11-20 01:48:46 [INFO] Cached datetime=2025-11-19T22:48:46+00:00 valid=V lat= lon= speed=None dir=None sat=0
2025-11-20 01:48:46 [INFO] Returned last cached record
2025-11-20 01:48:46 [INFO] Returned last cached record
2025-11-20 01:48:46 [INFO] Returned last cached record
2025-11-20 01:48:46 [INFO] Returned last cached record
2025-11-20 01:48:47 [INFO] Returned last cached record
2025-11-20 01:48:47 [INFO] Returned last cached record
2025-11-20 01:48:47 [INFO] Returned last cached record
2025-11-20 01:48:47 [INFO] Returned last cached record
2025-11-20 01:48:47 [INFO] Cached datetime=2025-11-19T22:48:47+00:00 valid=V lat= lon= speed=None dir=None sat=0
2025-11-20 01:48:47 [INFO] Returned last cached record
2025-11-20 01:48:47 [INFO] Returned last cached record
2025-11-20 01:48:47 [INFO] Returned last cached record
2025-11-20 01:48:48 [INFO] Returned last cached record
2025-11-20 01:48:48 [INFO] Returned last cached record
2025-11-20 01:48:48 [INFO] Returned last cached record
2025-11-20 01:48:48 [INFO] Returned last cached record
2025-11-20 01:48:48 [INFO] Cached datetime=2025-11-19T22:48:48+00:00 valid=V lat= lon= speed=None dir=None sat=0
2025-11-20 01:48:48 [INFO] Returned last cached record
2025-11-20 01:48:48 [INFO] Returned last cached record
2025-11-20 01:48:48 [INFO] Returned last cached record
2025-11-20 01:48:48 [INFO] Returned last cached record
2025-11-20 01:48:49 [INFO] Returned last cached record
2025-11-20 01:48:49 [INFO] Returned last cached record
2025-11-20 01:48:49 [INFO] Returned last cached record
2025-11-20 01:48:49 [INFO] Returned last cached record
2025-11-20 01:48:49 [INFO] Cached datetime=2025-11-19T22:48:49+00:00 valid=V lat= lon= speed=None dir=None sat=0
2025-11-20 01:48:49 [INFO] Returned last cached record
2025-11-20 01:48:49 [INFO] Returned last cached record
2025-11-20 01:48:49 [INFO] Returned last cached record
2025-11-20 01:48:49 [INFO] Returned last cached record
2025-11-20 01:48:50 [INFO] Returned last cached record
2025-11-20 01:48:50 [INFO] Returned last cached record
2025-11-20 01:48:50 [INFO] Returned last cached record
2025-11-20 01:48:50 [INFO] Cached datetime=2025-11-19T22:48:50+00:00 valid=V lat= lon= speed=None dir=None sat=0
2025-11-20 01:48:50 [INFO] Returned last cached record
2025-11-20 01:48:50 [INFO] Returned last cached record
2025-11-20 01:48:50 [INFO] Returned last cached record
2025-11-20 01:48:50 [INFO] Returned last cached record
2025-11-20 01:48:51 [INFO] Returned last cached record
2025-11-20 01:48:51 [INFO] Returned last cached record
2025-11-20 01:48:51 [INFO] Returned last cached record
2025-11-20 01:48:51 [INFO] Cached datetime=2025-11-19T22:48:51+00:00 valid=V lat= lon= speed=None dir=None sat=0
2025-11-20 01:48:51 [INFO] Returned last cached record
2025-11-20 01:48:51 [INFO] Returned last cached record
2025-11-20 01:48:51 [INFO] Returned last cached record
2025-11-20 01:48:51 [INFO] Returned last cached record
2025-11-20 01:48:52 [INFO] Returned last cached record
2025-11-20 01:48:52 [INFO] Returned last cached record
2025-11-20 01:48:52 [INFO] Returned last cached record
2025-11-20 01:48:52 [INFO] Cached datetime=2025-11-19T22:48:52+00:00 valid=V lat= lon= speed=None dir=None sat=0
2025-11-20 01:48:52 [INFO] Returned last cached record
2025-11-20 01:48:52 [INFO] Returned last cached record
2025-11-20 01:48:52 [INFO] Returned last cached record
2025-11-20 01:48:52 [INFO] Returned last cached record
2025-11-20 01:48:53 [INFO] Returned last cached record
2025-11-20 01:48:53 [INFO] Returned last cached record
2025-11-20 01:48:53 [INFO] Returned last cached record
2025-11-20 01:48:53 [INFO] Cached datetime=2025-11-19T22:48:53+00:00 valid=V lat= lon= speed=None dir=None sat=0
2025-11-20 01:48:53 [INFO] Returned last cached record
2025-11-20 01:48:53 [INFO] Returned last cached record
2025-11-20 01:48:53 [INFO] Returned last cached record
2025-11-20 01:48:53 [INFO] Returned last cached record
2025-11-20 01:48:54 [INFO] Returned last cached record
2025-11-20 01:48:54 [INFO] Returned last cached record
2025-11-20 01:48:54 [INFO] Returned last cached record
2025-11-20 01:48:54 [INFO] Cached datetime=2025-11-19T22:48:54+00:00 valid=V lat= lon= speed=None dir=None sat=0
2025-11-20 01:48:54 [INFO] Returned last cached record
2025-11-20 01:48:54 [INFO] Returned last cached record
2025-11-20 01:48:54 [INFO] Returned last cached record
2025-11-20 01:48:54 [INFO] Returned last cached record
2025-11-20 01:48:54 [INFO] Returned last cached record
2025-11-20 01:48:55 [INFO] Returned last cached record
2025-11-20 01:48:55 [INFO] Returned last cached record
2025-11-20 01:48:55 [INFO] Returned last cached record
2025-11-20 01:48:55 [INFO] Cached datetime=2025-11-19T22:48:55+00:00 valid=V lat= lon= speed=None dir=None sat=0
2025-11-20 01:48:55 [INFO] Returned last cached record
2025-11-20 01:48:55 [INFO] Returned last cached record
2025-11-20 01:48:55 [INFO] Returned last cached record
2025-11-20 01:48:55 [INFO] Returned last cached record
2025-11-20 01:48:56 [INFO] Returned last cached record
2025-11-20 01:48:56 [INFO] Returned last cached record
2025-11-20 01:48:56 [INFO] Returned last cached record
2025-11-20 01:48:56 [INFO] Cached datetime=2025-11-19T22:48:56+00:00 valid=V lat= lon= speed=None dir=None sat=0
2025-11-20 01:48:56 [INFO] Returned last cached record
2025-11-20 01:48:56 [INFO] Returned last cached record
2025-11-20 01:48:56 [INFO] Returned last cached record
2025-11-20 01:48:56 [INFO] Returned last cached record
2025-11-20 01:48:57 [INFO] Returned last cached record
2025-11-20 01:48:57 [INFO] Returned last cached record
2025-11-20 01:48:57 [INFO] Returned last cached record
2025-11-20 01:48:57 [INFO] Cached datetime=2025-11-19T22:48:57+00:00 valid=V lat= lon= speed=None dir=None sat=0
2025-11-20 01:48:57 [INFO] Returned last cached record
2025-11-20 01:48:57 [INFO] Returned last cached record
2025-11-20 01:48:57 [INFO] Returned last cached record
2025-11-20 01:48:57 [INFO] Returned last cached record
2025-11-20 01:48:58 [INFO] Returned last cached record
2025-11-20 01:48:58 [INFO] Returned last cached record
2025-11-20 01:48:58 [INFO] Returned last cached record
2025-11-20 01:48:58 [INFO] Cached datetime=2025-11-19T22:48:58+00:00 valid=V lat= lon= speed=None dir=None sat=0
2025-11-20 01:48:58 [INFO] Returned last cached record
2025-11-20 01:48:58 [INFO] Returned last cached record
2025-11-20 01:48:58 [INFO] Returned last cached record
2025-11-20 01:48:58 [INFO] Returned last cached record
2025-11-20 01:48:59 [INFO] Returned last cached record
2025-11-20 01:48:59 [INFO] Returned last cached record
2025-11-20 01:48:59 [INFO] Returned last cached record
2025-11-20 01:48:59 [INFO] Returned last cached record
2025-11-20 01:48:59 [INFO] Returned last cached record
2025-11-20 01:48:59 [INFO] Cached datetime=2025-11-19T22:48:59+00:00 valid=V lat= lon= speed=None dir=None sat=0
2025-11-20 01:48:59 [INFO] Returned last cached record
2025-11-20 01:48:59 [INFO] Returned last cached record
2025-11-20 01:48:59 [INFO] Returned last cached record
2025-11-20 01:48:59 [INFO] Returned last cached record
2025-11-20 01:49:00 [INFO] Returned last cached record
2025-11-20 01:49:00 [INFO] Returned last cached record
2025-11-20 01:49:00 [INFO] Returned last cached record
2025-11-20 01:49:00 [INFO] Returned last cached record
2025-11-20 01:49:00 [INFO] Cached datetime=2025-11-19T22:49:00+00:00 valid=V lat= lon= speed=None dir=None sat=0
2025-11-20 01:49:00 [INFO] Returned last cached record
2025-11-20 01:49:00 [INFO] Returned last cached record
2025-11-20 01:49:00 [INFO] Returned last cached record
2025-11-20 01:49:01 [INFO] Returned last cached record
2025-11-20 01:49:01 [INFO] Returned last cached record
2025-11-20 01:49:01 [INFO] Returned last cached record
2025-11-20 01:49:01 [INFO] Returned last cached record
2025-11-20 01:49:01 [INFO] Cached datetime=2025-11-19T22:49:01+00:00 valid=V lat= lon= speed=None dir=None sat=0
2025-11-20 01:49:01 [INFO] Returned last cached record
2025-11-20 01:49:01 [INFO] Returned last cached record
2025-11-20 01:49:01 [INFO] Returned last cached record
2025-11-20 01:49:02 [INFO] Returned last cached record
2025-11-20 01:49:02 [INFO] Returned last cached record
2025-11-20 01:49:02 [INFO] Returned last cached record
2025-11-20 01:49:02 [INFO] Cached datetime=2025-11-19T22:49:02+00:00 valid=V lat= lon= speed=None dir=None sat=0
2025-11-20 01:49:02 [INFO] Returned last cached record
2025-11-20 01:49:02 [INFO] Returned last cached record
2025-11-20 01:49:02 [INFO] Returned last cached record
2025-11-20 01:49:02 [INFO] Returned last cached record
2025-11-20 01:49:03 [INFO] Returned last cached record
2025-11-20 01:49:03 [INFO] Returned last cached record
2025-11-20 01:49:03 [INFO] Returned last cached record
2025-11-20 01:49:03 [INFO] Cached datetime=2025-11-19T22:49:03+00:00 valid=V lat= lon= speed=None dir=None sat=0
2025-11-20 01:49:03 [INFO] Returned last cached record
2025-11-20 01:49:03 [INFO] Returned last cached record
2025-11-20 01:49:03 [INFO] Returned last cached record
2025-11-20 01:49:03 [INFO] Returned last cached record
2025-11-20 01:49:04 [INFO] Returned last cached record
2025-11-20 01:49:04 [INFO] Returned last cached record
2025-11-20 01:49:04 [INFO] Returned last cached record
2025-11-20 01:49:04 [INFO] Returned last cached record
2025-11-20 01:49:04 [INFO] Cached datetime=2025-11-19T22:49:04+00:00 valid=V lat= lon= speed=None dir=None sat=0
2025-11-20 01:49:04 [INFO] Returned last cached record
2025-11-20 01:49:04 [INFO] Returned last cached record
2025-11-20 01:49:04 [INFO] Returned last cached record
2025-11-20 01:49:05 [INFO] Returned last cached record
2025-11-20 01:49:05 [INFO] Returned last cached record
2025-11-20 01:49:05 [INFO] Returned last cached record
2025-11-20 01:49:05 [INFO] Cached datetime=2025-11-19T22:49:05+00:00 valid=V lat= lon= speed=None dir=None sat=0
2025-11-20 01:49:05 [INFO] Returned last cached record
2025-11-20 01:49:05 [INFO] Returned last cached record
2025-11-20 01:49:05 [INFO] Returned last cached record
2025-11-20 01:49:05 [INFO] Returned last cached record
2025-11-20 01:49:06 [INFO] Returned last cached record
2025-11-20 01:49:06 [INFO] Returned last cached record
2025-11-20 01:49:06 [INFO] Returned last cached record
2025-11-20 01:49:06 [INFO] Cached datetime=2025-11-19T22:49:06+00:00 valid=V lat= lon= speed=None dir=None sat=0
2025-11-20 01:49:06 [INFO] Returned last cached record
2025-11-20 01:49:06 [INFO] Returned last cached record
2025-11-20 01:49:06 [INFO] Returned last cached record
2025-11-20 01:49:06 [INFO] Returned last cached record
2025-11-20 01:49:07 [INFO] Returned last cached record
2025-11-20 01:49:07 [INFO] Returned last cached record
2025-11-20 01:49:07 [INFO] Returned last cached record
2025-11-20 01:49:07 [INFO] Cached datetime=2025-11-19T22:49:07+00:00 valid=V lat= lon= speed=None dir=None sat=0
2025-11-20 01:49:07 [INFO] Returned last cached record
2025-11-20 01:49:07 [INFO] Returned last cached record
2025-11-20 01:49:07 [INFO] Returned last cached record
2025-11-20 01:49:07 [INFO] Returned last cached record
2025-11-20 01:49:08 [INFO] Returned last cached record
2025-11-20 01:49:08 [INFO] Returned last cached record
2025-11-20 01:49:08 [INFO] Returned last cached record
2025-11-20 01:49:08 [INFO] Returned last cached record
2025-11-20 01:49:08 [INFO] Cached datetime=2025-11-19T22:49:08+00:00 valid=V lat= lon= speed=None dir=None sat=0
2025-11-20 01:49:08 [INFO] Returned last cached record
2025-11-20 01:49:08 [INFO] Returned last cached record
2025-11-20 01:49:08 [INFO] Returned last cached record
2025-11-20 01:49:08 [INFO] Returned last cached record
2025-11-20 01:49:09 [INFO] Returned last cached record
2025-11-20 01:49:09 [INFO] Returned last cached record
2025-11-20 01:49:09 [INFO] Returned last cached record
2025-11-20 01:49:09 [INFO] Cached datetime=2025-11-19T22:49:09+00:00 valid=V lat= lon= speed=None dir=None sat=0
2025-11-20 01:49:09 [INFO] Returned last cached record
2025-11-20 01:49:09 [INFO] Returned last cached record
2025-11-20 01:49:09 [INFO] Returned last cached record
2025-11-20 01:49:09 [INFO] Returned last cached record
2025-11-20 01:49:10 [INFO] Returned last cached record
2025-11-20 01:49:10 [INFO] Returned last cached record
2025-11-20 01:49:10 [INFO] Returned last cached record
2025-11-20 01:49:10 [INFO] Cached datetime=2025-11-19T22:49:10+00:00 valid=V lat= lon= speed=None dir=None sat=0
2025-11-20 01:49:10 [INFO] Returned last cached record
2025-11-20 01:49:10 [INFO] Returned last cached record
2025-11-20 01:49:10 [INFO] Returned last cached record
2025-11-20 01:49:11 [INFO] Returned last cached record
2025-11-20 01:49:11 [INFO] Returned last cached record
2025-11-20 01:49:11 [INFO] Returned last cached record
2025-11-20 01:49:11 [INFO] Returned last cached record
2025-11-20 01:49:11 [INFO] Cached datetime=2025-11-19T22:49:11+00:00 valid=V lat= lon= speed=None dir=None sat=0
2025-11-20 01:49:11 [INFO] Returned last cached record
2025-11-20 01:49:11 [INFO] Returned last cached record
2025-11-20 01:49:11 [INFO] Returned last cached record
2025-11-20 01:49:12 [INFO] Returned last cached record
2025-11-20 01:49:12 [INFO] Returned last cached record
2025-11-20 01:49:12 [INFO] Returned last cached record
2025-11-20 01:49:12 [INFO] Returned last cached record
2025-11-20 01:49:12 [INFO] Cached datetime=2025-11-19T22:49:12+00:00 valid=V lat= lon= speed=None dir=None sat=0
2025-11-20 01:49:12 [INFO] Returned last cached record
2025-11-20 01:49:12 [INFO] Returned last cached record
2025-11-20 01:49:12 [INFO] Returned last cached record
2025-11-20 01:49:12 [INFO] Returned last cached record
2025-11-20 01:49:13 [INFO] Returned last cached record
2025-11-20 01:49:13 [INFO] Returned last cached record
2025-11-20 01:49:13 [INFO] Returned last cached record
2025-11-20 01:49:13 [INFO] Cached datetime=2025-11-19T22:49:13+00:00 valid=V lat= lon= speed=None dir=None sat=0
2025-11-20 01:49:13 [INFO] Returned last cached record
2025-11-20 01:49:13 [INFO] Returned last cached record
2025-11-20 01:49:13 [INFO] Returned last cached record
2025-11-20 01:49:14 [INFO] Returned last cached record
2025-11-20 01:49:14 [INFO] Returned last cached record
2025-11-20 01:49:14 [INFO] Returned last cached record
2025-11-20 01:49:14 [INFO] Returned last cached record
2025-11-20 01:49:14 [INFO] Cached datetime=2025-11-19T22:49:14+00:00 valid=V lat= lon= speed=None dir=None sat=0
2025-11-20 01:49:14 [INFO] Returned last cached record
2025-11-20 01:49:14 [INFO] Returned last cached record
2025-11-20 01:49:14 [INFO] Returned last cached record
2025-11-20 01:49:14 [INFO] Returned last cached record
2025-11-20 01:49:15 [INFO] Returned last cached record
2025-11-20 01:49:15 [INFO] Returned last cached record
2025-11-20 01:49:15 [INFO] Returned last cached record
2025-11-20 01:49:15 [INFO] Cached datetime=2025-11-19T22:49:15+00:00 valid=V lat= lon= speed=None dir=None sat=0
2025-11-20 01:49:15 [INFO] Returned last cached record
2025-11-20 01:49:15 [INFO] Returned last cached record
2025-11-20 01:49:15 [INFO] Returned last cached record
2025-11-20 01:49:15 [INFO] Returned last cached record
2025-11-20 01:49:16 [INFO] Returned last cached record
2025-11-20 01:49:16 [INFO] Returned last cached record
2025-11-20 01:49:16 [INFO] Returned last cached record
2025-11-20 01:49:16 [INFO] Cached datetime=2025-11-19T22:49:16+00:00 valid=V lat= lon= speed=None dir=None sat=0
2025-11-20 01:49:16 [INFO] Returned last cached record
2025-11-20 01:49:16 [INFO] Returned last cached record
2025-11-20 01:49:16 [INFO] Returned last cached record
2025-11-20 01:49:16 [INFO] Returned last cached record
2025-11-20 01:49:17 [INFO] Returned last cached record
2025-11-20 01:49:17 [INFO] Returned last cached record
2025-11-20 01:49:17 [INFO] Returned last cached record
2025-11-20 01:49:17 [INFO] Cached datetime=2025-11-19T22:49:17+00:00 valid=V lat= lon= speed=None dir=None sat=0
2025-11-20 01:49:17 [INFO] Returned last cached record
2025-11-20 01:49:17 [INFO] Returned last cached record
2025-11-20 01:49:17 [INFO] Returned last cached record
2025-11-20 01:49:17 [INFO] Returned last cached record
2025-11-20 01:49:18 [INFO] Returned last cached record
2025-11-20 01:49:18 [INFO] Returned last cached record
2025-11-20 01:49:18 [INFO] Cached datetime=2025-11-19T22:49:18+00:00 valid=V lat= lon= speed=None dir=None sat=0
2025-11-20 01:49:18 [INFO] Returned last cached record
2025-11-20 01:49:18 [INFO] Returned last cached record
2025-11-20 01:49:18 [INFO] Returned last cached record
2025-11-20 01:49:18 [INFO] Returned last cached record
2025-11-20 01:49:19 [INFO] Returned last cached record
2025-11-20 01:49:19 [INFO] Returned last cached record
2025-11-20 01:49:19 [INFO] Returned last cached record
2025-11-20 01:49:19 [INFO] Cached datetime=2025-11-19T22:49:19+00:00 valid=V lat= lon= speed=None dir=None sat=0
2025-11-20 01:49:19 [INFO] Returned last cached record
2025-11-20 01:49:19 [INFO] Returned last cached record
2025-11-20 01:49:19 [INFO] Returned last cached record
2025-11-20 01:49:19 [INFO] Returned last cached record
2025-11-20 01:49:20 [INFO] Returned last cached record
2025-11-20 01:49:20 [INFO] Returned last cached record
2025-11-20 01:49:20 [INFO] Returned last cached record
2025-11-20 01:49:20 [INFO] Cached datetime=2025-11-19T22:49:20+00:00 valid=V lat= lon= speed=None dir=None sat=0
2025-11-20 01:49:20 [INFO] Returned last cached record
2025-11-20 01:49:20 [INFO] Returned last cached record
2025-11-20 01:49:20 [INFO] Returned last cached record
2025-11-20 01:49:20 [INFO] Returned last cached record
2025-11-20 01:49:21 [INFO] Returned last cached record
2025-11-20 01:49:21 [INFO] Returned last cached record
2025-11-20 01:49:21 [INFO] Returned last cached record
2025-11-20 01:49:21 [INFO] Cached datetime=2025-11-19T22:49:21+00:00 valid=V lat= lon= speed=None dir=None sat=0
2025-11-20 01:49:21 [INFO] Returned last cached record
2025-11-20 01:49:21 [INFO] Returned last cached record
2025-11-20 01:49:21 [INFO] Returned last cached record
2025-11-20 01:49:21 [INFO] Returned last cached record
2025-11-20 01:49:22 [INFO] Returned last cached record
2025-11-20 01:49:22 [INFO] Returned last cached record
2025-11-20 01:49:22 [INFO] Returned last cached record
2025-11-20 01:49:22 [INFO] Cached datetime=2025-11-19T22:49:22+00:00 valid=V lat= lon= speed=None dir=None sat=0
2025-11-20 01:49:22 [INFO] Returned last cached record
2025-11-20 01:49:22 [INFO] Returned last cached record
2025-11-20 01:49:22 [INFO] Returned last cached record
2025-11-20 01:49:22 [INFO] Returned last cached record
2025-11-20 01:49:23 [INFO] Returned last cached record
2025-11-20 01:49:23 [INFO] Returned last cached record
2025-11-20 01:49:23 [INFO] Cached datetime=2025-11-19T22:49:23+00:00 valid=V lat= lon= speed=None dir=None sat=0
2025-11-20 01:49:24 [INFO] Cached datetime=2025-11-19T22:49:24+00:00 valid=V lat= lon= speed=None dir=None sat=0
2025-11-20 01:49:25 [INFO] Cached datetime=2025-11-19T22:49:25+00:00 valid=V lat= lon= speed=None dir=None sat=0
2025-11-20 01:49:26 [INFO] Cached datetime=2025-11-19T22:49:26+00:00 valid=V lat= lon= speed=None dir=None sat=0
2025-11-20 01:49:27 [INFO] Cached datetime=2025-11-19T22:49:27+00:00 valid=V lat= lon= speed=None dir=None sat=0
2025-11-20 01:49:28 [INFO] Cached datetime=2025-11-19T22:49:28+00:00 valid=V lat= lon= speed=None dir=None sat=0
2025-11-20 01:49:29 [INFO] Cached datetime=2025-11-19T22:49:29+00:00 valid=V lat= lon= speed=None dir=None sat=0
2025-11-20 01:49:30 [INFO] Cached datetime=2025-11-19T22:49:30+00:00 valid=V lat= lon= speed=None dir=None sat=0
2025-11-20 01:49:31 [INFO] Cached datetime=2025-11-19T22:49:31+00:00 valid=V lat= lon= speed=None dir=None sat=0
2025-11-20 01:49:32 [INFO] Cached datetime=2025-11-19T22:49:32+00:00 valid=V lat= lon= speed=None dir=None sat=0
2025-11-20 01:49:33 [INFO] Cached datetime=2025-11-19T22:49:33+00:00 valid=V lat= lon= speed=None dir=None sat=0
2025-11-20 01:49:34 [INFO] Cached datetime=2025-11-19T22:49:34+00:00 valid=V lat= lon= speed=None dir=None sat=0
2025-11-20 01:49:35 [INFO] Cached datetime=2025-11-19T22:49:35+00:00 valid=V lat= lon= speed=None dir=None sat=0
2025-11-20 01:49:36 [INFO] Cached datetime=2025-11-19T22:49:36+00:00 valid=V lat= lon= speed=None dir=None sat=0
2025-11-20 01:49:37 [INFO] Cached datetime=2025-11-19T22:49:37+00:00 valid=V lat= lon= speed=None dir=None sat=0
2025-11-20 01:49:38 [INFO] Returned last cached record
2025-11-20 01:49:38 [INFO] Cached datetime=2025-11-19T22:49:38+00:00 valid=V lat= lon= speed=None dir=None sat=0
2025-11-20 01:49:38 [INFO] Returned last cached record
2025-11-20 01:49:38 [INFO] Returned last cached record
2025-11-20 01:49:38 [INFO] Returned last cached record
2025-11-20 01:49:39 [INFO] Returned last cached record
2025-11-20 01:49:39 [INFO] Returned last cached record
2025-11-20 01:49:39 [INFO] Returned last cached record
2025-11-20 01:49:39 [INFO] Cached datetime=2025-11-19T22:49:39+00:00 valid=V lat= lon= speed=None dir=None sat=0
2025-11-20 01:49:39 [INFO] Returned last cached record
2025-11-20 01:49:39 [INFO] Returned last cached record
2025-11-20 01:49:39 [INFO] Returned last cached record
2025-11-20 01:49:39 [INFO] Returned last cached record
2025-11-20 01:49:40 [INFO] Returned last cached record
2025-11-20 01:49:40 [INFO] Returned last cached record
2025-11-20 01:49:40 [INFO] Returned last cached record
2025-11-20 01:49:40 [INFO] Returned last cached record
2025-11-20 01:49:40 [INFO] Cached datetime=2025-11-19T22:49:40+00:00 valid=V lat= lon= speed=None dir=None sat=0
2025-11-20 01:49:40 [INFO] Returned last cached record
2025-11-20 01:49:40 [INFO] Returned last cached record
2025-11-20 01:49:40 [INFO] Returned last cached record
2025-11-20 01:49:40 [INFO] Returned last cached record
2025-11-20 01:49:41 [INFO] Returned last cached record
2025-11-20 01:49:41 [INFO] Returned last cached record
2025-11-20 01:49:41 [INFO] Cached datetime=2025-11-19T22:49:41+00:00 valid=V lat= lon= speed=None dir=None sat=0
2025-11-20 01:49:42 [INFO] Cached datetime=2025-11-19T22:49:42+00:00 valid=V lat= lon= speed=None dir=None sat=0
2025-11-20 01:49:43 [INFO] Cached datetime=2025-11-19T22:49:43+00:00 valid=V lat= lon= speed=None dir=None sat=0
2025-11-20 01:49:44 [INFO] Returned last cached record
2025-11-20 01:49:44 [INFO] Cached datetime=2025-11-19T22:49:44+00:00 valid=V lat= lon= speed=None dir=None sat=0
2025-11-20 01:49:45 [INFO] Cached datetime=2025-11-19T22:49:45+00:00 valid=V lat= lon= speed=None dir=None sat=0
2025-11-20 01:49:46 [INFO] Cached datetime=2025-11-19T22:49:46+00:00 valid=V lat= lon= speed=None dir=None sat=0
2025-11-20 01:49:47 [INFO] Cached datetime=2025-11-19T22:49:47+00:00 valid=V lat= lon= speed=None dir=None sat=0
2025-11-20 01:49:48 [INFO] Cached datetime=2025-11-19T22:49:48+00:00 valid=V lat= lon= speed=None dir=None sat=0
2025-11-20 01:49:49 [INFO] Cached datetime=2025-11-19T22:49:49+00:00 valid=V lat= lon= speed=None dir=None sat=0
2025-11-20 01:49:50 [INFO] Cached datetime=2025-11-19T22:49:50+00:00 valid=V lat= lon= speed=None dir=None sat=0
2025-11-20 01:49:51 [INFO] Cached datetime=2025-11-19T22:49:51+00:00 valid=V lat= lon= speed=None dir=None sat=0
2025-11-20 01:49:52 [INFO] Cached datetime=2025-11-19T22:49:52+00:00 valid=V lat= lon= speed=None dir=None sat=0
2025-11-20 01:49:52 [INFO] Returned last cached record
2025-11-20 01:49:53 [INFO] Cached datetime=2025-11-19T22:49:53+00:00 valid=V lat= lon= speed=None dir=None sat=0
2025-11-20 01:49:54 [INFO] Cached datetime=2025-11-19T22:49:54+00:00 valid=V lat= lon= speed=None dir=None sat=0
2025-11-20 01:49:55 [INFO] Cached datetime=2025-11-19T22:49:55+00:00 valid=V lat= lon= speed=None dir=None sat=0
2025-11-20 01:49:56 [INFO] Cached datetime=2025-11-19T22:49:56+00:00 valid=V lat= lon= speed=None dir=None sat=0
2025-11-20 01:49:57 [INFO] Cached datetime=2025-11-19T22:49:57+00:00 valid=V lat= lon= speed=None dir=None sat=0
2025-11-20 01:49:58 [INFO] Cached datetime=2025-11-19T22:49:58+00:00 valid=V lat= lon= speed=None dir=None sat=0
2025-11-20 01:49:59 [INFO] Cached datetime=2025-11-19T22:49:59+00:00 valid=V lat= lon= speed=None dir=None sat=0
2025-11-20 01:50:00 [INFO] Cached datetime=2025-11-19T22:50:00+00:00 valid=V lat= lon= speed=None dir=None sat=0
2025-11-20 01:50:01 [INFO] Cached datetime=2025-11-19T22:50:01+00:00 valid=V lat= lon= speed=None dir=None sat=0
2025-11-20 01:50:02 [INFO] Cached datetime=2025-11-19T22:50:02+00:00 valid=V lat= lon= speed=None dir=None sat=0
2025-11-20 01:50:03 [INFO] Cached datetime=2025-11-19T22:50:03+00:00 valid=V lat= lon= speed=None dir=None sat=0
2025-11-20 01:50:04 [INFO] Cached datetime=2025-11-19T22:50:04+00:00 valid=V lat= lon= speed=None dir=None sat=0
2025-11-20 01:50:05 [INFO] Cached datetime=2025-11-19T22:50:05+00:00 valid=V lat= lon= speed=None dir=None sat=0
2025-11-20 01:50:06 [INFO] Returned last cached record
2025-11-20 01:50:06 [INFO] Cached datetime=2025-11-19T22:50:06+00:00 valid=V lat= lon= speed=None dir=None sat=0
2025-11-20 01:50:07 [INFO] Cached datetime=2025-11-19T22:50:07+00:00 valid=V lat= lon= speed=None dir=None sat=0
2025-11-20 01:50:08 [INFO] Cached datetime=2025-11-19T22:50:08+00:00 valid=V lat= lon= speed=None dir=None sat=0
2025-11-20 01:50:09 [INFO] Cache trigger reached: 100 >= 100
2025-11-20 01:50:09 [INFO] Cached datetime=2025-11-19T22:50:09+00:00 valid=V lat= lon= speed=None dir=None sat=0
2025-11-20 01:50:09 [INFO] Flushing 100 cached records (counter was 100)
2025-11-20 01:50:09 [INFO] Inserted 100 records into DB
2025-11-20 01:50:09 [WARNING] Retention: total=150100 > max_rows=150000, pruning...
2025-11-20 01:50:10 [INFO] Retention completed: kept latest 150000 rows
2025-11-20 01:50:10 [INFO] Cached datetime=2025-11-19T22:50:10+00:00 valid=V lat= lon= speed=None dir=None sat=0
2025-11-20 01:50:11 [INFO] Cached datetime=2025-11-19T22:50:11+00:00 valid=V lat= lon= speed=None dir=None sat=0
2025-11-20 01:50:12 [INFO] Cached datetime=2025-11-19T22:50:12+00:00 valid=V lat= lon= speed=None dir=None sat=0
2025-11-20 01:50:13 [INFO] Cached datetime=2025-11-19T22:50:13+00:00 valid=V lat= lon= speed=None dir=None sat=0
2025-11-20 01:50:14 [INFO] Cached datetime=2025-11-19T22:50:14+00:00 valid=V lat= lon= speed=None dir=None sat=0
2025-11-20 01:50:14 [INFO] Returned last cached record
2025-11-20 01:50:15 [INFO] Cached datetime=2025-11-19T22:50:15+00:00 valid=V lat= lon= speed=None dir=None sat=0
2025-11-20 01:50:16 [INFO] Cached datetime=2025-11-19T22:50:16+00:00 valid=V lat= lon= speed=None dir=None sat=0
2025-11-20 01:50:17 [INFO] Cached datetime=2025-11-19T22:50:17+00:00 valid=V lat= lon= speed=None dir=None sat=0
2025-11-20 01:50:18 [INFO] Cached datetime=2025-11-19T22:50:18+00:00 valid=V lat= lon= speed=None dir=None sat=0
2025-11-20 01:50:18 [INFO] Received signal 2, shutting down...
2025-11-20 01:50:18 [INFO] NMEA reader task cancelled
2025-11-20 01:50:18 [INFO] DB flusher task cancelled
2025-11-20 01:50:19 [INFO] === GNRMC Unified App stopped ===
2025-11-20 01:50:21 [INFO] === GNRMC Unified App starting ===
2025-11-20 01:50:21 [INFO] Config: etc/gnrmc-provider.toml | DB=data/gnrmc.db | MaxRows=150000 | Host=0.0.0.0:7000 | Workers=5 | CacheLen=5000 | CacheTrigger=100
2025-11-20 01:50:21 [INFO] DB initialized at data/gnrmc.db
2025-11-20 01:50:21 [INFO] Reading NMEA from serial: /dev/ttyS3 (baud=9600)
2025-11-20 01:50:21 [INFO] Cached datetime=2025-11-19T22:50:21+00:00 valid=V lat= lon= speed=None dir=None sat=None
2025-11-20 01:50:22 [INFO] Cached datetime=2025-11-19T22:50:22+00:00 valid=V lat= lon= speed=None dir=None sat=0
2025-11-20 01:50:23 [INFO] Returned last cached record
2025-11-20 01:50:23 [INFO] Cached datetime=2025-11-19T22:50:23+00:00 valid=V lat= lon= speed=None dir=None sat=0
2025-11-20 01:50:24 [INFO] Cached datetime=2025-11-19T22:50:24+00:00 valid=V lat= lon= speed=None dir=None sat=0
2025-11-20 01:50:25 [INFO] Cached datetime=2025-11-19T22:50:25+00:00 valid=V lat= lon= speed=None dir=None sat=0
2025-11-20 01:50:26 [INFO] Cached datetime=2025-11-19T22:50:26+00:00 valid=V lat= lon= speed=None dir=None sat=0
2025-11-20 01:50:27 [INFO] Cached datetime=2025-11-19T22:50:27+00:00 valid=V lat= lon= speed=None dir=None sat=0
2025-11-20 01:50:28 [INFO] Cached datetime=2025-11-19T22:50:28+00:00 valid=V lat= lon= speed=None dir=None sat=0
2025-11-20 01:50:29 [INFO] Cached datetime=2025-11-19T22:50:29+00:00 valid=V lat= lon= speed=None dir=None sat=0
2025-11-20 01:50:30 [INFO] Cached datetime=2025-11-19T22:50:30+00:00 valid=V lat= lon= speed=None dir=None sat=0
2025-11-20 01:50:31 [INFO] Cached datetime=2025-11-19T22:50:31+00:00 valid=V lat= lon= speed=None dir=None sat=0
2025-11-20 01:50:32 [INFO] Cached datetime=2025-11-19T22:50:32+00:00 valid=V lat= lon= speed=None dir=None sat=0
2025-11-20 01:50:33 [INFO] Cached datetime=2025-11-19T22:50:33+00:00 valid=V lat= lon= speed=None dir=None sat=0
2025-11-20 01:50:34 [INFO] Cached datetime=2025-11-19T22:50:34+00:00 valid=V lat= lon= speed=None dir=None sat=0
2025-11-20 01:50:35 [INFO] Cached datetime=2025-11-19T22:50:35+00:00 valid=V lat= lon= speed=None dir=None sat=0
2025-11-20 01:50:36 [INFO] Cached datetime=2025-11-19T22:50:36+00:00 valid=V lat= lon= speed=None dir=None sat=0
2025-11-20 01:50:37 [INFO] Cached datetime=2025-11-19T22:50:37+00:00 valid=V lat= lon= speed=None dir=None sat=0
2025-11-20 01:50:38 [INFO] Cached datetime=2025-11-19T22:50:38+00:00 valid=V lat= lon= speed=None dir=None sat=0
2025-11-20 01:50:39 [INFO] Cached datetime=2025-11-19T22:50:39+00:00 valid=V lat= lon= speed=None dir=None sat=0
2025-11-20 01:50:40 [INFO] Returned last cached record
2025-11-20 01:50:40 [INFO] Cached datetime=2025-11-19T22:50:40+00:00 valid=V lat= lon= speed=None dir=None sat=0
2025-11-20 01:50:41 [INFO] Cached datetime=2025-11-19T22:50:41+00:00 valid=V lat= lon= speed=None dir=None sat=0
2025-11-20 01:50:42 [INFO] Cached datetime=2025-11-19T22:50:42+00:00 valid=V lat= lon= speed=None dir=None sat=0
2025-11-20 01:50:43 [INFO] Cached datetime=2025-11-19T22:50:43+00:00 valid=V lat= lon= speed=None dir=None sat=0
2025-11-20 01:50:44 [INFO] Cached datetime=2025-11-19T22:50:44+00:00 valid=V lat= lon= speed=None dir=None sat=0
2025-11-20 01:50:45 [INFO] Cached datetime=2025-11-19T22:50:45+00:00 valid=V lat= lon= speed=None dir=None sat=0
2025-11-20 01:50:46 [INFO] Cached datetime=2025-11-19T22:50:46+00:00 valid=V lat= lon= speed=None dir=None sat=0
2025-11-20 01:50:47 [INFO] Cached datetime=2025-11-19T22:50:47+00:00 valid=V lat= lon= speed=None dir=None sat=0
2025-11-20 01:50:48 [INFO] Cached datetime=2025-11-19T22:50:48+00:00 valid=V lat= lon= speed=None dir=None sat=0
2025-11-20 01:50:49 [INFO] Cached datetime=2025-11-19T22:50:49+00:00 valid=V lat= lon= speed=None dir=None sat=0
2025-11-20 01:50:50 [INFO] Cached datetime=2025-11-19T22:50:50+00:00 valid=V lat= lon= speed=None dir=None sat=0
2025-11-20 01:50:51 [INFO] Cached datetime=2025-11-19T22:50:51+00:00 valid=V lat= lon= speed=None dir=None sat=0
2025-11-20 01:50:52 [INFO] Cached datetime=2025-11-19T22:50:52+00:00 valid=V lat= lon= speed=None dir=None sat=0
2025-11-20 01:50:53 [INFO] Cached datetime=2025-11-19T22:50:53+00:00 valid=V lat= lon= speed=None dir=None sat=0
2025-11-20 01:50:54 [INFO] Cached datetime=2025-11-19T22:50:54+00:00 valid=V lat= lon= speed=None dir=None sat=0
2025-11-20 01:50:55 [INFO] Cached datetime=2025-11-19T22:50:55+00:00 valid=V lat= lon= speed=None dir=None sat=0
2025-11-20 01:50:56 [INFO] Cached datetime=2025-11-19T22:50:56+00:00 valid=V lat= lon= speed=None dir=None sat=0
2025-11-20 01:50:57 [INFO] Cached datetime=2025-11-19T22:50:57+00:00 valid=V lat= lon= speed=None dir=None sat=0
2025-11-20 01:50:58 [INFO] Cached datetime=2025-11-19T22:50:58+00:00 valid=V lat= lon= speed=None dir=None sat=0
2025-11-20 01:50:59 [INFO] Cached datetime=2025-11-19T22:50:59+00:00 valid=V lat= lon= speed=None dir=None sat=0
2025-11-20 01:51:00 [INFO] Cached datetime=2025-11-19T22:51:00+00:00 valid=V lat= lon= speed=None dir=None sat=0
2025-11-20 01:51:01 [INFO] Cached datetime=2025-11-19T22:51:01+00:00 valid=V lat= lon= speed=None dir=None sat=0
2025-11-20 01:51:02 [INFO] Cached datetime=2025-11-19T22:51:02+00:00 valid=V lat= lon= speed=None dir=None sat=0
2025-11-20 01:51:03 [INFO] Cached datetime=2025-11-19T22:51:03+00:00 valid=V lat= lon= speed=None dir=None sat=0
2025-11-20 01:51:04 [INFO] Cached datetime=2025-11-19T22:51:04+00:00 valid=V lat= lon= speed=None dir=None sat=0
2025-11-20 01:51:05 [INFO] Cached datetime=2025-11-19T22:51:05+00:00 valid=V lat= lon= speed=None dir=None sat=0
2025-11-20 01:51:06 [INFO] Cached datetime=2025-11-19T22:51:06+00:00 valid=V lat= lon= speed=None dir=None sat=0
2025-11-20 01:51:07 [INFO] Cached datetime=2025-11-19T22:51:07+00:00 valid=V lat= lon= speed=None dir=None sat=0
2025-11-20 01:51:08 [INFO] Cached datetime=2025-11-19T22:51:08+00:00 valid=V lat= lon= speed=None dir=None sat=0
2025-11-20 01:51:09 [INFO] Cached datetime=2025-11-19T22:51:09+00:00 valid=V lat= lon= speed=None dir=None sat=0
2025-11-20 01:51:10 [INFO] Cached datetime=2025-11-19T22:51:10+00:00 valid=V lat= lon= speed=None dir=None sat=0
2025-11-20 01:51:11 [INFO] Cached datetime=2025-11-19T22:51:11+00:00 valid=V lat= lon= speed=None dir=None sat=0
2025-11-20 01:51:12 [INFO] Cached datetime=2025-11-19T22:51:12+00:00 valid=V lat= lon= speed=None dir=None sat=0
2025-11-20 01:51:13 [INFO] Cached datetime=2025-11-19T22:51:13+00:00 valid=V lat= lon= speed=None dir=None sat=0
2025-11-20 01:51:14 [INFO] Cached datetime=2025-11-19T22:51:14+00:00 valid=V lat= lon= speed=None dir=None sat=0
2025-11-20 01:51:15 [INFO] Cached datetime=2025-11-19T22:51:15+00:00 valid=V lat= lon= speed=None dir=None sat=0
2025-11-20 01:51:16 [INFO] Cached datetime=2025-11-19T22:51:16+00:00 valid=V lat= lon= speed=None dir=None sat=0
2025-11-20 01:51:17 [INFO] Cached datetime=2025-11-19T22:51:17+00:00 valid=V lat= lon= speed=None dir=None sat=0
2025-11-20 01:51:18 [INFO] Cached datetime=2025-11-19T22:51:18+00:00 valid=V lat= lon= speed=None dir=None sat=0
2025-11-20 01:51:19 [INFO] Cached datetime=2025-11-19T22:51:19+00:00 valid=V lat= lon= speed=None dir=None sat=0
2025-11-20 01:51:20 [INFO] Cached datetime=2025-11-19T22:51:20+00:00 valid=V lat= lon= speed=None dir=None sat=0
2025-11-20 01:51:21 [INFO] Cached datetime=2025-11-19T22:51:21+00:00 valid=V lat= lon= speed=None dir=None sat=0
2025-11-20 01:51:22 [INFO] Cached datetime=2025-11-19T22:51:22+00:00 valid=V lat= lon= speed=None dir=None sat=0
2025-11-20 01:51:23 [INFO] Cached datetime=2025-11-19T22:51:23+00:00 valid=V lat= lon= speed=None dir=None sat=0
2025-11-20 01:51:24 [INFO] Cached datetime=2025-11-19T22:51:24+00:00 valid=V lat= lon= speed=None dir=None sat=0
2025-11-20 01:51:25 [INFO] Cached datetime=2025-11-19T22:51:25+00:00 valid=V lat= lon= speed=None dir=None sat=0
2025-11-20 01:51:26 [INFO] Cached datetime=2025-11-19T22:51:26+00:00 valid=V lat= lon= speed=None dir=None sat=0
2025-11-20 01:51:27 [INFO] Cached datetime=2025-11-19T22:51:27+00:00 valid=V lat= lon= speed=None dir=None sat=0
2025-11-20 01:51:28 [INFO] Cached datetime=2025-11-19T22:51:28+00:00 valid=V lat= lon= speed=None dir=None sat=0
2025-11-20 01:51:29 [INFO] Cached datetime=2025-11-19T22:51:29+00:00 valid=V lat= lon= speed=None dir=None sat=0
2025-11-20 01:51:30 [INFO] Cached datetime=2025-11-19T22:51:30+00:00 valid=V lat= lon= speed=None dir=None sat=0
2025-11-20 01:51:31 [INFO] Cached datetime=2025-11-19T22:51:31+00:00 valid=V lat= lon= speed=None dir=None sat=0
2025-11-20 01:51:32 [INFO] Cached datetime=2025-11-19T22:51:32+00:00 valid=V lat= lon= speed=None dir=None sat=0
2025-11-20 01:51:33 [INFO] Cached datetime=2025-11-19T22:51:33+00:00 valid=V lat= lon= speed=None dir=None sat=0
2025-11-20 01:51:34 [INFO] Cached datetime=2025-11-19T22:51:34+00:00 valid=V lat= lon= speed=None dir=None sat=0
2025-11-20 01:51:35 [INFO] Cached datetime=2025-11-19T22:51:35+00:00 valid=V lat= lon= speed=None dir=None sat=0
2025-11-20 01:51:36 [INFO] Cached datetime=2025-11-19T22:51:36+00:00 valid=V lat= lon= speed=None dir=None sat=0
2025-11-20 01:51:37 [INFO] Cached datetime=2025-11-19T22:51:37+00:00 valid=V lat= lon= speed=None dir=None sat=0
2025-11-20 01:51:38 [INFO] Cached datetime=2025-11-19T22:51:38+00:00 valid=V lat= lon= speed=None dir=None sat=0
2025-11-20 01:51:39 [INFO] Cached datetime=2025-11-19T22:51:39+00:00 valid=V lat= lon= speed=None dir=None sat=0
2025-11-20 01:51:40 [INFO] Cached datetime=2025-11-19T22:51:40+00:00 valid=V lat= lon= speed=None dir=None sat=0
2025-11-20 01:51:41 [INFO] Cached datetime=2025-11-19T22:51:41+00:00 valid=V lat= lon= speed=None dir=None sat=0
2025-11-20 01:51:42 [INFO] Cached datetime=2025-11-19T22:51:42+00:00 valid=V lat= lon= speed=None dir=None sat=0
2025-11-20 01:51:43 [INFO] Cached datetime=2025-11-19T22:51:43+00:00 valid=V lat= lon= speed=None dir=None sat=0
2025-11-20 01:51:44 [INFO] Cached datetime=2025-11-19T22:51:44+00:00 valid=V lat= lon= speed=None dir=None sat=0
2025-11-20 01:51:45 [INFO] Cached datetime=2025-11-19T22:51:45+00:00 valid=V lat= lon= speed=None dir=None sat=0
2025-11-20 01:51:46 [INFO] Cached datetime=2025-11-19T22:51:46+00:00 valid=V lat= lon= speed=None dir=None sat=0
2025-11-20 01:51:47 [INFO] Cached datetime=2025-11-19T22:51:47+00:00 valid=V lat= lon= speed=None dir=None sat=0
2025-11-20 01:51:48 [INFO] Cached datetime=2025-11-19T22:51:48+00:00 valid=V lat= lon= speed=None dir=None sat=0
2025-11-20 01:51:49 [INFO] Cached datetime=2025-11-19T22:51:49+00:00 valid=V lat= lon= speed=None dir=None sat=0
2025-11-20 01:51:50 [INFO] Cached datetime=2025-11-19T22:51:50+00:00 valid=V lat= lon= speed=None dir=None sat=0
2025-11-20 01:51:51 [INFO] Cached datetime=2025-11-19T22:51:51+00:00 valid=V lat= lon= speed=None dir=None sat=0
2025-11-20 01:51:52 [INFO] Cached datetime=2025-11-19T22:51:52+00:00 valid=V lat= lon= speed=None dir=None sat=0
2025-11-20 01:51:53 [INFO] Cached datetime=2025-11-19T22:51:53+00:00 valid=V lat= lon= speed=None dir=None sat=0
2025-11-20 01:51:54 [INFO] Cached datetime=2025-11-19T22:51:54+00:00 valid=V lat= lon= speed=None dir=None sat=0
2025-11-20 01:51:55 [INFO] Cached datetime=2025-11-19T22:51:55+00:00 valid=V lat= lon= speed=None dir=None sat=0
2025-11-20 01:51:56 [INFO] Cached datetime=2025-11-19T22:51:56+00:00 valid=V lat= lon= speed=None dir=None sat=0
2025-11-20 01:51:57 [INFO] Cached datetime=2025-11-19T22:51:57+00:00 valid=V lat= lon= speed=None dir=None sat=0
2025-11-20 01:51:58 [INFO] Cached datetime=2025-11-19T22:51:58+00:00 valid=V lat= lon= speed=None dir=None sat=0
2025-11-20 01:51:59 [INFO] Cached datetime=2025-11-19T22:51:59+00:00 valid=V lat= lon= speed=None dir=None sat=0
2025-11-20 01:52:00 [INFO] Cache trigger reached: 100 >= 100
2025-11-20 01:52:00 [INFO] Cached datetime=2025-11-19T22:52:00+00:00 valid=V lat= lon= speed=None dir=None sat=0
2025-11-20 01:52:00 [INFO] Flushing 100 cached records (counter was 100)
2025-11-20 01:52:00 [INFO] Inserted 100 records into DB
2025-11-20 01:52:00 [WARNING] Retention: total=150100 > max_rows=150000, pruning...
2025-11-20 01:52:01 [INFO] Retention completed: kept latest 150000 rows
2025-11-20 01:52:01 [INFO] Cached datetime=2025-11-19T22:52:01+00:00 valid=V lat= lon= speed=None dir=None sat=0
2025-11-20 01:52:02 [INFO] Cached datetime=2025-11-19T22:52:02+00:00 valid=V lat= lon= speed=None dir=None sat=0
2025-11-20 01:52:03 [INFO] Cached datetime=2025-11-19T22:52:03+00:00 valid=V lat= lon= speed=None dir=None sat=0
2025-11-20 01:52:04 [INFO] Cached datetime=2025-11-19T22:52:04+00:00 valid=V lat= lon= speed=None dir=None sat=0
2025-11-20 01:52:05 [INFO] Cached datetime=2025-11-19T22:52:05+00:00 valid=V lat= lon= speed=None dir=None sat=0
2025-11-20 01:52:06 [INFO] Cached datetime=2025-11-19T22:52:06+00:00 valid=V lat= lon= speed=None dir=None sat=0
2025-11-20 01:52:07 [INFO] Cached datetime=2025-11-19T22:52:07+00:00 valid=V lat= lon= speed=None dir=None sat=0
2025-11-20 01:52:08 [INFO] Cached datetime=2025-11-19T22:52:08+00:00 valid=V lat= lon= speed=None dir=None sat=0
2025-11-20 01:52:09 [INFO] Cached datetime=2025-11-19T22:52:09+00:00 valid=V lat= lon= speed=None dir=None sat=0
2025-11-20 01:52:10 [INFO] Cached datetime=2025-11-19T22:52:10+00:00 valid=V lat= lon= speed=None dir=None sat=0
2025-11-20 01:52:11 [INFO] Cached datetime=2025-11-19T22:52:11+00:00 valid=V lat= lon= speed=None dir=None sat=0
2025-11-20 01:52:12 [INFO] Cached datetime=2025-11-19T22:52:12+00:00 valid=V lat= lon= speed=None dir=None sat=0
2025-11-20 01:52:13 [INFO] Cached datetime=2025-11-19T22:52:13+00:00 valid=V lat= lon= speed=None dir=None sat=0
2025-11-20 01:52:14 [INFO] Cached datetime=2025-11-19T22:52:14+00:00 valid=V lat= lon= speed=None dir=None sat=0
2025-11-20 01:52:15 [INFO] Cached datetime=2025-11-19T22:52:15+00:00 valid=V lat= lon= speed=None dir=None sat=0
2025-11-20 01:52:16 [INFO] Cached datetime=2025-11-19T22:52:16+00:00 valid=V lat= lon= speed=None dir=None sat=0
2025-11-20 01:52:17 [INFO] Cached datetime=2025-11-19T22:52:17+00:00 valid=V lat= lon= speed=None dir=None sat=0
2025-11-20 01:52:18 [INFO] Cached datetime=2025-11-19T22:52:18+00:00 valid=V lat= lon= speed=None dir=None sat=0
2025-11-20 01:52:19 [INFO] Cached datetime=2025-11-19T22:52:19+00:00 valid=V lat= lon= speed=None dir=None sat=0
2025-11-20 01:52:20 [INFO] Cached datetime=2025-11-19T22:52:20+00:00 valid=V lat= lon= speed=None dir=None sat=0
2025-11-20 01:52:21 [INFO] Cached datetime=2025-11-19T22:52:21+00:00 valid=V lat= lon= speed=None dir=None sat=0
2025-11-20 01:52:22 [INFO] Cached datetime=2025-11-19T22:52:22+00:00 valid=V lat= lon= speed=None dir=None sat=0
2025-11-20 01:52:23 [INFO] Cached datetime=2025-11-19T22:52:23+00:00 valid=V lat= lon= speed=None dir=None sat=0
2025-11-20 01:52:24 [INFO] Cached datetime=2025-11-19T22:52:24+00:00 valid=V lat= lon= speed=None dir=None sat=0
2025-11-20 01:52:25 [INFO] Cached datetime=2025-11-19T22:52:25+00:00 valid=V lat= lon= speed=None dir=None sat=0
2025-11-20 01:52:26 [INFO] Cached datetime=2025-11-19T22:52:26+00:00 valid=V lat= lon= speed=None dir=None sat=0
2025-11-20 01:52:27 [INFO] Cached datetime=2025-11-19T22:52:27+00:00 valid=V lat= lon= speed=None dir=None sat=0
2025-11-20 01:52:28 [INFO] Cached datetime=2025-11-19T22:52:28+00:00 valid=V lat= lon= speed=None dir=None sat=0
2025-11-20 01:52:29 [INFO] Cached datetime=2025-11-19T22:52:29+00:00 valid=V lat= lon= speed=None dir=None sat=0
2025-11-20 01:52:30 [INFO] Cached datetime=2025-11-19T22:52:30+00:00 valid=V lat= lon= speed=None dir=None sat=0
2025-11-20 01:52:31 [INFO] Cached datetime=2025-11-19T22:52:31+00:00 valid=V lat= lon= speed=None dir=None sat=0
2025-11-20 01:52:32 [INFO] Cached datetime=2025-11-19T22:52:32+00:00 valid=V lat= lon= speed=None dir=None sat=0
2025-11-20 01:52:33 [INFO] Cached datetime=2025-11-19T22:52:33+00:00 valid=V lat= lon= speed=None dir=None sat=0
2025-11-20 01:52:34 [INFO] Cached datetime=2025-11-19T22:52:34+00:00 valid=V lat= lon= speed=None dir=None sat=0
2025-11-20 01:52:35 [INFO] Cached datetime=2025-11-19T22:52:35+00:00 valid=V lat= lon= speed=None dir=None sat=0
2025-11-20 01:52:36 [INFO] Cached datetime=2025-11-19T22:52:36+00:00 valid=V lat= lon= speed=None dir=None sat=0
2025-11-20 01:52:37 [INFO] Cached datetime=2025-11-19T22:52:37+00:00 valid=V lat= lon= speed=None dir=None sat=0
2025-11-20 01:52:38 [INFO] Cached datetime=2025-11-19T22:52:38+00:00 valid=V lat= lon= speed=None dir=None sat=0
2025-11-20 01:52:39 [INFO] Cached datetime=2025-11-19T22:52:39+00:00 valid=V lat= lon= speed=None dir=None sat=0
2025-11-20 01:52:40 [INFO] Cached datetime=2025-11-19T22:52:40+00:00 valid=V lat= lon= speed=None dir=None sat=0
2025-11-20 01:52:41 [INFO] Cached datetime=2025-11-19T22:52:41+00:00 valid=V lat= lon= speed=None dir=None sat=0
2025-11-20 01:52:42 [INFO] Cached datetime=2025-11-19T22:52:42+00:00 valid=V lat= lon= speed=None dir=None sat=0
2025-11-20 01:52:43 [INFO] Cached datetime=2025-11-19T22:52:43+00:00 valid=V lat= lon= speed=None dir=None sat=0
2025-11-20 01:52:44 [INFO] Cached datetime=2025-11-19T22:52:44+00:00 valid=V lat= lon= speed=None dir=None sat=0
2025-11-20 01:52:45 [INFO] Cached datetime=2025-11-19T22:52:45+00:00 valid=V lat= lon= speed=None dir=None sat=0
2025-11-20 01:52:46 [INFO] Cached datetime=2025-11-19T22:52:46+00:00 valid=V lat= lon= speed=None dir=None sat=0
2025-11-20 01:52:47 [INFO] Cached datetime=2025-11-19T22:52:47+00:00 valid=V lat= lon= speed=None dir=None sat=0
2025-11-20 01:52:48 [INFO] Cached datetime=2025-11-19T22:52:48+00:00 valid=V lat= lon= speed=None dir=None sat=0
2025-11-20 01:52:49 [INFO] Cached datetime=2025-11-19T22:52:49+00:00 valid=V lat= lon= speed=None dir=None sat=0
2025-11-20 01:52:50 [INFO] Cached datetime=2025-11-19T22:52:50+00:00 valid=V lat= lon= speed=None dir=None sat=0
2025-11-20 01:52:51 [INFO] Cached datetime=2025-11-19T22:52:51+00:00 valid=V lat= lon= speed=None dir=None sat=0
2025-11-20 01:52:52 [INFO] Cached datetime=2025-11-19T22:52:52+00:00 valid=V lat= lon= speed=None dir=None sat=0
2025-11-20 01:52:53 [INFO] Cached datetime=2025-11-19T22:52:53+00:00 valid=V lat= lon= speed=None dir=None sat=0
2025-11-20 01:52:54 [INFO] Cached datetime=2025-11-19T22:52:54+00:00 valid=V lat= lon= speed=None dir=None sat=0
2025-11-20 01:52:55 [INFO] Cached datetime=2025-11-19T22:52:55+00:00 valid=V lat= lon= speed=None dir=None sat=0
2025-11-20 01:52:56 [INFO] Cached datetime=2025-11-19T22:52:56+00:00 valid=V lat= lon= speed=None dir=None sat=0
2025-11-20 01:52:57 [INFO] Cached datetime=2025-11-19T22:52:57+00:00 valid=V lat= lon= speed=None dir=None sat=0
2025-11-20 01:52:58 [INFO] Cached datetime=2025-11-19T22:52:58+00:00 valid=V lat= lon= speed=None dir=None sat=0
2025-11-20 01:52:59 [INFO] Cached datetime=2025-11-19T22:52:59+00:00 valid=V lat= lon= speed=None dir=None sat=0
2025-11-20 01:53:00 [INFO] Cached datetime=2025-11-19T22:53:00+00:00 valid=V lat= lon= speed=None dir=None sat=0
2025-11-20 01:53:01 [INFO] Cached datetime=2025-11-19T22:53:01+00:00 valid=V lat= lon= speed=None dir=None sat=0
2025-11-20 01:53:02 [INFO] Cached datetime=2025-11-19T22:53:02+00:00 valid=V lat= lon= speed=None dir=None sat=0
2025-11-20 01:53:03 [INFO] Cached datetime=2025-11-19T22:53:03+00:00 valid=V lat= lon= speed=None dir=None sat=0
2025-11-20 01:53:03 [INFO] Received signal 2, shutting down...
2025-11-20 01:53:03 [INFO] NMEA reader task cancelled
2025-11-20 01:53:03 [INFO] DB flusher task cancelled
2025-11-20 01:53:03 [INFO] === GNRMC Unified App stopped ===
2025-11-20 01:53:43 [INFO] === GNRMC Unified App starting ===
2025-11-20 01:53:43 [INFO] Config: etc/gnrmc-provider.toml | DB=data/gnrmc.db | MaxRows=150000 | Host=0.0.0.0:7000 | Workers=5 | CacheLen=5000 | CacheTrigger=100
2025-11-20 01:53:43 [INFO] DB initialized at data/gnrmc.db
2025-11-20 01:53:44 [INFO] Reading NMEA from serial: /dev/ttyS3 (baud=9600)
2025-11-20 01:53:44 [INFO] Cached datetime=2025-11-19T22:53:44+00:00 valid=V lat= lon= speed=None dir=None sat=None
2025-11-20 01:53:45 [INFO] Cached datetime=2025-11-19T22:53:45+00:00 valid=V lat= lon= speed=None dir=None sat=0
2025-11-20 01:53:46 [INFO] Cached datetime=2025-11-19T22:53:46+00:00 valid=V lat= lon= speed=None dir=None sat=0
2025-11-20 01:53:47 [INFO] Cached datetime=2025-11-19T22:53:47+00:00 valid=V lat= lon= speed=None dir=None sat=0
2025-11-20 01:53:48 [INFO] Cached datetime=2025-11-19T22:53:48+00:00 valid=V lat= lon= speed=None dir=None sat=0
2025-11-20 01:53:49 [INFO] Cached datetime=2025-11-19T22:53:49+00:00 valid=V lat= lon= speed=None dir=None sat=0
2025-11-20 01:53:50 [INFO] Cached datetime=2025-11-19T22:53:50+00:00 valid=V lat= lon= speed=None dir=None sat=0
2025-11-20 01:53:51 [INFO] Cached datetime=2025-11-19T22:53:51+00:00 valid=V lat= lon= speed=None dir=None sat=0
2025-11-20 01:53:52 [INFO] Cached datetime=2025-11-19T22:53:52+00:00 valid=V lat= lon= speed=None dir=None sat=0
2025-11-20 01:53:53 [INFO] Cached datetime=2025-11-19T22:53:53+00:00 valid=V lat= lon= speed=None dir=None sat=0
2025-11-20 01:53:54 [INFO] Cached datetime=2025-11-19T22:53:54+00:00 valid=V lat= lon= speed=None dir=None sat=0
2025-11-20 01:53:55 [INFO] Cached datetime=2025-11-19T22:53:55+00:00 valid=V lat= lon= speed=None dir=None sat=0
2025-11-20 01:53:56 [INFO] Cached datetime=2025-11-19T22:53:56+00:00 valid=V lat= lon= speed=None dir=None sat=0
2025-11-20 01:53:57 [INFO] Cached datetime=2025-11-19T22:53:57+00:00 valid=V lat= lon= speed=None dir=None sat=0
2025-11-20 01:53:58 [INFO] Cached datetime=2025-11-19T22:53:58+00:00 valid=V lat= lon= speed=None dir=None sat=0
2025-11-20 01:53:59 [INFO] Cached datetime=2025-11-19T22:53:59+00:00 valid=V lat= lon= speed=None dir=None sat=0
2025-11-20 01:54:00 [INFO] Cached datetime=2025-11-19T22:54:00+00:00 valid=V lat= lon= speed=None dir=None sat=0
2025-11-20 01:54:01 [INFO] Cached datetime=2025-11-19T22:54:01+00:00 valid=V lat= lon= speed=None dir=None sat=0
2025-11-20 01:54:02 [INFO] Cached datetime=2025-11-19T22:54:02+00:00 valid=V lat= lon= speed=None dir=None sat=0
2025-11-20 01:54:03 [INFO] Cached datetime=2025-11-19T22:54:03+00:00 valid=V lat= lon= speed=None dir=None sat=0
2025-11-20 01:54:04 [INFO] Cached datetime=2025-11-19T22:54:04+00:00 valid=V lat= lon= speed=None dir=None sat=0
2025-11-20 01:54:05 [INFO] Cached datetime=2025-11-19T22:54:05+00:00 valid=V lat= lon= speed=None dir=None sat=0
2025-11-20 01:54:06 [INFO] Cached datetime=2025-11-19T22:54:06+00:00 valid=V lat= lon= speed=None dir=None sat=0
2025-11-20 01:54:07 [INFO] Cached datetime=2025-11-19T22:54:07+00:00 valid=V lat= lon= speed=None dir=None sat=0
2025-11-20 01:54:08 [INFO] Cached datetime=2025-11-19T22:54:08+00:00 valid=V lat= lon= speed=None dir=None sat=0
2025-11-20 01:54:09 [INFO] Cached datetime=2025-11-19T22:54:09+00:00 valid=V lat= lon= speed=None dir=None sat=0
2025-11-20 01:54:10 [INFO] Cached datetime=2025-11-19T22:54:10+00:00 valid=V lat= lon= speed=None dir=None sat=0
2025-11-20 01:54:11 [INFO] Cached datetime=2025-11-19T22:54:11+00:00 valid=V lat= lon= speed=None dir=None sat=0
2025-11-20 01:54:12 [INFO] Cached datetime=2025-11-19T22:54:12+00:00 valid=V lat= lon= speed=None dir=None sat=0
2025-11-20 01:54:13 [INFO] Cached datetime=2025-11-19T22:54:13+00:00 valid=V lat= lon= speed=None dir=None sat=0
2025-11-20 01:54:14 [INFO] Received signal 2, shutting down...
2025-11-20 01:54:14 [INFO] NMEA reader task cancelled
2025-11-20 01:54:14 [INFO] DB flusher task cancelled
2025-11-20 01:54:14 [INFO] === GNRMC Unified App stopped ===
2025-11-20 02:11:31 [INFO] === GNRMC Unified App starting ===
2025-11-20 02:11:31 [INFO] Config: etc/gnrmc-provider.toml | DB=data/gnrmc.db | MaxRows=150000 | Host=0.0.0.0:7000 | Workers=5 | CacheLen=5000 | CacheTrigger=100
2025-11-20 02:11:31 [INFO] DB initialized at data/gnrmc.db
2025-11-20 02:11:31 [INFO] Reading NMEA from serial: /dev/ttyS3 (baud=9600)
2025-11-20 02:11:32 [INFO] Cached datetime=2025-11-19T23:11:32+00:00 valid=V lat= lon= speed=None dir=None sat=0
2025-11-20 02:11:33 [INFO] Cached datetime=2025-11-19T23:11:33+00:00 valid=V lat= lon= speed=None dir=None sat=0
2025-11-20 02:11:34 [INFO] Cached datetime=2025-11-19T23:11:34+00:00 valid=V lat= lon= speed=None dir=None sat=0
2025-11-20 02:11:35 [INFO] Cached datetime=2025-11-19T23:11:35+00:00 valid=V lat= lon= speed=None dir=None sat=0
2025-11-20 02:11:36 [INFO] Cached datetime=2025-11-19T23:11:36+00:00 valid=V lat= lon= speed=None dir=None sat=0
2025-11-20 02:11:37 [INFO] Cached datetime=2025-11-19T23:11:37+00:00 valid=V lat= lon= speed=None dir=None sat=0
2025-11-20 02:11:38 [INFO] Cached datetime=2025-11-19T23:11:38+00:00 valid=V lat= lon= speed=None dir=None sat=0
2025-11-20 02:11:39 [INFO] Cached datetime=2025-11-19T23:11:39+00:00 valid=V lat= lon= speed=None dir=None sat=0
2025-11-20 02:11:40 [INFO] Cached datetime=2025-11-19T23:11:40+00:00 valid=V lat= lon= speed=None dir=None sat=0
2025-11-20 02:11:41 [INFO] Cached datetime=2025-11-19T23:11:41+00:00 valid=V lat= lon= speed=None dir=None sat=0
2025-11-20 02:11:42 [INFO] Cached datetime=2025-11-19T23:11:42+00:00 valid=V lat= lon= speed=None dir=None sat=0
2025-11-20 02:11:43 [INFO] Cached datetime=2025-11-19T23:11:43+00:00 valid=V lat= lon= speed=None dir=None sat=0
2025-11-20 02:11:44 [INFO] Cached datetime=2025-11-19T23:11:44+00:00 valid=V lat= lon= speed=None dir=None sat=0
2025-11-20 02:11:45 [INFO] Cached datetime=2025-11-19T23:11:45+00:00 valid=V lat= lon= speed=None dir=None sat=0
2025-11-20 02:11:46 [INFO] Cached datetime=2025-11-19T23:11:46+00:00 valid=V lat= lon= speed=None dir=None sat=0
2025-11-20 02:11:47 [INFO] Cached datetime=2025-11-19T23:11:47+00:00 valid=V lat= lon= speed=None dir=None sat=0
2025-11-20 02:11:48 [INFO] Cached datetime=2025-11-19T23:11:48+00:00 valid=V lat= lon= speed=None dir=None sat=0
2025-11-20 02:11:49 [INFO] Cached datetime=2025-11-19T23:11:49+00:00 valid=V lat= lon= speed=None dir=None sat=0
2025-11-20 02:11:50 [INFO] Cached datetime=2025-11-19T23:11:50+00:00 valid=V lat= lon= speed=None dir=None sat=0
2025-11-20 02:11:51 [INFO] Cached datetime=2025-11-19T23:11:51+00:00 valid=V lat= lon= speed=None dir=None sat=0
2025-11-20 02:11:52 [INFO] Cached datetime=2025-11-19T23:11:52+00:00 valid=V lat= lon= speed=None dir=None sat=0
2025-11-20 02:11:53 [INFO] Cached datetime=2025-11-19T23:11:53+00:00 valid=V lat= lon= speed=None dir=None sat=0
2025-11-20 02:11:54 [INFO] Cached datetime=2025-11-19T23:11:54+00:00 valid=V lat= lon= speed=None dir=None sat=0
2025-11-20 02:11:55 [INFO] Cached datetime=2025-11-19T23:11:55+00:00 valid=V lat= lon= speed=None dir=None sat=0
2025-11-20 02:11:56 [INFO] Cached datetime=2025-11-19T23:11:56+00:00 valid=V lat= lon= speed=None dir=None sat=0
2025-11-20 02:11:57 [INFO] Cached datetime=2025-11-19T23:11:57+00:00 valid=V lat= lon= speed=None dir=None sat=0
2025-11-20 02:11:58 [INFO] Cached datetime=2025-11-19T23:11:58+00:00 valid=V lat= lon= speed=None dir=None sat=0
2025-11-20 02:11:59 [INFO] Cached datetime=2025-11-19T23:11:59+00:00 valid=V lat= lon= speed=None dir=None sat=0
2025-11-20 02:12:00 [INFO] Cached datetime=2025-11-19T23:12:00+00:00 valid=V lat= lon= speed=None dir=None sat=0
2025-11-20 02:12:01 [INFO] Cached datetime=2025-11-19T23:12:01+00:00 valid=V lat= lon= speed=None dir=None sat=0
2025-11-20 02:12:02 [INFO] Cached datetime=2025-11-19T23:12:02+00:00 valid=V lat= lon= speed=None dir=None sat=0
2025-11-20 02:12:03 [INFO] Cached datetime=2025-11-19T23:12:03+00:00 valid=V lat= lon= speed=None dir=None sat=0
2025-11-20 02:12:04 [INFO] Cached datetime=2025-11-19T23:12:04+00:00 valid=V lat= lon= speed=None dir=None sat=0
2025-11-20 02:12:05 [INFO] Cached datetime=2025-11-19T23:12:05+00:00 valid=V lat= lon= speed=None dir=None sat=0
2025-11-20 02:12:06 [INFO] Cached datetime=2025-11-19T23:12:06+00:00 valid=V lat= lon= speed=None dir=None sat=0
2025-11-20 02:12:07 [INFO] Cached datetime=2025-11-19T23:12:07+00:00 valid=V lat= lon= speed=None dir=None sat=0
2025-11-20 02:12:08 [INFO] Cached datetime=2025-11-19T23:12:08+00:00 valid=V lat= lon= speed=None dir=None sat=0
2025-11-20 02:12:09 [INFO] Cached datetime=2025-11-19T23:12:09+00:00 valid=V lat= lon= speed=None dir=None sat=0
2025-11-20 02:12:10 [INFO] Cached datetime=2025-11-19T23:12:10+00:00 valid=V lat= lon= speed=None dir=None sat=0
2025-11-20 02:12:11 [INFO] Cached datetime=2025-11-19T23:12:11+00:00 valid=V lat= lon= speed=None dir=None sat=0
2025-11-20 02:12:12 [INFO] Cached datetime=2025-11-19T23:12:12+00:00 valid=V lat= lon= speed=None dir=None sat=0
2025-11-20 02:12:13 [INFO] Cached datetime=2025-11-19T23:12:13+00:00 valid=V lat= lon= speed=None dir=None sat=0
2025-11-20 02:12:14 [INFO] Cached datetime=2025-11-19T23:12:14+00:00 valid=V lat= lon= speed=None dir=None sat=0
2025-11-20 02:12:15 [INFO] Cached datetime=2025-11-19T23:12:15+00:00 valid=V lat= lon= speed=None dir=None sat=0
2025-11-20 02:12:16 [INFO] Cached datetime=2025-11-19T23:12:16+00:00 valid=V lat= lon= speed=None dir=None sat=0
2025-11-20 02:12:17 [INFO] Cached datetime=2025-11-19T23:12:17+00:00 valid=V lat= lon= speed=None dir=None sat=0
2025-11-20 02:12:18 [INFO] Cached datetime=2025-11-19T23:12:18+00:00 valid=V lat= lon= speed=None dir=None sat=0
2025-11-20 02:12:19 [INFO] Cached datetime=2025-11-19T23:12:19+00:00 valid=V lat= lon= speed=None dir=None sat=0
2025-11-20 02:12:20 [INFO] Cached datetime=2025-11-19T23:12:20+00:00 valid=V lat= lon= speed=None dir=None sat=0
2025-11-20 02:12:21 [INFO] Cached datetime=2025-11-19T23:12:21+00:00 valid=V lat= lon= speed=None dir=None sat=0
2025-11-20 02:12:22 [INFO] Cached datetime=2025-11-19T23:12:22+00:00 valid=V lat= lon= speed=None dir=None sat=0
2025-11-20 02:12:23 [INFO] Cached datetime=2025-11-19T23:12:23+00:00 valid=V lat= lon= speed=None dir=None sat=0
2025-11-20 02:12:24 [INFO] Cached datetime=2025-11-19T23:12:24+00:00 valid=V lat= lon= speed=None dir=None sat=0
2025-11-20 02:12:25 [INFO] Cached datetime=2025-11-19T23:12:25+00:00 valid=V lat= lon= speed=None dir=None sat=0
2025-11-20 02:12:26 [INFO] Cached datetime=2025-11-19T23:12:26+00:00 valid=V lat= lon= speed=None dir=None sat=0
2025-11-20 02:12:27 [INFO] Cached datetime=2025-11-19T23:12:27+00:00 valid=V lat= lon= speed=None dir=None sat=0
2025-11-20 02:12:28 [INFO] Cached datetime=2025-11-19T23:12:28+00:00 valid=V lat= lon= speed=None dir=None sat=0
2025-11-20 02:12:29 [INFO] Cached datetime=2025-11-19T23:12:29+00:00 valid=V lat= lon= speed=None dir=None sat=0
2025-11-20 02:12:30 [INFO] Cached datetime=2025-11-19T23:12:30+00:00 valid=V lat= lon= speed=None dir=None sat=0
2025-11-20 02:12:31 [INFO] Cached datetime=2025-11-19T23:12:31+00:00 valid=V lat= lon= speed=None dir=None sat=0
2025-11-20 02:12:32 [INFO] Cached datetime=2025-11-19T23:12:32+00:00 valid=V lat= lon= speed=None dir=None sat=0
2025-11-20 02:12:33 [INFO] Cached datetime=2025-11-19T23:12:33+00:00 valid=V lat= lon= speed=None dir=None sat=0
2025-11-20 02:12:34 [INFO] Cached datetime=2025-11-19T23:12:34+00:00 valid=V lat= lon= speed=None dir=None sat=0
2025-11-20 02:12:35 [INFO] Cached datetime=2025-11-19T23:12:35+00:00 valid=V lat= lon= speed=None dir=None sat=0
2025-11-20 02:12:36 [INFO] Cached datetime=2025-11-19T23:12:36+00:00 valid=V lat= lon= speed=None dir=None sat=0
2025-11-20 02:12:37 [INFO] Cached datetime=2025-11-19T23:12:37+00:00 valid=V lat= lon= speed=None dir=None sat=0
2025-11-20 02:12:38 [INFO] Cached datetime=2025-11-19T23:12:38+00:00 valid=V lat= lon= speed=None dir=None sat=0
2025-11-20 02:12:39 [INFO] Cached datetime=2025-11-19T23:12:39+00:00 valid=V lat= lon= speed=None dir=None sat=0
2025-11-20 02:12:40 [INFO] Cached datetime=2025-11-19T23:12:40+00:00 valid=V lat= lon= speed=None dir=None sat=0
2025-11-20 02:12:41 [INFO] Cached datetime=2025-11-19T23:12:41+00:00 valid=V lat= lon= speed=None dir=None sat=0
2025-11-20 02:12:42 [INFO] Cached datetime=2025-11-19T23:12:42+00:00 valid=V lat= lon= speed=None dir=None sat=0
2025-11-20 02:12:43 [INFO] Cached datetime=2025-11-19T23:12:43+00:00 valid=V lat= lon= speed=None dir=None sat=0
2025-11-20 02:12:44 [INFO] Cached datetime=2025-11-19T23:12:44+00:00 valid=V lat= lon= speed=None dir=None sat=0
2025-11-20 02:12:45 [INFO] Cached datetime=2025-11-19T23:12:45+00:00 valid=V lat= lon= speed=None dir=None sat=0
2025-11-20 02:12:46 [INFO] Cached datetime=2025-11-19T23:12:46+00:00 valid=V lat= lon= speed=None dir=None sat=0
2025-11-20 02:12:47 [INFO] Cached datetime=2025-11-19T23:12:47+00:00 valid=V lat= lon= speed=None dir=None sat=0
2025-11-20 02:12:48 [INFO] Cached datetime=2025-11-19T23:12:48+00:00 valid=V lat= lon= speed=None dir=None sat=0
2025-11-20 02:12:49 [INFO] Cached datetime=2025-11-19T23:12:49+00:00 valid=V lat= lon= speed=None dir=None sat=0
2025-11-20 02:12:50 [INFO] Cached datetime=2025-11-19T23:12:50+00:00 valid=V lat= lon= speed=None dir=None sat=0
2025-11-20 02:12:51 [INFO] Cached datetime=2025-11-19T23:12:51+00:00 valid=V lat= lon= speed=None dir=None sat=0
2025-11-20 02:12:52 [INFO] Cached datetime=2025-11-19T23:12:52+00:00 valid=V lat= lon= speed=None dir=None sat=0
2025-11-20 02:12:53 [INFO] Cached datetime=2025-11-19T23:12:53+00:00 valid=V lat= lon= speed=None dir=None sat=0
2025-11-20 02:12:54 [INFO] Cached datetime=2025-11-19T23:12:54+00:00 valid=V lat= lon= speed=None dir=None sat=0
2025-11-20 02:12:55 [INFO] Cached datetime=2025-11-19T23:12:55+00:00 valid=V lat= lon= speed=None dir=None sat=0
2025-11-20 02:12:56 [INFO] Cached datetime=2025-11-19T23:12:56+00:00 valid=V lat= lon= speed=None dir=None sat=0
2025-11-20 02:12:57 [INFO] Cached datetime=2025-11-19T23:12:57+00:00 valid=V lat= lon= speed=None dir=None sat=0
2025-11-20 02:12:58 [INFO] Cached datetime=2025-11-19T23:12:58+00:00 valid=V lat= lon= speed=None dir=None sat=0
2025-11-20 02:12:59 [INFO] Cached datetime=2025-11-19T23:12:59+00:00 valid=V lat= lon= speed=None dir=None sat=0
2025-11-20 02:13:00 [INFO] Cached datetime=2025-11-19T23:13:00+00:00 valid=V lat= lon= speed=None dir=None sat=0
2025-11-20 02:13:01 [INFO] Cached datetime=2025-11-19T23:13:01+00:00 valid=V lat= lon= speed=None dir=None sat=0
2025-11-20 02:13:02 [INFO] Cached datetime=2025-11-19T23:13:02+00:00 valid=V lat= lon= speed=None dir=None sat=0
2025-11-20 02:13:03 [INFO] Cached datetime=2025-11-19T23:13:03+00:00 valid=V lat= lon= speed=None dir=None sat=0
2025-11-20 02:13:04 [INFO] Cached datetime=2025-11-19T23:13:04+00:00 valid=V lat= lon= speed=None dir=None sat=0
2025-11-20 02:13:05 [INFO] Cached datetime=2025-11-19T23:13:05+00:00 valid=V lat= lon= speed=None dir=None sat=0
2025-11-20 02:13:06 [INFO] Cached datetime=2025-11-19T23:13:06+00:00 valid=V lat= lon= speed=None dir=None sat=0
2025-11-20 02:13:07 [INFO] Cached datetime=2025-11-19T23:13:07+00:00 valid=V lat= lon= speed=None dir=None sat=0
2025-11-20 02:13:08 [INFO] Cached datetime=2025-11-19T23:13:08+00:00 valid=V lat= lon= speed=None dir=None sat=0
2025-11-20 02:13:09 [INFO] Cached datetime=2025-11-19T23:13:09+00:00 valid=V lat= lon= speed=None dir=None sat=0
2025-11-20 02:13:10 [INFO] Cached datetime=2025-11-19T23:13:10+00:00 valid=V lat= lon= speed=None dir=None sat=0
2025-11-20 02:13:11 [INFO] Cache trigger reached: 100 >= 100
2025-11-20 02:13:11 [INFO] Cached datetime=2025-11-19T23:13:11+00:00 valid=V lat= lon= speed=None dir=None sat=0
2025-11-20 02:13:11 [INFO] Flushing 100 cached records (counter was 100)
2025-11-20 02:13:11 [INFO] Inserted 100 records into DB
2025-11-20 02:13:11 [WARNING] Retention: total=150100 > max_rows=150000, pruning...
2025-11-20 02:13:12 [INFO] Cached datetime=2025-11-19T23:13:12+00:00 valid=V lat= lon= speed=None dir=None sat=0
2025-11-20 02:13:12 [INFO] Retention completed: kept latest 150000 rows
2025-11-20 02:13:13 [INFO] Cached datetime=2025-11-19T23:13:13+00:00 valid=V lat= lon= speed=None dir=None sat=0
2025-11-20 02:13:14 [INFO] Cached datetime=2025-11-19T23:13:14+00:00 valid=V lat= lon= speed=None dir=None sat=0
2025-11-20 02:13:15 [INFO] Cached datetime=2025-11-19T23:13:15+00:00 valid=V lat= lon= speed=None dir=None sat=0
2025-11-20 02:13:16 [INFO] Cached datetime=2025-11-19T23:13:16+00:00 valid=V lat= lon= speed=None dir=None sat=0
2025-11-20 02:13:17 [INFO] Cached datetime=2025-11-19T23:13:17+00:00 valid=V lat= lon= speed=None dir=None sat=0
2025-11-20 02:13:18 [INFO] Cached datetime=2025-11-19T23:13:18+00:00 valid=V lat= lon= speed=None dir=None sat=0
2025-11-20 02:13:19 [INFO] Cached datetime=2025-11-19T23:13:19+00:00 valid=V lat= lon= speed=None dir=None sat=0
2025-11-20 02:13:20 [INFO] Cached datetime=2025-11-19T23:13:20+00:00 valid=V lat= lon= speed=None dir=None sat=0
2025-11-20 02:13:21 [INFO] Cached datetime=2025-11-19T23:13:21+00:00 valid=V lat= lon= speed=None dir=None sat=0
2025-11-20 02:13:22 [INFO] Cached datetime=2025-11-19T23:13:22+00:00 valid=V lat= lon= speed=None dir=None sat=0
2025-11-20 02:13:23 [INFO] Cached datetime=2025-11-19T23:13:23+00:00 valid=V lat= lon= speed=None dir=None sat=0
2025-11-20 02:13:24 [INFO] Cached datetime=2025-11-19T23:13:24+00:00 valid=V lat= lon= speed=None dir=None sat=0
2025-11-20 02:13:25 [INFO] Cached datetime=2025-11-19T23:13:25+00:00 valid=V lat= lon= speed=None dir=None sat=0
2025-11-20 02:13:26 [INFO] Cached datetime=2025-11-19T23:13:26+00:00 valid=V lat= lon= speed=None dir=None sat=0
2025-11-20 02:13:27 [INFO] Cached datetime=2025-11-19T23:13:27+00:00 valid=V lat= lon= speed=None dir=None sat=0
2025-11-20 02:13:28 [INFO] Cached datetime=2025-11-19T23:13:28+00:00 valid=V lat= lon= speed=None dir=None sat=0
2025-11-20 02:13:29 [INFO] Cached datetime=2025-11-19T23:13:29+00:00 valid=V lat= lon= speed=None dir=None sat=0
2025-11-20 02:13:30 [INFO] Cached datetime=2025-11-19T23:13:30+00:00 valid=V lat= lon= speed=None dir=None sat=0
2025-11-20 02:13:31 [INFO] Cached datetime=2025-11-19T23:13:31+00:00 valid=V lat= lon= speed=None dir=None sat=0
2025-11-20 02:13:32 [INFO] Cached datetime=2025-11-19T23:13:32+00:00 valid=V lat= lon= speed=None dir=None sat=0
2025-11-20 02:13:33 [INFO] Cached datetime=2025-11-19T23:13:33+00:00 valid=V lat= lon= speed=None dir=None sat=0
2025-11-20 02:13:34 [INFO] Cached datetime=2025-11-19T23:13:34+00:00 valid=V lat= lon= speed=None dir=None sat=0
2025-11-20 02:13:35 [INFO] Cached datetime=2025-11-19T23:13:35+00:00 valid=V lat= lon= speed=None dir=None sat=0
2025-11-20 02:13:36 [INFO] Cached datetime=2025-11-19T23:13:36+00:00 valid=V lat= lon= speed=None dir=None sat=0
2025-11-20 02:13:36 [INFO] Received signal 2, shutting down...
2025-11-20 02:13:36 [INFO] NMEA reader task cancelled
2025-11-20 02:13:36 [INFO] DB flusher task cancelled
2025-11-20 02:13:36 [INFO] === GNRMC Unified App stopped ===
2026-02-09 21:44:26 [INFO] === GNRMC Unified App starting ===
2026-02-09 21:44:26 [INFO] Config: /home/teamhd/Projects/NMEA-SQL-Py/etc/config_example.toml | DB=data/gnrmc.db | MaxRows=150000 | Host=0.0.0.0:7000 | Workers=2 | CacheLen=5000 | CacheTrigger=100
2026-02-09 21:44:26 [INFO] DB initialized at data/gnrmc.db
2026-02-09 21:44:26 [INFO] Reading NMEA from serial: /dev/ttyS3 (baud=9600)
2026-02-09 21:44:27 [INFO] Cached key_id=0, datetime=2026-02-09T18:44:27+00:00 valid=A lat=60.015081N lon=30.283835E speed=0.0 dir=0.0 sat=16
2026-02-09 21:44:28 [INFO] Cached key_id=0, datetime=2026-02-09T18:44:28+00:00 valid=A lat=60.015081N lon=30.283835E speed=0.0 dir=0.0 sat=16
2026-02-09 21:44:29 [INFO] Cached key_id=0, datetime=2026-02-09T18:44:29+00:00 valid=A lat=60.015081N lon=30.283835E speed=0.0 dir=0.0 sat=16
2026-02-09 21:44:30 [INFO] Cached key_id=0, datetime=2026-02-09T18:44:30+00:00 valid=A lat=60.015081N lon=30.283835E speed=0.0 dir=0.0 sat=16
2026-02-09 21:44:31 [INFO] Cached key_id=0, datetime=2026-02-09T18:44:31+00:00 valid=A lat=60.015081N lon=30.283835E speed=0.0 dir=0.0 sat=16
2026-02-09 21:44:32 [INFO] Cached key_id=0, datetime=2026-02-09T18:44:32+00:00 valid=A lat=60.015081N lon=30.283835E speed=0.0 dir=0.0 sat=16
2026-02-09 21:44:33 [INFO] Cached key_id=0, datetime=2026-02-09T18:44:33+00:00 valid=A lat=60.015081N lon=30.283835E speed=0.0 dir=0.0 sat=16
2026-02-09 21:44:34 [INFO] Cached key_id=0, datetime=2026-02-09T18:44:34+00:00 valid=A lat=60.015081N lon=30.283835E speed=0.0 dir=0.0 sat=16
2026-02-09 21:44:35 [INFO] Cached key_id=0, datetime=2026-02-09T18:44:35+00:00 valid=A lat=60.015081N lon=30.283835E speed=0.0 dir=0.0 sat=16
2026-02-09 21:44:36 [INFO] Cached key_id=0, datetime=2026-02-09T18:44:36+00:00 valid=A lat=60.015081N lon=30.283834E speed=0.0 dir=0.0 sat=16
2026-02-09 21:44:37 [INFO] Cached key_id=0, datetime=2026-02-09T18:44:37+00:00 valid=A lat=60.015081N lon=30.283835E speed=0.0 dir=0.0 sat=16
2026-02-09 21:44:38 [INFO] Cached key_id=0, datetime=2026-02-09T18:44:38+00:00 valid=A lat=60.015081N lon=30.283835E speed=0.0 dir=0.0 sat=16
2026-02-09 21:44:39 [INFO] Cached key_id=0, datetime=2026-02-09T18:44:39+00:00 valid=A lat=60.015081N lon=30.283835E speed=0.0 dir=0.0 sat=16
2026-02-09 21:44:40 [INFO] Cached key_id=0, datetime=2026-02-09T18:44:40+00:00 valid=A lat=60.015081N lon=30.283835E speed=0.0 dir=0.0 sat=16
2026-02-09 21:44:41 [INFO] Cached key_id=0, datetime=2026-02-09T18:44:41+00:00 valid=A lat=60.015081N lon=30.283835E speed=0.0 dir=0.0 sat=16
2026-02-09 21:44:42 [INFO] Cached key_id=0, datetime=2026-02-09T18:44:42+00:00 valid=A lat=60.015081N lon=30.283835E speed=0.0 dir=0.0 sat=16
2026-02-09 21:44:43 [INFO] Cached key_id=0, datetime=2026-02-09T18:44:43+00:00 valid=A lat=60.015081N lon=30.283835E speed=0.0 dir=0.0 sat=16
2026-02-09 21:44:44 [INFO] Cached key_id=0, datetime=2026-02-09T18:44:44+00:00 valid=A lat=60.015081N lon=30.283835E speed=0.0 dir=0.0 sat=16
2026-02-09 21:44:45 [INFO] Cached key_id=0, datetime=2026-02-09T18:44:45+00:00 valid=A lat=60.015081N lon=30.283835E speed=0.0 dir=0.0 sat=16
2026-02-09 21:44:46 [INFO] Cached key_id=0, datetime=2026-02-09T18:44:46+00:00 valid=A lat=60.015081N lon=30.283835E speed=0.0 dir=0.0 sat=16
2026-02-09 21:44:47 [INFO] Cached key_id=0, datetime=2026-02-09T18:44:47+00:00 valid=A lat=60.015082N lon=30.283835E speed=0.0 dir=0.0 sat=16
2026-02-09 21:44:48 [INFO] Cached key_id=0, datetime=2026-02-09T18:44:48+00:00 valid=A lat=60.015082N lon=30.283835E speed=0.0 dir=0.0 sat=16
2026-02-09 21:44:49 [INFO] Cached key_id=0, datetime=2026-02-09T18:44:49+00:00 valid=A lat=60.015082N lon=30.283835E speed=0.0 dir=0.0 sat=16
2026-02-09 21:44:50 [INFO] Cached key_id=0, datetime=2026-02-09T18:44:50+00:00 valid=A lat=60.015081N lon=30.283835E speed=0.0 dir=0.0 sat=15
2026-02-09 21:44:51 [INFO] Cached key_id=0, datetime=2026-02-09T18:44:51+00:00 valid=A lat=60.015081N lon=30.283835E speed=0.0 dir=0.0 sat=15
2026-02-09 21:44:52 [INFO] Cached key_id=0, datetime=2026-02-09T18:44:52+00:00 valid=A lat=60.015081N lon=30.283835E speed=0.0 dir=0.0 sat=16
2026-02-09 21:44:53 [INFO] Cached key_id=0, datetime=2026-02-09T18:44:53+00:00 valid=A lat=60.015081N lon=30.283835E speed=0.0 dir=0.0 sat=16
2026-02-09 21:44:54 [INFO] Cached key_id=0, datetime=2026-02-09T18:44:54+00:00 valid=A lat=60.015081N lon=30.283835E speed=0.0 dir=0.0 sat=16
2026-02-09 21:44:55 [INFO] Cached key_id=0, datetime=2026-02-09T18:44:55+00:00 valid=A lat=60.015081N lon=30.283835E speed=0.0 dir=0.0 sat=16
2026-02-09 21:44:56 [INFO] Cached key_id=0, datetime=2026-02-09T18:44:56+00:00 valid=A lat=60.015081N lon=30.283835E speed=0.0 dir=0.0 sat=16
2026-02-09 21:44:57 [INFO] Cached key_id=0, datetime=2026-02-09T18:44:57+00:00 valid=A lat=60.015081N lon=30.283835E speed=0.0 dir=0.0 sat=16
2026-02-09 21:44:58 [INFO] Cached key_id=0, datetime=2026-02-09T18:44:58+00:00 valid=A lat=60.015081N lon=30.283835E speed=0.0 dir=0.0 sat=16
2026-02-09 21:44:59 [INFO] Cached key_id=0, datetime=2026-02-09T18:44:59+00:00 valid=A lat=60.015081N lon=30.283834E speed=0.0 dir=0.0 sat=16
2026-02-09 21:45:00 [INFO] Cached key_id=0, datetime=2026-02-09T18:45:00+00:00 valid=A lat=60.015081N lon=30.283834E speed=0.0 dir=0.0 sat=16
2026-02-09 21:45:01 [INFO] Cached key_id=0, datetime=2026-02-09T18:45:01+00:00 valid=A lat=60.015081N lon=30.283834E speed=0.0 dir=0.0 sat=16
2026-02-09 21:45:02 [INFO] Cached key_id=0, datetime=2026-02-09T18:45:02+00:00 valid=A lat=60.015081N lon=30.283834E speed=0.0 dir=0.0 sat=16
2026-02-09 21:45:03 [INFO] Cached key_id=0, datetime=2026-02-09T18:45:03+00:00 valid=A lat=60.015080N lon=30.283834E speed=0.0 dir=0.0 sat=16
2026-02-09 21:45:04 [INFO] Cached key_id=0, datetime=2026-02-09T18:45:04+00:00 valid=A lat=60.015080N lon=30.283834E speed=0.0 dir=0.0 sat=16
2026-02-09 21:45:05 [INFO] Cached key_id=0, datetime=2026-02-09T18:45:05+00:00 valid=A lat=60.015080N lon=30.283834E speed=0.0 dir=0.0 sat=16
2026-02-09 21:45:06 [INFO] Returned last cached record
2026-02-09 21:45:06 [INFO] Cached key_id=0, datetime=2026-02-09T18:45:06+00:00 valid=A lat=60.015080N lon=30.283834E speed=0.0 dir=0.0 sat=16
2026-02-09 21:45:07 [INFO] Cached key_id=0, datetime=2026-02-09T18:45:07+00:00 valid=A lat=60.015080N lon=30.283834E speed=0.0 dir=0.0 sat=16
2026-02-09 21:45:08 [INFO] Cached key_id=0, datetime=2026-02-09T18:45:08+00:00 valid=A lat=60.015080N lon=30.283834E speed=0.0 dir=0.0 sat=16
2026-02-09 21:45:09 [INFO] Cached key_id=0, datetime=2026-02-09T18:45:09+00:00 valid=A lat=60.015080N lon=30.283834E speed=0.0 dir=0.0 sat=16
2026-02-09 21:45:10 [INFO] Cached key_id=0, datetime=2026-02-09T18:45:10+00:00 valid=A lat=60.015080N lon=30.283834E speed=0.0 dir=0.0 sat=15
2026-02-09 21:45:11 [INFO] Cached key_id=0, datetime=2026-02-09T18:45:11+00:00 valid=A lat=60.015079N lon=30.283834E speed=0.0 dir=0.0 sat=15
2026-02-09 21:45:12 [INFO] Cached key_id=0, datetime=2026-02-09T18:45:12+00:00 valid=A lat=60.015079N lon=30.283833E speed=0.0 dir=0.0 sat=15
2026-02-09 21:45:13 [INFO] Cached key_id=0, datetime=2026-02-09T18:45:13+00:00 valid=A lat=60.015079N lon=30.283833E speed=0.0 dir=0.0 sat=15
2026-02-09 21:45:14 [INFO] Cached key_id=0, datetime=2026-02-09T18:45:14+00:00 valid=A lat=60.015079N lon=30.283833E speed=0.0 dir=0.0 sat=15
2026-02-09 21:45:15 [INFO] Cached key_id=0, datetime=2026-02-09T18:45:15+00:00 valid=A lat=60.015079N lon=30.283833E speed=0.0 dir=0.0 sat=15
2026-02-09 21:45:16 [INFO] Cached key_id=0, datetime=2026-02-09T18:45:16+00:00 valid=A lat=60.015079N lon=30.283833E speed=0.0 dir=0.0 sat=15
2026-02-09 21:45:17 [INFO] Cached key_id=0, datetime=2026-02-09T18:45:17+00:00 valid=A lat=60.015079N lon=30.283833E speed=0.0 dir=0.0 sat=15
2026-02-09 21:45:18 [INFO] Cached key_id=0, datetime=2026-02-09T18:45:18+00:00 valid=A lat=60.015080N lon=30.283833E speed=0.0 dir=0.0 sat=15
2026-02-09 21:45:19 [INFO] Cached key_id=0, datetime=2026-02-09T18:45:19+00:00 valid=A lat=60.015080N lon=30.283833E speed=0.0 dir=0.0 sat=14
2026-02-09 21:45:20 [INFO] Cached key_id=0, datetime=2026-02-09T18:45:20+00:00 valid=A lat=60.015080N lon=30.283833E speed=0.0 dir=0.0 sat=14
2026-02-09 21:45:21 [INFO] Cached key_id=0, datetime=2026-02-09T18:45:21+00:00 valid=A lat=60.015080N lon=30.283833E speed=0.0 dir=0.0 sat=14
2026-02-09 21:45:22 [INFO] Cached key_id=0, datetime=2026-02-09T18:45:22+00:00 valid=A lat=60.015080N lon=30.283833E speed=0.0 dir=0.0 sat=14
2026-02-09 21:45:23 [INFO] Cached key_id=0, datetime=2026-02-09T18:45:23+00:00 valid=A lat=60.015080N lon=30.283833E speed=0.0 dir=0.0 sat=14
2026-02-09 21:45:24 [INFO] Cached key_id=0, datetime=2026-02-09T18:45:24+00:00 valid=A lat=60.015080N lon=30.283833E speed=0.0 dir=0.0 sat=14
2026-02-09 21:45:25 [INFO] Cached key_id=0, datetime=2026-02-09T18:45:25+00:00 valid=A lat=60.015080N lon=30.283833E speed=0.0 dir=0.0 sat=14
2026-02-09 21:45:26 [INFO] Cached key_id=0, datetime=2026-02-09T18:45:26+00:00 valid=A lat=60.015080N lon=30.283833E speed=0.0 dir=0.0 sat=14
2026-02-09 21:45:27 [INFO] Cached key_id=0, datetime=2026-02-09T18:45:27+00:00 valid=A lat=60.015080N lon=30.283833E speed=0.0 dir=0.0 sat=14
2026-02-09 21:45:28 [INFO] Cached key_id=0, datetime=2026-02-09T18:45:28+00:00 valid=A lat=60.015080N lon=30.283833E speed=0.0 dir=0.0 sat=14
2026-02-09 21:45:29 [INFO] Cached key_id=0, datetime=2026-02-09T18:45:29+00:00 valid=A lat=60.015080N lon=30.283833E speed=0.0 dir=0.0 sat=14
2026-02-09 21:45:30 [INFO] Cached key_id=0, datetime=2026-02-09T18:45:30+00:00 valid=A lat=60.015080N lon=30.283833E speed=0.0 dir=0.0 sat=14
2026-02-09 21:45:31 [INFO] Cached key_id=0, datetime=2026-02-09T18:45:31+00:00 valid=A lat=60.015078N lon=30.283825E speed=1.06 dir=0.0 sat=14
2026-02-09 21:45:32 [INFO] Cached key_id=0, datetime=2026-02-09T18:45:32+00:00 valid=A lat=60.015076N lon=30.283824E speed=0.0 dir=0.0 sat=14
2026-02-09 21:45:33 [INFO] Cached key_id=0, datetime=2026-02-09T18:45:33+00:00 valid=A lat=60.015075N lon=30.283824E speed=0.0 dir=0.0 sat=14
2026-02-09 21:45:34 [INFO] Cached key_id=0, datetime=2026-02-09T18:45:34+00:00 valid=A lat=60.015075N lon=30.283824E speed=0.0 dir=0.0 sat=15
2026-02-09 21:45:35 [INFO] Cached key_id=0, datetime=2026-02-09T18:45:35+00:00 valid=A lat=60.015075N lon=30.283824E speed=0.0 dir=0.0 sat=15
2026-02-09 21:45:36 [INFO] Cached key_id=0, datetime=2026-02-09T18:45:36+00:00 valid=A lat=60.015075N lon=30.283824E speed=0.0 dir=0.0 sat=15
2026-02-09 21:45:37 [INFO] Cached key_id=0, datetime=2026-02-09T18:45:37+00:00 valid=A lat=60.015075N lon=30.283824E speed=0.0 dir=0.0 sat=15
2026-02-09 21:45:38 [INFO] Returned last cached record
2026-02-09 21:45:38 [INFO] Cached key_id=0, datetime=2026-02-09T18:45:38+00:00 valid=A lat=60.015075N lon=30.283824E speed=0.0 dir=0.0 sat=15
2026-02-09 21:45:39 [INFO] Cached key_id=0, datetime=2026-02-09T18:45:39+00:00 valid=A lat=60.015075N lon=30.283824E speed=0.0 dir=0.0 sat=15
2026-02-09 21:45:40 [INFO] Cached key_id=0, datetime=2026-02-09T18:45:40+00:00 valid=A lat=60.015075N lon=30.283824E speed=0.0 dir=0.0 sat=15
2026-02-09 21:45:41 [INFO] Cached key_id=0, datetime=2026-02-09T18:45:41+00:00 valid=A lat=60.015075N lon=30.283824E speed=0.0 dir=0.0 sat=15
2026-02-09 21:45:42 [INFO] Cached key_id=0, datetime=2026-02-09T18:45:42+00:00 valid=A lat=60.015075N lon=30.283824E speed=0.0 dir=0.0 sat=15
2026-02-09 21:45:43 [INFO] Cached key_id=0, datetime=2026-02-09T18:45:43+00:00 valid=A lat=60.015075N lon=30.283824E speed=0.0 dir=0.0 sat=15
2026-02-09 21:45:44 [INFO] Cached key_id=0, datetime=2026-02-09T18:45:44+00:00 valid=A lat=60.015075N lon=30.283824E speed=0.0 dir=0.0 sat=15
2026-02-09 21:45:45 [INFO] Cached key_id=0, datetime=2026-02-09T18:45:45+00:00 valid=A lat=60.015075N lon=30.283824E speed=0.0 dir=0.0 sat=15
2026-02-09 21:45:46 [INFO] Cached key_id=0, datetime=2026-02-09T18:45:46+00:00 valid=A lat=60.015075N lon=30.283824E speed=0.0 dir=0.0 sat=15
2026-02-09 21:45:47 [INFO] Cached key_id=0, datetime=2026-02-09T18:45:47+00:00 valid=A lat=60.015075N lon=30.283823E speed=0.0 dir=0.0 sat=15
2026-02-09 21:45:48 [INFO] Cached key_id=0, datetime=2026-02-09T18:45:48+00:00 valid=A lat=60.015075N lon=30.283823E speed=0.0 dir=0.0 sat=14
2026-02-09 21:45:48 [INFO] Returned last cached record
2026-02-09 21:45:49 [INFO] Cached key_id=0, datetime=2026-02-09T18:45:49+00:00 valid=A lat=60.015075N lon=30.283823E speed=0.0 dir=0.0 sat=14
2026-02-09 21:45:50 [INFO] Cached key_id=0, datetime=2026-02-09T18:45:50+00:00 valid=A lat=60.015075N lon=30.283823E speed=0.0 dir=0.0 sat=13
2026-02-09 21:45:51 [INFO] Cached key_id=0, datetime=2026-02-09T18:45:51+00:00 valid=A lat=60.015075N lon=30.283823E speed=0.0 dir=0.0 sat=13
2026-02-09 21:45:52 [INFO] Cached key_id=0, datetime=2026-02-09T18:45:52+00:00 valid=A lat=60.015075N lon=30.283823E speed=0.0 dir=0.0 sat=13
2026-02-09 21:45:53 [INFO] Cached key_id=0, datetime=2026-02-09T18:45:53+00:00 valid=A lat=60.015075N lon=30.283823E speed=0.0 dir=0.0 sat=13
2026-02-09 21:45:54 [INFO] Cached key_id=0, datetime=2026-02-09T18:45:54+00:00 valid=A lat=60.015075N lon=30.283823E speed=0.0 dir=0.0 sat=14
2026-02-09 21:45:55 [INFO] Cached key_id=0, datetime=2026-02-09T18:45:55+00:00 valid=A lat=60.015076N lon=30.283823E speed=0.0 dir=0.0 sat=14
2026-02-09 21:45:56 [INFO] Cached key_id=0, datetime=2026-02-09T18:45:56+00:00 valid=A lat=60.015076N lon=30.283823E speed=0.0 dir=0.0 sat=14
2026-02-09 21:45:57 [INFO] Cached key_id=0, datetime=2026-02-09T18:45:57+00:00 valid=A lat=60.015076N lon=30.283822E speed=0.0 dir=0.0 sat=14
2026-02-09 21:45:58 [INFO] Cached key_id=0, datetime=2026-02-09T18:45:58+00:00 valid=A lat=60.015076N lon=30.283822E speed=0.0 dir=0.0 sat=14
2026-02-09 21:45:59 [INFO] Cached key_id=0, datetime=2026-02-09T18:45:59+00:00 valid=A lat=60.015076N lon=30.283822E speed=0.0 dir=0.0 sat=15
2026-02-09 21:46:00 [INFO] Cached key_id=0, datetime=2026-02-09T18:46:00+00:00 valid=A lat=60.015076N lon=30.283822E speed=0.0 dir=0.0 sat=15
2026-02-09 21:46:01 [INFO] Cached key_id=0, datetime=2026-02-09T18:46:01+00:00 valid=A lat=60.015076N lon=30.283822E speed=0.0 dir=0.0 sat=15
2026-02-09 21:46:01 [INFO] Returned last cached record
2026-02-09 21:46:02 [INFO] Cached key_id=0, datetime=2026-02-09T18:46:02+00:00 valid=A lat=60.015084N lon=30.283825E speed=1.72 dir=0.0 sat=15
2026-02-09 21:46:03 [INFO] Cached key_id=0, datetime=2026-02-09T18:46:03+00:00 valid=A lat=60.015083N lon=30.283825E speed=0.0 dir=0.0 sat=15
2026-02-09 21:46:04 [INFO] Cached key_id=0, datetime=2026-02-09T18:46:04+00:00 valid=A lat=60.015082N lon=30.283824E speed=0.0 dir=0.0 sat=15
2026-02-09 21:46:05 [INFO] Cached key_id=0, datetime=2026-02-09T18:46:05+00:00 valid=A lat=60.015080N lon=30.283824E speed=0.0 dir=0.0 sat=15
2026-02-09 21:46:06 [INFO] Cache trigger reached: 100 >= 100
2026-02-09 21:46:06 [INFO] Cached key_id=0, datetime=2026-02-09T18:46:06+00:00 valid=A lat=60.015080N lon=30.283823E speed=0.0 dir=0.0 sat=15
2026-02-09 21:46:06 [INFO] Flushing 100 cached records (counter was 100)
2026-02-09 21:46:06 [INFO] Inserted 100 records into DB
2026-02-09 21:46:07 [WARNING] Retention: total=150100 > max_rows=150000, pruning...
2026-02-09 21:46:07 [INFO] Cached key_id=0, datetime=2026-02-09T18:46:07+00:00 valid=A lat=60.015080N lon=30.283823E speed=0.0 dir=0.0 sat=15
2026-02-09 21:46:07 [INFO] Retention completed: kept latest 150000 rows
2026-02-09 21:46:08 [INFO] Cached key_id=0, datetime=2026-02-09T18:46:08+00:00 valid=A lat=60.015079N lon=30.283823E speed=0.0 dir=0.0 sat=15
2026-02-09 21:46:09 [INFO] Cached key_id=0, datetime=2026-02-09T18:46:09+00:00 valid=A lat=60.015079N lon=30.283823E speed=0.0 dir=0.0 sat=15
2026-02-09 21:46:10 [INFO] Cached key_id=0, datetime=2026-02-09T18:46:10+00:00 valid=A lat=60.015079N lon=30.283823E speed=0.0 dir=0.0 sat=15
2026-02-09 21:46:11 [INFO] Cached key_id=0, datetime=2026-02-09T18:46:11+00:00 valid=A lat=60.015079N lon=30.283823E speed=0.0 dir=0.0 sat=15
2026-02-09 21:46:12 [INFO] Cached key_id=0, datetime=2026-02-09T18:46:12+00:00 valid=A lat=60.015079N lon=30.283823E speed=0.0 dir=0.0 sat=15
2026-02-09 21:46:13 [INFO] Cached key_id=0, datetime=2026-02-09T18:46:13+00:00 valid=A lat=60.015079N lon=30.283823E speed=0.0 dir=0.0 sat=15
2026-02-09 21:46:14 [INFO] Cached key_id=0, datetime=2026-02-09T18:46:14+00:00 valid=A lat=60.015079N lon=30.283823E speed=0.0 dir=0.0 sat=15
2026-02-09 21:46:15 [INFO] Cached key_id=0, datetime=2026-02-09T18:46:15+00:00 valid=A lat=60.015077N lon=30.283810E speed=1.69 dir=0.0 sat=14
2026-02-09 21:46:16 [INFO] Cached key_id=0, datetime=2026-02-09T18:46:16+00:00 valid=A lat=60.015079N lon=30.283798E speed=1.32 dir=0.0 sat=13
2026-02-09 21:46:17 [INFO] Cached key_id=0, datetime=2026-02-09T18:46:17+00:00 valid=A lat=60.015090N lon=30.283787E speed=1.88 dir=0.0 sat=12
2026-02-09 21:46:18 [INFO] Cached key_id=0, datetime=2026-02-09T18:46:18+00:00 valid=A lat=60.015095N lon=30.283771E speed=2.12 dir=262.75 sat=11
2026-02-09 21:46:19 [INFO] Cached key_id=0, datetime=2026-02-09T18:46:19+00:00 valid=A lat=60.015099N lon=30.283754E speed=1.84 dir=262.75 sat=11
2026-02-09 21:46:20 [INFO] Cached key_id=0, datetime=2026-02-09T18:46:20+00:00 valid=A lat=60.015099N lon=30.283741E speed=1.6 dir=262.75 sat=11
2026-02-09 21:46:21 [INFO] Returned last cached record
2026-02-09 21:46:21 [INFO] Cached key_id=0, datetime=2026-02-09T18:46:21+00:00 valid=A lat=60.015102N lon=30.283730E speed=1.25 dir=262.75 sat=11
2026-02-09 21:46:22 [INFO] Cached key_id=0, datetime=2026-02-09T18:46:22+00:00 valid=A lat=60.015107N lon=30.283719E speed=1.47 dir=262.75 sat=12
2026-02-09 21:46:23 [INFO] Cached key_id=0, datetime=2026-02-09T18:46:23+00:00 valid=A lat=60.015115N lon=30.283710E speed=1.68 dir=262.75 sat=11
2026-02-09 21:46:24 [INFO] Cached key_id=0, datetime=2026-02-09T18:46:24+00:00 valid=A lat=60.015118N lon=30.283702E speed=2.81 dir=338.63 sat=11
2026-02-09 21:46:25 [INFO] Cached key_id=0, datetime=2026-02-09T18:46:25+00:00 valid=A lat=60.015132N lon=30.283692E speed=2.93 dir=335.05 sat=11
2026-02-09 21:46:26 [INFO] Cached key_id=0, datetime=2026-02-09T18:46:26+00:00 valid=A lat=60.015139N lon=30.283683E speed=1.89 dir=335.05 sat=11
2026-02-09 21:46:27 [INFO] Cached key_id=0, datetime=2026-02-09T18:46:27+00:00 valid=A lat=60.015146N lon=30.283675E speed=1.38 dir=335.05 sat=12
2026-02-09 21:46:28 [INFO] Cached key_id=0, datetime=2026-02-09T18:46:28+00:00 valid=A lat=60.015150N lon=30.283667E speed=1.54 dir=335.05 sat=12
2026-02-09 21:46:29 [INFO] Cached key_id=0, datetime=2026-02-09T18:46:29+00:00 valid=A lat=60.015155N lon=30.283660E speed=1.67 dir=335.05 sat=12
2026-02-09 21:46:30 [INFO] Cached key_id=0, datetime=2026-02-09T18:46:30+00:00 valid=A lat=60.015159N lon=30.283659E speed=0.58 dir=335.05 sat=12
2026-02-09 21:46:31 [INFO] Cached key_id=0, datetime=2026-02-09T18:46:31+00:00 valid=A lat=60.015158N lon=30.283658E speed=0.0 dir=335.05 sat=13
2026-02-09 21:46:32 [INFO] Cached key_id=0, datetime=2026-02-09T18:46:32+00:00 valid=A lat=60.015158N lon=30.283659E speed=0.0 dir=335.05 sat=13
2026-02-09 21:46:33 [INFO] Cached key_id=0, datetime=2026-02-09T18:46:33+00:00 valid=A lat=60.015159N lon=30.283660E speed=0.0 dir=335.05 sat=13
2026-02-09 21:46:34 [INFO] Cached key_id=0, datetime=2026-02-09T18:46:34+00:00 valid=A lat=60.015159N lon=30.283661E speed=0.0 dir=335.05 sat=13
2026-02-09 21:46:35 [INFO] Cached key_id=0, datetime=2026-02-09T18:46:35+00:00 valid=A lat=60.015159N lon=30.283662E speed=0.0 dir=335.05 sat=13
2026-02-09 21:46:36 [INFO] Cached key_id=0, datetime=2026-02-09T18:46:36+00:00 valid=A lat=60.015159N lon=30.283664E speed=0.0 dir=335.05 sat=13
2026-02-09 21:46:37 [INFO] Cached key_id=0, datetime=2026-02-09T18:46:37+00:00 valid=A lat=60.015159N lon=30.283665E speed=0.0 dir=335.05 sat=13
2026-02-09 21:46:38 [INFO] Returned last cached record
2026-02-09 21:46:38 [INFO] Cached key_id=0, datetime=2026-02-09T18:46:38+00:00 valid=A lat=60.015159N lon=30.283667E speed=0.0 dir=335.05 sat=12
2026-02-09 21:46:39 [INFO] Cached key_id=0, datetime=2026-02-09T18:46:39+00:00 valid=A lat=60.015160N lon=30.283667E speed=0.0 dir=335.05 sat=12
2026-02-09 21:46:40 [INFO] Cached key_id=0, datetime=2026-02-09T18:46:40+00:00 valid=A lat=60.015160N lon=30.283667E speed=0.0 dir=335.05 sat=12
2026-02-09 21:46:41 [INFO] Cached key_id=0, datetime=2026-02-09T18:46:41+00:00 valid=A lat=60.015160N lon=30.283667E speed=0.0 dir=335.05 sat=12
2026-02-09 21:46:42 [INFO] Cached key_id=0, datetime=2026-02-09T18:46:42+00:00 valid=A lat=60.015164N lon=30.283651E speed=2.03 dir=286.16 sat=11
2026-02-09 21:46:43 [INFO] Cached key_id=0, datetime=2026-02-09T18:46:43+00:00 valid=A lat=60.015165N lon=30.283636E speed=1.77 dir=286.16 sat=11
2026-02-09 21:46:43 [INFO] Returned last cached record
2026-02-09 21:46:44 [INFO] Cached key_id=0, datetime=2026-02-09T18:46:44+00:00 valid=A lat=60.015166N lon=30.283627E speed=1.46 dir=286.16 sat=11
2026-02-09 21:46:45 [INFO] Cached key_id=0, datetime=2026-02-09T18:46:45+00:00 valid=A lat=60.015166N lon=30.283627E speed=0.0 dir=286.16 sat=11
2026-02-09 21:46:46 [INFO] Cached key_id=0, datetime=2026-02-09T18:46:46+00:00 valid=A lat=60.015166N lon=30.283627E speed=0.0 dir=286.16 sat=10
2026-02-09 21:46:47 [INFO] Cached key_id=0, datetime=2026-02-09T18:46:47+00:00 valid=A lat=60.015166N lon=30.283627E speed=0.0 dir=286.16 sat=10
2026-02-09 21:46:48 [INFO] Cached key_id=0, datetime=2026-02-09T18:46:48+00:00 valid=A lat=60.015165N lon=30.283627E speed=0.55 dir=286.16 sat=10
2026-02-09 21:46:49 [INFO] Cached key_id=0, datetime=2026-02-09T18:46:49+00:00 valid=A lat=60.015163N lon=30.283626E speed=0.77 dir=286.16 sat=10
2026-02-09 21:46:50 [INFO] Cached key_id=0, datetime=2026-02-09T18:46:50+00:00 valid=A lat=60.015163N lon=30.283626E speed=0.0 dir=286.16 sat=9
2026-02-09 21:46:51 [INFO] Cached key_id=0, datetime=2026-02-09T18:46:51+00:00 valid=A lat=60.015163N lon=30.283627E speed=0.0 dir=286.16 sat=9
2026-02-09 21:46:52 [INFO] Cached key_id=0, datetime=2026-02-09T18:46:52+00:00 valid=A lat=60.015163N lon=30.283628E speed=0.0 dir=286.16 sat=9
2026-02-09 21:46:53 [INFO] Cached key_id=0, datetime=2026-02-09T18:46:53+00:00 valid=A lat=60.015164N lon=30.283630E speed=0.19 dir=286.16 sat=9
2026-02-09 21:46:54 [INFO] Cached key_id=0, datetime=2026-02-09T18:46:54+00:00 valid=A lat=60.015165N lon=30.283631E speed=0.0 dir=286.16 sat=9
2026-02-09 21:46:55 [INFO] Cached key_id=0, datetime=2026-02-09T18:46:55+00:00 valid=A lat=60.015165N lon=30.283633E speed=0.0 dir=286.16 sat=9
2026-02-09 21:46:56 [INFO] Cached key_id=0, datetime=2026-02-09T18:46:56+00:00 valid=A lat=60.015165N lon=30.283634E speed=0.0 dir=286.16 sat=9
2026-02-09 21:46:57 [INFO] Returned last cached record
2026-02-09 21:46:57 [INFO] Cached key_id=0, datetime=2026-02-09T18:46:57+00:00 valid=A lat=60.015163N lon=30.283627E speed=1.06 dir=286.16 sat=9
2026-02-09 21:46:58 [INFO] Cached key_id=0, datetime=2026-02-09T18:46:58+00:00 valid=A lat=60.015160N lon=30.283623E speed=1.03 dir=286.16 sat=11
2026-02-09 21:46:59 [INFO] Cached key_id=0, datetime=2026-02-09T18:46:59+00:00 valid=A lat=60.015160N lon=30.283614E speed=1.33 dir=286.16 sat=11
2026-02-09 21:47:00 [INFO] Cached key_id=0, datetime=2026-02-09T18:47:00+00:00 valid=A lat=60.015159N lon=30.283617E speed=0.0 dir=286.16 sat=11
2026-02-09 21:47:01 [INFO] Cached key_id=0, datetime=2026-02-09T18:47:01+00:00 valid=A lat=60.015159N lon=30.283618E speed=0.0 dir=286.16 sat=11
2026-02-09 21:47:02 [INFO] Cached key_id=0, datetime=2026-02-09T18:47:02+00:00 valid=A lat=60.015159N lon=30.283620E speed=0.0 dir=286.16 sat=11
2026-02-09 21:47:03 [INFO] Cached key_id=0, datetime=2026-02-09T18:47:03+00:00 valid=A lat=60.015158N lon=30.283621E speed=0.0 dir=286.16 sat=11
2026-02-09 21:47:04 [INFO] Cached key_id=0, datetime=2026-02-09T18:47:04+00:00 valid=A lat=60.015158N lon=30.283622E speed=0.0 dir=286.16 sat=11
2026-02-09 21:47:05 [INFO] Cached key_id=0, datetime=2026-02-09T18:47:05+00:00 valid=A lat=60.015158N lon=30.283624E speed=0.0 dir=286.16 sat=11
2026-02-09 21:47:06 [INFO] Cached key_id=0, datetime=2026-02-09T18:47:06+00:00 valid=A lat=60.015157N lon=30.283626E speed=0.0 dir=286.16 sat=10
2026-02-09 21:47:07 [INFO] Cached key_id=0, datetime=2026-02-09T18:47:07+00:00 valid=A lat=60.015157N lon=30.283628E speed=0.0 dir=286.16 sat=10
2026-02-09 21:47:08 [INFO] Cached key_id=0, datetime=2026-02-09T18:47:08+00:00 valid=A lat=60.015156N lon=30.283630E speed=0.0 dir=286.16 sat=10
2026-02-09 21:47:09 [INFO] Cached key_id=0, datetime=2026-02-09T18:47:09+00:00 valid=A lat=60.015156N lon=30.283632E speed=0.0 dir=286.16 sat=10
2026-02-09 21:47:10 [INFO] Cached key_id=0, datetime=2026-02-09T18:47:10+00:00 valid=A lat=60.015155N lon=30.283634E speed=0.0 dir=286.16 sat=10
2026-02-09 21:47:11 [INFO] Cached key_id=0, datetime=2026-02-09T18:47:11+00:00 valid=A lat=60.015155N lon=30.283636E speed=0.0 dir=286.16 sat=10
2026-02-09 21:47:12 [INFO] Cached key_id=0, datetime=2026-02-09T18:47:12+00:00 valid=A lat=60.015155N lon=30.283637E speed=0.0 dir=286.16 sat=10
2026-02-09 21:47:13 [INFO] Cached key_id=0, datetime=2026-02-09T18:47:13+00:00 valid=A lat=60.015156N lon=30.283639E speed=0.0 dir=286.16 sat=10
2026-02-09 21:47:14 [INFO] Cached key_id=0, datetime=2026-02-09T18:47:14+00:00 valid=A lat=60.015156N lon=30.283641E speed=0.0 dir=286.16 sat=10
2026-02-09 21:47:15 [INFO] Cached key_id=0, datetime=2026-02-09T18:47:15+00:00 valid=A lat=60.015157N lon=30.283642E speed=0.0 dir=286.16 sat=10
2026-02-09 21:47:16 [INFO] Cached key_id=0, datetime=2026-02-09T18:47:16+00:00 valid=A lat=60.015160N lon=30.283640E speed=0.85 dir=286.16 sat=10
2026-02-09 21:47:17 [INFO] Cached key_id=0, datetime=2026-02-09T18:47:17+00:00 valid=A lat=60.015165N lon=30.283638E speed=1.21 dir=286.16 sat=10
2026-02-09 21:47:18 [INFO] Cached key_id=0, datetime=2026-02-09T18:47:18+00:00 valid=A lat=60.015172N lon=30.283637E speed=1.49 dir=286.16 sat=10
2026-02-09 21:47:19 [INFO] Returned last cached record
2026-02-09 21:47:19 [INFO] Cached key_id=0, datetime=2026-02-09T18:47:19+00:00 valid=A lat=60.015182N lon=30.283641E speed=1.62 dir=286.16 sat=9
2026-02-09 21:47:20 [INFO] Cached key_id=0, datetime=2026-02-09T18:47:20+00:00 valid=A lat=60.015191N lon=30.283645E speed=1.54 dir=286.16 sat=8
2026-02-09 21:47:21 [INFO] Cached key_id=0, datetime=2026-02-09T18:47:21+00:00 valid=A lat=60.015126N lon=30.283677E speed=0.82 dir=286.16 sat=3
2026-02-09 21:47:22 [INFO] Cached key_id=0, datetime=2026-02-09T18:47:22+00:00 valid=V lat= lon= speed=None dir=None sat=2
2026-02-09 21:47:23 [INFO] Cached key_id=0, datetime=2026-02-09T18:47:23+00:00 valid=V lat= lon= speed=None dir=None sat=0
2026-02-09 21:47:24 [INFO] Cached key_id=0, datetime=2026-02-09T18:47:24+00:00 valid=V lat= lon= speed=None dir=None sat=0
2026-02-09 21:47:25 [INFO] Cached key_id=0, datetime=2026-02-09T18:47:25+00:00 valid=V lat= lon= speed=None dir=None sat=0
2026-02-09 21:47:26 [INFO] Cached key_id=0, datetime=2026-02-09T18:47:26+00:00 valid=V lat= lon= speed=None dir=None sat=0
2026-02-09 21:47:27 [INFO] Cached key_id=0, datetime=2026-02-09T18:47:27+00:00 valid=V lat= lon= speed=None dir=None sat=0
2026-02-09 21:47:28 [INFO] Cached key_id=0, datetime=2026-02-09T18:47:28+00:00 valid=V lat= lon= speed=None dir=None sat=0
2026-02-09 21:47:29 [INFO] Cached key_id=0, datetime=2026-02-09T18:47:29+00:00 valid=V lat= lon= speed=None dir=None sat=0
2026-02-09 21:47:30 [INFO] Cached key_id=0, datetime=2026-02-09T18:47:30+00:00 valid=V lat= lon= speed=None dir=None sat=0
2026-02-09 21:47:30 [INFO] Returned last cached record
2026-02-09 21:47:31 [INFO] Cached key_id=0, datetime=2026-02-09T18:47:31+00:00 valid=V lat= lon= speed=None dir=None sat=0
2026-02-09 21:47:32 [INFO] Cached key_id=0, datetime=2026-02-09T18:47:32+00:00 valid=V lat= lon= speed=None dir=None sat=0
2026-02-09 21:47:33 [INFO] Cached key_id=0, datetime=2026-02-09T18:47:33+00:00 valid=V lat= lon= speed=None dir=None sat=0
2026-02-09 21:47:34 [INFO] Cached key_id=0, datetime=2026-02-09T18:47:34+00:00 valid=V lat= lon= speed=None dir=None sat=0
2026-02-09 21:47:35 [INFO] Cached key_id=0, datetime=2026-02-09T18:47:35+00:00 valid=V lat= lon= speed=None dir=None sat=0
2026-02-09 21:47:36 [INFO] Cached key_id=0, datetime=2026-02-09T18:47:36+00:00 valid=V lat= lon= speed=None dir=None sat=0
2026-02-09 21:47:37 [INFO] Cached key_id=0, datetime=2026-02-09T18:47:37+00:00 valid=V lat= lon= speed=None dir=None sat=0
2026-02-09 21:47:38 [INFO] Cached key_id=0, datetime=2026-02-09T18:47:38+00:00 valid=V lat= lon= speed=None dir=None sat=0
2026-02-09 21:47:39 [INFO] Cached key_id=0, datetime=2026-02-09T18:47:39+00:00 valid=V lat= lon= speed=None dir=None sat=0
2026-02-09 21:47:40 [INFO] Cached key_id=0, datetime=2026-02-09T18:47:40+00:00 valid=V lat= lon= speed=None dir=None sat=0
2026-02-09 21:47:41 [INFO] Cached key_id=0, datetime=2026-02-09T18:47:41+00:00 valid=V lat= lon= speed=None dir=None sat=0
2026-02-09 21:47:42 [INFO] Cached key_id=0, datetime=2026-02-09T18:47:42+00:00 valid=V lat= lon= speed=None dir=None sat=0
2026-02-09 21:47:42 [INFO] Returned last cached record
2026-02-09 21:47:43 [INFO] Cached key_id=0, datetime=2026-02-09T18:47:43+00:00 valid=V lat= lon= speed=None dir=None sat=0
2026-02-09 21:47:44 [INFO] Cached key_id=0, datetime=2026-02-09T18:47:44+00:00 valid=V lat= lon= speed=None dir=None sat=0
2026-02-09 21:47:45 [INFO] Cached key_id=0, datetime=2026-02-09T18:47:45+00:00 valid=V lat= lon= speed=None dir=None sat=0
2026-02-09 21:47:46 [INFO] Cache trigger reached: 100 >= 100
2026-02-09 21:47:46 [INFO] Cached key_id=0, datetime=2026-02-09T18:47:46+00:00 valid=V lat= lon= speed=None dir=None sat=0
2026-02-09 21:47:46 [INFO] Flushing 100 cached records (counter was 100)
2026-02-09 21:47:46 [INFO] Inserted 100 records into DB
2026-02-09 21:47:46 [WARNING] Retention: total=150100 > max_rows=150000, pruning...
2026-02-09 21:47:46 [INFO] Retention completed: kept latest 150000 rows
2026-02-09 21:47:47 [INFO] Cached key_id=0, datetime=2026-02-09T18:47:47+00:00 valid=V lat= lon= speed=None dir=None sat=0
2026-02-09 21:47:48 [INFO] Cached key_id=0, datetime=2026-02-09T18:47:48+00:00 valid=V lat= lon= speed=None dir=None sat=0
2026-02-09 21:47:49 [INFO] Cached key_id=0, datetime=2026-02-09T18:47:49+00:00 valid=V lat= lon= speed=None dir=None sat=0
2026-02-09 21:47:50 [INFO] Cached key_id=0, datetime=2026-02-09T18:47:50+00:00 valid=V lat= lon= speed=None dir=None sat=0
2026-02-09 21:47:51 [INFO] Cached key_id=0, datetime=2026-02-09T18:47:51+00:00 valid=V lat= lon= speed=None dir=None sat=0
2026-02-09 21:47:52 [INFO] Cached key_id=0, datetime=2026-02-09T18:47:52+00:00 valid=V lat= lon= speed=None dir=None sat=0
2026-02-09 21:47:53 [INFO] Cached key_id=0, datetime=2026-02-09T18:47:53+00:00 valid=V lat= lon= speed=None dir=None sat=0
2026-02-09 21:47:54 [INFO] Cached key_id=0, datetime=2026-02-09T18:47:54+00:00 valid=V lat= lon= speed=None dir=None sat=0
2026-02-09 21:47:55 [INFO] Cached key_id=0, datetime=2026-02-09T18:47:55+00:00 valid=V lat= lon= speed=None dir=None sat=0
2026-02-09 21:47:56 [INFO] Cached key_id=0, datetime=2026-02-09T18:47:56+00:00 valid=V lat= lon= speed=None dir=None sat=0
2026-02-09 21:47:57 [INFO] Cached key_id=0, datetime=2026-02-09T18:47:57+00:00 valid=V lat= lon= speed=None dir=None sat=0
2026-02-09 21:47:58 [INFO] Cached key_id=0, datetime=2026-02-09T18:47:58+00:00 valid=V lat= lon= speed=None dir=None sat=0
2026-02-09 21:47:59 [INFO] Cached key_id=0, datetime=2026-02-09T18:47:59+00:00 valid=V lat= lon= speed=None dir=None sat=0
2026-02-09 21:48:00 [INFO] Cached key_id=0, datetime=2026-02-09T18:48:00+00:00 valid=V lat= lon= speed=None dir=None sat=0
2026-02-09 21:48:01 [INFO] Cached key_id=0, datetime=2026-02-09T18:48:01+00:00 valid=V lat= lon= speed=None dir=None sat=0
2026-02-09 21:48:02 [INFO] Cached key_id=0, datetime=2026-02-09T18:48:02+00:00 valid=V lat= lon= speed=None dir=None sat=0
2026-02-09 21:48:03 [INFO] Cached key_id=0, datetime=2026-02-09T18:48:03+00:00 valid=V lat= lon= speed=None dir=None sat=0
2026-02-09 21:48:04 [INFO] Cached key_id=0, datetime=2026-02-09T18:48:04+00:00 valid=V lat= lon= speed=None dir=None sat=0
2026-02-09 21:48:05 [INFO] Cached key_id=0, datetime=2026-02-09T18:48:05+00:00 valid=V lat= lon= speed=None dir=None sat=0
2026-02-09 21:48:06 [INFO] Cached key_id=0, datetime=2026-02-09T18:48:06+00:00 valid=V lat= lon= speed=None dir=None sat=0
2026-02-09 21:48:07 [INFO] Cached key_id=0, datetime=2026-02-09T18:48:07+00:00 valid=V lat= lon= speed=None dir=None sat=0
2026-02-09 21:48:08 [INFO] Cached key_id=0, datetime=2026-02-09T18:48:08+00:00 valid=V lat= lon= speed=None dir=None sat=0
2026-02-09 21:48:09 [INFO] Cached key_id=0, datetime=2026-02-09T18:48:09+00:00 valid=V lat= lon= speed=None dir=None sat=0
2026-02-09 21:48:10 [INFO] Cached key_id=0, datetime=2026-02-09T18:48:10+00:00 valid=V lat= lon= speed=None dir=None sat=0
2026-02-09 21:48:11 [INFO] Cached key_id=0, datetime=2026-02-09T18:48:11+00:00 valid=V lat= lon= speed=None dir=None sat=0
2026-02-09 21:48:11 [INFO] Returned last cached record
2026-02-09 21:48:12 [INFO] Cached key_id=0, datetime=2026-02-09T18:48:12+00:00 valid=V lat= lon= speed=None dir=None sat=0
2026-02-09 21:48:13 [INFO] Cached key_id=0, datetime=2026-02-09T18:48:13+00:00 valid=V lat= lon= speed=None dir=None sat=0
2026-02-09 21:48:14 [INFO] Cached key_id=0, datetime=2026-02-09T18:48:14+00:00 valid=V lat= lon= speed=None dir=None sat=0
2026-02-09 21:48:15 [INFO] Cached key_id=0, datetime=2026-02-09T18:48:15+00:00 valid=V lat= lon= speed=None dir=None sat=0
2026-02-09 21:48:16 [INFO] Cached key_id=0, datetime=2026-02-09T18:48:16+00:00 valid=V lat= lon= speed=None dir=None sat=0
2026-02-09 21:48:17 [INFO] Cached key_id=0, datetime=2026-02-09T18:48:17+00:00 valid=V lat= lon= speed=None dir=None sat=0
2026-02-09 21:48:18 [INFO] Cached key_id=0, datetime=2026-02-09T18:48:18+00:00 valid=V lat= lon= speed=None dir=None sat=0
2026-02-09 21:48:19 [INFO] Cached key_id=0, datetime=2026-02-09T18:48:19+00:00 valid=V lat= lon= speed=None dir=None sat=0
2026-02-09 21:48:20 [INFO] Cached key_id=0, datetime=2026-02-09T18:48:20+00:00 valid=V lat= lon= speed=None dir=None sat=0
2026-02-09 21:48:21 [INFO] Cached key_id=0, datetime=2026-02-09T18:48:21+00:00 valid=V lat= lon= speed=None dir=None sat=0
2026-02-09 21:48:22 [INFO] Cached key_id=0, datetime=2026-02-09T18:48:22+00:00 valid=V lat= lon= speed=None dir=None sat=0
2026-02-09 21:48:23 [INFO] Cached key_id=0, datetime=2026-02-09T18:48:23+00:00 valid=V lat= lon= speed=None dir=None sat=0
2026-02-09 21:48:24 [INFO] Cached key_id=0, datetime=2026-02-09T18:48:24+00:00 valid=V lat= lon= speed=None dir=None sat=0
2026-02-09 21:48:25 [INFO] Cached key_id=0, datetime=2026-02-09T18:48:25+00:00 valid=V lat= lon= speed=None dir=None sat=0
2026-02-09 21:48:26 [INFO] Cached key_id=0, datetime=2026-02-09T18:48:26+00:00 valid=V lat= lon= speed=None dir=None sat=0
2026-02-09 21:48:27 [INFO] Cached key_id=0, datetime=2026-02-09T18:48:27+00:00 valid=V lat= lon= speed=None dir=None sat=0
2026-02-09 21:48:28 [INFO] Cached key_id=0, datetime=2026-02-09T18:48:28+00:00 valid=V lat= lon= speed=None dir=None sat=0
2026-02-09 21:48:29 [INFO] Cached key_id=0, datetime=2026-02-09T18:48:29+00:00 valid=V lat= lon= speed=None dir=None sat=0
2026-02-09 21:48:30 [INFO] Cached key_id=0, datetime=2026-02-09T18:48:30+00:00 valid=V lat= lon= speed=None dir=None sat=0
2026-02-09 21:48:31 [INFO] Cached key_id=0, datetime=2026-02-09T18:48:31+00:00 valid=V lat= lon= speed=None dir=None sat=0
2026-02-09 21:48:32 [INFO] Cached key_id=0, datetime=2026-02-09T18:48:32+00:00 valid=V lat= lon= speed=None dir=None sat=0
2026-02-09 21:48:33 [INFO] Cached key_id=0, datetime=2026-02-09T18:48:33+00:00 valid=V lat= lon= speed=None dir=None sat=0
2026-02-09 21:48:34 [INFO] Cached key_id=0, datetime=2026-02-09T18:48:34+00:00 valid=V lat= lon= speed=None dir=None sat=0
2026-02-09 21:48:35 [INFO] Cached key_id=0, datetime=2026-02-09T18:48:35+00:00 valid=V lat= lon= speed=None dir=None sat=0
2026-02-09 21:48:36 [INFO] Cached key_id=0, datetime=2026-02-09T18:48:36+00:00 valid=V lat= lon= speed=None dir=None sat=0
2026-02-09 21:48:37 [INFO] Cached key_id=0, datetime=2026-02-09T18:48:37+00:00 valid=V lat= lon= speed=None dir=None sat=0
2026-02-09 21:48:38 [INFO] Cached key_id=0, datetime=2026-02-09T18:48:38+00:00 valid=V lat= lon= speed=None dir=None sat=0
2026-02-09 21:48:39 [INFO] Cached key_id=0, datetime=2026-02-09T18:48:39+00:00 valid=V lat= lon= speed=None dir=None sat=0
2026-02-09 21:48:40 [INFO] Cached key_id=0, datetime=2026-02-09T18:48:40+00:00 valid=V lat= lon= speed=None dir=None sat=0
2026-02-09 21:48:41 [INFO] Cached key_id=0, datetime=2026-02-09T18:48:41+00:00 valid=V lat= lon= speed=None dir=None sat=0
2026-02-09 21:48:42 [INFO] Cached key_id=0, datetime=2026-02-09T18:48:42+00:00 valid=V lat= lon= speed=None dir=None sat=0
2026-02-09 21:48:43 [INFO] Cached key_id=0, datetime=2026-02-09T18:48:43+00:00 valid=V lat= lon= speed=None dir=None sat=0
2026-02-09 21:48:44 [INFO] Cached key_id=0, datetime=2026-02-09T18:48:44+00:00 valid=V lat= lon= speed=None dir=None sat=0
2026-02-09 21:48:45 [INFO] Cached key_id=0, datetime=2026-02-09T18:48:45+00:00 valid=V lat= lon= speed=None dir=None sat=0
2026-02-09 21:48:46 [INFO] Cached key_id=0, datetime=2026-02-09T18:48:46+00:00 valid=V lat= lon= speed=None dir=None sat=0
2026-02-09 21:48:47 [INFO] Cached key_id=0, datetime=2026-02-09T18:48:47+00:00 valid=V lat= lon= speed=None dir=None sat=0
2026-02-09 21:48:48 [INFO] Cached key_id=0, datetime=2026-02-09T18:48:48+00:00 valid=V lat= lon= speed=None dir=None sat=0
2026-02-09 21:48:49 [INFO] Cached key_id=0, datetime=2026-02-09T18:48:49+00:00 valid=V lat= lon= speed=None dir=None sat=0
2026-02-09 21:48:50 [INFO] Cached key_id=0, datetime=2026-02-09T18:48:50+00:00 valid=V lat= lon= speed=None dir=None sat=0
2026-02-09 21:48:51 [INFO] Cached key_id=0, datetime=2026-02-09T18:48:51+00:00 valid=V lat= lon= speed=None dir=None sat=0
2026-02-09 21:48:52 [INFO] Cached key_id=0, datetime=2026-02-09T18:48:52+00:00 valid=V lat= lon= speed=None dir=None sat=0
2026-02-09 21:48:53 [INFO] Cached key_id=0, datetime=2026-02-09T18:48:53+00:00 valid=V lat= lon= speed=None dir=None sat=0
2026-02-09 21:48:54 [INFO] Cached key_id=0, datetime=2026-02-09T18:48:54+00:00 valid=V lat= lon= speed=None dir=None sat=0
2026-02-09 21:48:55 [INFO] Cached key_id=0, datetime=2026-02-09T18:48:55+00:00 valid=V lat= lon= speed=None dir=None sat=0
2026-02-09 21:48:56 [INFO] Cached key_id=0, datetime=2026-02-09T18:48:56+00:00 valid=V lat= lon= speed=None dir=None sat=0
2026-02-09 21:48:57 [INFO] Cached key_id=0, datetime=2026-02-09T18:48:57+00:00 valid=V lat= lon= speed=None dir=None sat=0
2026-02-09 21:48:58 [INFO] Cached key_id=0, datetime=2026-02-09T18:48:58+00:00 valid=V lat= lon= speed=None dir=None sat=0
2026-02-09 21:48:59 [INFO] Cached key_id=0, datetime=2026-02-09T18:48:59+00:00 valid=V lat= lon= speed=None dir=None sat=0
2026-02-09 21:49:00 [INFO] Cached key_id=0, datetime=2026-02-09T18:49:00+00:00 valid=V lat= lon= speed=None dir=None sat=0
2026-02-09 21:49:01 [INFO] Cached key_id=0, datetime=2026-02-09T18:49:01+00:00 valid=V lat= lon= speed=None dir=None sat=0
2026-02-09 21:49:02 [INFO] Cached key_id=0, datetime=2026-02-09T18:49:02+00:00 valid=V lat= lon= speed=None dir=None sat=0
2026-02-09 21:49:03 [INFO] Cached key_id=0, datetime=2026-02-09T18:49:03+00:00 valid=V lat= lon= speed=None dir=None sat=0
2026-02-09 21:49:04 [INFO] Cached key_id=0, datetime=2026-02-09T18:49:04+00:00 valid=V lat= lon= speed=None dir=None sat=0
2026-02-09 21:49:05 [INFO] Cached key_id=0, datetime=2026-02-09T18:49:05+00:00 valid=V lat= lon= speed=None dir=None sat=0
2026-02-09 21:49:06 [INFO] Cached key_id=0, datetime=2026-02-09T18:49:06+00:00 valid=V lat= lon= speed=None dir=None sat=0
2026-02-09 21:49:07 [INFO] Cached key_id=0, datetime=2026-02-09T18:49:07+00:00 valid=V lat= lon= speed=None dir=None sat=0
2026-02-09 21:49:08 [INFO] Cached key_id=0, datetime=2026-02-09T18:49:08+00:00 valid=V lat= lon= speed=None dir=None sat=0
2026-02-09 21:49:09 [INFO] Cached key_id=0, datetime=2026-02-09T18:49:09+00:00 valid=V lat= lon= speed=None dir=None sat=0
2026-02-09 21:49:09 [INFO] Received signal 2, shutting down...
2026-02-09 21:49:09 [INFO] NMEA reader task cancelled
2026-02-09 21:49:09 [INFO] DB flusher task cancelled
2026-02-09 21:49:10 [INFO] === GNRMC Unified App stopped ===
2026-02-09 21:49:12 [INFO] === GNRMC Unified App starting ===
2026-02-09 21:49:12 [INFO] Config: /home/teamhd/Projects/NMEA-SQL-Py/etc/config_example.toml | DB=data/gnrmc.db | MaxRows=150000 | Host=0.0.0.0:7000 | Workers=2 | CacheLen=5000 | CacheTrigger=100
2026-02-09 21:49:12 [INFO] DB initialized at data/gnrmc.db
2026-02-09 21:49:12 [INFO] Reading NMEA from serial: /dev/ttyS3 (baud=9600)
2026-02-09 21:49:13 [INFO] Cached datetime=2026-02-09T18:49:13+00:00 valid=V lat= lon= speed=None dir=None sat=0
2026-02-09 21:49:14 [INFO] Cached datetime=2026-02-09T18:49:14+00:00 valid=V lat= lon= speed=None dir=None sat=0
2026-02-09 21:49:15 [INFO] Cached datetime=2026-02-09T18:49:15+00:00 valid=V lat= lon= speed=None dir=None sat=0
2026-02-09 21:49:16 [INFO] Cached datetime=2026-02-09T18:49:16+00:00 valid=V lat= lon= speed=None dir=None sat=0
2026-02-09 21:49:17 [INFO] Cached datetime=2026-02-09T18:49:17+00:00 valid=V lat= lon= speed=None dir=None sat=0
2026-02-09 21:49:18 [INFO] Cached datetime=2026-02-09T18:49:18+00:00 valid=V lat= lon= speed=None dir=None sat=0
2026-02-09 21:49:19 [INFO] Cached datetime=2026-02-09T18:49:19+00:00 valid=V lat= lon= speed=None dir=None sat=0
2026-02-09 21:49:20 [INFO] Cached datetime=2026-02-09T18:49:20+00:00 valid=V lat= lon= speed=None dir=None sat=0
2026-02-09 21:49:21 [INFO] Cached datetime=2026-02-09T18:49:21+00:00 valid=V lat= lon= speed=None dir=None sat=0
2026-02-09 21:49:22 [INFO] Cached datetime=2026-02-09T18:49:22+00:00 valid=V lat= lon= speed=None dir=None sat=0
2026-02-09 21:49:23 [INFO] Cached datetime=2026-02-09T18:49:23+00:00 valid=V lat= lon= speed=None dir=None sat=0
2026-02-09 21:49:24 [INFO] Cached datetime=2026-02-09T18:49:24+00:00 valid=V lat= lon= speed=None dir=None sat=0
2026-02-09 21:49:25 [INFO] Cached datetime=2026-02-09T18:49:25+00:00 valid=V lat= lon= speed=None dir=None sat=0
2026-02-09 21:49:26 [INFO] Cached datetime=2026-02-09T18:49:26+00:00 valid=V lat= lon= speed=None dir=None sat=0
2026-02-09 21:49:27 [INFO] Cached datetime=2026-02-09T18:49:27+00:00 valid=V lat= lon= speed=None dir=None sat=0
2026-02-09 21:49:28 [INFO] Cached datetime=2026-02-09T18:49:28+00:00 valid=V lat= lon= speed=None dir=None sat=0
2026-02-09 21:49:29 [INFO] Returned last cached record
2026-02-09 21:49:29 [INFO] Cached datetime=2026-02-09T18:49:29+00:00 valid=V lat= lon= speed=None dir=None sat=0
2026-02-09 21:49:30 [INFO] Cached datetime=2026-02-09T18:49:30+00:00 valid=V lat= lon= speed=None dir=None sat=0
2026-02-09 21:49:31 [INFO] Cached datetime=2026-02-09T18:49:31+00:00 valid=V lat= lon= speed=None dir=None sat=0
2026-02-09 21:49:32 [INFO] Cached datetime=2026-02-09T18:49:32+00:00 valid=V lat= lon= speed=None dir=None sat=0
2026-02-09 21:49:33 [INFO] Returned last cached record
2026-02-09 21:49:33 [INFO] Cached datetime=2026-02-09T18:49:33+00:00 valid=V lat= lon= speed=None dir=None sat=0
2026-02-09 21:49:34 [INFO] Cached datetime=2026-02-09T18:49:34+00:00 valid=V lat= lon= speed=None dir=None sat=0
2026-02-09 21:49:35 [INFO] Cached datetime=2026-02-09T18:49:35+00:00 valid=V lat= lon= speed=None dir=None sat=0
2026-02-09 21:49:36 [INFO] Cached datetime=2026-02-09T18:49:36+00:00 valid=V lat= lon= speed=None dir=None sat=0
2026-02-09 21:49:37 [INFO] Cached datetime=2026-02-09T18:49:37+00:00 valid=V lat= lon= speed=None dir=None sat=0
2026-02-09 21:49:38 [INFO] Cached datetime=2026-02-09T18:49:38+00:00 valid=V lat= lon= speed=None dir=None sat=0
2026-02-09 21:49:39 [INFO] Cached datetime=2026-02-09T18:49:39+00:00 valid=V lat= lon= speed=None dir=None sat=0
2026-02-09 21:49:40 [INFO] Cached datetime=2026-02-09T18:49:40+00:00 valid=V lat= lon= speed=None dir=None sat=0
2026-02-09 21:49:41 [INFO] Cached datetime=2026-02-09T18:49:41+00:00 valid=V lat= lon= speed=None dir=None sat=0
2026-02-09 21:49:42 [INFO] Cached datetime=2026-02-09T18:49:42+00:00 valid=V lat= lon= speed=None dir=None sat=0
2026-02-09 21:49:43 [INFO] Cached datetime=2026-02-09T18:49:43+00:00 valid=V lat= lon= speed=None dir=None sat=0
2026-02-09 21:49:44 [INFO] Cached datetime=2026-02-09T18:49:44+00:00 valid=V lat= lon= speed=None dir=None sat=0
2026-02-09 21:49:45 [INFO] Cached datetime=2026-02-09T18:49:45+00:00 valid=V lat= lon= speed=None dir=None sat=0
2026-02-09 21:49:46 [INFO] Cached datetime=2026-02-09T18:49:46+00:00 valid=V lat= lon= speed=None dir=None sat=0
2026-02-09 21:49:47 [INFO] Cached datetime=2026-02-09T18:49:47+00:00 valid=V lat= lon= speed=None dir=None sat=0
2026-02-09 21:49:48 [INFO] Cached datetime=2026-02-09T18:49:48+00:00 valid=V lat= lon= speed=None dir=None sat=0
2026-02-09 21:49:49 [INFO] Cached datetime=2026-02-09T18:49:49+00:00 valid=V lat= lon= speed=None dir=None sat=0
2026-02-09 21:49:50 [INFO] Cached datetime=2026-02-09T18:49:50+00:00 valid=V lat= lon= speed=None dir=None sat=0
2026-02-09 21:49:51 [INFO] Cached datetime=2026-02-09T18:49:51+00:00 valid=V lat= lon= speed=None dir=None sat=0
2026-02-09 21:49:52 [INFO] Cached datetime=2026-02-09T18:49:52+00:00 valid=V lat= lon= speed=None dir=None sat=0
2026-02-09 21:49:53 [INFO] Cached datetime=2026-02-09T18:49:53+00:00 valid=V lat= lon= speed=None dir=None sat=0
2026-02-09 21:49:54 [INFO] Cached datetime=2026-02-09T18:49:54+00:00 valid=V lat= lon= speed=None dir=None sat=0
2026-02-09 21:49:55 [INFO] Cached datetime=2026-02-09T18:49:55+00:00 valid=V lat= lon= speed=None dir=None sat=0
2026-02-09 21:49:56 [INFO] Cached datetime=2026-02-09T18:49:56+00:00 valid=V lat= lon= speed=None dir=None sat=0
2026-02-09 21:49:57 [INFO] Cached datetime=2026-02-09T18:49:57+00:00 valid=V lat= lon= speed=None dir=None sat=0
2026-02-09 21:49:58 [INFO] Cached datetime=2026-02-09T18:49:58+00:00 valid=V lat= lon= speed=None dir=None sat=0
2026-02-09 21:49:59 [INFO] Cached datetime=2026-02-09T18:49:59+00:00 valid=V lat= lon= speed=None dir=None sat=0
2026-02-09 21:50:00 [INFO] Cached datetime=2026-02-09T18:50:00+00:00 valid=V lat= lon= speed=None dir=None sat=0
2026-02-09 21:50:01 [INFO] Cached datetime=2026-02-09T18:50:01+00:00 valid=V lat= lon= speed=None dir=None sat=0
2026-02-09 21:50:02 [INFO] Cached datetime=2026-02-09T18:50:02+00:00 valid=V lat= lon= speed=None dir=None sat=0
2026-02-09 21:50:03 [INFO] Cached datetime=2026-02-09T18:50:03+00:00 valid=V lat= lon= speed=None dir=None sat=0
2026-02-09 21:50:04 [INFO] Cached datetime=2026-02-09T18:50:04+00:00 valid=V lat= lon= speed=None dir=None sat=0
2026-02-09 21:50:05 [INFO] Cached datetime=2026-02-09T18:50:05+00:00 valid=V lat= lon= speed=None dir=None sat=0
2026-02-09 21:50:06 [INFO] Cached datetime=2026-02-09T18:50:06+00:00 valid=V lat= lon= speed=None dir=None sat=0
2026-02-09 21:50:07 [INFO] Cached datetime=2026-02-09T18:50:07+00:00 valid=V lat= lon= speed=None dir=None sat=0
2026-02-09 21:50:08 [INFO] Cached datetime=2026-02-09T18:50:08+00:00 valid=V lat= lon= speed=None dir=None sat=0
2026-02-09 21:50:09 [INFO] Cached datetime=2026-02-09T18:50:09+00:00 valid=V lat= lon= speed=None dir=None sat=0
2026-02-09 21:50:10 [INFO] Cached datetime=2026-02-09T18:50:10+00:00 valid=V lat= lon= speed=None dir=None sat=0
2026-02-09 21:50:11 [INFO] Cached datetime=2026-02-09T18:50:11+00:00 valid=V lat= lon= speed=None dir=None sat=0
2026-02-09 21:50:12 [INFO] Cached datetime=2026-02-09T18:50:12+00:00 valid=V lat= lon= speed=None dir=None sat=0
2026-02-09 21:50:13 [INFO] Cached datetime=2026-02-09T18:50:13+00:00 valid=V lat= lon= speed=None dir=None sat=0
2026-02-09 21:50:14 [INFO] Cached datetime=2026-02-09T18:50:14+00:00 valid=V lat= lon= speed=None dir=None sat=0
2026-02-09 21:50:15 [INFO] Cached datetime=2026-02-09T18:50:15+00:00 valid=V lat= lon= speed=None dir=None sat=0
2026-02-09 21:50:16 [INFO] Cached datetime=2026-02-09T18:50:16+00:00 valid=V lat= lon= speed=None dir=None sat=0
2026-02-09 21:50:17 [INFO] Cached datetime=2026-02-09T18:50:17+00:00 valid=V lat= lon= speed=None dir=None sat=0
2026-02-09 21:50:18 [INFO] Cached datetime=2026-02-09T18:50:18+00:00 valid=V lat= lon= speed=None dir=None sat=0
2026-02-09 21:50:19 [INFO] Cached datetime=2026-02-09T18:50:19+00:00 valid=V lat= lon= speed=None dir=None sat=0
2026-02-09 21:50:20 [INFO] Cached datetime=2026-02-09T18:50:20+00:00 valid=V lat= lon= speed=None dir=None sat=0
2026-02-09 21:50:21 [INFO] Cached datetime=2026-02-09T18:50:21+00:00 valid=V lat= lon= speed=None dir=None sat=0
2026-02-09 21:50:22 [INFO] Cached datetime=2026-02-09T18:50:22+00:00 valid=V lat= lon= speed=None dir=None sat=0
2026-02-09 21:50:23 [INFO] Cached datetime=2026-02-09T18:50:23+00:00 valid=V lat= lon= speed=None dir=None sat=0
2026-02-09 21:50:24 [INFO] Cached datetime=2026-02-09T18:50:24+00:00 valid=V lat= lon= speed=None dir=None sat=0
2026-02-09 21:50:25 [INFO] Cached datetime=2026-02-09T18:50:25+00:00 valid=V lat= lon= speed=None dir=None sat=0
2026-02-09 21:50:26 [INFO] Cached datetime=2026-02-09T18:50:26+00:00 valid=V lat= lon= speed=None dir=None sat=0
2026-02-09 21:50:27 [INFO] Cached datetime=2026-02-09T18:50:27+00:00 valid=V lat= lon= speed=None dir=None sat=0
2026-02-09 21:50:28 [INFO] Cached datetime=2026-02-09T18:50:28+00:00 valid=V lat= lon= speed=None dir=None sat=0
2026-02-09 21:50:29 [INFO] Cached datetime=2026-02-09T18:50:29+00:00 valid=V lat= lon= speed=None dir=None sat=0
2026-02-09 21:50:30 [INFO] Cached datetime=2026-02-09T18:50:30+00:00 valid=V lat= lon= speed=None dir=None sat=0
2026-02-09 21:50:31 [INFO] Cached datetime=2026-02-09T18:50:31+00:00 valid=V lat= lon= speed=None dir=None sat=0
2026-02-09 21:50:32 [INFO] Cached datetime=2026-02-09T18:50:32+00:00 valid=V lat= lon= speed=None dir=None sat=0
2026-02-09 21:50:33 [INFO] Cached datetime=2026-02-09T18:50:33+00:00 valid=V lat= lon= speed=None dir=None sat=0
2026-02-09 21:50:34 [INFO] Cached datetime=2026-02-09T18:50:34+00:00 valid=V lat= lon= speed=None dir=None sat=0
2026-02-09 21:50:35 [INFO] Cached datetime=2026-02-09T18:50:35+00:00 valid=V lat= lon= speed=None dir=None sat=0
2026-02-09 21:50:36 [INFO] Cached datetime=2026-02-09T18:50:36+00:00 valid=V lat= lon= speed=None dir=None sat=0
2026-02-09 21:50:37 [INFO] Cached datetime=2026-02-09T18:50:37+00:00 valid=V lat= lon= speed=None dir=None sat=0
2026-02-09 21:50:38 [INFO] Cached datetime=2026-02-09T18:50:38+00:00 valid=V lat= lon= speed=None dir=None sat=0
2026-02-09 21:50:39 [INFO] Cached datetime=2026-02-09T18:50:39+00:00 valid=V lat= lon= speed=None dir=None sat=0
2026-02-09 21:50:40 [INFO] Cached datetime=2026-02-09T18:50:40+00:00 valid=V lat= lon= speed=None dir=None sat=0
2026-02-09 21:50:41 [INFO] Cached datetime=2026-02-09T18:50:41+00:00 valid=V lat= lon= speed=None dir=None sat=0
2026-02-09 21:50:42 [INFO] Cached datetime=2026-02-09T18:50:42+00:00 valid=V lat= lon= speed=None dir=None sat=0
2026-02-09 21:50:43 [INFO] Cached datetime=2026-02-09T18:50:43+00:00 valid=V lat= lon= speed=None dir=None sat=0
2026-02-09 21:50:44 [INFO] Cached datetime=2026-02-09T18:50:44+00:00 valid=V lat= lon= speed=None dir=None sat=0
2026-02-09 21:50:45 [INFO] Cached datetime=2026-02-09T18:50:45+00:00 valid=V lat= lon= speed=None dir=None sat=0
2026-02-09 21:50:46 [INFO] Cached datetime=2026-02-09T18:50:46+00:00 valid=V lat= lon= speed=None dir=None sat=0
2026-02-09 21:50:47 [INFO] Cached datetime=2026-02-09T18:50:47+00:00 valid=V lat= lon= speed=None dir=None sat=0
2026-02-09 21:50:48 [INFO] Cached datetime=2026-02-09T18:50:48+00:00 valid=V lat= lon= speed=None dir=None sat=0
2026-02-09 21:50:49 [INFO] Cached datetime=2026-02-09T18:50:49+00:00 valid=V lat= lon= speed=None dir=None sat=0
2026-02-09 21:50:50 [INFO] Cached datetime=2026-02-09T18:50:50+00:00 valid=V lat= lon= speed=None dir=None sat=0
2026-02-09 21:50:51 [INFO] Cached datetime=2026-02-09T18:50:51+00:00 valid=V lat= lon= speed=None dir=None sat=0
2026-02-09 21:50:52 [INFO] Cache trigger reached: 100 >= 100
2026-02-09 21:50:52 [INFO] Cached datetime=2026-02-09T18:50:52+00:00 valid=V lat= lon= speed=None dir=None sat=0
2026-02-09 21:50:52 [INFO] Flushing 100 cached records (counter was 100)
2026-02-09 21:50:52 [INFO] Inserted 100 records into DB
2026-02-09 21:50:52 [WARNING] Retention: total=150100 > max_rows=150000, pruning...
2026-02-09 21:50:52 [INFO] Retention completed: kept latest 150000 rows
2026-02-09 21:50:53 [INFO] Cached datetime=2026-02-09T18:50:53+00:00 valid=V lat= lon= speed=None dir=None sat=0
2026-02-09 21:50:54 [INFO] Cached datetime=2026-02-09T18:50:54+00:00 valid=V lat= lon= speed=None dir=None sat=0
2026-02-09 21:50:55 [INFO] Cached datetime=2026-02-09T18:50:55+00:00 valid=V lat= lon= speed=None dir=None sat=0
2026-02-09 21:50:56 [INFO] Cached datetime=2026-02-09T18:50:56+00:00 valid=V lat= lon= speed=None dir=None sat=0
2026-02-09 21:50:57 [INFO] Cached datetime=2026-02-09T18:50:57+00:00 valid=V lat= lon= speed=None dir=None sat=0
2026-02-09 21:50:58 [INFO] Cached datetime=2026-02-09T18:50:58+00:00 valid=V lat= lon= speed=None dir=None sat=0
2026-02-09 21:50:59 [INFO] Cached datetime=2026-02-09T18:50:59+00:00 valid=V lat= lon= speed=None dir=None sat=0
2026-02-09 21:51:00 [INFO] Cached datetime=2026-02-09T18:51:00+00:00 valid=V lat= lon= speed=None dir=None sat=0
2026-02-09 21:51:01 [INFO] Cached datetime=2026-02-09T18:51:01+00:00 valid=V lat= lon= speed=None dir=None sat=0
2026-02-09 21:51:02 [INFO] Cached datetime=2026-02-09T18:51:02+00:00 valid=V lat= lon= speed=None dir=None sat=0
2026-02-09 21:51:03 [INFO] Cached datetime=2026-02-09T18:51:03+00:00 valid=V lat= lon= speed=None dir=None sat=0
2026-02-09 21:51:04 [INFO] Cached datetime=2026-02-09T18:51:04+00:00 valid=V lat= lon= speed=None dir=None sat=0
2026-02-09 21:51:05 [INFO] Cached datetime=2026-02-09T18:51:05+00:00 valid=V lat= lon= speed=None dir=None sat=0
2026-02-09 21:51:06 [INFO] Cached datetime=2026-02-09T18:51:06+00:00 valid=V lat= lon= speed=None dir=None sat=0
2026-02-09 21:51:07 [INFO] Cached datetime=2026-02-09T18:51:07+00:00 valid=V lat= lon= speed=None dir=None sat=0
2026-02-09 21:51:08 [INFO] Cached datetime=2026-02-09T18:51:08+00:00 valid=V lat= lon= speed=None dir=None sat=0
2026-02-09 21:51:09 [INFO] Cached datetime=2026-02-09T18:51:09+00:00 valid=V lat= lon= speed=None dir=None sat=0
2026-02-09 21:51:10 [INFO] Cached datetime=2026-02-09T18:51:10+00:00 valid=V lat= lon= speed=None dir=None sat=0
2026-02-09 21:51:11 [INFO] Cached datetime=2026-02-09T18:51:11+00:00 valid=V lat= lon= speed=None dir=None sat=0
2026-02-09 21:51:12 [INFO] Cached datetime=2026-02-09T18:51:12+00:00 valid=V lat= lon= speed=None dir=None sat=0
2026-02-09 21:51:13 [INFO] Cached datetime=2026-02-09T18:51:13+00:00 valid=V lat= lon= speed=None dir=None sat=0
2026-02-09 21:51:14 [INFO] Cached datetime=2026-02-09T18:51:14+00:00 valid=V lat= lon= speed=None dir=None sat=0
2026-02-09 21:51:15 [INFO] Cached datetime=2026-02-09T18:51:15+00:00 valid=V lat= lon= speed=None dir=None sat=0
2026-02-09 21:51:16 [INFO] Cached datetime=2026-02-09T18:51:16+00:00 valid=V lat= lon= speed=None dir=None sat=0
2026-02-09 21:51:17 [INFO] Cached datetime=2026-02-09T18:51:17+00:00 valid=V lat= lon= speed=None dir=None sat=0
2026-02-09 21:51:18 [INFO] Cached datetime=2026-02-09T18:51:18+00:00 valid=V lat= lon= speed=None dir=None sat=0
2026-02-09 21:51:19 [INFO] Cached datetime=2026-02-09T18:51:19+00:00 valid=V lat= lon= speed=None dir=None sat=0
2026-02-09 21:51:20 [INFO] Cached datetime=2026-02-09T18:51:20+00:00 valid=V lat= lon= speed=None dir=None sat=0
2026-02-09 21:51:21 [INFO] Cached datetime=2026-02-09T18:51:21+00:00 valid=V lat= lon= speed=None dir=None sat=0
2026-02-09 21:51:22 [INFO] Cached datetime=2026-02-09T18:51:22+00:00 valid=V lat= lon= speed=None dir=None sat=0
2026-02-09 21:51:23 [INFO] Cached datetime=2026-02-09T18:51:23+00:00 valid=V lat= lon= speed=None dir=None sat=0
2026-02-09 21:51:24 [INFO] Cached datetime=2026-02-09T18:51:24+00:00 valid=V lat= lon= speed=None dir=None sat=0
2026-02-09 21:51:25 [INFO] Cached datetime=2026-02-09T18:51:25+00:00 valid=V lat= lon= speed=None dir=None sat=0
2026-02-09 21:51:26 [INFO] Cached datetime=2026-02-09T18:51:26+00:00 valid=V lat= lon= speed=None dir=None sat=0
2026-02-09 21:51:27 [INFO] Cached datetime=2026-02-09T18:51:27+00:00 valid=V lat= lon= speed=None dir=None sat=0
2026-02-09 21:51:28 [INFO] Cached datetime=2026-02-09T18:51:28+00:00 valid=V lat= lon= speed=None dir=None sat=0
2026-02-09 21:51:29 [INFO] Cached datetime=2026-02-09T18:51:29+00:00 valid=V lat= lon= speed=None dir=None sat=0
2026-02-09 21:51:30 [INFO] Cached datetime=2026-02-09T18:51:30+00:00 valid=V lat= lon= speed=None dir=None sat=0
2026-02-09 21:51:31 [INFO] Cached datetime=2026-02-09T18:51:31+00:00 valid=V lat= lon= speed=None dir=None sat=0
2026-02-09 21:51:32 [INFO] Cached datetime=2026-02-09T18:51:32+00:00 valid=V lat= lon= speed=None dir=None sat=0
2026-02-09 21:51:33 [INFO] Cached datetime=2026-02-09T18:51:33+00:00 valid=V lat= lon= speed=None dir=None sat=0
2026-02-09 21:51:34 [INFO] Cached datetime=2026-02-09T18:51:34+00:00 valid=V lat= lon= speed=None dir=None sat=0
2026-02-09 21:51:35 [INFO] Cached datetime=2026-02-09T18:51:35+00:00 valid=V lat= lon= speed=None dir=None sat=0
2026-02-09 21:51:36 [INFO] Cached datetime=2026-02-09T18:51:36+00:00 valid=V lat= lon= speed=None dir=None sat=0
2026-02-09 21:51:37 [INFO] Cached datetime=2026-02-09T18:51:37+00:00 valid=V lat= lon= speed=None dir=None sat=0
2026-02-09 21:51:38 [INFO] Cached datetime=2026-02-09T18:51:38+00:00 valid=V lat= lon= speed=None dir=None sat=0
2026-02-09 21:51:39 [INFO] Cached datetime=2026-02-09T18:51:39+00:00 valid=V lat= lon= speed=None dir=None sat=0
2026-02-09 21:51:40 [INFO] Cached datetime=2026-02-09T18:51:40+00:00 valid=V lat= lon= speed=None dir=None sat=0
2026-02-09 21:51:41 [INFO] Cached datetime=2026-02-09T18:51:41+00:00 valid=V lat= lon= speed=None dir=None sat=0
2026-02-09 21:51:42 [INFO] Cached datetime=2026-02-09T18:51:42+00:00 valid=V lat= lon= speed=None dir=None sat=0
2026-02-09 21:51:43 [INFO] Cached datetime=2026-02-09T18:51:43+00:00 valid=V lat= lon= speed=None dir=None sat=0
2026-02-09 21:51:44 [INFO] Cached datetime=2026-02-09T18:51:44+00:00 valid=V lat= lon= speed=None dir=None sat=0
2026-02-09 21:51:45 [INFO] Cached datetime=2026-02-09T18:51:45+00:00 valid=V lat= lon= speed=None dir=None sat=0
2026-02-09 21:51:46 [INFO] Cached datetime=2026-02-09T18:51:46+00:00 valid=V lat= lon= speed=None dir=None sat=0
2026-02-09 21:51:47 [INFO] Cached datetime=2026-02-09T18:51:47+00:00 valid=V lat= lon= speed=None dir=None sat=0
2026-02-09 21:51:48 [INFO] Cached datetime=2026-02-09T18:51:48+00:00 valid=V lat= lon= speed=None dir=None sat=0
2026-02-09 21:51:49 [INFO] Cached datetime=2026-02-09T18:51:49+00:00 valid=V lat= lon= speed=None dir=None sat=0
2026-02-09 21:51:50 [INFO] Cached datetime=2026-02-09T18:51:50+00:00 valid=V lat= lon= speed=None dir=None sat=0
2026-02-09 21:51:51 [INFO] Cached datetime=2026-02-09T18:51:51+00:00 valid=V lat= lon= speed=None dir=None sat=0
2026-02-09 21:51:52 [INFO] Cached datetime=2026-02-09T18:51:52+00:00 valid=V lat= lon= speed=None dir=None sat=0
2026-02-09 21:51:53 [INFO] Cached datetime=2026-02-09T18:51:53+00:00 valid=V lat= lon= speed=None dir=None sat=0
2026-02-09 21:51:54 [INFO] Cached datetime=2026-02-09T18:51:54+00:00 valid=V lat= lon= speed=None dir=None sat=0
2026-02-09 21:51:55 [INFO] Cached datetime=2026-02-09T18:51:55+00:00 valid=V lat= lon= speed=None dir=None sat=0
2026-02-09 21:51:56 [INFO] Cached datetime=2026-02-09T18:51:56+00:00 valid=V lat= lon= speed=None dir=None sat=0
2026-02-09 21:51:57 [INFO] Cached datetime=2026-02-09T18:51:57+00:00 valid=V lat= lon= speed=None dir=None sat=0
2026-02-09 21:51:58 [INFO] Cached datetime=2026-02-09T18:51:58+00:00 valid=V lat= lon= speed=None dir=None sat=0
2026-02-09 21:51:59 [INFO] Cached datetime=2026-02-09T18:51:59+00:00 valid=V lat= lon= speed=None dir=None sat=0
2026-02-09 21:52:00 [INFO] Cached datetime=2026-02-09T18:52:00+00:00 valid=V lat= lon= speed=None dir=None sat=0
2026-02-09 21:52:01 [INFO] Cached datetime=2026-02-09T18:52:01+00:00 valid=V lat= lon= speed=None dir=None sat=0
2026-02-09 21:52:02 [INFO] Cached datetime=2026-02-09T18:52:02+00:00 valid=V lat= lon= speed=None dir=None sat=0
2026-02-09 21:52:03 [INFO] Cached datetime=2026-02-09T18:52:03+00:00 valid=V lat= lon= speed=None dir=None sat=0
2026-02-09 21:52:04 [INFO] Cached datetime=2026-02-09T18:52:04+00:00 valid=V lat= lon= speed=None dir=None sat=0
2026-02-09 21:52:05 [INFO] Cached datetime=2026-02-09T18:52:05+00:00 valid=V lat= lon= speed=None dir=None sat=0
2026-02-09 21:52:06 [INFO] Cached datetime=2026-02-09T18:52:06+00:00 valid=V lat= lon= speed=None dir=None sat=0
2026-02-09 21:52:07 [INFO] Cached datetime=2026-02-09T18:52:07+00:00 valid=V lat= lon= speed=None dir=None sat=0
2026-02-09 21:52:08 [INFO] Cached datetime=2026-02-09T18:52:08+00:00 valid=V lat= lon= speed=None dir=None sat=0
2026-02-09 21:52:09 [INFO] Cached datetime=2026-02-09T18:52:09+00:00 valid=V lat= lon= speed=None dir=None sat=0
2026-02-09 21:52:10 [INFO] Cached datetime=2026-02-09T18:52:10+00:00 valid=V lat= lon= speed=None dir=None sat=0
2026-02-09 21:52:11 [INFO] Cached datetime=2026-02-09T18:52:11+00:00 valid=V lat= lon= speed=None dir=None sat=0
2026-02-09 21:52:12 [INFO] Cached datetime=2026-02-09T18:52:12+00:00 valid=V lat= lon= speed=None dir=None sat=0
2026-02-09 21:52:13 [INFO] Cached datetime=2026-02-09T18:52:13+00:00 valid=V lat= lon= speed=None dir=None sat=0
2026-02-09 21:52:14 [INFO] Cached datetime=2026-02-09T18:52:14+00:00 valid=V lat= lon= speed=None dir=None sat=0
2026-02-09 21:52:15 [INFO] Cached datetime=2026-02-09T18:52:15+00:00 valid=V lat= lon= speed=None dir=None sat=0
2026-02-09 21:52:16 [INFO] Cached datetime=2026-02-09T18:52:16+00:00 valid=V lat= lon= speed=None dir=None sat=0
2026-02-09 21:52:17 [INFO] Cached datetime=2026-02-09T18:52:17+00:00 valid=V lat= lon= speed=None dir=None sat=0
2026-02-09 21:52:18 [INFO] Cached datetime=2026-02-09T18:52:18+00:00 valid=V lat= lon= speed=None dir=None sat=0
2026-02-09 21:52:19 [INFO] Cached datetime=2026-02-09T18:52:19+00:00 valid=V lat= lon= speed=None dir=None sat=0
2026-02-09 21:52:20 [INFO] Cached datetime=2026-02-09T18:52:20+00:00 valid=V lat= lon= speed=None dir=None sat=0
2026-02-09 21:52:21 [INFO] Cached datetime=2026-02-09T18:52:21+00:00 valid=V lat= lon= speed=None dir=None sat=0
2026-02-09 21:52:22 [INFO] Cached datetime=2026-02-09T18:52:22+00:00 valid=V lat= lon= speed=None dir=None sat=0
2026-02-09 21:52:23 [INFO] Cached datetime=2026-02-09T18:52:23+00:00 valid=V lat= lon= speed=None dir=None sat=0
2026-02-09 21:52:24 [INFO] Cached datetime=2026-02-09T18:52:24+00:00 valid=V lat= lon= speed=None dir=None sat=0
2026-02-09 21:52:25 [INFO] Cached datetime=2026-02-09T18:52:25+00:00 valid=V lat= lon= speed=None dir=None sat=0
2026-02-09 21:52:26 [INFO] Cached datetime=2026-02-09T18:52:26+00:00 valid=V lat= lon= speed=None dir=None sat=0
2026-02-09 21:52:27 [INFO] Cached datetime=2026-02-09T18:52:27+00:00 valid=V lat= lon= speed=None dir=None sat=0
2026-02-09 21:52:28 [INFO] Cached datetime=2026-02-09T18:52:28+00:00 valid=V lat= lon= speed=None dir=None sat=0
2026-02-09 21:52:29 [INFO] Cached datetime=2026-02-09T18:52:29+00:00 valid=V lat= lon= speed=None dir=None sat=0
2026-02-09 21:52:30 [INFO] Cached datetime=2026-02-09T18:52:30+00:00 valid=V lat= lon= speed=None dir=None sat=0
2026-02-09 21:52:31 [INFO] Cached datetime=2026-02-09T18:52:31+00:00 valid=V lat= lon= speed=None dir=None sat=0
2026-02-09 21:52:32 [INFO] Cache trigger reached: 100 >= 100
2026-02-09 21:52:32 [INFO] Cached datetime=2026-02-09T18:52:32+00:00 valid=V lat= lon= speed=None dir=None sat=0
2026-02-09 21:52:32 [INFO] Flushing 100 cached records (counter was 100)
2026-02-09 21:52:32 [INFO] Inserted 100 records into DB
2026-02-09 21:52:32 [WARNING] Retention: total=150100 > max_rows=150000, pruning...
2026-02-09 21:52:32 [INFO] Retention completed: kept latest 150000 rows
2026-02-09 21:52:33 [INFO] Cached datetime=2026-02-09T18:52:33+00:00 valid=V lat= lon= speed=None dir=None sat=0
2026-02-09 21:52:34 [INFO] Cached datetime=2026-02-09T18:52:34+00:00 valid=V lat= lon= speed=None dir=None sat=0
2026-02-09 21:52:35 [INFO] Cached datetime=2026-02-09T18:52:35+00:00 valid=V lat= lon= speed=None dir=None sat=0
2026-02-09 21:52:36 [INFO] Cached datetime=2026-02-09T18:52:36+00:00 valid=V lat= lon= speed=None dir=None sat=0
2026-02-09 21:52:37 [INFO] Cached datetime=2026-02-09T18:52:37+00:00 valid=V lat= lon= speed=None dir=None sat=0
2026-02-09 21:52:38 [INFO] Cached datetime=2026-02-09T18:52:38+00:00 valid=V lat= lon= speed=None dir=None sat=0
2026-02-09 21:52:39 [INFO] Cached datetime=2026-02-09T18:52:39+00:00 valid=V lat= lon= speed=None dir=None sat=0
2026-02-09 21:52:40 [INFO] Cached datetime=2026-02-09T18:52:40+00:00 valid=V lat= lon= speed=None dir=None sat=0
2026-02-09 21:52:41 [INFO] Cached datetime=2026-02-09T18:52:41+00:00 valid=V lat= lon= speed=None dir=None sat=0
2026-02-09 21:52:42 [INFO] Cached datetime=2026-02-09T18:52:42+00:00 valid=V lat= lon= speed=None dir=None sat=0
2026-02-09 21:52:43 [INFO] Cached datetime=2026-02-09T18:52:43+00:00 valid=V lat= lon= speed=None dir=None sat=0
2026-02-09 21:52:44 [INFO] Cached datetime=2026-02-09T18:52:44+00:00 valid=V lat= lon= speed=None dir=None sat=0
2026-02-09 21:52:45 [INFO] Cached datetime=2026-02-09T18:52:45+00:00 valid=V lat= lon= speed=None dir=None sat=0
2026-02-09 21:52:46 [INFO] Cached datetime=2026-02-09T18:52:46+00:00 valid=V lat= lon= speed=None dir=None sat=0
2026-02-09 21:52:47 [INFO] Cached datetime=2026-02-09T18:52:47+00:00 valid=V lat= lon= speed=None dir=None sat=0
2026-02-09 21:52:48 [INFO] Cached datetime=2026-02-09T18:52:48+00:00 valid=V lat= lon= speed=None dir=None sat=0
2026-02-09 21:52:49 [INFO] Cached datetime=2026-02-09T18:52:49+00:00 valid=V lat= lon= speed=None dir=None sat=0
2026-02-09 21:52:50 [INFO] Cached datetime=2026-02-09T18:52:50+00:00 valid=V lat= lon= speed=None dir=None sat=0
2026-02-09 21:52:51 [INFO] Cached datetime=2026-02-09T18:52:51+00:00 valid=V lat= lon= speed=None dir=None sat=0
2026-02-09 21:52:52 [INFO] Cached datetime=2026-02-09T18:52:52+00:00 valid=V lat= lon= speed=None dir=None sat=0
2026-02-09 21:52:53 [INFO] Cached datetime=2026-02-09T18:52:53+00:00 valid=V lat= lon= speed=None dir=None sat=0
2026-02-09 21:52:54 [INFO] Cached datetime=2026-02-09T18:52:54+00:00 valid=V lat= lon= speed=None dir=None sat=0
2026-02-09 21:52:55 [INFO] Cached datetime=2026-02-09T18:52:55+00:00 valid=V lat= lon= speed=None dir=None sat=0
2026-02-09 21:52:56 [INFO] Cached datetime=2026-02-09T18:52:56+00:00 valid=V lat= lon= speed=None dir=None sat=0
2026-02-09 21:52:57 [INFO] Cached datetime=2026-02-09T18:52:57+00:00 valid=V lat= lon= speed=None dir=None sat=0
2026-02-09 21:52:58 [INFO] Cached datetime=2026-02-09T18:52:58+00:00 valid=V lat= lon= speed=None dir=None sat=0
2026-02-09 21:52:59 [INFO] Cached datetime=2026-02-09T18:52:59+00:00 valid=V lat= lon= speed=None dir=None sat=0
2026-02-09 21:53:00 [INFO] Cached datetime=2026-02-09T18:53:00+00:00 valid=V lat= lon= speed=None dir=None sat=0
2026-02-09 21:53:01 [INFO] Cached datetime=2026-02-09T18:53:01+00:00 valid=V lat= lon= speed=None dir=None sat=0
2026-02-09 21:53:02 [INFO] Cached datetime=2026-02-09T18:53:02+00:00 valid=V lat= lon= speed=None dir=None sat=0
2026-02-09 21:53:03 [INFO] Cached datetime=2026-02-09T18:53:03+00:00 valid=V lat= lon= speed=None dir=None sat=0
2026-02-09 21:53:04 [INFO] Cached datetime=2026-02-09T18:53:04+00:00 valid=V lat= lon= speed=None dir=None sat=0
2026-02-09 21:53:05 [INFO] Cached datetime=2026-02-09T18:53:05+00:00 valid=V lat= lon= speed=None dir=None sat=0
2026-02-09 21:53:06 [INFO] Cached datetime=2026-02-09T18:53:06+00:00 valid=V lat= lon= speed=None dir=None sat=0
2026-02-09 21:53:07 [INFO] Cached datetime=2026-02-09T18:53:07+00:00 valid=V lat= lon= speed=None dir=None sat=0
2026-02-09 21:53:08 [INFO] Cached datetime=2026-02-09T18:53:08+00:00 valid=V lat= lon= speed=None dir=None sat=0
2026-02-09 21:53:09 [INFO] Cached datetime=2026-02-09T18:53:09+00:00 valid=V lat= lon= speed=None dir=None sat=0
2026-02-09 21:53:10 [INFO] Cached datetime=2026-02-09T18:53:10+00:00 valid=V lat= lon= speed=None dir=None sat=0
2026-02-09 21:53:11 [INFO] Cached datetime=2026-02-09T18:53:11+00:00 valid=V lat= lon= speed=None dir=None sat=0
2026-02-09 21:53:12 [INFO] Cached datetime=2026-02-09T18:53:12+00:00 valid=V lat= lon= speed=None dir=None sat=0
2026-02-09 21:53:13 [INFO] Cached datetime=2026-02-09T18:53:13+00:00 valid=V lat= lon= speed=None dir=None sat=0
2026-02-09 21:53:14 [INFO] Cached datetime=2026-02-09T18:53:14+00:00 valid=V lat= lon= speed=None dir=None sat=0
2026-02-09 21:53:15 [INFO] Cached datetime=2026-02-09T18:53:15+00:00 valid=V lat= lon= speed=None dir=None sat=0
2026-02-09 21:53:16 [INFO] Cached datetime=2026-02-09T18:53:16+00:00 valid=V lat= lon= speed=None dir=None sat=0
2026-02-09 21:53:17 [INFO] Cached datetime=2026-02-09T18:53:17+00:00 valid=V lat= lon= speed=None dir=None sat=0
2026-02-09 21:53:18 [INFO] Cached datetime=2026-02-09T18:53:18+00:00 valid=V lat= lon= speed=None dir=None sat=0
2026-02-09 21:53:19 [INFO] Cached datetime=2026-02-09T18:53:19+00:00 valid=V lat= lon= speed=None dir=None sat=0
2026-02-09 21:53:20 [INFO] Cached datetime=2026-02-09T18:53:20+00:00 valid=V lat= lon= speed=None dir=None sat=0
2026-02-09 21:53:21 [INFO] Cached datetime=2026-02-09T18:53:21+00:00 valid=V lat= lon= speed=None dir=None sat=0
2026-02-09 21:53:22 [INFO] Cached datetime=2026-02-09T18:53:22+00:00 valid=V lat= lon= speed=None dir=None sat=0
2026-02-09 21:53:23 [INFO] Cached datetime=2026-02-09T18:53:23+00:00 valid=V lat= lon= speed=None dir=None sat=0
2026-02-09 21:53:24 [INFO] Cached datetime=2026-02-09T18:53:24+00:00 valid=V lat= lon= speed=None dir=None sat=0
2026-02-09 21:53:25 [INFO] Cached datetime=2026-02-09T18:53:25+00:00 valid=V lat= lon= speed=None dir=None sat=0
2026-02-09 21:53:26 [INFO] Cached datetime=2026-02-09T18:53:26+00:00 valid=V lat= lon= speed=None dir=None sat=0
2026-02-09 21:53:27 [INFO] Cached datetime=2026-02-09T18:53:27+00:00 valid=V lat= lon= speed=None dir=None sat=0
2026-02-09 21:53:28 [INFO] Cached datetime=2026-02-09T18:53:28+00:00 valid=V lat= lon= speed=None dir=None sat=0
2026-02-09 21:53:29 [INFO] Cached datetime=2026-02-09T18:53:29+00:00 valid=V lat= lon= speed=None dir=None sat=0
2026-02-09 21:53:30 [INFO] Cached datetime=2026-02-09T18:53:30+00:00 valid=V lat= lon= speed=None dir=None sat=0
2026-02-09 21:53:31 [INFO] Cached datetime=2026-02-09T18:53:31+00:00 valid=V lat= lon= speed=None dir=None sat=0
2026-02-09 21:53:32 [INFO] Cached datetime=2026-02-09T18:53:32+00:00 valid=V lat= lon= speed=None dir=None sat=0
2026-02-09 21:53:33 [INFO] Cached datetime=2026-02-09T18:53:33+00:00 valid=V lat= lon= speed=None dir=None sat=0
2026-02-09 21:53:34 [INFO] Cached datetime=2026-02-09T18:53:34+00:00 valid=V lat= lon= speed=None dir=None sat=0
2026-02-09 21:53:35 [INFO] Cached datetime=2026-02-09T18:53:35+00:00 valid=V lat= lon= speed=None dir=None sat=0
2026-02-09 21:53:36 [INFO] Cached datetime=2026-02-09T18:53:36+00:00 valid=V lat= lon= speed=None dir=None sat=0
2026-02-09 21:53:37 [INFO] Cached datetime=2026-02-09T18:53:37+00:00 valid=V lat= lon= speed=None dir=None sat=0
2026-02-09 21:53:38 [INFO] Cached datetime=2026-02-09T18:53:38+00:00 valid=V lat= lon= speed=None dir=None sat=0
2026-02-09 21:53:39 [INFO] Cached datetime=2026-02-09T18:53:39+00:00 valid=V lat= lon= speed=None dir=None sat=0
2026-02-09 21:53:40 [INFO] Cached datetime=2026-02-09T18:53:40+00:00 valid=V lat= lon= speed=None dir=None sat=0
2026-02-09 21:53:41 [INFO] Cached datetime=2026-02-09T18:53:41+00:00 valid=V lat= lon= speed=None dir=None sat=0
2026-02-09 21:53:42 [INFO] Cached datetime=2026-02-09T18:53:42+00:00 valid=V lat= lon= speed=None dir=None sat=0
2026-02-09 21:53:43 [INFO] Cached datetime=2026-02-09T18:53:43+00:00 valid=V lat= lon= speed=None dir=None sat=0
2026-02-09 21:53:44 [INFO] Cached datetime=2026-02-09T18:53:44+00:00 valid=V lat= lon= speed=None dir=None sat=0
2026-02-09 21:53:45 [INFO] Cached datetime=2026-02-09T18:53:45+00:00 valid=V lat= lon= speed=None dir=None sat=0
2026-02-09 21:53:46 [INFO] Cached datetime=2026-02-09T18:53:46+00:00 valid=V lat= lon= speed=None dir=None sat=0
2026-02-09 21:53:47 [INFO] Cached datetime=2026-02-09T18:53:47+00:00 valid=V lat= lon= speed=None dir=None sat=0
2026-02-09 21:53:48 [INFO] Cached datetime=2026-02-09T18:53:48+00:00 valid=V lat= lon= speed=None dir=None sat=0
2026-02-09 21:53:49 [INFO] Cached datetime=2026-02-09T18:53:49+00:00 valid=V lat= lon= speed=None dir=None sat=0
2026-02-09 21:53:50 [INFO] Cached datetime=2026-02-09T18:53:50+00:00 valid=V lat= lon= speed=None dir=None sat=0
2026-02-09 21:53:51 [INFO] Cached datetime=2026-02-09T18:53:51+00:00 valid=V lat= lon= speed=None dir=None sat=0
2026-02-09 21:53:52 [INFO] Cached datetime=2026-02-09T18:53:52+00:00 valid=V lat= lon= speed=None dir=None sat=0
2026-02-09 21:53:53 [INFO] Cached datetime=2026-02-09T18:53:53+00:00 valid=V lat= lon= speed=None dir=None sat=0
2026-02-09 21:53:54 [INFO] Cached datetime=2026-02-09T18:53:54+00:00 valid=V lat= lon= speed=None dir=None sat=0
2026-02-09 21:53:55 [INFO] Cached datetime=2026-02-09T18:53:55+00:00 valid=V lat= lon= speed=None dir=None sat=0
2026-02-09 21:53:56 [INFO] Cached datetime=2026-02-09T18:53:56+00:00 valid=V lat= lon= speed=None dir=None sat=0
2026-02-09 21:53:57 [INFO] Cached datetime=2026-02-09T18:53:57+00:00 valid=V lat= lon= speed=None dir=None sat=0
2026-02-09 21:53:58 [INFO] Cached datetime=2026-02-09T18:53:58+00:00 valid=V lat= lon= speed=None dir=None sat=0
2026-02-09 21:53:59 [INFO] Cached datetime=2026-02-09T18:53:59+00:00 valid=V lat= lon= speed=None dir=None sat=0
2026-02-09 21:54:00 [INFO] Cached datetime=2026-02-09T18:54:00+00:00 valid=V lat= lon= speed=None dir=None sat=0
2026-02-09 21:54:01 [INFO] Cached datetime=2026-02-09T18:54:01+00:00 valid=V lat= lon= speed=None dir=None sat=0
2026-02-09 21:54:02 [INFO] Cached datetime=2026-02-09T18:54:02+00:00 valid=V lat= lon= speed=None dir=None sat=0
2026-02-09 21:54:03 [INFO] Cached datetime=2026-02-09T18:54:03+00:00 valid=V lat= lon= speed=None dir=None sat=0
2026-02-09 21:54:04 [INFO] Cached datetime=2026-02-09T18:54:04+00:00 valid=V lat= lon= speed=None dir=None sat=0
2026-02-09 21:54:05 [INFO] Cached datetime=2026-02-09T18:54:05+00:00 valid=V lat= lon= speed=None dir=None sat=0
2026-02-09 21:54:06 [INFO] Cached datetime=2026-02-09T18:54:06+00:00 valid=V lat= lon= speed=None dir=None sat=0
2026-02-09 21:54:07 [INFO] Cached datetime=2026-02-09T18:54:07+00:00 valid=V lat= lon= speed=None dir=None sat=0
2026-02-09 21:54:08 [INFO] Cached datetime=2026-02-09T18:54:08+00:00 valid=V lat= lon= speed=None dir=None sat=0
2026-02-09 21:54:09 [INFO] Cached datetime=2026-02-09T18:54:09+00:00 valid=V lat= lon= speed=None dir=None sat=0
2026-02-09 21:54:10 [INFO] Cached datetime=2026-02-09T18:54:10+00:00 valid=V lat= lon= speed=None dir=None sat=0
2026-02-09 21:54:11 [INFO] Cached datetime=2026-02-09T18:54:11+00:00 valid=V lat= lon= speed=None dir=None sat=0
2026-02-09 21:54:12 [INFO] Cache trigger reached: 100 >= 100
2026-02-09 21:54:12 [INFO] Cached datetime=2026-02-09T18:54:12+00:00 valid=V lat= lon= speed=None dir=None sat=0
2026-02-09 21:54:12 [INFO] Flushing 100 cached records (counter was 100)
2026-02-09 21:54:12 [INFO] Inserted 100 records into DB
2026-02-09 21:54:12 [WARNING] Retention: total=150100 > max_rows=150000, pruning...
2026-02-09 21:54:12 [INFO] Retention completed: kept latest 150000 rows
2026-02-09 21:54:13 [INFO] Cached datetime=2026-02-09T18:54:13+00:00 valid=V lat= lon= speed=None dir=None sat=0
2026-02-09 21:54:14 [INFO] Cached datetime=2026-02-09T18:54:14+00:00 valid=V lat= lon= speed=None dir=None sat=0
2026-02-09 21:54:15 [INFO] Cached datetime=2026-02-09T18:54:15+00:00 valid=V lat= lon= speed=None dir=None sat=0
2026-02-09 21:54:16 [INFO] Cached datetime=2026-02-09T18:54:16+00:00 valid=V lat= lon= speed=None dir=None sat=0
2026-02-09 21:54:17 [INFO] Cached datetime=2026-02-09T18:54:17+00:00 valid=V lat= lon= speed=None dir=None sat=0
2026-02-09 21:54:18 [INFO] Cached datetime=2026-02-09T18:54:18+00:00 valid=V lat= lon= speed=None dir=None sat=0
2026-02-09 21:54:19 [INFO] Cached datetime=2026-02-09T18:54:19+00:00 valid=V lat= lon= speed=None dir=None sat=0
2026-02-09 21:54:20 [INFO] Cached datetime=2026-02-09T18:54:20+00:00 valid=V lat= lon= speed=None dir=None sat=0
2026-02-09 21:54:21 [INFO] Cached datetime=2026-02-09T18:54:21+00:00 valid=V lat= lon= speed=None dir=None sat=0
2026-02-09 21:54:22 [INFO] Cached datetime=2026-02-09T18:54:22+00:00 valid=V lat= lon= speed=None dir=None sat=0
2026-02-09 21:54:23 [INFO] Cached datetime=2026-02-09T18:54:23+00:00 valid=V lat= lon= speed=None dir=None sat=0
2026-02-09 21:54:24 [INFO] Cached datetime=2026-02-09T18:54:24+00:00 valid=V lat= lon= speed=None dir=None sat=0
2026-02-09 21:54:25 [INFO] Cached datetime=2026-02-09T18:54:25+00:00 valid=V lat= lon= speed=None dir=None sat=0
2026-02-09 21:54:26 [INFO] Cached datetime=2026-02-09T18:54:26+00:00 valid=V lat= lon= speed=None dir=None sat=0
2026-02-09 21:54:27 [INFO] Cached datetime=2026-02-09T18:54:27+00:00 valid=V lat= lon= speed=None dir=None sat=0
2026-02-09 21:54:28 [INFO] Cached datetime=2026-02-09T18:54:28+00:00 valid=V lat= lon= speed=None dir=None sat=0
2026-02-09 21:54:29 [INFO] Cached datetime=2026-02-09T18:54:29+00:00 valid=V lat= lon= speed=None dir=None sat=0
2026-02-09 21:54:30 [INFO] Cached datetime=2026-02-09T18:54:30+00:00 valid=V lat= lon= speed=None dir=None sat=0
2026-02-09 21:54:31 [INFO] Cached datetime=2026-02-09T18:54:31+00:00 valid=V lat= lon= speed=None dir=None sat=0
2026-02-09 21:54:32 [INFO] Cached datetime=2026-02-09T18:54:32+00:00 valid=V lat= lon= speed=None dir=None sat=0
2026-02-09 21:54:33 [INFO] Cached datetime=2026-02-09T18:54:33+00:00 valid=V lat= lon= speed=None dir=None sat=0
2026-02-09 21:54:34 [INFO] Cached datetime=2026-02-09T18:54:34+00:00 valid=V lat= lon= speed=None dir=None sat=0
2026-02-09 21:54:35 [INFO] Cached datetime=2026-02-09T18:54:35+00:00 valid=V lat= lon= speed=None dir=None sat=0
2026-02-09 21:54:36 [INFO] Cached datetime=2026-02-09T18:54:36+00:00 valid=V lat= lon= speed=None dir=None sat=0
2026-02-09 21:54:37 [INFO] Cached datetime=2026-02-09T18:54:37+00:00 valid=V lat= lon= speed=None dir=None sat=0
2026-02-09 21:54:38 [INFO] Cached datetime=2026-02-09T18:54:38+00:00 valid=V lat= lon= speed=None dir=None sat=0
2026-02-09 21:54:39 [INFO] Cached datetime=2026-02-09T18:54:39+00:00 valid=V lat= lon= speed=None dir=None sat=0
2026-02-09 21:54:40 [INFO] Cached datetime=2026-02-09T18:54:40+00:00 valid=V lat= lon= speed=None dir=None sat=0
2026-02-09 21:54:41 [INFO] Cached datetime=2026-02-09T18:54:41+00:00 valid=V lat= lon= speed=None dir=None sat=0
2026-02-09 21:54:42 [INFO] Cached datetime=2026-02-09T18:54:42+00:00 valid=V lat= lon= speed=None dir=None sat=0
2026-02-09 21:54:43 [INFO] Cached datetime=2026-02-09T18:54:43+00:00 valid=V lat= lon= speed=None dir=None sat=0
2026-02-09 21:54:44 [INFO] Cached datetime=2026-02-09T18:54:44+00:00 valid=V lat= lon= speed=None dir=None sat=0
2026-02-09 21:54:45 [INFO] Cached datetime=2026-02-09T18:54:45+00:00 valid=V lat= lon= speed=None dir=None sat=0
2026-02-09 21:54:46 [INFO] Cached datetime=2026-02-09T18:54:46+00:00 valid=V lat= lon= speed=None dir=None sat=0
2026-02-09 21:54:47 [INFO] Cached datetime=2026-02-09T18:54:47+00:00 valid=V lat= lon= speed=None dir=None sat=0
2026-02-09 21:54:48 [INFO] Cached datetime=2026-02-09T18:54:48+00:00 valid=V lat= lon= speed=None dir=None sat=0
2026-02-09 21:54:49 [INFO] Cached datetime=2026-02-09T18:54:49+00:00 valid=V lat= lon= speed=None dir=None sat=0
2026-02-09 21:54:50 [INFO] Cached datetime=2026-02-09T18:54:50+00:00 valid=V lat= lon= speed=None dir=None sat=0
2026-02-09 21:54:51 [INFO] Cached datetime=2026-02-09T18:54:51+00:00 valid=V lat= lon= speed=None dir=None sat=0
2026-02-09 21:54:52 [INFO] Cached datetime=2026-02-09T18:54:52+00:00 valid=V lat= lon= speed=None dir=None sat=0
2026-02-09 21:54:53 [INFO] Cached datetime=2026-02-09T18:54:53+00:00 valid=V lat= lon= speed=None dir=None sat=0
2026-02-09 21:54:54 [INFO] Cached datetime=2026-02-09T18:54:54+00:00 valid=V lat= lon= speed=None dir=None sat=0
2026-02-09 21:54:55 [INFO] Cached datetime=2026-02-09T18:54:55+00:00 valid=V lat= lon= speed=None dir=None sat=0
2026-02-09 21:54:56 [INFO] Cached datetime=2026-02-09T18:54:56+00:00 valid=V lat= lon= speed=None dir=None sat=0
2026-02-09 21:54:57 [INFO] Cached datetime=2026-02-09T18:54:57+00:00 valid=V lat= lon= speed=None dir=None sat=0
2026-02-09 21:54:58 [INFO] Cached datetime=2026-02-09T18:54:58+00:00 valid=V lat= lon= speed=None dir=None sat=0
2026-02-09 21:54:59 [INFO] Cached datetime=2026-02-09T18:54:59+00:00 valid=V lat= lon= speed=None dir=None sat=0
2026-02-09 21:55:00 [INFO] Cached datetime=2026-02-09T18:55:00+00:00 valid=V lat= lon= speed=None dir=None sat=0
2026-02-09 21:55:01 [INFO] Cached datetime=2026-02-09T18:55:01+00:00 valid=V lat= lon= speed=None dir=None sat=0
2026-02-09 21:55:02 [INFO] Cached datetime=2026-02-09T18:55:02+00:00 valid=V lat= lon= speed=None dir=None sat=0
2026-02-09 21:55:03 [INFO] Cached datetime=2026-02-09T18:55:03+00:00 valid=V lat= lon= speed=None dir=None sat=0
2026-02-09 21:55:04 [INFO] Cached datetime=2026-02-09T18:55:04+00:00 valid=V lat= lon= speed=None dir=None sat=0
2026-02-09 21:55:05 [INFO] Cached datetime=2026-02-09T18:55:05+00:00 valid=V lat= lon= speed=None dir=None sat=0
2026-02-09 21:55:06 [INFO] Cached datetime=2026-02-09T18:55:06+00:00 valid=V lat= lon= speed=None dir=None sat=0
2026-02-09 21:55:07 [INFO] Cached datetime=2026-02-09T18:55:07+00:00 valid=V lat= lon= speed=None dir=None sat=0
2026-02-09 21:55:08 [INFO] Cached datetime=2026-02-09T18:55:08+00:00 valid=V lat= lon= speed=None dir=None sat=0
2026-02-09 21:55:09 [INFO] Cached datetime=2026-02-09T18:55:09+00:00 valid=V lat= lon= speed=None dir=None sat=0
2026-02-09 21:55:10 [INFO] Cached datetime=2026-02-09T18:55:10+00:00 valid=V lat= lon= speed=None dir=None sat=0
2026-02-09 21:55:11 [INFO] Cached datetime=2026-02-09T18:55:11+00:00 valid=V lat= lon= speed=None dir=None sat=0
2026-02-09 21:55:12 [INFO] Cached datetime=2026-02-09T18:55:12+00:00 valid=V lat= lon= speed=None dir=None sat=0
2026-02-09 21:55:13 [INFO] Cached datetime=2026-02-09T18:55:13+00:00 valid=V lat= lon= speed=None dir=None sat=0
2026-02-09 21:55:14 [INFO] Cached datetime=2026-02-09T18:55:14+00:00 valid=V lat= lon= speed=None dir=None sat=0
2026-02-09 21:55:15 [INFO] Cached datetime=2026-02-09T18:55:15+00:00 valid=V lat= lon= speed=None dir=None sat=0
2026-02-09 21:55:16 [INFO] Cached datetime=2026-02-09T18:55:16+00:00 valid=V lat= lon= speed=None dir=None sat=0
2026-02-09 21:55:17 [INFO] Cached datetime=2026-02-09T18:55:17+00:00 valid=V lat= lon= speed=None dir=None sat=0
2026-02-09 21:55:18 [INFO] Cached datetime=2026-02-09T18:55:18+00:00 valid=V lat= lon= speed=None dir=None sat=0
2026-02-09 21:55:19 [INFO] Cached datetime=2026-02-09T18:55:19+00:00 valid=V lat= lon= speed=None dir=None sat=0
2026-02-09 21:55:20 [INFO] Cached datetime=2026-02-09T18:55:20+00:00 valid=V lat= lon= speed=None dir=None sat=0
2026-02-09 21:55:21 [INFO] Cached datetime=2026-02-09T18:55:21+00:00 valid=V lat= lon= speed=None dir=None sat=0
2026-02-09 21:55:22 [INFO] Cached datetime=2026-02-09T18:55:22+00:00 valid=V lat= lon= speed=None dir=None sat=0
2026-02-09 21:55:23 [INFO] Cached datetime=2026-02-09T18:55:23+00:00 valid=V lat= lon= speed=None dir=None sat=0
2026-02-09 21:55:24 [INFO] Cached datetime=2026-02-09T18:55:24+00:00 valid=V lat= lon= speed=None dir=None sat=0
2026-02-09 21:55:25 [INFO] Cached datetime=2026-02-09T18:55:25+00:00 valid=V lat= lon= speed=None dir=None sat=0
2026-02-09 21:55:26 [INFO] Cached datetime=2026-02-09T18:55:26+00:00 valid=V lat= lon= speed=None dir=None sat=0
2026-02-09 21:55:27 [INFO] Cached datetime=2026-02-09T18:55:27+00:00 valid=V lat= lon= speed=None dir=None sat=0
2026-02-09 21:55:28 [INFO] Cached datetime=2026-02-09T18:55:28+00:00 valid=V lat= lon= speed=None dir=None sat=0
2026-02-09 21:55:29 [INFO] Cached datetime=2026-02-09T18:55:29+00:00 valid=V lat= lon= speed=None dir=None sat=0
2026-02-09 21:55:30 [INFO] Cached datetime=2026-02-09T18:55:30+00:00 valid=V lat= lon= speed=None dir=None sat=0
2026-02-09 21:55:31 [INFO] Cached datetime=2026-02-09T18:55:31+00:00 valid=V lat= lon= speed=None dir=None sat=0
2026-02-09 21:55:32 [INFO] Cached datetime=2026-02-09T18:55:32+00:00 valid=V lat= lon= speed=None dir=None sat=0
2026-02-09 21:55:33 [INFO] Cached datetime=2026-02-09T18:55:33+00:00 valid=V lat= lon= speed=None dir=None sat=0
2026-02-09 21:55:34 [INFO] Cached datetime=2026-02-09T18:55:34+00:00 valid=V lat= lon= speed=None dir=None sat=0
2026-02-09 21:55:35 [INFO] Cached datetime=2026-02-09T18:55:35+00:00 valid=V lat= lon= speed=None dir=None sat=0
2026-02-09 21:55:36 [INFO] Cached datetime=2026-02-09T18:55:36+00:00 valid=V lat= lon= speed=None dir=None sat=0
2026-02-09 21:55:37 [INFO] Cached datetime=2026-02-09T18:55:37+00:00 valid=V lat= lon= speed=None dir=None sat=0
2026-02-09 21:55:38 [INFO] Cached datetime=2026-02-09T18:55:38+00:00 valid=V lat= lon= speed=None dir=None sat=0
2026-02-09 21:55:39 [INFO] Cached datetime=2026-02-09T18:55:39+00:00 valid=V lat= lon= speed=None dir=None sat=0
2026-02-09 21:55:40 [INFO] Cached datetime=2026-02-09T18:55:40+00:00 valid=V lat= lon= speed=None dir=None sat=0
2026-02-09 21:55:41 [INFO] Cached datetime=2026-02-09T18:55:41+00:00 valid=V lat= lon= speed=None dir=None sat=0
2026-02-09 21:55:42 [INFO] Cached datetime=2026-02-09T18:55:42+00:00 valid=V lat= lon= speed=None dir=None sat=0
2026-02-09 21:55:43 [INFO] Cached datetime=2026-02-09T18:55:43+00:00 valid=V lat= lon= speed=None dir=None sat=0
2026-02-09 21:55:44 [INFO] Cached datetime=2026-02-09T18:55:44+00:00 valid=V lat= lon= speed=None dir=None sat=0
2026-02-09 21:55:45 [INFO] Cached datetime=2026-02-09T18:55:45+00:00 valid=V lat= lon= speed=None dir=None sat=0
2026-02-09 21:55:46 [INFO] Cached datetime=2026-02-09T18:55:46+00:00 valid=V lat= lon= speed=None dir=None sat=0
2026-02-09 21:55:47 [INFO] Cached datetime=2026-02-09T18:55:47+00:00 valid=V lat= lon= speed=None dir=None sat=0
2026-02-09 21:55:48 [INFO] Cached datetime=2026-02-09T18:55:48+00:00 valid=V lat= lon= speed=None dir=None sat=0
2026-02-09 21:55:49 [INFO] Cached datetime=2026-02-09T18:55:49+00:00 valid=V lat= lon= speed=None dir=None sat=0
2026-02-09 21:55:50 [INFO] Cached datetime=2026-02-09T18:55:50+00:00 valid=V lat= lon= speed=None dir=None sat=0
2026-02-09 21:55:51 [INFO] Cached datetime=2026-02-09T18:55:51+00:00 valid=V lat= lon= speed=None dir=None sat=0
2026-02-09 21:55:52 [INFO] Cache trigger reached: 100 >= 100
2026-02-09 21:55:52 [INFO] Cached datetime=2026-02-09T18:55:52+00:00 valid=V lat= lon= speed=None dir=None sat=0
2026-02-09 21:55:52 [INFO] Flushing 100 cached records (counter was 100)
2026-02-09 21:55:52 [INFO] Inserted 100 records into DB
2026-02-09 21:55:52 [WARNING] Retention: total=150100 > max_rows=150000, pruning...
2026-02-09 21:55:52 [INFO] Retention completed: kept latest 150000 rows
2026-02-09 21:55:53 [INFO] Cached datetime=2026-02-09T18:55:53+00:00 valid=V lat= lon= speed=None dir=None sat=0
2026-02-09 21:55:54 [INFO] Cached datetime=2026-02-09T18:55:54+00:00 valid=V lat= lon= speed=None dir=None sat=0
2026-02-09 21:55:55 [INFO] Cached datetime=2026-02-09T18:55:55+00:00 valid=V lat= lon= speed=None dir=None sat=0
2026-02-09 21:55:56 [INFO] Cached datetime=2026-02-09T18:55:56+00:00 valid=V lat= lon= speed=None dir=None sat=0
2026-02-09 21:55:57 [INFO] Cached datetime=2026-02-09T18:55:57+00:00 valid=V lat= lon= speed=None dir=None sat=0
2026-02-09 21:55:58 [INFO] Cached datetime=2026-02-09T18:55:58+00:00 valid=V lat= lon= speed=None dir=None sat=0
2026-02-09 21:55:59 [INFO] Cached datetime=2026-02-09T18:55:59+00:00 valid=V lat= lon= speed=None dir=None sat=0
2026-02-09 21:56:00 [INFO] Cached datetime=2026-02-09T18:56:00+00:00 valid=V lat= lon= speed=None dir=None sat=0
2026-02-09 21:56:01 [INFO] Cached datetime=2026-02-09T18:56:01+00:00 valid=V lat= lon= speed=None dir=None sat=0
2026-02-09 21:56:02 [INFO] Cached datetime=2026-02-09T18:56:02+00:00 valid=V lat= lon= speed=None dir=None sat=0
2026-02-09 21:56:03 [INFO] Cached datetime=2026-02-09T18:56:03+00:00 valid=V lat= lon= speed=None dir=None sat=0
2026-02-09 21:56:04 [INFO] Cached datetime=2026-02-09T18:56:04+00:00 valid=V lat= lon= speed=None dir=None sat=0
2026-02-09 21:56:05 [INFO] Cached datetime=2026-02-09T18:56:05+00:00 valid=V lat= lon= speed=None dir=None sat=0
2026-02-09 21:56:06 [INFO] Cached datetime=2026-02-09T18:56:06+00:00 valid=V lat= lon= speed=None dir=None sat=0
2026-02-09 21:56:07 [INFO] Cached datetime=2026-02-09T18:56:07+00:00 valid=V lat= lon= speed=None dir=None sat=0
2026-02-09 21:56:08 [INFO] Cached datetime=2026-02-09T18:56:08+00:00 valid=V lat= lon= speed=None dir=None sat=0
2026-02-09 21:56:09 [INFO] Cached datetime=2026-02-09T18:56:09+00:00 valid=V lat= lon= speed=None dir=None sat=0
2026-02-09 21:56:10 [INFO] Cached datetime=2026-02-09T18:56:10+00:00 valid=V lat= lon= speed=None dir=None sat=0
2026-02-09 21:56:11 [INFO] Cached datetime=2026-02-09T18:56:11+00:00 valid=V lat= lon= speed=None dir=None sat=0
2026-02-09 21:56:12 [INFO] Cached datetime=2026-02-09T18:56:12+00:00 valid=V lat= lon= speed=None dir=None sat=0
2026-02-09 21:56:13 [INFO] Cached datetime=2026-02-09T18:56:13+00:00 valid=V lat= lon= speed=None dir=None sat=0
2026-02-09 21:56:14 [INFO] Cached datetime=2026-02-09T18:56:14+00:00 valid=V lat= lon= speed=None dir=None sat=0
2026-02-09 21:56:15 [INFO] Cached datetime=2026-02-09T18:56:15+00:00 valid=V lat= lon= speed=None dir=None sat=0
2026-02-09 21:56:16 [INFO] Cached datetime=2026-02-09T18:56:16+00:00 valid=V lat= lon= speed=None dir=None sat=0
2026-02-09 21:56:17 [INFO] Cached datetime=2026-02-09T18:56:17+00:00 valid=V lat= lon= speed=None dir=None sat=0
2026-02-09 21:56:18 [INFO] Cached datetime=2026-02-09T18:56:18+00:00 valid=V lat= lon= speed=None dir=None sat=0
2026-02-09 21:56:19 [INFO] Cached datetime=2026-02-09T18:56:19+00:00 valid=V lat= lon= speed=None dir=None sat=0
2026-02-09 21:56:20 [INFO] Cached datetime=2026-02-09T18:56:20+00:00 valid=V lat= lon= speed=None dir=None sat=0
2026-02-09 21:56:21 [INFO] Cached datetime=2026-02-09T18:56:21+00:00 valid=V lat= lon= speed=None dir=None sat=0
2026-02-09 21:56:22 [INFO] Cached datetime=2026-02-09T18:56:22+00:00 valid=V lat= lon= speed=None dir=None sat=0
2026-02-09 21:56:23 [INFO] Cached datetime=2026-02-09T18:56:23+00:00 valid=V lat= lon= speed=None dir=None sat=0
2026-02-09 21:56:24 [INFO] Cached datetime=2026-02-09T18:56:24+00:00 valid=V lat= lon= speed=None dir=None sat=0
2026-02-09 21:56:25 [INFO] Cached datetime=2026-02-09T18:56:25+00:00 valid=V lat= lon= speed=None dir=None sat=0
2026-02-09 21:56:26 [INFO] Cached datetime=2026-02-09T18:56:26+00:00 valid=V lat= lon= speed=None dir=None sat=0
2026-02-09 21:56:27 [INFO] Cached datetime=2026-02-09T18:56:27+00:00 valid=V lat= lon= speed=None dir=None sat=0
2026-02-09 21:56:28 [INFO] Cached datetime=2026-02-09T18:56:28+00:00 valid=V lat= lon= speed=None dir=None sat=0
2026-02-09 21:56:29 [INFO] Cached datetime=2026-02-09T18:56:29+00:00 valid=V lat= lon= speed=None dir=None sat=0
2026-02-09 21:56:30 [INFO] Cached datetime=2026-02-09T18:56:30+00:00 valid=V lat= lon= speed=None dir=None sat=0
2026-02-09 21:56:31 [INFO] Cached datetime=2026-02-09T18:56:31+00:00 valid=V lat= lon= speed=None dir=None sat=0
2026-02-09 21:56:32 [INFO] Cached datetime=2026-02-09T18:56:32+00:00 valid=V lat= lon= speed=None dir=None sat=0
2026-02-09 21:56:33 [INFO] Cached datetime=2026-02-09T18:56:33+00:00 valid=V lat= lon= speed=None dir=None sat=0
2026-02-09 21:56:34 [INFO] Cached datetime=2026-02-09T18:56:34+00:00 valid=V lat= lon= speed=None dir=None sat=0
2026-02-09 21:56:35 [INFO] Cached datetime=2026-02-09T18:56:35+00:00 valid=V lat= lon= speed=None dir=None sat=0
2026-02-09 21:56:36 [INFO] Cached datetime=2026-02-09T18:56:36+00:00 valid=V lat= lon= speed=None dir=None sat=0
2026-02-09 21:56:37 [INFO] Cached datetime=2026-02-09T18:56:37+00:00 valid=V lat= lon= speed=None dir=None sat=0
2026-02-09 21:56:38 [INFO] Cached datetime=2026-02-09T18:56:38+00:00 valid=V lat= lon= speed=None dir=None sat=0
2026-02-09 21:56:39 [INFO] Cached datetime=2026-02-09T18:56:39+00:00 valid=V lat= lon= speed=None dir=None sat=0
2026-02-09 21:56:40 [INFO] Cached datetime=2026-02-09T18:56:40+00:00 valid=V lat= lon= speed=None dir=None sat=0
2026-02-09 21:56:41 [INFO] Cached datetime=2026-02-09T18:56:41+00:00 valid=V lat= lon= speed=None dir=None sat=0
2026-02-09 21:56:42 [INFO] Cached datetime=2026-02-09T18:56:42+00:00 valid=V lat= lon= speed=None dir=None sat=0
2026-02-09 21:56:43 [INFO] Cached datetime=2026-02-09T18:56:43+00:00 valid=V lat= lon= speed=None dir=None sat=0
2026-02-09 21:56:44 [INFO] Cached datetime=2026-02-09T18:56:44+00:00 valid=V lat= lon= speed=None dir=None sat=0
2026-02-09 21:56:45 [INFO] Cached datetime=2026-02-09T18:56:45+00:00 valid=V lat= lon= speed=None dir=None sat=0
2026-02-09 21:56:46 [INFO] Cached datetime=2026-02-09T18:56:46+00:00 valid=V lat= lon= speed=None dir=None sat=0
2026-02-09 21:56:47 [INFO] Cached datetime=2026-02-09T18:56:47+00:00 valid=V lat= lon= speed=None dir=None sat=0
2026-02-09 21:56:48 [INFO] Cached datetime=2026-02-09T18:56:48+00:00 valid=V lat= lon= speed=None dir=None sat=0
2026-02-09 21:56:49 [INFO] Cached datetime=2026-02-09T18:56:49+00:00 valid=V lat= lon= speed=None dir=None sat=0
2026-02-09 21:56:50 [INFO] Cached datetime=2026-02-09T18:56:50+00:00 valid=V lat= lon= speed=None dir=None sat=0
2026-02-09 21:56:51 [INFO] Cached datetime=2026-02-09T18:56:51+00:00 valid=V lat= lon= speed=None dir=None sat=0
2026-02-09 21:56:52 [INFO] Cached datetime=2026-02-09T18:56:52+00:00 valid=V lat= lon= speed=None dir=None sat=0
2026-02-09 21:56:53 [INFO] Cached datetime=2026-02-09T18:56:53+00:00 valid=V lat= lon= speed=None dir=None sat=0
2026-02-09 21:56:54 [INFO] Cached datetime=2026-02-09T18:56:54+00:00 valid=V lat= lon= speed=None dir=None sat=0
2026-02-09 21:56:55 [INFO] Cached datetime=2026-02-09T18:56:55+00:00 valid=V lat= lon= speed=None dir=None sat=0
2026-02-09 21:56:56 [INFO] Cached datetime=2026-02-09T18:56:56+00:00 valid=V lat= lon= speed=None dir=None sat=0
2026-02-09 21:56:57 [INFO] Cached datetime=2026-02-09T18:56:57+00:00 valid=V lat= lon= speed=None dir=None sat=0
2026-02-09 21:56:58 [INFO] Cached datetime=2026-02-09T18:56:58+00:00 valid=V lat= lon= speed=None dir=None sat=0
2026-02-09 21:56:59 [INFO] Cached datetime=2026-02-09T18:56:59+00:00 valid=V lat= lon= speed=None dir=None sat=0
2026-02-09 21:57:00 [INFO] Cached datetime=2026-02-09T18:57:00+00:00 valid=V lat= lon= speed=None dir=None sat=0
2026-02-09 21:57:01 [INFO] Cached datetime=2026-02-09T18:57:01+00:00 valid=V lat= lon= speed=None dir=None sat=0
2026-02-09 21:57:02 [INFO] Cached datetime=2026-02-09T18:57:02+00:00 valid=V lat= lon= speed=None dir=None sat=0
2026-02-09 21:57:03 [INFO] Cached datetime=2026-02-09T18:57:03+00:00 valid=V lat= lon= speed=None dir=None sat=0
2026-02-09 21:57:04 [INFO] Cached datetime=2026-02-09T18:57:04+00:00 valid=V lat= lon= speed=None dir=None sat=0
2026-02-09 21:57:05 [INFO] Cached datetime=2026-02-09T18:57:05+00:00 valid=V lat= lon= speed=None dir=None sat=0
2026-02-09 21:57:06 [INFO] Cached datetime=2026-02-09T18:57:06+00:00 valid=V lat= lon= speed=None dir=None sat=0
2026-02-09 21:57:07 [INFO] Cached datetime=2026-02-09T18:57:07+00:00 valid=V lat= lon= speed=None dir=None sat=0
2026-02-09 21:57:08 [INFO] Cached datetime=2026-02-09T18:57:08+00:00 valid=V lat= lon= speed=None dir=None sat=0
2026-02-09 21:57:09 [INFO] Cached datetime=2026-02-09T18:57:09+00:00 valid=V lat= lon= speed=None dir=None sat=0
2026-02-09 21:57:10 [INFO] Cached datetime=2026-02-09T18:57:10+00:00 valid=V lat= lon= speed=None dir=None sat=0
2026-02-09 21:57:11 [INFO] Cached datetime=2026-02-09T18:57:11+00:00 valid=V lat= lon= speed=None dir=None sat=0
2026-02-09 21:57:12 [INFO] Cached datetime=2026-02-09T18:57:12+00:00 valid=V lat= lon= speed=None dir=None sat=0
2026-02-09 21:57:13 [INFO] Cached datetime=2026-02-09T18:57:13+00:00 valid=V lat= lon= speed=None dir=None sat=0
2026-02-09 21:57:14 [INFO] Cached datetime=2026-02-09T18:57:14+00:00 valid=V lat= lon= speed=None dir=None sat=0
2026-02-09 21:57:15 [INFO] Cached datetime=2026-02-09T18:57:15+00:00 valid=V lat= lon= speed=None dir=None sat=0
2026-02-09 21:57:16 [INFO] Cached datetime=2026-02-09T18:57:16+00:00 valid=V lat= lon= speed=None dir=None sat=0
2026-02-09 21:57:17 [INFO] Cached datetime=2026-02-09T18:57:17+00:00 valid=V lat= lon= speed=None dir=None sat=0
2026-02-09 21:57:18 [INFO] Cached datetime=2026-02-09T18:57:18+00:00 valid=V lat= lon= speed=None dir=None sat=0
2026-02-09 21:57:19 [INFO] Cached datetime=2026-02-09T18:57:19+00:00 valid=V lat= lon= speed=None dir=None sat=0
2026-02-09 21:57:20 [INFO] Cached datetime=2026-02-09T18:57:20+00:00 valid=V lat= lon= speed=None dir=None sat=0
2026-02-09 21:57:21 [INFO] Cached datetime=2026-02-09T18:57:21+00:00 valid=V lat= lon= speed=None dir=None sat=0
2026-02-09 21:57:22 [INFO] Cached datetime=2026-02-09T18:57:22+00:00 valid=V lat= lon= speed=None dir=None sat=0
2026-02-09 21:57:23 [INFO] Cached datetime=2026-02-09T18:57:23+00:00 valid=V lat= lon= speed=None dir=None sat=0
2026-02-09 21:57:24 [INFO] Cached datetime=2026-02-09T18:57:24+00:00 valid=V lat= lon= speed=None dir=None sat=0
2026-02-09 21:57:25 [INFO] Cached datetime=2026-02-09T18:57:25+00:00 valid=V lat= lon= speed=None dir=None sat=0
2026-02-09 21:57:26 [INFO] Cached datetime=2026-02-09T18:57:26+00:00 valid=V lat= lon= speed=None dir=None sat=0
2026-02-09 21:57:27 [INFO] Cached datetime=2026-02-09T18:57:27+00:00 valid=V lat= lon= speed=None dir=None sat=0
2026-02-09 21:57:28 [INFO] Cached datetime=2026-02-09T18:57:28+00:00 valid=V lat= lon= speed=None dir=None sat=0
2026-02-09 21:57:29 [INFO] Cached datetime=2026-02-09T18:57:29+00:00 valid=V lat= lon= speed=None dir=None sat=0
2026-02-09 21:57:30 [INFO] Cached datetime=2026-02-09T18:57:30+00:00 valid=V lat= lon= speed=None dir=None sat=0
2026-02-09 21:57:31 [INFO] Cached datetime=2026-02-09T18:57:31+00:00 valid=V lat= lon= speed=None dir=None sat=0
2026-02-09 21:57:32 [INFO] Cache trigger reached: 100 >= 100
2026-02-09 21:57:32 [INFO] Cached datetime=2026-02-09T18:57:32+00:00 valid=V lat= lon= speed=None dir=None sat=0
2026-02-09 21:57:32 [INFO] Flushing 100 cached records (counter was 100)
2026-02-09 21:57:32 [INFO] Inserted 100 records into DB
2026-02-09 21:57:32 [WARNING] Retention: total=150100 > max_rows=150000, pruning...
2026-02-09 21:57:32 [INFO] Retention completed: kept latest 150000 rows
2026-02-09 21:57:33 [INFO] Cached datetime=2026-02-09T18:57:33+00:00 valid=V lat= lon= speed=None dir=None sat=0
2026-02-09 21:57:34 [INFO] Cached datetime=2026-02-09T18:57:34+00:00 valid=V lat= lon= speed=None dir=None sat=0
2026-02-09 21:57:35 [INFO] Cached datetime=2026-02-09T18:57:35+00:00 valid=V lat= lon= speed=None dir=None sat=0
2026-02-09 21:57:36 [INFO] Cached datetime=2026-02-09T18:57:36+00:00 valid=V lat= lon= speed=None dir=None sat=0
2026-02-09 21:57:37 [INFO] Cached datetime=2026-02-09T18:57:37+00:00 valid=V lat= lon= speed=None dir=None sat=0
2026-02-09 21:57:38 [INFO] Cached datetime=2026-02-09T18:57:38+00:00 valid=V lat= lon= speed=None dir=None sat=0
2026-02-09 21:57:39 [INFO] Cached datetime=2026-02-09T18:57:39+00:00 valid=V lat= lon= speed=None dir=None sat=0
2026-02-09 21:57:40 [INFO] Cached datetime=2026-02-09T18:57:40+00:00 valid=V lat= lon= speed=None dir=None sat=0
2026-02-09 21:57:41 [INFO] Cached datetime=2026-02-09T18:57:41+00:00 valid=V lat= lon= speed=None dir=None sat=0
2026-02-09 21:57:42 [INFO] Cached datetime=2026-02-09T18:57:42+00:00 valid=V lat= lon= speed=None dir=None sat=0
2026-02-09 21:57:43 [INFO] Cached datetime=2026-02-09T18:57:43+00:00 valid=V lat= lon= speed=None dir=None sat=0
2026-02-09 21:57:44 [INFO] Cached datetime=2026-02-09T18:57:44+00:00 valid=V lat= lon= speed=None dir=None sat=0
2026-02-09 21:57:45 [INFO] Cached datetime=2026-02-09T18:57:45+00:00 valid=V lat= lon= speed=None dir=None sat=0
2026-02-09 21:57:46 [INFO] Cached datetime=2026-02-09T18:57:46+00:00 valid=V lat= lon= speed=None dir=None sat=0
2026-02-09 21:57:47 [INFO] Cached datetime=2026-02-09T18:57:47+00:00 valid=V lat= lon= speed=None dir=None sat=0
2026-02-09 21:57:48 [INFO] Cached datetime=2026-02-09T18:57:48+00:00 valid=V lat= lon= speed=None dir=None sat=0
2026-02-09 21:57:49 [INFO] Cached datetime=2026-02-09T18:57:49+00:00 valid=V lat= lon= speed=None dir=None sat=0
2026-02-09 21:57:50 [INFO] Cached datetime=2026-02-09T18:57:50+00:00 valid=V lat= lon= speed=None dir=None sat=0
2026-02-09 21:57:51 [INFO] Cached datetime=2026-02-09T18:57:51+00:00 valid=V lat= lon= speed=None dir=None sat=0
2026-02-09 21:57:52 [INFO] Cached datetime=2026-02-09T18:57:52+00:00 valid=V lat= lon= speed=None dir=None sat=0
2026-02-09 21:57:53 [INFO] Cached datetime=2026-02-09T18:57:53+00:00 valid=V lat= lon= speed=None dir=None sat=0
2026-02-09 21:57:54 [INFO] Cached datetime=2026-02-09T18:57:54+00:00 valid=V lat= lon= speed=None dir=None sat=0
2026-02-09 21:57:55 [INFO] Cached datetime=2026-02-09T18:57:55+00:00 valid=V lat= lon= speed=None dir=None sat=0
2026-02-09 21:57:56 [INFO] Cached datetime=2026-02-09T18:57:56+00:00 valid=V lat= lon= speed=None dir=None sat=0
2026-02-09 21:57:57 [INFO] Cached datetime=2026-02-09T18:57:57+00:00 valid=V lat= lon= speed=None dir=None sat=0
2026-02-09 21:57:58 [INFO] Cached datetime=2026-02-09T18:57:58+00:00 valid=V lat= lon= speed=None dir=None sat=0
2026-02-09 21:57:59 [INFO] Cached datetime=2026-02-09T18:57:59+00:00 valid=V lat= lon= speed=None dir=None sat=0
2026-02-09 21:58:00 [INFO] Cached datetime=2026-02-09T18:58:00+00:00 valid=V lat= lon= speed=None dir=None sat=0
2026-02-09 21:58:01 [INFO] Cached datetime=2026-02-09T18:58:01+00:00 valid=V lat= lon= speed=None dir=None sat=0
2026-02-09 21:58:02 [INFO] Cached datetime=2026-02-09T18:58:02+00:00 valid=V lat= lon= speed=None dir=None sat=0
2026-02-09 21:58:03 [INFO] Cached datetime=2026-02-09T18:58:03+00:00 valid=V lat= lon= speed=None dir=None sat=0
2026-02-09 21:58:04 [INFO] Cached datetime=2026-02-09T18:58:04+00:00 valid=V lat= lon= speed=None dir=None sat=0
2026-02-09 21:58:05 [INFO] Cached datetime=2026-02-09T18:58:05+00:00 valid=V lat= lon= speed=None dir=None sat=0
2026-02-09 21:58:06 [INFO] Cached datetime=2026-02-09T18:58:06+00:00 valid=V lat= lon= speed=None dir=None sat=0
2026-02-09 21:58:07 [INFO] Cached datetime=2026-02-09T18:58:07+00:00 valid=V lat= lon= speed=None dir=None sat=0
2026-02-09 21:58:08 [INFO] Cached datetime=2026-02-09T18:58:08+00:00 valid=V lat= lon= speed=None dir=None sat=0
2026-02-09 21:58:09 [INFO] Cached datetime=2026-02-09T18:58:09+00:00 valid=V lat= lon= speed=None dir=None sat=0
2026-02-09 21:58:10 [INFO] Cached datetime=2026-02-09T18:58:10+00:00 valid=V lat= lon= speed=None dir=None sat=0
2026-02-09 21:58:11 [INFO] Cached datetime=2026-02-09T18:58:11+00:00 valid=V lat= lon= speed=None dir=None sat=0
2026-02-09 21:58:12 [INFO] Cached datetime=2026-02-09T18:58:12+00:00 valid=V lat= lon= speed=None dir=None sat=0
2026-02-09 21:58:13 [INFO] Cached datetime=2026-02-09T18:58:13+00:00 valid=V lat= lon= speed=None dir=None sat=0
2026-02-09 21:58:14 [INFO] Cached datetime=2026-02-09T18:58:14+00:00 valid=V lat= lon= speed=None dir=None sat=0
2026-02-09 21:58:15 [INFO] Cached datetime=2026-02-09T18:58:15+00:00 valid=V lat= lon= speed=None dir=None sat=0
2026-02-09 21:58:16 [INFO] Cached datetime=2026-02-09T18:58:16+00:00 valid=V lat= lon= speed=None dir=None sat=0
2026-02-09 21:58:17 [INFO] Cached datetime=2026-02-09T18:58:17+00:00 valid=V lat= lon= speed=None dir=None sat=0
2026-02-09 21:58:18 [INFO] Cached datetime=2026-02-09T18:58:18+00:00 valid=V lat= lon= speed=None dir=None sat=0
2026-02-09 21:58:19 [INFO] Cached datetime=2026-02-09T18:58:19+00:00 valid=V lat= lon= speed=None dir=None sat=0
2026-02-09 21:58:20 [INFO] Cached datetime=2026-02-09T18:58:20+00:00 valid=V lat= lon= speed=None dir=None sat=0
2026-02-09 21:58:21 [INFO] Cached datetime=2026-02-09T18:58:21+00:00 valid=V lat= lon= speed=None dir=None sat=0
2026-02-09 21:58:22 [INFO] Cached datetime=2026-02-09T18:58:22+00:00 valid=V lat= lon= speed=None dir=None sat=0
2026-02-09 21:58:23 [INFO] Cached datetime=2026-02-09T18:58:23+00:00 valid=V lat= lon= speed=None dir=None sat=0
2026-02-09 21:58:24 [INFO] Cached datetime=2026-02-09T18:58:24+00:00 valid=V lat= lon= speed=None dir=None sat=0
2026-02-09 21:58:25 [INFO] Cached datetime=2026-02-09T18:58:25+00:00 valid=V lat= lon= speed=None dir=None sat=0
2026-02-09 21:58:26 [INFO] Cached datetime=2026-02-09T18:58:26+00:00 valid=V lat= lon= speed=None dir=None sat=0
2026-02-09 21:58:27 [INFO] Cached datetime=2026-02-09T18:58:27+00:00 valid=V lat= lon= speed=None dir=None sat=0
2026-02-09 21:58:28 [INFO] Cached datetime=2026-02-09T18:58:28+00:00 valid=V lat= lon= speed=None dir=None sat=0
2026-02-09 21:58:29 [INFO] Cached datetime=2026-02-09T18:58:29+00:00 valid=V lat= lon= speed=None dir=None sat=0
2026-02-09 21:58:30 [INFO] Cached datetime=2026-02-09T18:58:30+00:00 valid=V lat= lon= speed=None dir=None sat=0
2026-02-09 21:58:31 [INFO] Cached datetime=2026-02-09T18:58:31+00:00 valid=V lat= lon= speed=None dir=None sat=0
2026-02-09 21:58:32 [INFO] Cached datetime=2026-02-09T18:58:32+00:00 valid=V lat= lon= speed=None dir=None sat=0
2026-02-09 21:58:33 [INFO] Cached datetime=2026-02-09T18:58:33+00:00 valid=V lat= lon= speed=None dir=None sat=0
2026-02-09 21:58:34 [INFO] Cached datetime=2026-02-09T18:58:34+00:00 valid=V lat= lon= speed=None dir=None sat=0
2026-02-09 21:58:35 [INFO] Cached datetime=2026-02-09T18:58:35+00:00 valid=V lat= lon= speed=None dir=None sat=0
2026-02-09 21:58:36 [INFO] Cached datetime=2026-02-09T18:58:36+00:00 valid=V lat= lon= speed=None dir=None sat=0
2026-02-09 21:58:37 [INFO] Cached datetime=2026-02-09T18:58:37+00:00 valid=V lat= lon= speed=None dir=None sat=0
2026-02-09 21:58:38 [INFO] Cached datetime=2026-02-09T18:58:38+00:00 valid=V lat= lon= speed=None dir=None sat=0
2026-02-09 21:58:39 [INFO] Cached datetime=2026-02-09T18:58:39+00:00 valid=V lat= lon= speed=None dir=None sat=0
2026-02-09 21:58:40 [INFO] Cached datetime=2026-02-09T18:58:40+00:00 valid=V lat= lon= speed=None dir=None sat=0
2026-02-09 21:58:41 [INFO] Cached datetime=2026-02-09T18:58:41+00:00 valid=V lat= lon= speed=None dir=None sat=0
2026-02-09 21:58:42 [INFO] Cached datetime=2026-02-09T18:58:42+00:00 valid=V lat= lon= speed=None dir=None sat=0
2026-02-09 21:58:43 [INFO] Cached datetime=2026-02-09T18:58:43+00:00 valid=V lat= lon= speed=None dir=None sat=0
2026-02-09 21:58:44 [INFO] Cached datetime=2026-02-09T18:58:44+00:00 valid=V lat= lon= speed=None dir=None sat=0
2026-02-09 21:58:45 [INFO] Cached datetime=2026-02-09T18:58:45+00:00 valid=V lat= lon= speed=None dir=None sat=0
2026-02-09 21:58:46 [INFO] Cached datetime=2026-02-09T18:58:46+00:00 valid=V lat= lon= speed=None dir=None sat=0
2026-02-09 21:58:47 [INFO] Cached datetime=2026-02-09T18:58:47+00:00 valid=V lat= lon= speed=None dir=None sat=0
2026-02-09 21:58:48 [INFO] Cached datetime=2026-02-09T18:58:48+00:00 valid=V lat= lon= speed=None dir=None sat=0
2026-02-09 21:58:49 [INFO] Cached datetime=2026-02-09T18:58:49+00:00 valid=V lat= lon= speed=None dir=None sat=0
2026-02-09 21:58:50 [INFO] Cached datetime=2026-02-09T18:58:50+00:00 valid=V lat= lon= speed=None dir=None sat=0
2026-02-09 21:58:51 [INFO] Cached datetime=2026-02-09T18:58:51+00:00 valid=V lat= lon= speed=None dir=None sat=0
2026-02-09 21:58:52 [INFO] Cached datetime=2026-02-09T18:58:52+00:00 valid=V lat= lon= speed=None dir=None sat=0
2026-02-09 21:58:53 [INFO] Cached datetime=2026-02-09T18:58:53+00:00 valid=V lat= lon= speed=None dir=None sat=0
2026-02-09 21:58:54 [INFO] Cached datetime=2026-02-09T18:58:54+00:00 valid=V lat= lon= speed=None dir=None sat=0
2026-02-09 21:58:55 [INFO] Cached datetime=2026-02-09T18:58:55+00:00 valid=V lat= lon= speed=None dir=None sat=0
2026-02-09 21:58:56 [INFO] Cached datetime=2026-02-09T18:58:56+00:00 valid=V lat= lon= speed=None dir=None sat=0
2026-02-09 21:58:57 [INFO] Cached datetime=2026-02-09T18:58:57+00:00 valid=V lat= lon= speed=None dir=None sat=0
2026-02-09 21:58:58 [INFO] Cached datetime=2026-02-09T18:58:58+00:00 valid=V lat= lon= speed=None dir=None sat=0
2026-02-09 21:58:59 [INFO] Cached datetime=2026-02-09T18:58:59+00:00 valid=V lat= lon= speed=None dir=None sat=0
2026-02-09 21:59:00 [INFO] Cached datetime=2026-02-09T18:59:00+00:00 valid=V lat= lon= speed=None dir=None sat=0
2026-02-09 21:59:01 [INFO] Cached datetime=2026-02-09T18:59:01+00:00 valid=V lat= lon= speed=None dir=None sat=0
2026-02-09 21:59:02 [INFO] Cached datetime=2026-02-09T18:59:02+00:00 valid=V lat= lon= speed=None dir=None sat=0
2026-02-09 21:59:03 [INFO] Cached datetime=2026-02-09T18:59:03+00:00 valid=V lat= lon= speed=None dir=None sat=0
2026-02-09 21:59:04 [INFO] Cached datetime=2026-02-09T18:59:04+00:00 valid=V lat= lon= speed=None dir=None sat=0
2026-02-09 21:59:05 [INFO] Cached datetime=2026-02-09T18:59:05+00:00 valid=V lat= lon= speed=None dir=None sat=0
2026-02-09 21:59:06 [INFO] Cached datetime=2026-02-09T18:59:06+00:00 valid=V lat= lon= speed=None dir=None sat=0
2026-02-09 21:59:07 [INFO] Cached datetime=2026-02-09T18:59:07+00:00 valid=V lat= lon= speed=None dir=None sat=0
2026-02-09 21:59:08 [INFO] Cached datetime=2026-02-09T18:59:08+00:00 valid=V lat= lon= speed=None dir=None sat=0
2026-02-09 21:59:09 [INFO] Cached datetime=2026-02-09T18:59:09+00:00 valid=V lat= lon= speed=None dir=None sat=0
2026-02-09 21:59:10 [INFO] Cached datetime=2026-02-09T18:59:10+00:00 valid=V lat= lon= speed=None dir=None sat=0
2026-02-09 21:59:11 [INFO] Cached datetime=2026-02-09T18:59:11+00:00 valid=V lat= lon= speed=None dir=None sat=0
2026-02-09 21:59:12 [INFO] Cache trigger reached: 100 >= 100
2026-02-09 21:59:12 [INFO] Cached datetime=2026-02-09T18:59:12+00:00 valid=V lat= lon= speed=None dir=None sat=0
2026-02-09 21:59:12 [INFO] Flushing 100 cached records (counter was 100)
2026-02-09 21:59:12 [INFO] Inserted 100 records into DB
2026-02-09 21:59:12 [WARNING] Retention: total=150100 > max_rows=150000, pruning...
2026-02-09 21:59:12 [INFO] Retention completed: kept latest 150000 rows
2026-02-09 21:59:13 [INFO] Cached datetime=2026-02-09T18:59:13+00:00 valid=V lat= lon= speed=None dir=None sat=0
2026-02-09 21:59:14 [INFO] Cached datetime=2026-02-09T18:59:14+00:00 valid=V lat= lon= speed=None dir=None sat=0
2026-02-09 21:59:15 [INFO] Cached datetime=2026-02-09T18:59:15+00:00 valid=V lat= lon= speed=None dir=None sat=0
2026-02-09 21:59:16 [INFO] Cached datetime=2026-02-09T18:59:16+00:00 valid=V lat= lon= speed=None dir=None sat=0
2026-02-09 21:59:17 [INFO] Cached datetime=2026-02-09T18:59:17+00:00 valid=V lat= lon= speed=None dir=None sat=0
2026-02-09 21:59:18 [INFO] Cached datetime=2026-02-09T18:59:18+00:00 valid=V lat= lon= speed=None dir=None sat=0
2026-02-09 21:59:19 [INFO] Cached datetime=2026-02-09T18:59:19+00:00 valid=V lat= lon= speed=None dir=None sat=0
2026-02-09 21:59:20 [INFO] Cached datetime=2026-02-09T18:59:20+00:00 valid=V lat= lon= speed=None dir=None sat=0
2026-02-09 21:59:21 [INFO] Cached datetime=2026-02-09T18:59:21+00:00 valid=V lat= lon= speed=None dir=None sat=0
2026-02-09 21:59:22 [INFO] Cached datetime=2026-02-09T18:59:22+00:00 valid=V lat= lon= speed=None dir=None sat=0
2026-02-09 21:59:23 [INFO] Cached datetime=2026-02-09T18:59:23+00:00 valid=V lat= lon= speed=None dir=None sat=0
2026-02-09 21:59:24 [INFO] Cached datetime=2026-02-09T18:59:24+00:00 valid=V lat= lon= speed=None dir=None sat=0
2026-02-09 21:59:25 [INFO] Cached datetime=2026-02-09T18:59:25+00:00 valid=V lat= lon= speed=None dir=None sat=0
2026-02-09 21:59:26 [INFO] Cached datetime=2026-02-09T18:59:26+00:00 valid=V lat= lon= speed=None dir=None sat=0
2026-02-09 21:59:27 [INFO] Cached datetime=2026-02-09T18:59:27+00:00 valid=V lat= lon= speed=None dir=None sat=0
2026-02-09 21:59:28 [INFO] Cached datetime=2026-02-09T18:59:28+00:00 valid=V lat= lon= speed=None dir=None sat=0
2026-02-09 21:59:29 [INFO] Cached datetime=2026-02-09T18:59:29+00:00 valid=V lat= lon= speed=None dir=None sat=0
2026-02-09 21:59:30 [INFO] Cached datetime=2026-02-09T18:59:30+00:00 valid=V lat= lon= speed=None dir=None sat=0
2026-02-09 21:59:31 [INFO] Cached datetime=2026-02-09T18:59:31+00:00 valid=V lat= lon= speed=None dir=None sat=0
2026-02-09 21:59:32 [INFO] Cached datetime=2026-02-09T18:59:32+00:00 valid=V lat= lon= speed=None dir=None sat=0
2026-02-09 21:59:33 [INFO] Cached datetime=2026-02-09T18:59:33+00:00 valid=V lat= lon= speed=None dir=None sat=0
2026-02-09 21:59:34 [INFO] Cached datetime=2026-02-09T18:59:34+00:00 valid=V lat= lon= speed=None dir=None sat=0
2026-02-09 21:59:35 [INFO] Cached datetime=2026-02-09T18:59:35+00:00 valid=V lat= lon= speed=None dir=None sat=0
2026-02-09 21:59:36 [INFO] Cached datetime=2026-02-09T18:59:36+00:00 valid=V lat= lon= speed=None dir=None sat=0
2026-02-09 21:59:37 [INFO] Cached datetime=2026-02-09T18:59:37+00:00 valid=V lat= lon= speed=None dir=None sat=0
2026-02-09 21:59:38 [INFO] Cached datetime=2026-02-09T18:59:38+00:00 valid=V lat= lon= speed=None dir=None sat=0
2026-02-09 21:59:39 [INFO] Cached datetime=2026-02-09T18:59:39+00:00 valid=V lat= lon= speed=None dir=None sat=0
2026-02-09 21:59:40 [INFO] Cached datetime=2026-02-09T18:59:40+00:00 valid=V lat= lon= speed=None dir=None sat=0
2026-02-09 21:59:41 [INFO] Cached datetime=2026-02-09T18:59:41+00:00 valid=V lat= lon= speed=None dir=None sat=0
2026-02-09 21:59:42 [INFO] Cached datetime=2026-02-09T18:59:42+00:00 valid=V lat= lon= speed=None dir=None sat=0
2026-02-09 21:59:43 [INFO] Cached datetime=2026-02-09T18:59:43+00:00 valid=V lat= lon= speed=None dir=None sat=0
2026-02-09 21:59:44 [INFO] Cached datetime=2026-02-09T18:59:44+00:00 valid=V lat= lon= speed=None dir=None sat=0
2026-02-09 21:59:45 [INFO] Cached datetime=2026-02-09T18:59:45+00:00 valid=V lat= lon= speed=None dir=None sat=0
2026-02-09 21:59:46 [INFO] Cached datetime=2026-02-09T18:59:46+00:00 valid=V lat= lon= speed=None dir=None sat=0
2026-02-09 21:59:47 [INFO] Cached datetime=2026-02-09T18:59:47+00:00 valid=V lat= lon= speed=None dir=None sat=0
2026-02-09 21:59:48 [INFO] Cached datetime=2026-02-09T18:59:48+00:00 valid=V lat= lon= speed=None dir=None sat=0
2026-02-09 21:59:49 [INFO] Cached datetime=2026-02-09T18:59:49+00:00 valid=V lat= lon= speed=None dir=None sat=0
2026-02-09 21:59:50 [INFO] Cached datetime=2026-02-09T18:59:50+00:00 valid=V lat= lon= speed=None dir=None sat=0
2026-02-09 21:59:51 [INFO] Cached datetime=2026-02-09T18:59:51+00:00 valid=V lat= lon= speed=None dir=None sat=0
2026-02-09 21:59:52 [INFO] Cached datetime=2026-02-09T18:59:52+00:00 valid=V lat= lon= speed=None dir=None sat=0
2026-02-09 21:59:53 [INFO] Cached datetime=2026-02-09T18:59:53+00:00 valid=V lat= lon= speed=None dir=None sat=0
2026-02-09 21:59:54 [INFO] Cached datetime=2026-02-09T18:59:54+00:00 valid=V lat= lon= speed=None dir=None sat=0
2026-02-09 21:59:55 [INFO] Cached datetime=2026-02-09T18:59:55+00:00 valid=V lat= lon= speed=None dir=None sat=0
2026-02-09 21:59:56 [INFO] Cached datetime=2026-02-09T18:59:56+00:00 valid=V lat= lon= speed=None dir=None sat=0
2026-02-09 21:59:57 [INFO] Cached datetime=2026-02-09T18:59:57+00:00 valid=V lat= lon= speed=None dir=None sat=0
2026-02-09 21:59:58 [INFO] Cached datetime=2026-02-09T18:59:58+00:00 valid=V lat= lon= speed=None dir=None sat=0
2026-02-09 21:59:59 [INFO] Cached datetime=2026-02-09T18:59:59+00:00 valid=V lat= lon= speed=None dir=None sat=0
2026-02-09 22:00:00 [INFO] Cached datetime=2026-02-09T19:00:00+00:00 valid=V lat= lon= speed=None dir=None sat=0
2026-02-09 22:00:01 [INFO] Cached datetime=2026-02-09T19:00:01+00:00 valid=V lat= lon= speed=None dir=None sat=0
2026-02-09 22:00:02 [INFO] Cached datetime=2026-02-09T19:00:02+00:00 valid=V lat= lon= speed=None dir=None sat=0
2026-02-09 22:00:03 [INFO] Cached datetime=2026-02-09T19:00:03+00:00 valid=V lat= lon= speed=None dir=None sat=0
2026-02-09 22:00:04 [INFO] Cached datetime=2026-02-09T19:00:04+00:00 valid=V lat= lon= speed=None dir=None sat=0
2026-02-09 22:00:05 [INFO] Cached datetime=2026-02-09T19:00:05+00:00 valid=V lat= lon= speed=None dir=None sat=0
2026-02-09 22:00:06 [INFO] Cached datetime=2026-02-09T19:00:06+00:00 valid=V lat= lon= speed=None dir=None sat=0
2026-02-09 22:00:07 [INFO] Cached datetime=2026-02-09T19:00:07+00:00 valid=V lat= lon= speed=None dir=None sat=0
2026-02-09 22:00:08 [INFO] Cached datetime=2026-02-09T19:00:08+00:00 valid=V lat= lon= speed=None dir=None sat=0
2026-02-09 22:00:09 [INFO] Cached datetime=2026-02-09T19:00:09+00:00 valid=V lat= lon= speed=None dir=None sat=0
2026-02-09 22:00:10 [INFO] Cached datetime=2026-02-09T19:00:10+00:00 valid=V lat= lon= speed=None dir=None sat=0
2026-02-09 22:00:11 [INFO] Cached datetime=2026-02-09T19:00:11+00:00 valid=V lat= lon= speed=None dir=None sat=0
2026-02-09 22:00:12 [INFO] Cached datetime=2026-02-09T19:00:12+00:00 valid=V lat= lon= speed=None dir=None sat=0
2026-02-09 22:00:13 [INFO] Cached datetime=2026-02-09T19:00:13+00:00 valid=V lat= lon= speed=None dir=None sat=0
2026-02-09 22:00:14 [INFO] Cached datetime=2026-02-09T19:00:14+00:00 valid=V lat= lon= speed=None dir=None sat=0
2026-02-09 22:00:15 [INFO] Cached datetime=2026-02-09T19:00:15+00:00 valid=V lat= lon= speed=None dir=None sat=0
2026-02-09 22:00:16 [INFO] Cached datetime=2026-02-09T19:00:16+00:00 valid=V lat= lon= speed=None dir=None sat=0
2026-02-09 22:00:17 [INFO] Cached datetime=2026-02-09T19:00:17+00:00 valid=V lat= lon= speed=None dir=None sat=0
2026-02-09 22:00:18 [INFO] Cached datetime=2026-02-09T19:00:18+00:00 valid=V lat= lon= speed=None dir=None sat=0
2026-02-09 22:00:19 [INFO] Cached datetime=2026-02-09T19:00:19+00:00 valid=V lat= lon= speed=None dir=None sat=0
2026-02-09 22:00:20 [INFO] Cached datetime=2026-02-09T19:00:20+00:00 valid=V lat= lon= speed=None dir=None sat=0
2026-02-09 22:00:21 [INFO] Cached datetime=2026-02-09T19:00:21+00:00 valid=V lat= lon= speed=None dir=None sat=0
2026-02-09 22:00:22 [INFO] Cached datetime=2026-02-09T19:00:22+00:00 valid=V lat= lon= speed=None dir=None sat=0
2026-02-09 22:00:23 [INFO] Cached datetime=2026-02-09T19:00:23+00:00 valid=V lat= lon= speed=None dir=None sat=0
2026-02-09 22:00:24 [INFO] Cached datetime=2026-02-09T19:00:24+00:00 valid=V lat= lon= speed=None dir=None sat=0
2026-02-09 22:00:25 [INFO] Cached datetime=2026-02-09T19:00:25+00:00 valid=V lat= lon= speed=None dir=None sat=0
2026-02-09 22:00:26 [INFO] Cached datetime=2026-02-09T19:00:26+00:00 valid=V lat= lon= speed=None dir=None sat=0
2026-02-09 22:00:27 [INFO] Cached datetime=2026-02-09T19:00:27+00:00 valid=V lat= lon= speed=None dir=None sat=0
2026-02-09 22:00:28 [INFO] Cached datetime=2026-02-09T19:00:28+00:00 valid=V lat= lon= speed=None dir=None sat=0
2026-02-09 22:00:29 [INFO] Cached datetime=2026-02-09T19:00:29+00:00 valid=V lat= lon= speed=None dir=None sat=0
2026-02-09 22:00:30 [INFO] Cached datetime=2026-02-09T19:00:30+00:00 valid=V lat= lon= speed=None dir=None sat=0
2026-02-09 22:00:31 [INFO] Cached datetime=2026-02-09T19:00:31+00:00 valid=V lat= lon= speed=None dir=None sat=0
2026-02-09 22:00:32 [INFO] Cached datetime=2026-02-09T19:00:32+00:00 valid=V lat= lon= speed=None dir=None sat=0
2026-02-09 22:00:33 [INFO] Cached datetime=2026-02-09T19:00:33+00:00 valid=V lat= lon= speed=None dir=None sat=0
2026-02-09 22:00:34 [INFO] Cached datetime=2026-02-09T19:00:34+00:00 valid=V lat= lon= speed=None dir=None sat=0
2026-02-09 22:00:35 [INFO] Cached datetime=2026-02-09T19:00:35+00:00 valid=V lat= lon= speed=None dir=None sat=0
2026-02-09 22:00:36 [INFO] Cached datetime=2026-02-09T19:00:36+00:00 valid=V lat= lon= speed=None dir=None sat=0
2026-02-09 22:00:37 [INFO] Cached datetime=2026-02-09T19:00:37+00:00 valid=V lat= lon= speed=None dir=None sat=0
2026-02-09 22:00:38 [INFO] Cached datetime=2026-02-09T19:00:38+00:00 valid=V lat= lon= speed=None dir=None sat=0
2026-02-09 22:00:39 [INFO] Cached datetime=2026-02-09T19:00:39+00:00 valid=V lat= lon= speed=None dir=None sat=0
2026-02-09 22:00:40 [INFO] Cached datetime=2026-02-09T19:00:40+00:00 valid=V lat= lon= speed=None dir=None sat=0
2026-02-09 22:00:41 [INFO] Cached datetime=2026-02-09T19:00:41+00:00 valid=V lat= lon= speed=None dir=None sat=0
2026-02-09 22:00:42 [INFO] Cached datetime=2026-02-09T19:00:42+00:00 valid=V lat= lon= speed=None dir=None sat=0
2026-02-09 22:00:43 [INFO] Cached datetime=2026-02-09T19:00:43+00:00 valid=V lat= lon= speed=None dir=None sat=0
2026-02-09 22:00:44 [INFO] Cached datetime=2026-02-09T19:00:44+00:00 valid=V lat= lon= speed=None dir=None sat=0
2026-02-09 22:00:45 [INFO] Cached datetime=2026-02-09T19:00:45+00:00 valid=V lat= lon= speed=None dir=None sat=0
2026-02-09 22:00:46 [INFO] Cached datetime=2026-02-09T19:00:46+00:00 valid=V lat= lon= speed=None dir=None sat=0
2026-02-09 22:00:47 [INFO] Cached datetime=2026-02-09T19:00:47+00:00 valid=V lat= lon= speed=None dir=None sat=0
2026-02-09 22:00:48 [INFO] Cached datetime=2026-02-09T19:00:48+00:00 valid=V lat= lon= speed=None dir=None sat=0
2026-02-09 22:00:49 [INFO] Cached datetime=2026-02-09T19:00:49+00:00 valid=V lat= lon= speed=None dir=None sat=0
2026-02-09 22:00:50 [INFO] Cached datetime=2026-02-09T19:00:50+00:00 valid=V lat= lon= speed=None dir=None sat=0
2026-02-09 22:00:51 [INFO] Cached datetime=2026-02-09T19:00:51+00:00 valid=V lat= lon= speed=None dir=None sat=0
2026-02-09 22:00:52 [INFO] Cache trigger reached: 100 >= 100
2026-02-09 22:00:52 [INFO] Cached datetime=2026-02-09T19:00:52+00:00 valid=V lat= lon= speed=None dir=None sat=0
2026-02-09 22:00:52 [INFO] Flushing 100 cached records (counter was 100)
2026-02-09 22:00:52 [INFO] Inserted 100 records into DB
2026-02-09 22:00:52 [WARNING] Retention: total=150100 > max_rows=150000, pruning...
2026-02-09 22:00:52 [INFO] Retention completed: kept latest 150000 rows
2026-02-09 22:00:55 [INFO] Cached datetime=2026-02-09T19:00:53+00:00 valid=V lat= lon= speed=None dir=None sat=0
2026-02-09 22:00:55 [INFO] Cached datetime=2026-02-09T19:00:54+00:00 valid=V lat= lon= speed=None dir=None sat=0
2026-02-09 22:00:55 [INFO] Cached datetime=2026-02-09T19:00:55+00:00 valid=V lat= lon= speed=None dir=None sat=0
2026-02-09 22:00:56 [INFO] Cached datetime=2026-02-09T19:00:56+00:00 valid=V lat= lon= speed=None dir=None sat=0
2026-02-09 22:00:57 [INFO] Cached datetime=2026-02-09T19:00:57+00:00 valid=V lat= lon= speed=None dir=None sat=0
2026-02-09 22:00:58 [INFO] Cached datetime=2026-02-09T19:00:58+00:00 valid=V lat= lon= speed=None dir=None sat=0
2026-02-09 22:00:59 [INFO] Cached datetime=2026-02-09T19:00:59+00:00 valid=V lat= lon= speed=None dir=None sat=0
2026-02-09 22:01:00 [INFO] Cached datetime=2026-02-09T19:01:00+00:00 valid=V lat= lon= speed=None dir=None sat=0
2026-02-09 22:01:01 [INFO] Cached datetime=2026-02-09T19:01:01+00:00 valid=V lat= lon= speed=None dir=None sat=0
2026-02-09 22:01:02 [INFO] Cached datetime=2026-02-09T19:01:02+00:00 valid=V lat= lon= speed=None dir=None sat=0
2026-02-09 22:01:03 [INFO] Cached datetime=2026-02-09T19:01:03+00:00 valid=V lat= lon= speed=None dir=None sat=0
2026-02-09 22:01:04 [INFO] Cached datetime=2026-02-09T19:01:04+00:00 valid=V lat= lon= speed=None dir=None sat=0
2026-02-09 22:01:05 [INFO] Cached datetime=2026-02-09T19:01:05+00:00 valid=V lat= lon= speed=None dir=None sat=0
2026-02-09 22:01:06 [INFO] Cached datetime=2026-02-09T19:01:06+00:00 valid=V lat= lon= speed=None dir=None sat=0
2026-02-09 22:01:07 [INFO] Cached datetime=2026-02-09T19:01:07+00:00 valid=V lat= lon= speed=None dir=None sat=0
2026-02-09 22:01:08 [INFO] Cached datetime=2026-02-09T19:01:08+00:00 valid=V lat= lon= speed=None dir=None sat=0
2026-02-09 22:01:09 [INFO] Cached datetime=2026-02-09T19:01:09+00:00 valid=V lat= lon= speed=None dir=None sat=0
2026-02-09 22:01:10 [INFO] Cached datetime=2026-02-09T19:01:10+00:00 valid=V lat= lon= speed=None dir=None sat=0
2026-02-09 22:01:11 [INFO] Cached datetime=2026-02-09T19:01:11+00:00 valid=V lat= lon= speed=None dir=None sat=0
2026-02-09 22:01:12 [INFO] Cached datetime=2026-02-09T19:01:12+00:00 valid=V lat= lon= speed=None dir=None sat=0
2026-02-09 22:01:13 [INFO] Cached datetime=2026-02-09T19:01:13+00:00 valid=V lat= lon= speed=None dir=None sat=0
2026-02-09 22:01:14 [INFO] Cached datetime=2026-02-09T19:01:14+00:00 valid=V lat= lon= speed=None dir=None sat=0
2026-02-09 22:01:15 [INFO] Cached datetime=2026-02-09T19:01:15+00:00 valid=V lat= lon= speed=None dir=None sat=0
2026-02-09 22:01:16 [INFO] Cached datetime=2026-02-09T19:01:16+00:00 valid=V lat= lon= speed=None dir=None sat=0
2026-02-09 22:01:17 [INFO] Cached datetime=2026-02-09T19:01:17+00:00 valid=V lat= lon= speed=None dir=None sat=0
2026-02-09 22:01:18 [INFO] Cached datetime=2026-02-09T19:01:18+00:00 valid=V lat= lon= speed=None dir=None sat=0
2026-02-09 22:01:19 [INFO] Cached datetime=2026-02-09T19:01:19+00:00 valid=V lat= lon= speed=None dir=None sat=0
2026-02-09 22:01:20 [INFO] Cached datetime=2026-02-09T19:01:20+00:00 valid=V lat= lon= speed=None dir=None sat=0
2026-02-09 22:01:21 [INFO] Cached datetime=2026-02-09T19:01:21+00:00 valid=V lat= lon= speed=None dir=None sat=0
2026-02-09 22:01:22 [INFO] Cached datetime=2026-02-09T19:01:22+00:00 valid=V lat= lon= speed=None dir=None sat=0
2026-02-09 22:01:23 [INFO] Cached datetime=2026-02-09T19:01:23+00:00 valid=V lat= lon= speed=None dir=None sat=0
2026-02-09 22:01:24 [INFO] Cached datetime=2026-02-09T19:01:24+00:00 valid=V lat= lon= speed=None dir=None sat=0
2026-02-09 22:01:25 [INFO] Cached datetime=2026-02-09T19:01:25+00:00 valid=V lat= lon= speed=None dir=None sat=0
2026-02-09 22:01:26 [INFO] Cached datetime=2026-02-09T19:01:26+00:00 valid=V lat= lon= speed=None dir=None sat=0
2026-02-09 22:01:27 [INFO] Cached datetime=2026-02-09T19:01:27+00:00 valid=V lat= lon= speed=None dir=None sat=0
2026-02-09 22:01:28 [INFO] Cached datetime=2026-02-09T19:01:28+00:00 valid=V lat= lon= speed=None dir=None sat=0
2026-02-09 22:01:29 [INFO] Cached datetime=2026-02-09T19:01:29+00:00 valid=V lat= lon= speed=None dir=None sat=0
2026-02-09 22:01:30 [INFO] Cached datetime=2026-02-09T19:01:30+00:00 valid=V lat= lon= speed=None dir=None sat=0
2026-02-09 22:01:31 [INFO] Cached datetime=2026-02-09T19:01:31+00:00 valid=V lat= lon= speed=None dir=None sat=0
2026-02-09 22:01:32 [INFO] Cached datetime=2026-02-09T19:01:32+00:00 valid=V lat= lon= speed=None dir=None sat=0
2026-02-09 22:01:33 [INFO] Cached datetime=2026-02-09T19:01:33+00:00 valid=V lat= lon= speed=None dir=None sat=0
2026-02-09 22:01:34 [INFO] Cached datetime=2026-02-09T19:01:34+00:00 valid=V lat= lon= speed=None dir=None sat=0
2026-02-09 22:01:35 [INFO] Cached datetime=2026-02-09T19:01:35+00:00 valid=V lat= lon= speed=None dir=None sat=0
2026-02-09 22:01:36 [INFO] Cached datetime=2026-02-09T19:01:36+00:00 valid=V lat= lon= speed=None dir=None sat=0
2026-02-09 22:01:37 [INFO] Cached datetime=2026-02-09T19:01:37+00:00 valid=V lat= lon= speed=None dir=None sat=0
2026-02-09 22:01:38 [INFO] Cached datetime=2026-02-09T19:01:38+00:00 valid=V lat= lon= speed=None dir=None sat=0
2026-02-09 22:01:39 [INFO] Cached datetime=2026-02-09T19:01:39+00:00 valid=V lat= lon= speed=None dir=None sat=0
2026-02-09 22:01:40 [INFO] Cached datetime=2026-02-09T19:01:40+00:00 valid=V lat= lon= speed=None dir=None sat=0
2026-02-09 22:01:41 [INFO] Cached datetime=2026-02-09T19:01:41+00:00 valid=V lat= lon= speed=None dir=None sat=0
2026-02-09 22:01:42 [INFO] Cached datetime=2026-02-09T19:01:42+00:00 valid=V lat= lon= speed=None dir=None sat=0
2026-02-09 22:01:43 [INFO] Cached datetime=2026-02-09T19:01:43+00:00 valid=V lat= lon= speed=None dir=None sat=0
2026-02-09 22:01:44 [INFO] Cached datetime=2026-02-09T19:01:44+00:00 valid=V lat= lon= speed=None dir=None sat=0
2026-02-09 22:01:44 [INFO] Received signal 2, shutting down...
2026-02-09 22:01:44 [INFO] NMEA reader task cancelled
2026-02-09 22:01:44 [INFO] DB flusher task cancelled
2026-02-09 22:01:44 [INFO] === GNRMC Unified App stopped ===
2026-02-09 22:01:47 [INFO] === GNRMC Unified App starting ===
2026-02-09 22:01:47 [INFO] Config: /home/teamhd/Projects/NMEA-SQL-Py/etc/config_example.toml | DB=data/gnrmc.db | MaxRows=150000 | Host=0.0.0.0:7000 | Workers=2 | CacheLen=5000 | CacheTrigger=100
2026-02-09 22:01:47 [INFO] DB initialized at data/gnrmc.db
2026-02-09 22:01:47 [INFO] Reading NMEA from serial: /dev/ttyS3 (baud=9600)
2026-02-09 22:01:48 [INFO] Cached datetime=2026-02-09T19:01:48+00:00 valid=V lat=0.000000N lon=0.000000E speed=0.0 dir=0.0 sat=0
2026-02-09 22:01:49 [INFO] Cached datetime=2026-02-09T19:01:49+00:00 valid=V lat=0.000000N lon=0.000000E speed=0.0 dir=0.0 sat=0
2026-02-09 22:01:50 [INFO] Cached datetime=2026-02-09T19:01:50+00:00 valid=V lat=0.000000N lon=0.000000E speed=0.0 dir=0.0 sat=0
2026-02-09 22:01:51 [INFO] Cached datetime=2026-02-09T19:01:51+00:00 valid=V lat=0.000000N lon=0.000000E speed=0.0 dir=0.0 sat=0
2026-02-09 22:01:52 [INFO] Cached datetime=2026-02-09T19:01:52+00:00 valid=V lat=0.000000N lon=0.000000E speed=0.0 dir=0.0 sat=0
2026-02-09 22:01:53 [INFO] Cached datetime=2026-02-09T19:01:53+00:00 valid=V lat=0.000000N lon=0.000000E speed=0.0 dir=0.0 sat=0
2026-02-09 22:01:54 [INFO] Cached datetime=2026-02-09T19:01:54+00:00 valid=V lat=0.000000N lon=0.000000E speed=0.0 dir=0.0 sat=0
2026-02-09 22:01:55 [INFO] Cached datetime=2026-02-09T19:01:55+00:00 valid=V lat=0.000000N lon=0.000000E speed=0.0 dir=0.0 sat=0
2026-02-09 22:01:56 [INFO] Cached datetime=2026-02-09T19:01:56+00:00 valid=V lat=0.000000N lon=0.000000E speed=0.0 dir=0.0 sat=0
2026-02-09 22:01:57 [INFO] Returned last cached record
2026-02-09 22:01:57 [INFO] Cached datetime=2026-02-09T19:01:57+00:00 valid=V lat=0.000000N lon=0.000000E speed=0.0 dir=0.0 sat=0
2026-02-09 22:01:58 [INFO] Cached datetime=2026-02-09T19:01:58+00:00 valid=V lat=0.000000N lon=0.000000E speed=0.0 dir=0.0 sat=0
2026-02-09 22:01:59 [INFO] Cached datetime=2026-02-09T19:01:59+00:00 valid=V lat=0.000000N lon=0.000000E speed=0.0 dir=0.0 sat=0
2026-02-09 22:02:00 [INFO] Cached datetime=2026-02-09T19:02:00+00:00 valid=V lat=0.000000N lon=0.000000E speed=0.0 dir=0.0 sat=0
2026-02-09 22:02:01 [INFO] Cached datetime=2026-02-09T19:02:01+00:00 valid=V lat=0.000000N lon=0.000000E speed=0.0 dir=0.0 sat=0
2026-02-09 22:02:02 [INFO] Cached datetime=2026-02-09T19:02:02+00:00 valid=V lat=0.000000N lon=0.000000E speed=0.0 dir=0.0 sat=0
2026-02-09 22:02:03 [INFO] Cached datetime=2026-02-09T19:02:03+00:00 valid=V lat=0.000000N lon=0.000000E speed=0.0 dir=0.0 sat=0
2026-02-09 22:02:04 [INFO] Cached datetime=2026-02-09T19:02:04+00:00 valid=V lat=0.000000N lon=0.000000E speed=0.0 dir=0.0 sat=0
2026-02-09 22:02:05 [INFO] Cached datetime=2026-02-09T19:02:05+00:00 valid=V lat=0.000000N lon=0.000000E speed=0.0 dir=0.0 sat=0
2026-02-09 22:02:06 [INFO] Cached datetime=2026-02-09T19:02:06+00:00 valid=V lat=0.000000N lon=0.000000E speed=0.0 dir=0.0 sat=0
2026-02-09 22:02:07 [INFO] Cached datetime=2026-02-09T19:02:07+00:00 valid=V lat=0.000000N lon=0.000000E speed=0.0 dir=0.0 sat=0
2026-02-09 22:02:08 [INFO] Cached datetime=2026-02-09T19:02:08+00:00 valid=V lat=0.000000N lon=0.000000E speed=0.0 dir=0.0 sat=0
2026-02-09 22:02:09 [INFO] Cached datetime=2026-02-09T19:02:09+00:00 valid=V lat=0.000000N lon=0.000000E speed=0.0 dir=0.0 sat=0
2026-02-09 22:02:10 [INFO] Cached datetime=2026-02-09T19:02:10+00:00 valid=V lat=0.000000N lon=0.000000E speed=0.0 dir=0.0 sat=0
2026-02-09 22:02:11 [INFO] Cached datetime=2026-02-09T19:02:11+00:00 valid=V lat=0.000000N lon=0.000000E speed=0.0 dir=0.0 sat=0
2026-02-09 22:02:12 [INFO] Cached datetime=2026-02-09T19:02:12+00:00 valid=V lat=0.000000N lon=0.000000E speed=0.0 dir=0.0 sat=0
2026-02-09 22:02:13 [INFO] Cached datetime=2026-02-09T19:02:13+00:00 valid=V lat=0.000000N lon=0.000000E speed=0.0 dir=0.0 sat=0
2026-02-09 22:02:14 [INFO] Cached datetime=2026-02-09T19:02:14+00:00 valid=V lat=0.000000N lon=0.000000E speed=0.0 dir=0.0 sat=0
2026-02-09 22:02:15 [INFO] Cached datetime=2026-02-09T19:02:15+00:00 valid=V lat=0.000000N lon=0.000000E speed=0.0 dir=0.0 sat=0
2026-02-09 22:02:16 [INFO] Cached datetime=2026-02-09T19:02:16+00:00 valid=V lat=0.000000N lon=0.000000E speed=0.0 dir=0.0 sat=0
2026-02-09 22:02:17 [INFO] Cached datetime=2026-02-09T19:02:17+00:00 valid=V lat=0.000000N lon=0.000000E speed=0.0 dir=0.0 sat=0
2026-02-09 22:02:18 [INFO] Cached datetime=2026-02-09T19:02:18+00:00 valid=V lat=0.000000N lon=0.000000E speed=0.0 dir=0.0 sat=0
2026-02-09 22:02:19 [INFO] Cached datetime=2026-02-09T19:02:19+00:00 valid=V lat=0.000000N lon=0.000000E speed=0.0 dir=0.0 sat=0
2026-02-09 22:02:20 [INFO] Cached datetime=2026-02-09T19:02:20+00:00 valid=V lat=0.000000N lon=0.000000E speed=0.0 dir=0.0 sat=0
2026-02-09 22:02:21 [INFO] Cached datetime=2026-02-09T19:02:21+00:00 valid=V lat=0.000000N lon=0.000000E speed=0.0 dir=0.0 sat=0
2026-02-09 22:02:22 [INFO] Cached datetime=2026-02-09T19:02:22+00:00 valid=V lat=0.000000N lon=0.000000E speed=0.0 dir=0.0 sat=0
2026-02-09 22:02:23 [INFO] Cached datetime=2026-02-09T19:02:23+00:00 valid=V lat=0.000000N lon=0.000000E speed=0.0 dir=0.0 sat=0
2026-02-09 22:02:24 [INFO] Cached datetime=2026-02-09T19:02:24+00:00 valid=V lat=0.000000N lon=0.000000E speed=0.0 dir=0.0 sat=0
2026-02-09 22:02:25 [INFO] Cached datetime=2026-02-09T19:02:25+00:00 valid=V lat=0.000000N lon=0.000000E speed=0.0 dir=0.0 sat=0
2026-02-09 22:02:26 [INFO] Cached datetime=2026-02-09T19:02:26+00:00 valid=V lat=0.000000N lon=0.000000E speed=0.0 dir=0.0 sat=0
2026-02-09 22:02:27 [INFO] Cached datetime=2026-02-09T19:02:27+00:00 valid=V lat=0.000000N lon=0.000000E speed=0.0 dir=0.0 sat=0
2026-02-09 22:02:28 [INFO] Cached datetime=2026-02-09T19:02:28+00:00 valid=V lat=0.000000N lon=0.000000E speed=0.0 dir=0.0 sat=0
2026-02-09 22:02:29 [INFO] Cached datetime=2026-02-09T19:02:29+00:00 valid=V lat=0.000000N lon=0.000000E speed=0.0 dir=0.0 sat=0
2026-02-09 22:02:29 [INFO] Received signal 2, shutting down...
2026-02-09 22:02:29 [INFO] NMEA reader task cancelled
2026-02-09 22:02:29 [INFO] DB flusher task cancelled
2026-02-09 22:02:29 [INFO] === GNRMC Unified App stopped ===
2026-02-09 22:08:58 [INFO] === GNRMC Unified App starting ===
2026-02-09 22:08:58 [INFO] Config: etc/gnrmc-provider.toml | DB=data/gnrmc.db | MaxRows=150000 | Host=0.0.0.0:7000 | Workers=5 | CacheLen=5000 | CacheTrigger=100
2026-02-09 22:08:58 [INFO] DB initialized at data/gnrmc.db
2026-02-09 22:08:58 [INFO] Reading NMEA from serial: /dev/ttyS3 (baud=9600)
2026-02-09 22:08:58 [INFO] Cached datetime=2026-02-09T19:08:58+00:00 valid=V lat=0.000000N lon=0.000000E speed=0.0 dir=0.0 sat=0
2026-02-09 22:08:59 [INFO] Cached datetime=2026-02-09T19:08:59+00:00 valid=V lat=0.000000N lon=0.000000E speed=0.0 dir=0.0 sat=0
2026-02-09 22:09:00 [INFO] Cached datetime=2026-02-09T19:09:00+00:00 valid=V lat=0.000000N lon=0.000000E speed=0.0 dir=0.0 sat=0
2026-02-09 22:09:01 [INFO] Cached datetime=2026-02-09T19:09:01+00:00 valid=V lat=0.000000N lon=0.000000E speed=0.0 dir=0.0 sat=0
2026-02-09 22:09:02 [INFO] Cached datetime=2026-02-09T19:09:02+00:00 valid=V lat=0.000000N lon=0.000000E speed=0.0 dir=0.0 sat=0
2026-02-09 22:09:03 [INFO] Cached datetime=2026-02-09T19:09:03+00:00 valid=V lat=0.000000N lon=0.000000E speed=0.0 dir=0.0 sat=0
2026-02-09 22:09:04 [INFO] Cached datetime=2026-02-09T19:09:04+00:00 valid=V lat=0.000000N lon=0.000000E speed=0.0 dir=0.0 sat=0
2026-02-09 22:09:05 [INFO] Cached datetime=2026-02-09T19:09:05+00:00 valid=V lat=0.000000N lon=0.000000E speed=0.0 dir=0.0 sat=0
2026-02-09 22:09:06 [INFO] Cached datetime=2026-02-09T19:09:06+00:00 valid=V lat=0.000000N lon=0.000000E speed=0.0 dir=0.0 sat=0
2026-02-09 22:09:07 [INFO] Cached datetime=2026-02-09T19:09:07+00:00 valid=V lat=0.000000N lon=0.000000E speed=0.0 dir=0.0 sat=0
2026-02-09 22:09:08 [INFO] Cached datetime=2026-02-09T19:09:08+00:00 valid=V lat=0.000000N lon=0.000000E speed=0.0 dir=0.0 sat=0
2026-02-09 22:09:09 [INFO] Cached datetime=2026-02-09T19:09:09+00:00 valid=V lat=0.000000N lon=0.000000E speed=0.0 dir=0.0 sat=0
2026-02-09 22:09:10 [INFO] Cached datetime=2026-02-09T19:09:10+00:00 valid=V lat=0.000000N lon=0.000000E speed=0.0 dir=0.0 sat=0
2026-02-09 22:09:11 [INFO] Cached datetime=2026-02-09T19:09:11+00:00 valid=V lat=0.000000N lon=0.000000E speed=0.0 dir=0.0 sat=0
2026-02-09 22:09:12 [INFO] Cached datetime=2026-02-09T19:09:12+00:00 valid=V lat=0.000000N lon=0.000000E speed=0.0 dir=0.0 sat=0
2026-02-09 22:09:13 [INFO] Cached datetime=2026-02-09T19:09:13+00:00 valid=V lat=0.000000N lon=0.000000E speed=0.0 dir=0.0 sat=0
2026-02-09 22:09:14 [INFO] Cached datetime=2026-02-09T19:09:14+00:00 valid=V lat=0.000000N lon=0.000000E speed=0.0 dir=0.0 sat=0
2026-02-09 22:09:15 [INFO] Cached datetime=2026-02-09T19:09:15+00:00 valid=V lat=0.000000N lon=0.000000E speed=0.0 dir=0.0 sat=0
2026-02-09 22:09:16 [INFO] Cached datetime=2026-02-09T19:09:16+00:00 valid=V lat=0.000000N lon=0.000000E speed=0.0 dir=0.0 sat=0
2026-02-09 22:09:17 [INFO] Cached datetime=2026-02-09T19:09:17+00:00 valid=V lat=0.000000N lon=0.000000E speed=0.0 dir=0.0 sat=0
2026-02-09 22:09:18 [INFO] Cached datetime=2026-02-09T19:09:18+00:00 valid=V lat=0.000000N lon=0.000000E speed=0.0 dir=0.0 sat=0
2026-02-09 22:09:19 [INFO] Cached datetime=2026-02-09T19:09:19+00:00 valid=V lat=0.000000N lon=0.000000E speed=0.0 dir=0.0 sat=0
2026-02-09 22:09:20 [INFO] Cached datetime=2026-02-09T19:09:20+00:00 valid=V lat=0.000000N lon=0.000000E speed=0.0 dir=0.0 sat=0
2026-02-09 22:09:20 [INFO] Returned last cached record
2026-02-09 22:09:21 [INFO] Cached datetime=2026-02-09T19:09:21+00:00 valid=V lat=0.000000N lon=0.000000E speed=0.0 dir=0.0 sat=0
2026-02-09 22:09:22 [INFO] Cached datetime=2026-02-09T19:09:22+00:00 valid=V lat=0.000000N lon=0.000000E speed=0.0 dir=0.0 sat=0
2026-02-09 22:09:23 [INFO] Cached datetime=2026-02-09T19:09:23+00:00 valid=V lat=0.000000N lon=0.000000E speed=0.0 dir=0.0 sat=0
2026-02-09 22:09:24 [INFO] Cached datetime=2026-02-09T19:09:24+00:00 valid=V lat=0.000000N lon=0.000000E speed=0.0 dir=0.0 sat=0
2026-02-09 22:09:25 [INFO] Cached datetime=2026-02-09T19:09:25+00:00 valid=V lat=0.000000N lon=0.000000E speed=0.0 dir=0.0 sat=0
2026-02-09 22:09:26 [INFO] Cached datetime=2026-02-09T19:09:26+00:00 valid=V lat=0.000000N lon=0.000000E speed=0.0 dir=0.0 sat=0
2026-02-09 22:09:27 [INFO] Cached datetime=2026-02-09T19:09:27+00:00 valid=V lat=0.000000N lon=0.000000E speed=0.0 dir=0.0 sat=0
2026-02-09 22:09:28 [INFO] Cached datetime=2026-02-09T19:09:28+00:00 valid=V lat=0.000000N lon=0.000000E speed=0.0 dir=0.0 sat=0
2026-02-09 22:09:29 [INFO] Cached datetime=2026-02-09T19:09:29+00:00 valid=V lat=0.000000N lon=0.000000E speed=0.0 dir=0.0 sat=0
2026-02-09 22:09:30 [INFO] Cached datetime=2026-02-09T19:09:30+00:00 valid=V lat=0.000000N lon=0.000000E speed=0.0 dir=0.0 sat=0
2026-02-09 22:09:31 [INFO] Cached datetime=2026-02-09T19:09:31+00:00 valid=V lat=0.000000N lon=0.000000E speed=0.0 dir=0.0 sat=0
2026-02-09 22:09:32 [INFO] Cached datetime=2026-02-09T19:09:32+00:00 valid=V lat=0.000000N lon=0.000000E speed=0.0 dir=0.0 sat=0
2026-02-09 22:09:33 [INFO] Cached datetime=2026-02-09T19:09:33+00:00 valid=V lat=0.000000N lon=0.000000E speed=0.0 dir=0.0 sat=0
2026-02-09 22:09:34 [INFO] Cached datetime=2026-02-09T19:09:34+00:00 valid=V lat=0.000000N lon=0.000000E speed=0.0 dir=0.0 sat=0
2026-02-09 22:09:35 [INFO] Cached datetime=2026-02-09T19:09:35+00:00 valid=V lat=0.000000N lon=0.000000E speed=0.0 dir=0.0 sat=0
2026-02-09 22:09:36 [INFO] Cached datetime=2026-02-09T19:09:36+00:00 valid=V lat=0.000000N lon=0.000000E speed=0.0 dir=0.0 sat=0
2026-02-09 22:09:37 [INFO] Cached datetime=2026-02-09T19:09:37+00:00 valid=V lat=0.000000N lon=0.000000E speed=0.0 dir=0.0 sat=0
2026-02-09 22:09:38 [INFO] Cached datetime=2026-02-09T19:09:38+00:00 valid=V lat=0.000000N lon=0.000000E speed=0.0 dir=0.0 sat=0
2026-02-09 22:09:39 [INFO] Cached datetime=2026-02-09T19:09:39+00:00 valid=V lat=0.000000N lon=0.000000E speed=0.0 dir=0.0 sat=0
2026-02-09 22:09:40 [INFO] Cached datetime=2026-02-09T19:09:40+00:00 valid=V lat=0.000000N lon=0.000000E speed=0.0 dir=0.0 sat=0
2026-02-09 22:09:41 [INFO] Cached datetime=2026-02-09T19:09:41+00:00 valid=V lat=0.000000N lon=0.000000E speed=0.0 dir=0.0 sat=0
2026-02-09 22:09:42 [INFO] Cached datetime=2026-02-09T19:09:42+00:00 valid=V lat=0.000000N lon=0.000000E speed=0.0 dir=0.0 sat=0
2026-02-09 22:09:43 [INFO] Cached datetime=2026-02-09T19:09:43+00:00 valid=V lat=0.000000N lon=0.000000E speed=0.0 dir=0.0 sat=0
2026-02-09 22:09:44 [INFO] Cached datetime=2026-02-09T19:09:44+00:00 valid=V lat=0.000000N lon=0.000000E speed=0.0 dir=0.0 sat=0
2026-02-09 22:09:45 [INFO] Cached datetime=2026-02-09T19:09:45+00:00 valid=V lat=0.000000N lon=0.000000E speed=0.0 dir=0.0 sat=0
2026-02-09 22:09:46 [INFO] Cached datetime=2026-02-09T19:09:46+00:00 valid=V lat=0.000000N lon=0.000000E speed=0.0 dir=0.0 sat=0
2026-02-09 22:09:47 [INFO] Cached datetime=2026-02-09T19:09:47+00:00 valid=V lat=0.000000N lon=0.000000E speed=0.0 dir=0.0 sat=0
2026-02-09 22:09:48 [INFO] Cached datetime=2026-02-09T19:09:48+00:00 valid=V lat=0.000000N lon=0.000000E speed=0.0 dir=0.0 sat=0
2026-02-09 22:09:49 [INFO] Cached datetime=2026-02-09T19:09:49+00:00 valid=V lat=0.000000N lon=0.000000E speed=0.0 dir=0.0 sat=0
2026-02-09 22:09:50 [INFO] Cached datetime=2026-02-09T19:09:50+00:00 valid=V lat=0.000000N lon=0.000000E speed=0.0 dir=0.0 sat=0
2026-02-09 22:09:51 [INFO] Cached datetime=2026-02-09T19:09:51+00:00 valid=V lat=0.000000N lon=0.000000E speed=0.0 dir=0.0 sat=0
2026-02-09 22:09:52 [INFO] Cached datetime=2026-02-09T19:09:52+00:00 valid=V lat=0.000000N lon=0.000000E speed=0.0 dir=0.0 sat=0
2026-02-09 22:09:53 [INFO] Cached datetime=2026-02-09T19:09:53+00:00 valid=V lat=0.000000N lon=0.000000E speed=0.0 dir=0.0 sat=0
2026-02-09 22:09:54 [INFO] Cached datetime=2026-02-09T19:09:54+00:00 valid=V lat=0.000000N lon=0.000000E speed=0.0 dir=0.0 sat=0
2026-02-09 22:09:55 [INFO] Cached datetime=2026-02-09T19:09:55+00:00 valid=V lat=0.000000N lon=0.000000E speed=0.0 dir=0.0 sat=0
2026-02-09 22:09:56 [INFO] Cached datetime=2026-02-09T19:09:56+00:00 valid=V lat=0.000000N lon=0.000000E speed=0.0 dir=0.0 sat=0
2026-02-09 22:09:57 [INFO] Cached datetime=2026-02-09T19:09:57+00:00 valid=V lat=0.000000N lon=0.000000E speed=0.0 dir=0.0 sat=0
2026-02-09 22:09:58 [INFO] Cached datetime=2026-02-09T19:09:58+00:00 valid=V lat=0.000000N lon=0.000000E speed=0.0 dir=0.0 sat=0
2026-02-09 22:09:59 [INFO] Cached datetime=2026-02-09T19:09:59+00:00 valid=V lat=0.000000N lon=0.000000E speed=0.0 dir=0.0 sat=0
2026-02-09 22:10:00 [INFO] Cached datetime=2026-02-09T19:10:00+00:00 valid=V lat=0.000000N lon=0.000000E speed=0.0 dir=0.0 sat=0
2026-02-09 22:10:01 [INFO] Cached datetime=2026-02-09T19:10:01+00:00 valid=V lat=0.000000N lon=0.000000E speed=0.0 dir=0.0 sat=0
2026-02-09 22:10:02 [INFO] Cached datetime=2026-02-09T19:10:02+00:00 valid=V lat=0.000000N lon=0.000000E speed=0.0 dir=0.0 sat=0
2026-02-09 22:10:03 [INFO] Cached datetime=2026-02-09T19:10:03+00:00 valid=V lat=0.000000N lon=0.000000E speed=0.0 dir=0.0 sat=0
2026-02-09 22:10:04 [INFO] Cached datetime=2026-02-09T19:10:04+00:00 valid=V lat=0.000000N lon=0.000000E speed=0.0 dir=0.0 sat=0
2026-02-09 22:10:05 [INFO] Cached datetime=2026-02-09T19:10:05+00:00 valid=V lat=0.000000N lon=0.000000E speed=0.0 dir=0.0 sat=0
2026-02-09 22:10:06 [INFO] Cached datetime=2026-02-09T19:10:06+00:00 valid=V lat=0.000000N lon=0.000000E speed=0.0 dir=0.0 sat=0
2026-02-09 22:10:07 [INFO] Cached datetime=2026-02-09T19:10:07+00:00 valid=V lat=0.000000N lon=0.000000E speed=0.0 dir=0.0 sat=0
2026-02-09 22:10:08 [INFO] Cached datetime=2026-02-09T19:10:08+00:00 valid=V lat=0.000000N lon=0.000000E speed=0.0 dir=0.0 sat=0
2026-02-09 22:10:09 [INFO] Cached datetime=2026-02-09T19:10:09+00:00 valid=V lat=0.000000N lon=0.000000E speed=0.0 dir=0.0 sat=0
2026-02-09 22:10:10 [INFO] Cached datetime=2026-02-09T19:10:10+00:00 valid=V lat=0.000000N lon=0.000000E speed=0.0 dir=0.0 sat=0
2026-02-09 22:10:11 [INFO] Cached datetime=2026-02-09T19:10:11+00:00 valid=V lat=0.000000N lon=0.000000E speed=0.0 dir=0.0 sat=0
2026-02-09 22:10:12 [INFO] Cached datetime=2026-02-09T19:10:12+00:00 valid=V lat=0.000000N lon=0.000000E speed=0.0 dir=0.0 sat=0
2026-02-09 22:10:13 [INFO] Cached datetime=2026-02-09T19:10:13+00:00 valid=V lat=0.000000N lon=0.000000E speed=0.0 dir=0.0 sat=0
2026-02-09 22:10:14 [INFO] Cached datetime=2026-02-09T19:10:14+00:00 valid=V lat=0.000000N lon=0.000000E speed=0.0 dir=0.0 sat=0
2026-02-09 22:10:15 [INFO] Cached datetime=2026-02-09T19:10:15+00:00 valid=V lat=0.000000N lon=0.000000E speed=0.0 dir=0.0 sat=0
2026-02-09 22:10:16 [INFO] Cached datetime=2026-02-09T19:10:16+00:00 valid=V lat=0.000000N lon=0.000000E speed=0.0 dir=0.0 sat=0
2026-02-09 22:10:17 [INFO] Cached datetime=2026-02-09T19:10:17+00:00 valid=V lat=0.000000N lon=0.000000E speed=0.0 dir=0.0 sat=0
2026-02-09 22:10:18 [INFO] Cached datetime=2026-02-09T19:10:18+00:00 valid=V lat=0.000000N lon=0.000000E speed=0.0 dir=0.0 sat=0
2026-02-09 22:10:19 [INFO] Cached datetime=2026-02-09T19:10:19+00:00 valid=V lat=0.000000N lon=0.000000E speed=0.0 dir=0.0 sat=0
2026-02-09 22:10:20 [INFO] Cached datetime=2026-02-09T19:10:20+00:00 valid=V lat=0.000000N lon=0.000000E speed=0.0 dir=0.0 sat=0
2026-02-09 22:10:21 [INFO] Cached datetime=2026-02-09T19:10:21+00:00 valid=V lat=0.000000N lon=0.000000E speed=0.0 dir=0.0 sat=0
2026-02-09 22:10:22 [INFO] Cached datetime=2026-02-09T19:10:22+00:00 valid=V lat=0.000000N lon=0.000000E speed=0.0 dir=0.0 sat=0
2026-02-09 22:10:23 [INFO] Cached datetime=2026-02-09T19:10:23+00:00 valid=V lat=0.000000N lon=0.000000E speed=0.0 dir=0.0 sat=0
2026-02-09 22:10:24 [INFO] Cached datetime=2026-02-09T19:10:24+00:00 valid=V lat=0.000000N lon=0.000000E speed=0.0 dir=0.0 sat=0
2026-02-09 22:10:25 [INFO] Cached datetime=2026-02-09T19:10:25+00:00 valid=V lat=0.000000N lon=0.000000E speed=0.0 dir=0.0 sat=0
2026-02-09 22:10:26 [INFO] Cached datetime=2026-02-09T19:10:26+00:00 valid=V lat=0.000000N lon=0.000000E speed=0.0 dir=0.0 sat=0
2026-02-09 22:10:27 [INFO] Cached datetime=2026-02-09T19:10:27+00:00 valid=V lat=0.000000N lon=0.000000E speed=0.0 dir=0.0 sat=0
2026-02-09 22:10:28 [INFO] Cached datetime=2026-02-09T19:10:28+00:00 valid=V lat=0.000000N lon=0.000000E speed=0.0 dir=0.0 sat=0
2026-02-09 22:10:29 [INFO] Cached datetime=2026-02-09T19:10:29+00:00 valid=V lat=0.000000N lon=0.000000E speed=0.0 dir=0.0 sat=0
2026-02-09 22:10:30 [INFO] Cached datetime=2026-02-09T19:10:30+00:00 valid=V lat=0.000000N lon=0.000000E speed=0.0 dir=0.0 sat=0
2026-02-09 22:10:31 [INFO] Cached datetime=2026-02-09T19:10:31+00:00 valid=V lat=0.000000N lon=0.000000E speed=0.0 dir=0.0 sat=0
2026-02-09 22:10:32 [INFO] Cached datetime=2026-02-09T19:10:32+00:00 valid=V lat=0.000000N lon=0.000000E speed=0.0 dir=0.0 sat=0
2026-02-09 22:10:33 [INFO] Cached datetime=2026-02-09T19:10:33+00:00 valid=V lat=0.000000N lon=0.000000E speed=0.0 dir=0.0 sat=0
2026-02-09 22:10:34 [INFO] Cached datetime=2026-02-09T19:10:34+00:00 valid=V lat=0.000000N lon=0.000000E speed=0.0 dir=0.0 sat=0
2026-02-09 22:10:35 [INFO] Cached datetime=2026-02-09T19:10:35+00:00 valid=V lat=0.000000N lon=0.000000E speed=0.0 dir=0.0 sat=0
2026-02-09 22:10:36 [INFO] Cached datetime=2026-02-09T19:10:36+00:00 valid=V lat=0.000000N lon=0.000000E speed=0.0 dir=0.0 sat=0
2026-02-09 22:10:37 [INFO] Cache trigger reached: 100 >= 100
2026-02-09 22:10:37 [INFO] Cached datetime=2026-02-09T19:10:37+00:00 valid=V lat=0.000000N lon=0.000000E speed=0.0 dir=0.0 sat=0
2026-02-09 22:10:37 [INFO] Flushing 100 cached records (counter was 100)
2026-02-09 22:10:37 [INFO] Inserted 100 records into DB
2026-02-09 22:10:37 [WARNING] Retention: total=150100 > max_rows=150000, pruning...
2026-02-09 22:10:38 [INFO] Retention completed: kept latest 150000 rows
2026-02-09 22:10:38 [INFO] Cached datetime=2026-02-09T19:10:38+00:00 valid=V lat=0.000000N lon=0.000000E speed=0.0 dir=0.0 sat=0
2026-02-09 22:10:39 [INFO] Cached datetime=2026-02-09T19:10:39+00:00 valid=V lat=0.000000N lon=0.000000E speed=0.0 dir=0.0 sat=0
2026-02-09 22:10:40 [INFO] Cached datetime=2026-02-09T19:10:40+00:00 valid=V lat=0.000000N lon=0.000000E speed=0.0 dir=0.0 sat=0
2026-02-09 22:10:41 [INFO] Cached datetime=2026-02-09T19:10:41+00:00 valid=V lat=0.000000N lon=0.000000E speed=0.0 dir=0.0 sat=0
2026-02-09 22:10:42 [INFO] Cached datetime=2026-02-09T19:10:42+00:00 valid=V lat=0.000000N lon=0.000000E speed=0.0 dir=0.0 sat=0
2026-02-09 22:10:43 [INFO] Cached datetime=2026-02-09T19:10:43+00:00 valid=V lat=0.000000N lon=0.000000E speed=0.0 dir=0.0 sat=0
2026-02-09 22:10:44 [INFO] Cached datetime=2026-02-09T19:10:44+00:00 valid=V lat=0.000000N lon=0.000000E speed=0.0 dir=0.0 sat=0
2026-02-09 22:10:45 [INFO] Cached datetime=2026-02-09T19:10:45+00:00 valid=V lat=0.000000N lon=0.000000E speed=0.0 dir=0.0 sat=0
2026-02-09 22:10:46 [INFO] Cached datetime=2026-02-09T19:10:46+00:00 valid=V lat=0.000000N lon=0.000000E speed=0.0 dir=0.0 sat=0
2026-02-09 22:10:47 [INFO] Cached datetime=2026-02-09T19:10:47+00:00 valid=V lat=0.000000N lon=0.000000E speed=0.0 dir=0.0 sat=0
2026-02-09 22:10:48 [INFO] Cached datetime=2026-02-09T19:10:48+00:00 valid=V lat=0.000000N lon=0.000000E speed=0.0 dir=0.0 sat=0
2026-02-09 22:10:49 [INFO] Cached datetime=2026-02-09T19:10:49+00:00 valid=V lat=0.000000N lon=0.000000E speed=0.0 dir=0.0 sat=0
2026-02-09 22:10:50 [INFO] Cached datetime=2026-02-09T19:10:50+00:00 valid=V lat=0.000000N lon=0.000000E speed=0.0 dir=0.0 sat=0
2026-02-09 22:10:51 [INFO] Cached datetime=2026-02-09T19:10:51+00:00 valid=V lat=0.000000N lon=0.000000E speed=0.0 dir=0.0 sat=0
2026-02-09 22:10:52 [INFO] Cached datetime=2026-02-09T19:10:52+00:00 valid=V lat=0.000000N lon=0.000000E speed=0.0 dir=0.0 sat=0
2026-02-09 22:10:53 [INFO] Cached datetime=2026-02-09T19:10:53+00:00 valid=V lat=0.000000N lon=0.000000E speed=0.0 dir=0.0 sat=0
2026-02-09 22:10:54 [INFO] Cached datetime=2026-02-09T19:10:54+00:00 valid=V lat=0.000000N lon=0.000000E speed=0.0 dir=0.0 sat=0
2026-02-09 22:10:55 [INFO] Cached datetime=2026-02-09T19:10:55+00:00 valid=V lat=0.000000N lon=0.000000E speed=0.0 dir=0.0 sat=0
2026-02-09 22:10:56 [INFO] Cached datetime=2026-02-09T19:10:56+00:00 valid=V lat=0.000000N lon=0.000000E speed=0.0 dir=0.0 sat=0
2026-02-09 22:10:57 [INFO] Cached datetime=2026-02-09T19:10:57+00:00 valid=V lat=0.000000N lon=0.000000E speed=0.0 dir=0.0 sat=0
2026-02-09 22:10:58 [INFO] Cached datetime=2026-02-09T19:10:58+00:00 valid=V lat=0.000000N lon=0.000000E speed=0.0 dir=0.0 sat=0
2026-02-09 22:10:59 [INFO] Cached datetime=2026-02-09T19:10:59+00:00 valid=V lat=0.000000N lon=0.000000E speed=0.0 dir=0.0 sat=0
2026-02-09 22:11:00 [INFO] Cached datetime=2026-02-09T19:11:00+00:00 valid=V lat=0.000000N lon=0.000000E speed=0.0 dir=0.0 sat=0
2026-02-09 22:11:01 [INFO] Cached datetime=2026-02-09T19:11:01+00:00 valid=V lat=0.000000N lon=0.000000E speed=0.0 dir=0.0 sat=0
2026-02-09 22:11:02 [INFO] Cached datetime=2026-02-09T19:11:02+00:00 valid=V lat=0.000000N lon=0.000000E speed=0.0 dir=0.0 sat=0
2026-02-09 22:11:03 [INFO] Cached datetime=2026-02-09T19:11:03+00:00 valid=V lat=0.000000N lon=0.000000E speed=0.0 dir=0.0 sat=0
2026-02-09 22:11:04 [INFO] Cached datetime=2026-02-09T19:11:04+00:00 valid=V lat=0.000000N lon=0.000000E speed=0.0 dir=0.0 sat=0
2026-02-09 22:11:05 [INFO] Cached datetime=2026-02-09T19:11:05+00:00 valid=V lat=0.000000N lon=0.000000E speed=0.0 dir=0.0 sat=0
2026-02-09 22:11:06 [INFO] Cached datetime=2026-02-09T19:11:06+00:00 valid=V lat=0.000000N lon=0.000000E speed=0.0 dir=0.0 sat=0
2026-02-09 22:11:07 [INFO] Cached datetime=2026-02-09T19:11:07+00:00 valid=V lat=0.000000N lon=0.000000E speed=0.0 dir=0.0 sat=0
2026-02-09 22:11:08 [INFO] Cached datetime=2026-02-09T19:11:08+00:00 valid=V lat=0.000000N lon=0.000000E speed=0.0 dir=0.0 sat=0
2026-02-09 22:11:09 [INFO] Cached datetime=2026-02-09T19:11:09+00:00 valid=V lat=0.000000N lon=0.000000E speed=0.0 dir=0.0 sat=0
2026-02-09 22:11:10 [INFO] Cached datetime=2026-02-09T19:11:10+00:00 valid=V lat=0.000000N lon=0.000000E speed=0.0 dir=0.0 sat=0
2026-02-09 22:11:11 [INFO] Cached datetime=2026-02-09T19:11:11+00:00 valid=V lat=0.000000N lon=0.000000E speed=0.0 dir=0.0 sat=0
2026-02-09 22:11:12 [INFO] Cached datetime=2026-02-09T19:11:12+00:00 valid=V lat=0.000000N lon=0.000000E speed=0.0 dir=0.0 sat=0
2026-02-09 22:11:13 [INFO] Cached datetime=2026-02-09T19:11:13+00:00 valid=V lat=0.000000N lon=0.000000E speed=0.0 dir=0.0 sat=0
2026-02-09 22:11:14 [INFO] Cached datetime=2026-02-09T19:11:14+00:00 valid=V lat=0.000000N lon=0.000000E speed=0.0 dir=0.0 sat=0
2026-02-09 22:11:15 [INFO] Cached datetime=2026-02-09T19:11:15+00:00 valid=V lat=0.000000N lon=0.000000E speed=0.0 dir=0.0 sat=0
2026-02-09 22:11:16 [INFO] Cached datetime=2026-02-09T19:11:16+00:00 valid=V lat=0.000000N lon=0.000000E speed=0.0 dir=0.0 sat=0
2026-02-09 22:11:16 [INFO] Received signal 2, shutting down...
2026-02-09 22:11:16 [INFO] NMEA reader task cancelled
2026-02-09 22:11:16 [INFO] DB flusher task cancelled
2026-02-09 22:11:18 [INFO] Received signal 2, shutting down...
2026-02-09 22:11:19 [INFO] === GNRMC Unified App stopped ===
